name,type,x,y,z,yaw,size
cube_obstacle,box,0.4922780821761515,0.5632784100917354,0.125,-2.8411727722200513,"[0.05, 0.125, 0.125]"
