name,type,x,y,z,yaw,size
cube_obstacle,box,0.7711860704811446,0.16164659324788222,0.125,1.89400217649702,"[0.05, 0.125, 0.125]"
