name,type,x,y,z,yaw,size
cube_obstacle,box,0.845913423282949,0.21671028150634175,0.125,1.3261460148259916,"[0.05, 0.125, 0.125]"
