name,type,x,y,z,yaw,size
cube_obstacle,box,0.5885627180000061,0.4945132460562218,0.125,-0.800114361083327,"[0.05, 0.125, 0.125]"
