name,type,x,y,z,yaw,size
cube_obstacle,box,0.508030255635756,0.14997766377689922,0.125,-2.9879712437665518,"[0.05, 0.125, 0.125]"
