name,type,x,y,z,yaw,size
cube_obstacle,box,0.5811115018912636,0.7017899516210582,0.125,-2.4476859962994957,"[0.05, 0.125, 0.125]"
