name,type,x,y,z,yaw,size
cube_obstacle,box,0.4843527620013157,0.5275542233023044,0.125,1.6271603261491387,"[0.05, 0.125, 0.125]"
