name,type,x,y,z,yaw,size
cube_obstacle,box,0.5664182689622966,0.5850024553442427,0.125,1.0319994687015122,"[0.05, 0.125, 0.125]"
