name,type,x,y,z,yaw,size
cube_obstacle,box,0.7509924168001665,0.21057756233570527,0.125,-1.6737261484212542,"[0.05, 0.125, 0.125]"
