name,type,x,y,z,yaw,size
cube_obstacle,box,0.34415812913131427,0.4360543800769888,0.125,-3.076491559479334,"[0.05, 0.125, 0.125]"
