name,type,x,y,z,yaw,size
cube_obstacle,box,0.707701231135733,0.2228149807653635,0.125,0.5258434198194428,"[0.05, 0.125, 0.125]"
