name,type,x,y,z,yaw,size
cube_obstacle,box,0.5727230814963113,0.2176519114801713,0.125,-2.685208332122553,"[0.05, 0.125, 0.125]"
