motor_id,zero_offset_rad
0,3.9375401017794993
1,2.676449848632449
2,-0.3211885927141693
3,0.3967836617659156
4,-2.6234086972085517
5,-2.073756690409591
