name,type,x,y,z,yaw,size
cube_obstacle,box,0.5472481684414129,0.14731994616248595,0.125,-0.27053572940623116,"[0.05, 0.125, 0.125]"
