name,type,x,y,z,yaw,size
cube_obstacle,box,0.7693980355642349,0.629333727013332,0.125,1.0774617050640298,"[0.05, 0.125, 0.125]"
