name,type,x,y,z,yaw,size
cube_obstacle,box,0.5021021140110844,0.5791288627625242,0.125,2.497205162051766,"[0.05, 0.125, 0.125]"
