name,type,x,y,z,yaw,size
cube_obstacle,box,0.7784184098962212,0.8378524404468911,0.125,-2.827108632778982,"[0.05, 0.125, 0.125]"
