name,type,x,y,z,yaw,size
cube_obstacle,box,0.4227552569068017,0.50694089420448,0.125,-2.8365713866744455,"[0.05, 0.125, 0.125]"
