name,type,x,y,z,yaw,size
cube_obstacle,box,0.8921807495013974,0.6921727678474536,0.125,1.4673322798870734,"[0.05, 0.125, 0.125]"
