name,type,x,y,z,yaw,size
cube_obstacle,box,0.6338724662838169,0.8165195254604787,0.125,-0.23973261773520482,"[0.05, 0.125, 0.125]"
