name,type,x,y,z,yaw,size
cube_obstacle,box,0.36481811815649917,0.5065069311861721,0.125,1.3228332904667273,"[0.05, 0.125, 0.125]"
