name,type,x,y,z,yaw,size
cube_obstacle,box,0.743789535390398,0.24548270087253998,0.125,2.702053429702837,"[0.05, 0.125, 0.125]"
