name,type,x,y,z,yaw,size
cube_obstacle,box,0.552493563889275,0.16764695958417733,0.125,1.7135009833256651,"[0.05, 0.125, 0.125]"
