name,type,x,y,z,yaw,size
cube_obstacle,box,0.3212601689942784,0.18181410178173404,0.125,0.2523974123125585,"[0.05, 0.125, 0.125]"
