name,type,x,y,z,yaw,size
cube_obstacle,box,0.734533476569694,0.7846176590253943,0.125,-1.0656358785762703,"[0.05, 0.125, 0.125]"
