name,type,x,y,z,yaw,size
cube_obstacle,box,0.7403983264332943,0.6984254193379731,0.125,-0.359289745367358,"[0.05, 0.125, 0.125]"
