name,type,x,y,z,yaw,size
cube_obstacle,box,0.3361881642954384,0.6840449943035193,0.125,1.6170120169021995,"[0.05, 0.125, 0.125]"
