name,type,x,y,z,yaw,size
cube_obstacle,box,0.5155588559144584,0.5645066236973245,0.125,1.0318256051531067,"[0.05, 0.125, 0.125]"
