name,type,x,y,z,yaw,size
cube_obstacle,box,0.5598622138816511,0.3885976812489219,0.125,-0.6728562413974699,"[0.05, 0.125, 0.125]"
