name,type,x,y,z,yaw,size
cube_obstacle,box,0.6827993877004367,0.13189316919488664,0.125,0.1577013153658644,"[0.05, 0.125, 0.125]"
