name,type,x,y,z,yaw,size
cube_obstacle,box,0.34755735830965134,0.34452688258305575,0.125,2.135936375794966,"[0.05, 0.125, 0.125]"
