name,type,x,y,z,yaw,size
cube_obstacle,box,0.5714721231433434,0.5523066319826689,0.125,-2.8715333714653255,"[0.05, 0.125, 0.125]"
