name,type,x,y,z,yaw,size
cube_obstacle,box,0.7286086271372277,0.8851051077859179,0.125,1.7989914850806779,"[0.05, 0.125, 0.125]"
