name,type,x,y,z,yaw,size
cube_obstacle,box,0.8603639055497332,0.8409248788943918,0.125,2.0706462843336686,"[0.05, 0.125, 0.125]"
