name,type,x,y,z,yaw,size
cube_obstacle,box,0.329039503268497,0.4943851567718681,0.125,-0.8894973722730657,"[0.05, 0.125, 0.125]"
