name,type,x,y,z,yaw,size
cube_obstacle,box,0.6363016924252096,0.7435098218759139,0.125,2.2646404990546847,"[0.05, 0.125, 0.125]"
