name,type,x,y,z,yaw,size
cube_obstacle,box,0.30940004341687666,0.14084625989019212,0.125,2.8082044516431655,"[0.05, 0.125, 0.125]"
