name,type,x,y,z,yaw,size
cube_obstacle,box,0.7709019575428646,0.886671628745642,0.125,-1.75729897642147,"[0.05, 0.125, 0.125]"
