name,type,x,y,z,yaw,size
cube_obstacle,box,0.33039914857902697,0.6631049309389498,0.125,-0.8619633045796715,"[0.05, 0.125, 0.125]"
