name,type,x,y,z,yaw,size
cube_obstacle,box,0.6073490547504798,0.31840173387762205,0.125,1.6226345066184606,"[0.05, 0.125, 0.125]"
