name,type,x,y,z,yaw,size
cube_obstacle,box,0.4360551528864054,0.8641224613659323,0.125,1.1292988918612545,"[0.05, 0.125, 0.125]"
