name,type,x,y,z,yaw,size
cube_obstacle,box,0.5811218255456259,0.39454314327158835,0.125,-2.549084232203584,"[0.05, 0.125, 0.125]"
