name,type,x,y,z,yaw,size
cube_obstacle,box,0.6612999204866519,0.5178874844401571,0.125,0.8777832883146734,"[0.05, 0.125, 0.125]"
