name,type,x,y,z,yaw,size
cube_obstacle,box,0.47240041677845596,0.35730629169733985,0.125,1.0791651008357874,"[0.05, 0.125, 0.125]"
