name,type,x,y,z,yaw,size
cube_obstacle,box,0.737194747450121,0.37260617477407354,0.125,1.5623664493786942,"[0.05, 0.125, 0.125]"
