name,type,x,y,z,yaw,size
cube_obstacle,box,0.5132175331153752,0.7647489457557203,0.125,-2.2990677454439457,"[0.05, 0.125, 0.125]"
