name,type,x,y,z,yaw,size
cube_obstacle,box,0.7529396974916224,0.8903992584300059,0.125,-0.8796022750311461,"[0.05, 0.125, 0.125]"
