name,type,x,y,z,yaw,size
cube_obstacle,box,0.4825702491003233,0.5385748020304053,0.125,1.5147073083871527,"[0.05, 0.125, 0.125]"
