name,type,x,y,z,yaw,size
cube_obstacle,box,0.6583410424891991,0.4928133415064103,0.125,1.3591379848291893,"[0.05, 0.125, 0.125]"
