name,type,x,y,z,yaw,size
cube_obstacle,box,0.5589263702330043,0.38697028067336814,0.125,0.20372392463525335,"[0.05, 0.125, 0.125]"
