name,type,x,y,z,yaw,size
cube_obstacle,box,0.3279660025597808,0.2261346072393291,0.125,0.06509596379128713,"[0.05, 0.125, 0.125]"
