name,type,x,y,z,yaw,size
cube_obstacle,box,0.7934946470420179,0.21657743554721823,0.125,-1.9669988638060314,"[0.05, 0.125, 0.125]"
