name,type,x,y,z,yaw,size
cube_obstacle,box,0.3773273457983347,0.2473904960026964,0.125,2.712897065962755,"[0.05, 0.125, 0.125]"
