name,type,x,y,z,yaw,size
cube_obstacle,box,0.7570974614517214,0.68274042237796,0.125,-0.3483375879135404,"[0.05, 0.125, 0.125]"
