name,type,x,y,z,yaw,size
cube_obstacle,box,0.31330935676759986,0.35621099611793017,0.125,-1.0737124686441368,"[0.05, 0.125, 0.125]"
