name,type,x,y,z,yaw,size
cube_obstacle,box,0.4623881945472208,0.34161307858917606,0.125,-0.8856434510622,"[0.05, 0.125, 0.125]"
