name,type,x,y,z,yaw,size
cube_obstacle,box,0.41746790783610865,0.281535746762268,0.125,-1.629374544975665,"[0.05, 0.125, 0.125]"
