name,type,x,y,z,yaw,size
cube_obstacle,box,0.3130301337521715,0.5988937785016264,0.125,1.2900519149865488,"[0.05, 0.125, 0.125]"
