name,type,x,y,z,yaw,size
cube_obstacle,box,0.6561737922289577,0.4170997995067631,0.125,-3.1253693081564062,"[0.05, 0.125, 0.125]"
