name,type,x,y,z,yaw,size
cube_obstacle,box,0.5915160251813407,0.5294441386536867,0.125,-1.0140906134260805,"[0.05, 0.125, 0.125]"
