name,type,x,y,z,yaw,size
cube_obstacle,box,0.37049144162002373,0.4683644475471963,0.125,-1.0955469926937056,"[0.05, 0.125, 0.125]"
