name,type,x,y,z,yaw,size
cube_obstacle,box,0.899344406372605,0.22193547836654678,0.125,-1.5740926520807712,"[0.05, 0.125, 0.125]"
