name,type,x,y,z,yaw,size
cube_obstacle,box,0.5365553060038303,0.7080011850982668,0.125,1.9470299254073646,"[0.05, 0.125, 0.125]"
