name,type,x,y,z,yaw,size
cube_obstacle,box,0.8661169605678585,0.5396080825065772,0.125,0.8815658813338398,"[0.05, 0.125, 0.125]"
