name,type,x,y,z,yaw,size
cube_obstacle,box,0.42414165336569665,0.622325758026508,0.125,-3.103047785040092,"[0.05, 0.125, 0.125]"
