name,type,x,y,z,yaw,size
cube_obstacle,box,0.6810697338042484,0.3035879928306502,0.125,-1.5769402938782813,"[0.05, 0.125, 0.125]"
