name,type,x,y,z,yaw,size
cube_obstacle,box,0.319285927571856,0.34034054921652246,0.125,3.0364335147304606,"[0.05, 0.125, 0.125]"
