timestamp,model_type,goal_image,similarity_score,curr_j0,curr_j1,curr_j2,curr_j3,curr_j4,curr_j5,cmd_j0,cmd_j1,cmd_j2,cmd_j3,cmd_j4,cmd_j5,step_diff_j0,step_diff_j1,step_diff_j2,step_diff_j3,step_diff_j4,step_diff_j5
1769651390.6034677,full,goal16.png,0.7033759951591492,0.6750257611274719,-1.1705414056777954,-1.9224181175231934,2.0481295585632324,1.3703168630599976,2.7585206031799316,0.6412521004676819,-1.0709081888198853,-1.9084534645080566,2.067477226257324,1.3529976606369019,2.7820677757263184,-0.03377366065979004,0.09963321685791016,0.013964653015136719,0.019347667694091797,-0.017319202423095703,0.02354717254638672
1769651390.621241,full,goal16.png,0.7050379514694214,0.675116777420044,-1.1772056818008423,-1.922236442565918,2.0480690002441406,1.3702867031097412,2.7585206031799316,0.6402633190155029,-1.0736234188079834,-1.9086616039276123,2.070848226547241,1.3537929058074951,2.780123233795166,-0.034853458404541016,0.10358226299285889,0.013574838638305664,0.022779226303100586,-0.016493797302246094,0.021602630615234375
1769651390.6792998,full,goal16.png,0.7009180784225464,0.6751773357391357,-1.1790838241577148,-1.922236442565918,2.0480690002441406,1.3703018426895142,2.758535861968994,0.6395949721336365,-1.0762096643447876,-1.9089187383651733,2.073509454727173,1.3546394109725952,2.7784500122070312,-0.03558236360549927,0.10287415981292725,0.013317704200744629,0.025440454483032227,-0.015662431716918945,0.01991415023803711
1769651390.7801516,full,goal16.png,0.6809000968933105,0.6606977581977844,-1.1606662273406982,-1.916692852973938,2.0587620735168457,1.3608205318450928,2.770228385925293,0.6372344493865967,-1.0782132148742676,-1.9105546474456787,2.076242446899414,1.356278419494629,2.7805116176605225,-0.023463308811187744,0.08245301246643066,0.006138205528259277,0.01748037338256836,-0.004542112350463867,0.010283231735229492
1769651390.879047,full,goal16.png,0.6761690974235535,0.6463090181350708,-1.121226191520691,-1.914178729057312,2.0676679611206055,1.3567613363265991,2.7751660346984863,0.6318416595458984,-1.0735712051391602,-1.913860559463501,2.077136993408203,1.3574295043945312,2.785268783569336,-0.014467358589172363,0.04765498638153076,0.00031816959381103516,0.009469032287597656,0.0006681680679321289,0.01010274887084961
1769651390.9749315,full,goal16.png,0.6758236885070801,0.639735758304596,-1.0918428897857666,-1.9129973649978638,2.0723328590393066,1.3563674688339233,2.7782862186431885,0.6209333539009094,-1.0588163137435913,-1.9203379154205322,2.080244302749634,1.3587640523910522,2.7908437252044678,-0.018802404403686523,0.03302657604217529,-0.007340550422668457,0.007911443710327148,0.0023965835571289062,0.012557506561279297
1769651391.0750263,full,goal16.png,0.6901476979255676,0.6338590979576111,-1.0871477127075195,-1.9136637449264526,2.0752711296081543,1.3568673133850098,2.7824816703796387,0.6097054481506348,-1.040123462677002,-1.9255025386810303,2.085991382598877,1.359605312347412,2.7946388721466064,-0.02415364980697632,0.04702425003051758,-0.011838793754577637,0.010720252990722656,0.0027379989624023438,0.012157201766967773
1769651391.1736293,full,goal16.png,0.6934311389923096,0.6283459067344666,-1.0820586681365967,-1.91908597946167,2.0783913135528564,1.3579124212265015,2.787616014480591,0.6022335290908813,-1.0242328643798828,-1.9283279180526733,2.092447280883789,1.3598082065582275,2.7990500926971436,-0.026112377643585205,0.05782580375671387,-0.009241938591003418,0.014055967330932617,0.0018957853317260742,0.011434078216552734
1769651391.2753177,full,goal16.png,0.6961776614189148,0.6175619959831238,-1.0687605142593384,-1.9241447448730469,2.0834500789642334,1.359002947807312,2.7926747798919678,0.5986210703849792,-1.0145286321640015,-1.9272255897521973,2.0962071418762207,1.360905408859253,2.803354024887085,-0.01894092559814453,0.054231882095336914,-0.0030808448791503906,0.012757062911987305,0.001902461051940918,0.010679244995117188
1769651391.3783095,full,goal16.png,0.70467209815979,0.6066265106201172,-1.0546444654464722,-1.927597999572754,2.0891449451446533,1.3593512773513794,2.7970519065856934,0.5957694053649902,-1.0078620910644531,-1.9256110191345215,2.0987186431884766,1.3636168241500854,2.8071038722991943,-0.010857105255126953,0.04678237438201904,0.001986980438232422,0.009573698043823242,0.004265546798706055,0.010051965713500977
1769651391.478644,full,goal16.png,0.6982133388519287,0.6014466881752014,-1.0444663763046265,-1.927749514579773,2.0931737422943115,1.3603659868240356,2.80112624168396,0.5893374681472778,-1.0016225576400757,-1.923823595046997,2.101508617401123,1.3663091659545898,2.8125195503234863,-0.012109220027923584,0.04284381866455078,0.003925919532775879,0.008334875106811523,0.005943179130554199,0.011393308639526367
1769651391.5751936,full,goal16.png,0.694850504398346,0.5982659459114075,-1.039377212524414,-1.9271739721298218,2.0964150428771973,1.3627439737319946,2.8048672676086426,0.5773985981941223,-0.9923838376998901,-1.9230875968933105,2.1038036346435547,1.367037057876587,2.8159587383270264,-0.020867347717285156,0.046993374824523926,0.0040863752365112305,0.007388591766357422,0.004293084144592285,0.011091470718383789
1769651391.674385,full,goal16.png,0.6937540769577026,0.5937827825546265,-1.033258318901062,-1.9262045621871948,2.09902024269104,1.3651976585388184,2.809502124786377,0.5623111128807068,-0.9834959506988525,-1.9243004322052002,2.103548049926758,1.36733078956604,2.820726156234741,-0.03147166967391968,0.04976236820220947,0.001904129981994629,0.0045278072357177734,0.0021331310272216797,0.011224031448364258
1769651391.7740612,full,goal16.png,0.6969060301780701,0.5833927392959595,-1.0249582529067993,-1.925386667251587,2.101201057434082,1.366712212562561,2.8133187294006348,0.5534536838531494,-0.9742858409881592,-1.9261101484298706,2.1010520458221436,1.3686022758483887,2.8228626251220703,-0.02993905544281006,0.05067241191864014,-0.0007234811782836914,-0.00014901161193847656,0.0018900632858276367,0.009543895721435547
1769651391.8735385,full,goal16.png,0.6861804723739624,0.5693372488021851,-1.0176881551742554,-1.925659418106079,2.1019582748413086,1.3669999837875366,2.8176960945129395,0.5508999228477478,-0.9685574173927307,-1.927149772644043,2.099142551422119,1.369999885559082,2.8254072666168213,-0.018437325954437256,0.04913073778152466,-0.0014903545379638672,-0.002815723419189453,0.00299990177154541,0.007711172103881836
1769651391.9731033,full,goal16.png,0.679552435874939,0.5574021339416504,-1.007086157798767,-1.9266892671585083,2.100898265838623,1.3679996728897095,2.820725202560425,0.5490907430648804,-0.9626328349113464,-1.9291914701461792,2.0994932651519775,1.3715853691101074,2.827545642852783,-0.00831139087677002,0.044453322887420654,-0.0025022029876708984,-0.0014050006866455078,0.0035856962203979492,0.0068204402923583984
1769651392.0774772,full,goal16.png,0.6922570466995239,0.5535550713539124,-0.9991797804832458,-1.9273556470870972,2.0995352268218994,1.3692264556884766,2.823103189468384,0.5417944192886353,-0.9544753432273865,-1.9330933094024658,2.0978167057037354,1.3733989000320435,2.830786943435669,-0.0117606520652771,0.044704437255859375,-0.005737662315368652,-0.0017185211181640625,0.0041724443435668945,0.007683753967285156
1769651392.174086,full,goal16.png,0.6889351606369019,0.5524040460586548,-0.9957265257835388,-1.9289610385894775,2.099292755126953,1.3707410097122192,2.825314521789551,0.533139705657959,-0.9440440535545349,-1.9380290508270264,2.095139741897583,1.3746929168701172,2.834599018096924,-0.0192643404006958,0.051682472229003906,-0.009068012237548828,-0.004153013229370117,0.003951907157897949,0.009284496307373047
1769651392.2748797,full,goal16.png,0.696955680847168,0.5455580353736877,-0.9877901077270508,-1.931687355041504,2.09808087348938,1.372422218322754,2.8284800052642822,0.5263026356697083,-0.9356658458709717,-1.9434232711791992,2.0917551517486572,1.375971794128418,2.838256359100342,-0.019255399703979492,0.0521242618560791,-0.011735916137695312,-0.006325721740722656,0.0035495758056640625,0.00977635383605957
1769651392.374824,full,goal16.png,0.6883302927017212,0.5361977219581604,-0.9763396978378296,-1.935746431350708,2.0960516929626465,1.3740580081939697,2.8325693607330322,0.5162693858146667,-0.9299170970916748,-1.9472129344940186,2.08359956741333,1.3760725259780884,2.840026378631592,-0.019928336143493652,0.046422600746154785,-0.011466503143310547,-0.012452125549316406,0.0020145177841186523,0.00745701789855957
1769651392.4728684,full,goal16.png,0.6937195658683777,0.5293214917182922,-0.9692817330360413,-1.941259741783142,2.093416213989258,1.3750728368759155,2.8363709449768066,0.5044678449630737,-0.9234116077423096,-1.9506326913833618,2.075624704360962,1.3762755393981934,2.8450965881347656,-0.024853646755218506,0.04587012529373169,-0.009372949600219727,-0.0177915096282959,0.001202702522277832,0.008725643157958984
1769651392.5741596,full,goal16.png,0.694332480430603,0.5210821032524109,-0.9641623497009277,-1.9461064338684082,2.0872063636779785,1.375557541847229,2.839036703109741,0.4906393587589264,-0.9150032997131348,-1.9552242755889893,2.067847967147827,1.3774309158325195,2.8519768714904785,-0.030442744493484497,0.04915904998779297,-0.009117841720581055,-0.019358396530151367,0.0018733739852905273,0.012940168380737305
1769651392.6720426,full,goal16.png,0.6963902115821838,0.5104495882987976,-0.9560744762420654,-1.9501352310180664,2.079451560974121,1.3758150339126587,2.8432321548461914,0.4787764251232147,-0.9058396816253662,-1.9610629081726074,2.061861038208008,1.3789292573928833,2.862509250640869,-0.031673163175582886,0.05023479461669922,-0.010927677154541016,-0.01759052276611328,0.0031142234802246094,0.019277095794677734
1769651392.774271,full,goal16.png,0.6941978931427002,0.4956974685192108,-0.9478956460952759,-1.9543458223342896,2.0711514949798584,1.3766933679580688,2.848684549331665,0.464261531829834,-0.8970934152603149,-1.9676358699798584,2.0547847747802734,1.3807463645935059,2.8737552165985107,-0.03143593668937683,0.05080223083496094,-0.013290047645568848,-0.01636672019958496,0.004052996635437012,0.025070667266845703
1769651392.8771613,full,goal16.png,0.6921340823173523,0.48345956206321716,-0.9403225779533386,-1.958950161933899,2.065032720565796,1.378071665763855,2.8577873706817627,0.4518735706806183,-0.8887853622436523,-1.9754221439361572,2.0463860034942627,1.3815367221832275,2.88419771194458,-0.03158599138259888,0.05153721570968628,-0.0164719820022583,-0.018646717071533203,0.0034650564193725586,0.026410341262817383
1769651392.97263,full,goal16.png,0.6973116397857666,0.4706762433052063,-0.9292054176330566,-1.9653416872024536,2.0581865310668945,1.3797225952148438,2.8694345951080322,0.4409736394882202,-0.8789218664169312,-1.9839060306549072,2.039386034011841,1.3801754713058472,2.89115309715271,-0.029702603816986084,0.05028355121612549,-0.018564343452453613,-0.01880049705505371,0.00045287609100341797,0.021718502044677734
1769651393.0793684,full,goal16.png,0.6859216690063477,0.45852917432785034,-0.9202390909194946,-1.9728845357894897,2.049856424331665,1.3806918859481812,2.8797340393066406,0.43171489238739014,-0.8683871030807495,-1.9922759532928467,2.034327745437622,1.3782432079315186,2.896198272705078,-0.026814281940460205,0.05185198783874512,-0.019391417503356934,-0.015528678894042969,-0.0024486780166625977,0.0164642333984375
1769651393.1769059,full,goal16.png,0.6870503425598145,0.4456551671028137,-0.9118177890777588,-1.980851173400879,2.0427072048187256,1.3808131217956543,2.8870038986206055,0.42278993129730225,-0.8579279184341431,-2.0004899501800537,2.03183650970459,1.3766446113586426,2.8992526531219482,-0.022865235805511475,0.05388987064361572,-0.019638776779174805,-0.010870695114135742,-0.004168510437011719,0.012248754501342773
1769651393.2773066,full,goal16.png,0.6900662183761597,0.4354165196418762,-0.9005492329597473,-1.988848328590393,2.0373456478118896,1.3790713548660278,2.8931987285614014,0.4149557948112488,-0.8480842113494873,-2.0081324577331543,2.0293097496032715,1.3746941089630127,2.9019269943237305,-0.02046072483062744,0.05246502161026001,-0.01928412914276123,-0.008035898208618164,-0.004377245903015137,0.008728265762329102
1769651393.3752656,full,goal16.png,0.6888242959976196,0.42790403962135315,-0.8905225396156311,-1.9976329803466797,2.034074306488037,1.3770416975021362,2.897439479827881,0.40968602895736694,-0.8385814428329468,-2.016784191131592,2.0254831314086914,1.372774362564087,2.901092290878296,-0.018218010663986206,0.051941096782684326,-0.01915121078491211,-0.008591175079345703,-0.004267334938049316,0.003652811050415039
1769651393.477556,full,goal16.png,0.6869320869445801,0.4196040630340576,-0.8794661164283752,-2.00602388381958,2.0316507816314697,1.3753151893615723,2.9004080295562744,0.4074750244617462,-0.829270601272583,-2.025329113006592,2.0231308937072754,1.371411681175232,2.9029195308685303,-0.012129038572311401,0.050195515155792236,-0.01930522918701172,-0.008519887924194336,-0.003903508186340332,0.0025115013122558594
1769651393.5735917,full,goal16.png,0.6902914047241211,0.41233396530151367,-0.8697423934936523,-2.0133848190307617,2.028167247772217,1.373967170715332,2.9012413024902344,0.4057818055152893,-0.8205828666687012,-2.0322866439819336,2.020854949951172,1.3711329698562622,2.9068665504455566,-0.006552159786224365,0.04915952682495117,-0.018901824951171875,-0.007312297821044922,-0.0028342008590698242,0.005625247955322266
1769651393.6752796,full,goal16.png,0.68914395570755,0.40909284353256226,-0.860775887966156,-2.0216846466064453,2.0250473022460938,1.3727402687072754,2.902437686920166,0.4051904082298279,-0.8103768825531006,-2.0382256507873535,2.0183677673339844,1.3706647157669067,2.910933017730713,-0.003902435302734375,0.05039900541305542,-0.016541004180908203,-0.006679534912109375,-0.0020755529403686523,0.008495330810546875
1769651393.778197,full,goal16.png,0.7053782939910889,0.40845659375190735,-0.8518701195716858,-2.029651641845703,2.022199869155884,1.371755838394165,2.9049367904663086,0.4033835232257843,-0.8016489148139954,-2.044806718826294,2.016267776489258,1.370395302772522,2.9123363494873047,-0.005073070526123047,0.05022120475769043,-0.01515507698059082,-0.0059320926666259766,-0.0013605356216430664,0.007399559020996094
1769651393.8739426,full,goal16.png,0.7133039236068726,0.407245010137558,-0.8425705432891846,-2.0361037254333496,2.0197157859802246,1.370998501777649,2.9084203243255615,0.40001630783081055,-0.7945390343666077,-2.0519986152648926,2.014702320098877,1.3699501752853394,2.9150607585906982,-0.0072287023067474365,0.048031508922576904,-0.01589488983154297,-0.005013465881347656,-0.0010483264923095703,0.006640434265136719
1769651393.9770155,full,goal16.png,0.7102971076965332,0.4040945768356323,-0.8320591449737549,-2.0427377223968506,2.017019748687744,1.3704835176467896,2.9109952449798584,0.3976972699165344,-0.7884124517440796,-2.0589170455932617,2.015955924987793,1.3703320026397705,2.9184086322784424,-0.0063973069190979,0.04364669322967529,-0.016179323196411133,-0.0010638236999511719,-0.00015151500701904297,0.007413387298583984
1769651394.0761838,full,goal16.png,0.7110599279403687,0.4017317593097687,-0.8257887363433838,-2.0496442317962646,2.01544451713562,1.3701503276824951,2.913388252258301,0.39610785245895386,-0.7824214100837708,-2.064681053161621,2.014758586883545,1.3708491325378418,2.9235310554504395,-0.005623906850814819,0.04336732625961304,-0.015036821365356445,-0.0006859302520751953,0.0006988048553466797,0.010142803192138672
1769651394.1743467,full,goal16.png,0.7061752676963806,0.40039902925491333,-0.819881796836853,-2.0565507411956787,2.01544451713562,1.3700746297836304,2.9164628982543945,0.3960222899913788,-0.7748269438743591,-2.0701117515563965,2.012444496154785,1.371063470840454,2.9250857830047607,-0.004376739263534546,0.045054852962493896,-0.013561010360717773,-0.003000020980834961,0.0009888410568237305,0.008622884750366211
1769651394.2745304,full,goal16.png,0.7146873474121094,0.3974607288837433,-0.8113697171211243,-2.0629119873046875,2.0149600505828857,1.3703018426895142,2.9211127758026123,0.3968605399131775,-0.7661730051040649,-2.0737860202789307,2.008737325668335,1.3712722063064575,2.9283876419067383,-0.0006001889705657959,0.045196712017059326,-0.010874032974243164,-0.006222724914550781,0.0009703636169433594,0.0072748661041259766
1769651394.372124,full,goal16.png,0.7114570140838623,0.3966125249862671,-0.8052811026573181,-2.067880153656006,2.013263702392578,1.3706955909729004,2.9238996505737305,0.39944958686828613,-0.7554124593734741,-2.0785927772521973,2.0045101642608643,1.3712040185928345,2.9328722953796387,0.002837061882019043,0.049868643283843994,-0.010712623596191406,-0.008753538131713867,0.000508427619934082,0.008972644805908203
1769651394.4766524,full,goal16.png,0.7176330089569092,0.39736971259117126,-0.7973142266273499,-2.0716664791107178,2.010173797607422,1.370983362197876,2.926974296569824,0.40201297402381897,-0.7455291748046875,-2.082669258117676,2.000973701477051,1.3710095882415771,2.9371249675750732,0.004643261432647705,0.051785051822662354,-0.011002779006958008,-0.009200096130371094,2.6226043701171875e-05,0.010150671005249023
1769651394.5759058,full,goal16.png,0.717936635017395,0.3992478549480438,-0.7843191027641296,-2.0765132904052734,2.006417751312256,1.3713469505310059,2.930821180343628,0.40134522318840027,-0.7385005354881287,-2.087709426879883,1.9990935325622559,1.3700073957443237,2.941774845123291,0.0020973682403564453,0.04581856727600098,-0.011196136474609375,-0.00732421875,-0.001339554786682129,0.010953664779663086
1769651394.6737795,full,goal16.png,0.7139350175857544,0.4009139835834503,-0.7755041718482971,-2.081329584121704,2.0033278465270996,1.3714075088500977,2.9347288608551025,0.40023696422576904,-0.7332689762115479,-2.093172550201416,1.999155044555664,1.369466781616211,2.9464688301086426,-0.0006770193576812744,0.04223519563674927,-0.011842966079711914,-0.004172801971435547,-0.0019407272338867188,0.011739969253540039
1769651394.7747009,full,goal16.png,0.7110487222671509,0.4015198051929474,-0.7682340741157532,-2.0866005420684814,2.000964879989624,1.370316982269287,2.9391818046569824,0.39572060108184814,-0.7303538918495178,-2.0985918045043945,1.9953787326812744,1.3688316345214844,2.9478912353515625,-0.005799204111099243,0.03788018226623535,-0.011991262435913086,-0.005586147308349609,-0.0014853477478027344,0.008709430694580078
1769651394.8718503,full,goal16.png,0.7033007144927979,0.4010654091835022,-0.7609943151473999,-2.092446804046631,1.9999350309371948,1.3694990873336792,2.9442102909088135,0.38957932591438293,-0.7265426516532898,-2.1027939319610596,1.9891668558120728,1.3683319091796875,2.9458112716674805,-0.011486083269119263,0.03445166349411011,-0.010347127914428711,-0.01076817512512207,-0.0011671781539916992,0.0016009807586669922
1769651394.9710371,full,goal16.png,0.6998149752616882,0.3970971703529358,-0.7575410604476929,-2.0970208644866943,1.9966636896133423,1.3688175678253174,2.946376085281372,0.3797394037246704,-0.7236122488975525,-2.107121229171753,1.9802508354187012,1.3676201105117798,2.9437193870544434,-0.01735776662826538,0.03392881155014038,-0.010100364685058594,-0.016412854194641113,-0.0011974573135375977,-0.002656698226928711
1769651395.0723622,full,goal16.png,0.7145792245864868,0.3918869197368622,-0.7535726428031921,-2.101231336593628,1.9912714958190918,1.3685297966003418,2.9461488723754883,0.3723493218421936,-0.7185972332954407,-2.1119303703308105,1.9726402759552002,1.3662514686584473,2.942718744277954,-0.01953759789466858,0.034975409507751465,-0.010699033737182617,-0.0186312198638916,-0.0022783279418945312,-0.0034301280975341797
1769651395.174077,full,goal16.png,0.7064942121505737,0.38413217663764954,-0.7490289211273193,-2.1058359146118164,1.9841833114624023,1.3677875995635986,2.9450130462646484,0.3672489821910858,-0.7124091386795044,-2.1173348426818848,1.965053677558899,1.3653329610824585,2.9435462951660156,-0.01688319444656372,0.03661978244781494,-0.01149892807006836,-0.019129633903503418,-0.0024546384811401367,-0.0014667510986328125
1769651395.2740598,full,goal16.png,0.7034931182861328,0.37595334649086,-0.7449092864990234,-2.110652208328247,1.976549744606018,1.366727352142334,2.943861961364746,0.3617725968360901,-0.7056138515472412,-2.1214468479156494,1.9562132358551025,1.3642470836639404,2.9432578086853027,-0.014180749654769897,0.03929543495178223,-0.010794639587402344,-0.020336508750915527,-0.0024802684783935547,-0.0006041526794433594
1769651395.3747427,full,goal16.png,0.7182888984680176,0.36983445286750793,-0.7391840815544128,-2.1156504154205322,1.968340516090393,1.366076111793518,2.943755865097046,0.35725104808807373,-0.6999635696411133,-2.1235382556915283,1.9477837085723877,1.3639655113220215,2.9429006576538086,-0.012583404779434204,0.03922051191329956,-0.007887840270996094,-0.02055680751800537,-0.002110600471496582,-0.0008552074432373047
1769651395.4747725,full,goal16.png,0.7153513431549072,0.364836186170578,-0.7335497140884399,-2.119861125946045,1.9595258235931396,1.3651068210601807,2.9436347484588623,0.3541874587535858,-0.6943932771682739,-2.1259350776672363,1.939523696899414,1.3626083135604858,2.9389524459838867,-0.010648727416992188,0.039156436920166016,-0.006073951721191406,-0.020002126693725586,-0.0024985074996948242,-0.004682302474975586
1769651395.5752215,full,goal16.png,0.7211344242095947,0.3601713180541992,-0.7274308204650879,-2.1225569248199463,1.9515284299850464,1.364652395248413,2.9433319568634033,0.34937500953674316,-0.6871159076690674,-2.129019260406494,1.9297235012054443,1.361006736755371,2.9353222846984863,-0.010796308517456055,0.04031491279602051,-0.0064623355865478516,-0.02180492877960205,-0.003645658493041992,-0.008009672164916992
1769651395.6724484,full,goal16.png,0.7122889161109924,0.3561120927333832,-0.7211906909942627,-2.1247682571411133,1.9434709548950195,1.3630317449569702,2.9409539699554443,0.3422553539276123,-0.679722785949707,-2.1328389644622803,1.9190133810043335,1.3597722053527832,2.932039737701416,-0.013856738805770874,0.041467905044555664,-0.008070707321166992,-0.024457573890686035,-0.0032595396041870117,-0.00891423225402832
1769651395.7721019,full,goal16.png,0.7192792892456055,0.3518410325050354,-0.7154352068901062,-2.127645969390869,1.9336563348770142,1.3613959550857544,2.9376823902130127,0.334989070892334,-0.6725744009017944,-2.1363673210144043,1.9102387428283691,1.3594954013824463,2.9304938316345215,-0.016851961612701416,0.04286080598831177,-0.008721351623535156,-0.02341759204864502,-0.0019005537033081055,-0.007188558578491211
1769651395.8723838,full,goal16.png,0.7186981439590454,0.34502536058425903,-0.7078924179077148,-2.131826400756836,1.922993540763855,1.3601691722869873,2.9340624809265137,0.3289365768432617,-0.6651623249053955,-2.140263080596924,1.9035148620605469,1.3589247465133667,2.929564952850342,-0.016088783740997314,0.042730093002319336,-0.00843667984008789,-0.019478678703308105,-0.0012444257736206055,-0.004497528076171875
1769651395.9697175,full,goal16.png,0.7264177799224854,0.33805811405181885,-0.6997135877609253,-2.1356430053710938,1.9141483306884766,1.3595482110977173,2.931957244873047,0.3243371248245239,-0.6565402150154114,-2.144702911376953,1.8974032402038574,1.3581092357635498,2.9294955730438232,-0.013720989227294922,0.043173372745513916,-0.009059906005859375,-0.01674509048461914,-0.0014389753341674805,-0.002461671829223633
1769651396.0695615,full,goal16.png,0.72023606300354,0.331484854221344,-0.6923223733901978,-2.1398839950561523,1.9062420129776,1.3590635061264038,2.930624485015869,0.3191993236541748,-0.6467916965484619,-2.1491711139678955,1.8905012607574463,1.3582950830459595,2.9318792819976807,-0.01228553056716919,0.04553067684173584,-0.009287118911743164,-0.01574075222015381,-0.0007684230804443359,0.0012547969818115234
1769651396.1733718,full,goal16.png,0.7221440076828003,0.3264259994029999,-0.6848100423812866,-2.144670248031616,1.8999414443969727,1.3585031032562256,2.930215358734131,0.31429600715637207,-0.6365926265716553,-2.152538299560547,1.8834240436553955,1.3605252504348755,2.9359190464019775,-0.012129992246627808,0.04821741580963135,-0.007868051528930664,-0.01651740074157715,0.0020221471786499023,0.00570368766784668
1769651396.2806702,full,goal16.png,0.7293873429298401,0.321912556886673,-0.6750257611274719,-2.148547410964966,1.8938831090927124,1.3584425449371338,2.931366443634033,0.30754759907722473,-0.6296523809432983,-2.156907081604004,1.876029372215271,1.3634583950042725,2.9428870677948,-0.014364957809448242,0.045373380184173584,-0.008359670639038086,-0.017853736877441406,0.005015850067138672,0.011520624160766602
1769651396.3809698,full,goal16.png,0.7359497547149658,0.3168841302394867,-0.6644538044929504,-2.1514556407928467,1.8871582746505737,1.35982084274292,2.934168577194214,0.3017118275165558,-0.6240811347961426,-2.1631832122802734,1.8692810535430908,1.3663002252578735,2.9500393867492676,-0.015172302722930908,0.04037266969680786,-0.011727571487426758,-0.01787722110748291,0.006479382514953613,0.01587080955505371
1769651396.4742026,full,goal16.png,0.7350711226463318,0.3103410005569458,-0.6567899584770203,-2.1556055545806885,1.8788280487060547,1.3623803853988647,2.940545082092285,0.2955394983291626,-0.6172812581062317,-2.169874668121338,1.8642747402191162,1.3688409328460693,2.9561872482299805,-0.014801502227783203,0.039508700370788574,-0.014269113540649414,-0.014553308486938477,0.00646054744720459,0.015642166137695312
1769651396.5711577,full,goal16.png,0.7394023537635803,0.30470678210258484,-0.6497925519943237,-2.161451816558838,1.8724665641784668,1.3648947477340698,2.947209119796753,0.28891095519065857,-0.609797477722168,-2.175039052963257,1.8577120304107666,1.3710495233535767,2.9604334831237793,-0.01579582691192627,0.03999507427215576,-0.013587236404418945,-0.014754533767700195,0.006154775619506836,0.013224363327026367
1769651396.6686318,full,goal16.png,0.747667670249939,0.29819393157958984,-0.642310380935669,-2.1682069301605225,1.8668322563171387,1.3676663637161255,2.95361590385437,0.28052109479904175,-0.6022830605506897,-2.1778252124786377,1.84944748878479,1.3735027313232422,2.9632389545440674,-0.017672836780548096,0.04002732038497925,-0.009618282318115234,-0.017384767532348633,0.005836367607116699,0.009623050689697266
1769651396.7788625,full,goal16.png,0.7592583894729614,0.2905905842781067,-0.6362217664718628,-2.1742653846740723,1.8592896461486816,1.3706198930740356,2.9584779739379883,0.2749359607696533,-0.5937652587890625,-2.180629253387451,1.8386094570159912,1.3764454126358032,2.966876745223999,-0.01565462350845337,0.04245650768280029,-0.006363868713378906,-0.02068018913269043,0.005825519561767578,0.008398771286010742
1769651396.8758001,full,goal16.png,0.7627350687980652,0.28353264927864075,-0.6286789774894714,-2.1772944927215576,1.8519892692565918,1.3726645708084106,2.96127986907959,0.26889166235923767,-0.5851505994796753,-2.183256149291992,1.8295273780822754,1.378737449645996,2.973240375518799,-0.014640986919403076,0.04352837800979614,-0.00596165657043457,-0.022461891174316406,0.006072878837585449,0.011960506439208984
1769651396.9745753,full,goal16.png,0.7701243162155151,0.27777716517448425,-0.6195610761642456,-2.179990530014038,1.8431440591812134,1.3751788139343262,2.9646120071411133,0.2641086280345917,-0.5747393369674683,-2.1846885681152344,1.8248465061187744,1.3811208009719849,2.9802143573760986,-0.013668537139892578,0.044821739196777344,-0.004698038101196289,-0.018297553062438965,0.005941987037658691,0.015602350234985352
1769651397.0746973,full,goal16.png,0.7715603113174438,0.27217307686805725,-0.611382246017456,-2.1826260089874268,1.834389567375183,1.3777536153793335,2.969973564147949,0.2560351490974426,-0.5638285279273987,-2.185703754425049,1.8195070028305054,1.3838424682617188,2.98698353767395,-0.016137927770614624,0.04755371809005737,-0.0030777454376220703,-0.014882564544677734,0.006088852882385254,0.017009973526000977
1769651397.1732652,full,goal16.png,0.7782018184661865,0.266235888004303,-0.6011435389518738,-2.1848068237304688,1.8269984722137451,1.380601167678833,2.977607250213623,0.24610020220279694,-0.5535671710968018,-2.188765048980713,1.8124358654022217,1.385641098022461,2.9939563274383545,-0.020135685801506042,0.04757636785507202,-0.003958225250244141,-0.014562606811523438,0.00503993034362793,0.016349077224731445
1769651397.2725577,full,goal16.png,0.7805363535881042,0.2588749825954437,-0.5906020998954773,-2.18632173538208,1.8213943243026733,1.3827518224716187,2.9835140705108643,0.23629403114318848,-0.5455783009529114,-2.1944949626922607,1.8043291568756104,1.3864266872406006,3.000808000564575,-0.02258095145225525,0.04502379894256592,-0.008173227310180664,-0.01706516742706299,0.0036748647689819336,0.017293930053710938
1769651397.371603,full,goal16.png,0.7765027284622192,0.2501508891582489,-0.5810600519180298,-2.1892902851104736,1.8154269456863403,1.3843119144439697,2.990405559539795,0.2245626300573349,-0.5377686023712158,-2.2031257152557373,1.7935996055603027,1.3863012790679932,3.0073840618133545,-0.025588259100914,0.043291449546813965,-0.013835430145263672,-0.021827340126037598,0.0019893646240234375,0.01697850227355957
1769651397.4705153,full,goal16.png,0.7749135494232178,0.23933669924736023,-0.5720329880714417,-2.1949243545532227,1.8072178363800049,1.3854327201843262,2.9984328746795654,0.21084192395210266,-0.5269213914871216,-2.2113354206085205,1.7795603275299072,1.388016700744629,3.0103607177734375,-0.02849477529525757,0.04511159658432007,-0.01641106605529785,-0.027657508850097656,0.0025839805603027344,0.01192784309387207
1769651397.5697243,full,goal16.png,0.7778640985488892,0.22761373221874237,-0.5631877779960632,-2.202406644821167,1.7964640855789185,1.3864020109176636,3.0041277408599854,0.19501224160194397,-0.5160855054855347,-2.219459295272827,1.7605494260787964,1.3883213996887207,3.009925603866577,-0.0326014906167984,0.047102272510528564,-0.017052650451660156,-0.03591465950012207,0.001919388771057129,0.005797863006591797
1769651397.668262,full,goal16.png,0.7706171274185181,0.2144063264131546,-0.5528279542922974,-2.209313154220581,1.7838020324707031,1.387537956237793,3.0074145793914795,0.17791597545146942,-0.5075442790985107,-2.2274956703186035,1.7422336339950562,1.3875443935394287,3.0094094276428223,-0.03649035096168518,0.04528367519378662,-0.01818251609802246,-0.04156839847564697,6.4373016357421875e-06,0.0019948482513427734
1769651397.7691932,full,goal16.png,0.7663002014160156,0.19898784160614014,-0.5426498651504517,-2.2176737785339355,1.7657482624053955,1.3881134986877441,3.0083837509155273,0.16106268763542175,-0.4993690848350525,-2.234632968902588,1.7259782552719116,1.3882067203521729,3.0123448371887207,-0.037925153970718384,0.04328078031539917,-0.016959190368652344,-0.03977000713348389,9.322166442871094e-05,0.003961086273193359
1769651397.8725278,full,goal16.png,0.7814895510673523,0.18220603466033936,-0.5318962335586548,-2.2265188694000244,1.7483000755310059,1.3879468441009521,3.0085806846618652,0.1431732177734375,-0.4905138611793518,-2.2413506507873535,1.7117581367492676,1.3905470371246338,3.0181360244750977,-0.039032816886901855,0.04138237237930298,-0.014831781387329102,-0.03654193878173828,0.0026001930236816406,0.009555339813232422
1769651397.973178,full,goal16.png,0.7861040234565735,0.1669086068868637,-0.5237174034118652,-2.233304262161255,1.732638955116272,1.3883709907531738,3.0104587078094482,0.12381094694137573,-0.47923311591148376,-2.2475202083587646,1.6973192691802979,1.392054796218872,3.0183990001678467,-0.043097659945487976,0.04448428750038147,-0.014215946197509766,-0.03531968593597412,0.003683805465698242,0.007940292358398438
1769651398.075541,full,goal16.png,0.783687174320221,0.15003602206707,-0.5155688524246216,-2.2394535541534424,1.717947244644165,1.3898552656173706,3.0151844024658203,0.10509476065635681,-0.4701543152332306,-2.2539925575256348,1.6821011304855347,1.3916184902191162,3.0135726928710938,-0.044941261410713196,0.04541453719139099,-0.014539003372192383,-0.03584611415863037,0.0017632246017456055,-0.0016117095947265625
1769651398.1726475,full,goal16.png,0.7908559441566467,0.1305583119392395,-0.503603458404541,-2.246481418609619,1.7035586833953857,1.3915516138076782,3.0170018672943115,0.0868467167019844,-0.4608767032623291,-2.259125232696533,1.6665371656417847,1.3902846574783325,3.0065231323242188,-0.043711595237255096,0.042726755142211914,-0.012643814086914062,-0.037021517753601074,-0.0012669563293457031,-0.010478734970092773
1769651398.2697573,full,goal16.png,0.7787480354309082,0.11056558042764664,-0.4946674108505249,-2.2533273696899414,1.6872919797897339,1.3914607763290405,3.0148208141326904,0.06849907338619232,-0.45418399572372437,-2.265742778778076,1.6498653888702393,1.3882650136947632,3.0015764236450195,-0.042066507041454315,0.04048341512680054,-0.012415409088134766,-0.03742659091949463,-0.0031957626342773438,-0.013244390487670898
1769651398.369926,full,goal16.png,0.7895103096961975,0.09236011654138565,-0.4851861000061035,-2.2586286067962646,1.6720552444458008,1.3906126022338867,3.0093681812286377,0.05102133750915527,-0.4471753239631653,-2.272275447845459,1.6343486309051514,1.3865127563476562,2.997237205505371,-0.04133877903223038,0.03801077604293823,-0.013646841049194336,-0.037706613540649414,-0.004099845886230469,-0.012130975723266602
1769651398.4697773,full,goal16.png,0.7978429794311523,0.07309446483850479,-0.4757349491119385,-2.2647173404693604,1.6550612449645996,1.3885072469711304,3.004385232925415,0.033207569271326065,-0.43724820017814636,-2.277829647064209,1.622523307800293,1.3843927383422852,2.989403009414673,-0.039886895567178726,0.038486748933792114,-0.013112306594848633,-0.03253793716430664,-0.004114508628845215,-0.014982223510742188
1769651398.5717006,full,goal16.png,0.8040667772293091,0.055949196219444275,-0.4700703024864197,-2.2709877490997314,1.6405211687088013,1.3867957592010498,2.9996747970581055,0.012902110815048218,-0.42540183663368225,-2.281057357788086,1.6096994876861572,1.3807376623153687,2.98272705078125,-0.04304708540439606,0.04466846585273743,-0.010069608688354492,-0.030821681022644043,-0.006058096885681152,-0.01694774627685547
1769651398.6717138,full,goal16.png,0.7923620343208313,0.039440084248781204,-0.4609828293323517,-2.2771973609924316,1.627495527267456,1.384705662727356,2.992950201034546,-0.0077742598950862885,-0.413510799407959,-2.2814242839813232,1.5969421863555908,1.3767764568328857,2.9744837284088135,-0.04721434414386749,0.0474720299243927,-0.0042269229888916016,-0.030553340911865234,-0.007929205894470215,-0.018466472625732422
1769651398.7754645,full,goal16.png,0.7885028123855591,0.01790248602628708,-0.4486236274242401,-2.2816500663757324,1.6148335933685303,1.3814189434051514,2.985210418701172,-0.029338639229536057,-0.40418317914009094,-2.280982494354248,1.581463098526001,1.371388554573059,2.962053060531616,-0.047241125255823135,0.04444044828414917,0.000667572021484375,-0.0333704948425293,-0.010030388832092285,-0.023157358169555664
1769651398.8744607,full,goal16.png,0.798158586025238,-0.0008482126868329942,-0.43908175826072693,-2.2831649780273438,1.6019595861434937,1.3783442974090576,2.9779253005981445,-0.04937237501144409,-0.39300599694252014,-2.280797004699707,1.5671733617782593,1.3642741441726685,2.9419665336608887,-0.0485241636633873,0.04607576131820679,0.0023679733276367188,-0.034786224365234375,-0.01407015323638916,-0.03595876693725586
1769651398.9708219,full,goal16.png,0.7732599973678589,-0.02138610929250717,-0.42838871479034424,-2.283770799636841,1.5881160497665405,1.37317955493927,2.9663991928100586,-0.06781195104122162,-0.37811440229415894,-2.2813262939453125,1.5526877641677856,1.3563143014907837,2.9207284450531006,-0.04642584174871445,0.0502743124961853,0.0024445056915283203,-0.03542828559875488,-0.016865253448486328,-0.04567074775695801
1769651399.0696838,full,goal16.png,0.7665660381317139,-0.04477154463529587,-0.415302574634552,-2.283982753753662,1.570970892906189,1.3647886514663696,2.9455583095550537,-0.08628183603286743,-0.3628636598587036,-2.2808895111083984,1.5394773483276367,1.3499031066894531,2.904721736907959,-0.041510291397571564,0.05243891477584839,0.003093242645263672,-0.031493544578552246,-0.014885544776916504,-0.04083657264709473
1769651399.171255,full,goal16.png,0.782353401184082,-0.0632496252655983,-0.40182262659072876,-2.284316062927246,1.558218002319336,1.3583365678787231,2.9267165660858154,-0.10529503971338272,-0.34998854994773865,-2.279757499694824,1.5264426469802856,1.3434597253799438,2.890970468521118,-0.042045414447784424,0.05183407664299011,0.004558563232421875,-0.03177535533905029,-0.014876842498779297,-0.035746097564697266
1769651399.2697308,full,goal16.png,0.7858455777168274,-0.08106126636266708,-0.38637369871139526,-2.284316062927246,1.5439503192901611,1.3520206212997437,2.9102530479431152,-0.1247522234916687,-0.33675694465637207,-2.279662847518921,1.5115278959274292,1.3345997333526611,2.877734661102295,-0.04369095712900162,0.04961675405502319,0.004653215408325195,-0.032422423362731934,-0.01742088794708252,-0.03251838684082031
1769651399.3851867,full,goal16.png,0.7871178388595581,-0.10223539173603058,-0.37225764989852905,-2.2841947078704834,1.5299252271652222,1.343735694885254,2.894758701324463,-0.14333555102348328,-0.3225921392440796,-2.279350519180298,1.4956666231155396,1.323056697845459,2.8603570461273193,-0.0411001592874527,0.04966551065444946,0.004844188690185547,-0.03425860404968262,-0.020678997039794922,-0.034401655197143555
1769651399.486372,full,goal16.png,0.7787393927574158,-0.11801750212907791,-0.3592018187046051,-2.2839221954345703,1.5175660848617554,1.3373744487762451,2.8838233947753906,-0.15920303761959076,-0.30736634135246277,-2.278808832168579,1.4793431758880615,1.3090680837631226,2.836033344268799,-0.04118553549051285,0.051835477352142334,0.005113363265991211,-0.03822290897369385,-0.02830636501312256,-0.0477900505065918
1769651399.5850575,full,goal16.png,0.7841272354125977,-0.13470830023288727,-0.34690332412719727,-2.283952474594116,1.5041769742965698,1.3277719020843506,2.867980480194092,-0.1741468608379364,-0.294013112783432,-2.277784824371338,1.4658021926879883,1.2964171171188354,2.812345027923584,-0.03943856060504913,0.05289021134376526,0.00616765022277832,-0.03837478160858154,-0.03135478496551514,-0.05563545227050781
1769651399.6836283,full,goal16.png,0.7364426255226135,-0.15152040123939514,-0.3333628177642822,-2.2836496829986572,1.4875468015670776,1.3154127597808838,2.8467459678649902,-0.18753764033317566,-0.2818869948387146,-2.275049924850464,1.4556657075881958,1.2875876426696777,2.7918546199798584,-0.03601723909378052,0.05147582292556763,0.00859975814819336,-0.031881093978881836,-0.027825117111206055,-0.054891347885131836
1769651399.7777424,full,goal16.png,0.7960702180862427,-0.1680597960948944,-0.31691426038742065,-2.283134698867798,1.4728249311447144,1.3013269901275635,2.822845697402954,-0.20160681009292603,-0.270885169506073,-2.272059440612793,1.4492030143737793,1.2807939052581787,2.7776038646698,-0.033547013998031616,0.046029090881347656,0.011075258255004883,-0.02362191677093506,-0.020533084869384766,-0.0452418327331543
1769651399.8705428,full,goal16.png,0.7958298325538635,-0.18169115483760834,-0.3057365417480469,-2.2814078330993652,1.4613442420959473,1.2916184663772583,2.8007779121398926,-0.21826985478401184,-0.2583255171775818,-2.269676923751831,1.4440174102783203,1.274505853652954,2.762467861175537,-0.0365786999464035,0.04741102457046509,0.01173090934753418,-0.017326831817626953,-0.0171126127243042,-0.03831005096435547
1769651399.9699106,full,goal16.png,0.7845584750175476,-0.19771559536457062,-0.2936197519302368,-2.2787725925445557,1.4532259702682495,1.283984899520874,2.7837235927581787,-0.23660390079021454,-0.24546502530574799,-2.2680015563964844,1.4389232397079468,1.2649097442626953,2.743359088897705,-0.03888830542564392,0.04815472662448883,0.010771036148071289,-0.014302730560302734,-0.01907515525817871,-0.04036450386047363
1769651400.0696394,full,goal16.png,0.7737862467765808,-0.2159513384103775,-0.2785646617412567,-2.2765612602233887,1.446168065071106,1.274836778640747,2.7655484676361084,-0.2533803880214691,-0.2330138385295868,-2.2658309936523438,1.4339232444763184,1.2541332244873047,2.721001386642456,-0.037429049611091614,0.04555082321166992,0.010730266571044922,-0.012244820594787598,-0.020703554153442383,-0.044547080993652344
1769651400.1708066,full,goal16.png,0.788070023059845,-0.23206663131713867,-0.26517555117607117,-2.274592399597168,1.4408366680145264,1.2675212621688843,2.7482972145080566,-0.26826876401901245,-0.21925190091133118,-2.264901638031006,1.4299187660217285,1.2419025897979736,2.697230339050293,-0.03620213270187378,0.04592365026473999,0.00969076156616211,-0.010917901992797852,-0.025618672370910645,-0.05106687545776367
1769651400.2707767,full,goal16.png,0.7783806920051575,-0.2487877905368805,-0.2533920109272003,-2.272986888885498,1.4358384609222412,1.2571765184402466,2.7273805141448975,-0.28236663341522217,-0.20506396889686584,-2.262878894805908,1.4252378940582275,1.2268798351287842,2.6750926971435547,-0.033578842878341675,0.04832804203033447,0.010107994079589844,-0.010600566864013672,-0.030296683311462402,-0.05228781700134277
1769651400.3756442,full,goal16.png,0.7734158635139465,-0.2637520432472229,-0.24042701721191406,-2.271744966506958,1.4320520162582397,1.244590163230896,2.703979969024658,-0.2972419559955597,-0.18868020176887512,-2.25486421585083,1.4204930067062378,1.2088130712509155,2.650667905807495,-0.03348991274833679,0.05174681544303894,0.01688075065612793,-0.011559009552001953,-0.03577709197998047,-0.053312063217163086
1769651400.4786952,full,goal16.png,0.7487839460372925,-0.2787465751171112,-0.2237362116575241,-2.269260883331299,1.4276293516159058,1.2295805215835571,2.6807005405426025,-0.3108121156692505,-0.17580169439315796,-2.246579647064209,1.4181958436965942,1.1929501295089722,2.6299145221710205,-0.03206554055213928,0.04793451726436615,0.022681236267089844,-0.009433507919311523,-0.03663039207458496,-0.05078601837158203
1769651400.5851023,full,goal16.png,0.7923673391342163,-0.2922264635562897,-0.2103775441646576,-2.2640507221221924,1.4238126277923584,1.2142831087112427,2.6598293781280518,-0.32485389709472656,-0.1636306494474411,-2.24208927154541,1.4165297746658325,1.1764652729034424,2.609563112258911,-0.03262743353843689,0.04674689471721649,0.021961450576782227,-0.007282853126525879,-0.03781783580780029,-0.050266265869140625
1769651400.685668,full,goal16.png,0.7739261984825134,-0.3045552968978882,-0.1972912698984146,-2.2579925060272217,1.4209953546524048,1.1995309591293335,2.6398065090179443,-0.3391871154308319,-0.15304428339004517,-2.240504026412964,1.4158331155776978,1.1594465970993042,2.589005708694458,-0.034631818532943726,0.044246986508369446,0.017488479614257812,-0.005162239074707031,-0.0400843620300293,-0.05080080032348633
1769651400.7761412,full,goal16.png,0.7807353734970093,-0.31882283091545105,-0.18381145596504211,-2.2529335021972656,1.4186931848526,1.1835216283798218,2.6193745136260986,-0.35374128818511963,-0.13965928554534912,-2.2369565963745117,1.4135855436325073,1.1392892599105835,2.564800977706909,-0.03491845726966858,0.04415217041969299,0.015976905822753906,-0.0051076412200927734,-0.04423236846923828,-0.05457353591918945
1769651400.8772109,full,goal16.png,0.7544301748275757,-0.33330240845680237,-0.17290642857551575,-2.2498438358306885,1.4176329374313354,1.1664824485778809,2.597943067550659,-0.36799922585487366,-0.12646305561065674,-2.2317192554473877,1.411531686782837,1.1184072494506836,2.5402183532714844,-0.03469681739807129,0.04644337296485901,0.01812458038330078,-0.006101250648498535,-0.048075199127197266,-0.057724714279174805
1769651400.9709816,full,goal16.png,0.8070937395095825,-0.3477516174316406,-0.16091062128543854,-2.246814727783203,1.4153610467910767,1.147247076034546,2.574618101119995,-0.37996092438697815,-0.11790916323661804,-2.2277050018310547,1.4094867706298828,1.1027941703796387,2.5230445861816406,-0.032209306955337524,0.043001458048820496,0.019109725952148438,-0.005874276161193848,-0.04445290565490723,-0.05157351493835449
1769651401.0722334,full,goal16.png,0.7910085916519165,-0.36450305581092834,-0.14567382633686066,-2.241452932357788,1.4130287170410156,1.1233618259429932,2.5473403930664062,-0.3922939896583557,-0.10774865746498108,-2.2252588272094727,1.4057400226593018,1.088815450668335,2.506484031677246,-0.027790933847427368,0.03792516887187958,0.01619410514831543,-0.007288694381713867,-0.0345463752746582,-0.040856361389160156
1769651401.1720014,full,goal16.png,0.8013879060745239,-0.37649863958358765,-0.1337994486093521,-2.237636089324951,1.4105749130249023,1.1073980331420898,2.5298922061920166,-0.4057733118534088,-0.09731291234493256,-2.22383713722229,1.4007389545440674,1.0724761486053467,2.4883692264556885,-0.029274672269821167,0.036486536264419556,0.013798952102661133,-0.009835958480834961,-0.034921884536743164,-0.041522979736328125
1769651401.2706132,full,goal16.png,0.7957571148872375,-0.3884640336036682,-0.12437871843576431,-2.2350916862487793,1.407364010810852,1.0926458835601807,2.51271653175354,-0.42064040899276733,-0.08512953668832779,-2.2200629711151123,1.3952268362045288,1.054132342338562,2.465304136276245,-0.03217637538909912,0.03924918174743652,0.015028715133666992,-0.012137174606323242,-0.03851354122161865,-0.04741239547729492
1769651401.3700418,full,goal16.png,0.7918968200683594,-0.40388259291648865,-0.11374607682228088,-2.233213424682617,1.4025778770446777,1.0739102363586426,2.491466760635376,-0.4345140755176544,-0.07504013925790787,-2.2143492698669434,1.3891732692718506,1.0356202125549316,2.4431262016296387,-0.03063148260116577,0.038705937564373016,0.018864154815673828,-0.013404607772827148,-0.03829002380371094,-0.048340559005737305
1769651401.4707305,full,goal16.png,0.7665207386016846,-0.4169384241104126,-0.1018412709236145,-2.2299723625183105,1.397943139076233,1.0578252077102661,2.4714741706848145,-0.4498187303543091,-0.0637073814868927,-2.207918405532837,1.3831768035888672,1.0156272649765015,2.420517921447754,-0.032880306243896484,0.0381338894367218,0.022053956985473633,-0.014766335487365723,-0.04219794273376465,-0.05095624923706055
1769651401.5700145,full,goal16.png,0.7697429656982422,-0.4306607246398926,-0.09072411060333252,-2.225367784500122,1.3921270370483398,1.0401347875595093,2.4497547149658203,-0.4664115905761719,-0.05171165242791176,-2.201395273208618,1.3807352781295776,0.9954047203063965,2.397833824157715,-0.0357508659362793,0.03901245817542076,0.023972511291503906,-0.011391758918762207,-0.04473006725311279,-0.05192089080810547
1769651401.6708124,full,goal16.png,0.7976812124252319,-0.4475333094596863,-0.07921342551708221,-2.2186126708984375,1.3858264684677124,1.0182639360427856,2.424612522125244,-0.4829343557357788,-0.0394291877746582,-2.1952295303344727,1.379910945892334,0.9750827550888062,2.3752660751342773,-0.03540104627609253,0.03978423774242401,0.023383140563964844,-0.005915522575378418,-0.04318118095397949,-0.0493464469909668
1769651401.773643,full,goal16.png,0.7947095036506653,-0.46395155787467957,-0.06773257255554199,-2.211857557296753,1.3826154470443726,0.9983924627304077,2.401923656463623,-0.4977792203426361,-0.027683671563863754,-2.191345691680908,1.381622314453125,0.956912100315094,2.354851245880127,-0.03382766246795654,0.04004890099167824,0.020511865615844727,-0.0009931325912475586,-0.04148036241531372,-0.047072410583496094
1769651401.871683,full,goal16.png,0.7943141460418701,-0.47852200269699097,-0.05546437203884125,-2.2064051628112793,1.3814644813537598,0.980398952960968,2.381840229034424,-0.5132651925086975,-0.016629144549369812,-2.1883785724639893,1.3841458559036255,0.9376962184906006,2.3361847400665283,-0.03474318981170654,0.038835227489471436,0.01802659034729004,0.0026813745498657227,-0.04270273447036743,-0.04565548896789551
1769651401.9721606,full,goal16.png,0.7952905297279358,-0.4939405918121338,-0.043741561472415924,-2.2028307914733887,1.3817672729492188,0.9620420336723328,2.361605167388916,-0.5279403924942017,-0.00620027631521225,-2.1841514110565186,1.3861405849456787,0.9186947345733643,2.318336009979248,-0.03399980068206787,0.037541285157203674,0.018679380416870117,0.004373311996459961,-0.043347299098968506,-0.04326915740966797
1769651402.0727856,full,goal16.png,0.7981550693511963,-0.5102376341819763,-0.031473059207201004,-2.1993167400360107,1.3831909894943237,0.9408224821090698,2.3398101329803467,-0.540579080581665,0.002860225737094879,-2.1781883239746094,1.3891792297363281,0.9012361168861389,2.300278663635254,-0.03034144639968872,0.03433328494429588,0.021128416061401367,0.0059882402420043945,-0.03958636522293091,-0.03953146934509277
1769651402.169825,full,goal16.png,0.7897744178771973,-0.5242325067520142,-0.02123454585671425,-2.1958937644958496,1.385159969329834,0.9239954352378845,2.3230133056640625,-0.5534021854400635,0.012547001242637634,-2.171773672103882,1.395812749862671,0.8818061351776123,2.281228542327881,-0.029169678688049316,0.03378154709935188,0.024120092391967773,0.010652780532836914,-0.04218930006027222,-0.04178476333618164
1769651402.2702906,full,goal16.png,0.781401515007019,-0.5368340015411377,-0.011480551213026047,-2.190441131591797,1.3882194757461548,0.9066229462623596,2.3055195808410645,-0.5664523839950562,0.022269614040851593,-2.1662774085998535,1.4034215211868286,0.8622916340827942,2.2633800506591797,-0.029618382453918457,0.03375016525387764,0.02416372299194336,0.015202045440673828,-0.04433131217956543,-0.042139530181884766
1769651402.3730147,full,goal16.png,0.7766740322113037,-0.5510711669921875,-0.000908476475160569,-2.1833832263946533,1.3950351476669312,0.8854035139083862,2.2844817638397217,-0.5794999599456787,0.0320766381919384,-2.1622462272644043,1.4080888032913208,0.844477653503418,2.2465708255767822,-0.02842879295349121,0.03298511356115341,0.021136999130249023,0.013053655624389648,-0.04092586040496826,-0.03791093826293945
1769651402.4720647,full,goal16.png,0.7735860347747803,-0.5633697509765625,0.009148343466222286,-2.1783244609832764,1.4011238813400269,0.8680310249328613,2.2680788040161133,-0.5911334753036499,0.038445763289928436,-2.1571202278137207,1.4090828895568848,0.8291309475898743,2.2316153049468994,-0.027763724327087402,0.029297418892383575,0.021204233169555664,0.00795900821685791,-0.03890007734298706,-0.03646349906921387
1769651402.5748043,full,goal16.png,0.7597202062606812,-0.5759105682373047,0.018235819414258003,-2.1744167804718018,1.4060311317443848,0.8505070209503174,2.2517666816711426,-0.6032400131225586,0.0444667786359787,-2.152702808380127,1.410359501838684,0.8149011135101318,2.215275764465332,-0.027329444885253906,0.026230959221720695,0.021713972091674805,0.004328370094299316,-0.03560590744018555,-0.03649091720581055
1769651402.6717017,full,goal16.png,0.7673352956771851,-0.5866945385932922,0.02538491226732731,-2.169963836669922,1.4079395532608032,0.835830569267273,2.237605094909668,-0.6135526299476624,0.050405073910951614,-2.1472959518432617,1.4140000343322754,0.8007664084434509,2.197777271270752,-0.026858091354370117,0.025020161643624306,0.022667884826660156,0.006060481071472168,-0.03506416082382202,-0.039827823638916016
1769651402.7714572,full,goal16.png,0.7702436447143555,-0.6005076766014099,0.032079312950372696,-2.1644811630249023,1.410059928894043,0.8178523182868958,2.218596935272217,-0.6244487762451172,0.055532731115818024,-2.141674757003784,1.4204318523406982,0.7863794565200806,2.1807854175567627,-0.023941099643707275,0.023453418165445328,0.022806406021118164,0.010371923446655273,-0.031472861766815186,-0.0378115177154541
1769651402.8716872,full,goal16.png,0.7538449764251709,-0.6106857657432556,0.03871314972639084,-2.159210205078125,1.4133617877960205,0.8041452169418335,2.202345371246338,-0.6347119808197021,0.06022397428750992,-2.1351027488708496,1.4254050254821777,0.7728521227836609,2.1651909351348877,-0.024026215076446533,0.02151082456111908,0.02410745620727539,0.012043237686157227,-0.03129309415817261,-0.037154436111450195
1769651402.9703777,full,goal16.png,0.7527536749839783,-0.6216211318969727,0.04455964267253876,-2.1540000438690186,1.4189960956573486,0.7906956672668457,2.1861088275909424,-0.6457327008247375,0.06426575779914856,-2.1286377906799316,1.4305000305175781,0.7587723135948181,2.1500978469848633,-0.024111568927764893,0.019706115126609802,0.025362253189086914,0.011503934860229492,-0.03192335367202759,-0.0360109806060791
1769651403.0692728,full,goal16.png,0.7551593780517578,-0.6328291893005371,0.04931535944342613,-2.1483657360076904,1.42475163936615,0.7753678560256958,2.168933391571045,-0.6558449268341064,0.06696080416440964,-2.12441349029541,1.4364042282104492,0.7469937801361084,2.1381173133850098,-0.023015737533569336,0.017645444720983505,0.023952245712280273,0.011652588844299316,-0.028374075889587402,-0.030816078186035156
1769651403.1699014,full,goal16.png,0.7553490400314331,-0.6433707475662231,0.053556423634290695,-2.1427011489868164,1.429598331451416,0.7613276243209839,2.1540749073028564,-0.6667280793190002,0.06901198625564575,-2.1205973625183105,1.4438438415527344,0.7351803779602051,2.1275370121002197,-0.0233573317527771,0.015455562621355057,0.02210378646850586,0.01424551010131836,-0.02614724636077881,-0.02653789520263672
1769651403.2709985,full,goal16.png,0.7460339069366455,-0.6533368229866028,0.05707010254263878,-2.137521266937256,1.4345358610153198,0.7500741481781006,2.1428215503692627,-0.6773240566253662,0.0705624520778656,-2.1150760650634766,1.4523746967315674,0.7237311601638794,2.1169042587280273,-0.023987233638763428,0.013492349535226822,0.022445201873779297,0.01783883571624756,-0.02634298801422119,-0.02591729164123535
1769651403.36917,full,goal16.png,0.7557568550109863,-0.6646659970283508,0.05925104767084122,-2.1325836181640625,1.442017912864685,0.7370182871818542,2.13043212890625,-0.6884751319885254,0.07164612412452698,-2.1079697608947754,1.462575912475586,0.7111843228340149,2.1045572757720947,-0.02380913496017456,0.01239507645368576,0.02461385726928711,0.02055799961090088,-0.025833964347839355,-0.025874853134155273
1769651403.4725585,full,goal16.png,0.7559354305267334,-0.6752076148986816,0.060826342552900314,-2.1268887519836426,1.4509239196777344,0.7255679965019226,2.1196179389953613,-0.7010720372200012,0.07235472649335861,-2.10029935836792,1.4731054306030273,0.6988375186920166,2.0910425186157227,-0.02586442232131958,0.011528383940458298,0.026589393615722656,0.02218151092529297,-0.026730477809906006,-0.028575420379638672
1769651403.5707679,full,goal16.png,0.7605307102203369,-0.6862035989761353,0.06228050962090492,-2.1213150024414062,1.4597994089126587,0.713844895362854,2.108319044113159,-0.7133368849754333,0.07348625361919403,-2.0946836471557617,1.4844253063201904,0.6868629455566406,2.0774853229522705,-0.027133285999298096,0.011205743998289108,0.02663135528564453,0.02462589740753174,-0.02698194980621338,-0.030833721160888672
1769651403.6705961,full,goal16.png,0.768496036529541,-0.698562741279602,0.06300728768110275,-2.114075183868408,1.470916509628296,0.700228750705719,2.0942182540893555,-0.7248503565788269,0.07535997778177261,-2.090470552444458,1.4931570291519165,0.6750183701515198,2.0642967224121094,-0.026287615299224854,0.01235269010066986,0.023604631423950195,0.022240519523620605,-0.02521038055419922,-0.029921531677246094
1769651403.7704554,full,goal16.png,0.7750769853591919,-0.7110732793807983,0.06409776210784912,-2.107865333557129,1.4817912578582764,0.6882331371307373,2.081041097640991,-0.7365829944610596,0.07646926492452621,-2.086371660232544,1.5010372400283813,0.6638189554214478,2.052316904067993,-0.02550971508026123,0.012371502816677094,0.02149367332458496,0.01924598217010498,-0.02441418170928955,-0.028724193572998047
1769651403.8704398,full,goal16.png,0.7563983201980591,-0.7219178080558777,0.06567306071519852,-2.10347318649292,1.4896671772003174,0.6774188876152039,2.069166660308838,-0.7493348121643066,0.07605571299791336,-2.0821003913879395,1.51034677028656,0.6524842977523804,2.04111909866333,-0.027417004108428955,0.010382652282714844,0.02137279510498047,0.020679593086242676,-0.024934589862823486,-0.028047561645507812
1769651403.9693062,full,goal16.png,0.7574211955070496,-0.7335801720619202,0.06688465923070908,-2.0994443893432617,1.497846007347107,0.6663925647735596,2.0573832988739014,-0.7617964148521423,0.07270245999097824,-2.077652931213379,1.52094566822052,0.64161616563797,2.031644105911255,-0.028216242790222168,0.005817800760269165,0.021791458129882812,0.023099660873413086,-0.0247763991355896,-0.025739192962646484
1769651404.0720198,full,goal16.png,0.7521547079086304,-0.7468481063842773,0.06691509485244751,-2.095263957977295,1.5089935064315796,0.6543969511985779,2.045236110687256,-0.7715265154838562,0.0682518407702446,-2.0722227096557617,1.5284874439239502,0.6339160799980164,2.0248708724975586,-0.024678409099578857,0.0013367459177970886,0.023041248321533203,0.019493937492370605,-0.020480871200561523,-0.020365238189697266
1769651404.1711981,full,goal16.png,0.7438043355941772,-0.7584801912307739,0.06527923047542572,-2.091386556625366,1.5174752473831177,0.644991397857666,2.0360727310180664,-0.7801551818847656,0.06456652283668518,-2.0673394203186035,1.5367367267608643,0.6269657015800476,2.017301559448242,-0.0216749906539917,-0.0007127076387405396,0.024047136306762695,0.019261479377746582,-0.018025696277618408,-0.01877117156982422
1769651404.2718298,full,goal16.png,0.7554579973220825,-0.7685371041297913,0.06170498952269554,-2.086085557937622,1.5254722833633423,0.6365700960159302,2.028075695037842,-0.7886411547660828,0.06278995424509048,-2.0630404949188232,1.5460608005523682,0.6193923950195312,2.007587432861328,-0.020104050636291504,0.0010849647223949432,0.023045063018798828,0.02058851718902588,-0.017177700996398926,-0.020488262176513672
1769651404.3705716,full,goal16.png,0.7642970681190491,-0.7780488133430481,0.057585056871175766,-2.0802087783813477,1.5351656675338745,0.6282550096511841,2.0195486545562744,-0.798375129699707,0.06212667003273964,-2.0603229999542236,1.5552035570144653,0.6085575819015503,1.9964537620544434,-0.020326316356658936,0.004541613161563873,0.019885778427124023,0.02003788948059082,-0.01969742774963379,-0.023094892501831055
1769651404.470184,full,goal16.png,0.7515339851379395,-0.7872575521469116,0.05537397786974907,-2.0755741596221924,1.5437989234924316,0.6195612549781799,2.0101277828216553,-0.8093878626823425,0.059308990836143494,-2.0556256771087646,1.5652145147323608,0.5957967042922974,1.9833014011383057,-0.022130310535430908,0.0039350129663944244,0.019948482513427734,0.0214155912399292,-0.02376455068588257,-0.02682638168334961
1769651404.5689569,full,goal16.png,0.7511157393455505,-0.7962542176246643,0.054283201694488525,-2.0718483924865723,1.5524019002914429,0.6102465391159058,2.0001463890075684,-0.8206418752670288,0.05434386059641838,-2.049002170562744,1.5758776664733887,0.5823941230773926,1.9706475734710693,-0.024387657642364502,6.065890192985535e-05,0.022846221923828125,0.0234757661819458,-0.027852416038513184,-0.029498815536499023
1769651404.6690133,full,goal16.png,0.7594382762908936,-0.8075834512710571,0.051647868007421494,-2.0676982402801514,1.5637916326522827,0.597236156463623,1.9866211414337158,-0.830065131187439,0.04823556914925575,-2.041245698928833,1.5854718685150146,0.5716444253921509,1.9601311683654785,-0.022481679916381836,-0.003412298858165741,0.02645254135131836,0.021680235862731934,-0.025591731071472168,-0.026489973068237305
1769651404.7703454,full,goal16.png,0.7491969466209412,-0.8183673620223999,0.04716484621167183,-2.062488079071045,1.5730609893798828,0.585361659526825,1.9745649099349976,-0.837558388710022,0.04057775437831879,-2.0311169624328613,1.5929125547409058,0.5642935037612915,1.95270574092865,-0.01919102668762207,-0.006587091833353043,0.031371116638183594,0.01985156536102295,-0.021068155765533447,-0.021859169006347656
1769651404.869811,full,goal16.png,0.7655097842216492,-0.8277578949928284,0.04131835326552391,-2.0551271438598633,1.5821788311004639,0.5746079683303833,1.9637507200241089,-0.8437871336936951,0.030402280390262604,-2.0193231105804443,1.5991272926330566,0.5592899322509766,1.946988582611084,-0.0160292387008667,-0.010916072875261307,0.035804033279418945,0.016948461532592773,-0.015318036079406738,-0.016762137413024902
1769651404.972796,full,goal16.png,0.7680886387825012,-0.8350582122802734,0.034805648028850555,-2.045706272125244,1.5902365446090698,0.5670652389526367,1.9561172723770142,-0.8500998020172119,0.020133059471845627,-2.007005453109741,1.605054497718811,0.5533641576766968,1.9422355890274048,-0.015041589736938477,-0.014672588557004929,0.03870081901550293,0.014817953109741211,-0.013701081275939941,-0.013881683349609375
1769651405.0747995,full,goal16.png,0.772762656211853,-0.8423888683319092,0.0243245717138052,-2.0340137481689453,1.5973248481750488,0.5607494115829468,1.949528694152832,-0.8559409976005554,0.009675197303295135,-1.9946004152297974,1.609319806098938,0.5475947856903076,1.937126636505127,-0.01355212926864624,-0.014649374410510063,0.03941333293914795,0.01199495792388916,-0.01315462589263916,-0.012402057647705078
1769651405.1726487,full,goal16.png,0.763451099395752,-0.8480534553527832,0.0140251899138093,-2.0223209857940674,1.602777361869812,0.5549484491348267,1.9441215991973877,-0.8611956834793091,-0.0010457513853907585,-1.9826747179031372,1.6119630336761475,0.5429959893226624,1.9323852062225342,-0.013142228126525879,-0.015070941299200058,0.039646267890930176,0.00918567180633545,-0.011952459812164307,-0.011736392974853516
1769651405.2711785,full,goal16.png,0.7653661966323853,-0.853960394859314,0.003968370147049427,-2.010749340057373,1.607381820678711,0.5495414137840271,1.9391385316848755,-0.8661456108093262,-0.011713222600519657,-1.9708688259124756,1.612596869468689,0.5382126569747925,1.9266194105148315,-0.012185215950012207,-0.015681592747569084,0.03988051414489746,0.005215048789978027,-0.01132875680923462,-0.012519121170043945
1769651405.3696945,full,goal16.png,0.7634614706039429,-0.8591706156730652,-0.006603403948247433,-1.9996322393417358,1.6107442378997803,0.544906735420227,1.9345039129257202,-0.8719313144683838,-0.020485281944274902,-1.960827350616455,1.6130616664886475,0.5331207513809204,1.920011043548584,-0.012760698795318604,-0.01388187799602747,0.03880488872528076,0.0023174285888671875,-0.01178598403930664,-0.01449286937713623
1769651405.4868457,full,goal16.png,0.7766904830932617,-0.8646231889724731,-0.019204862415790558,-1.9855161905288696,1.6121679544448853,0.5391512513160706,1.9282333850860596,-0.8781058192253113,-0.029516441747546196,-1.9504013061523438,1.615279197692871,0.5281996726989746,1.9137578010559082,-0.013482630252838135,-0.010311579331755638,0.03511488437652588,0.00311124324798584,-0.010951578617095947,-0.014475584030151367
1769651405.5840669,full,goal16.png,0.7762676477432251,-0.8696819543838501,-0.028716595843434334,-1.9773979187011719,1.6129554510116577,0.5352891087532043,1.923704743385315,-0.8839783072471619,-0.03848108649253845,-1.9391446113586426,1.619030237197876,0.522925853729248,1.9076275825500488,-0.014296352863311768,-0.009764490649104118,0.0382533073425293,0.006074786186218262,-0.012363255023956299,-0.016077160835266113
1769651405.668732,full,goal16.png,0.776414155960083,-0.8753162622451782,-0.036107949912548065,-1.9671895503997803,1.6147123575210571,0.5304271578788757,1.9179039001464844,-0.8889966011047363,-0.047478511929512024,-1.9277358055114746,1.6244561672210693,0.5173583030700684,1.9028122425079346,-0.013680338859558105,-0.011370562016963959,0.039453744888305664,0.009743809700012207,-0.013068854808807373,-0.015091657638549805
1769651405.771671,full,goal16.png,0.7755388021469116,-0.8822228312492371,-0.04607376828789711,-1.9550424814224243,1.6187108755111694,0.5240053534507751,1.9106943607330322,-0.8936628103256226,-0.05671904236078262,-1.9171382188796997,1.6294257640838623,0.5117351412773132,1.8996446132659912,-0.011439979076385498,-0.010645274072885513,0.03790426254272461,0.010714888572692871,-0.012270212173461914,-0.011049747467041016
1769651405.8753343,full,goal16.png,0.7655397057533264,-0.8873724341392517,-0.05740305781364441,-1.9424107074737549,1.6231940984725952,0.518840491771698,1.9056205749511719,-0.8983324766159058,-0.06641676276922226,-1.9064924716949463,1.6369757652282715,0.5064493417739868,1.896256685256958,-0.010960042476654053,-0.00901370495557785,0.035918235778808594,0.01378166675567627,-0.012391149997711182,-0.009363889694213867
1769651405.9703748,full,goal16.png,0.762450098991394,-0.8915224075317383,-0.06655140221118927,-1.931687355041504,1.6276168823242188,0.5140392184257507,1.901788592338562,-0.902879536151886,-0.07688137888908386,-1.8948029279708862,1.6449081897735596,0.5008701086044312,1.8925307989120483,-0.011357128620147705,-0.010329976677894592,0.036884427070617676,0.01729130744934082,-0.01316910982131958,-0.009257793426513672
1769651406.0710201,full,goal16.png,0.7676717638969421,-0.8965811729431152,-0.07479066401720047,-1.922206163406372,1.6342203617095947,0.5084957480430603,1.8980627059936523,-0.9067710041999817,-0.0861300677061081,-1.8832893371582031,1.652434229850769,0.4953152537345886,1.8875865936279297,-0.010189831256866455,-0.011339403688907623,0.038916826248168945,0.018213868141174316,-0.01318049430847168,-0.010476112365722656
1769651406.1697433,full,goal16.png,0.7726328372955322,-0.9018822908401489,-0.08611995726823807,-1.90945303440094,1.6433988809585571,0.5024526119232178,1.8932007551193237,-0.9111713171005249,-0.09575600922107697,-1.8716037273406982,1.6581177711486816,0.48993757367134094,1.881789207458496,-0.009289026260375977,-0.009636051952838898,0.0378493070602417,0.014718890190124512,-0.012515038251876831,-0.011411547660827637
1769651406.268826,full,goal16.png,0.76288902759552,-0.9058202505111694,-0.09575282037258148,-1.8986995220184326,1.6506386995315552,0.497060626745224,1.8882631063461304,-0.9156554937362671,-0.10533741116523743,-1.8614293336868286,1.664022445678711,0.48682212829589844,1.8752238750457764,-0.009835243225097656,-0.009584590792655945,0.037270188331604004,0.013383746147155762,-0.010238498449325562,-0.013039231300354004
1769651406.370733,full,goal16.png,0.7540791630744934,-0.9099096655845642,-0.10480986535549164,-1.8866432905197144,1.656363844871521,0.4919867217540741,1.8829469680786133,-0.9203460216522217,-0.11625117063522339,-1.8514426946640015,1.6684691905975342,0.4856168031692505,1.8693022727966309,-0.01043635606765747,-0.01144130527973175,0.03520059585571289,0.012105345726013184,-0.006369918584823608,-0.013644695281982422
1769651406.4695618,full,goal16.png,0.7621803283691406,-0.914635181427002,-0.11677523702383041,-1.8754655122756958,1.6622405052185059,0.4881698489189148,1.877342939376831,-0.9246748685836792,-0.1255885362625122,-1.842528223991394,1.6721775531768799,0.48474717140197754,1.8651659488677979,-0.010039687156677246,-0.008813299238681793,0.03293728828430176,0.009937047958374023,-0.003422677516937256,-0.012176990509033203
1769651406.5847836,full,goal16.png,0.7589056491851807,-0.9188154935836792,-0.12719574570655823,-1.8672866821289062,1.6669963598251343,0.48597368597984314,1.871845006942749,-0.9287039041519165,-0.13442599773406982,-1.8341524600982666,1.6773695945739746,0.48327094316482544,1.8624000549316406,-0.009888410568237305,-0.007230252027511597,0.03313422203063965,0.010373234748840332,-0.0027027428150177,-0.009444952011108398
1769651406.686306,full,goal16.png,0.7569023370742798,-0.9227534532546997,-0.13546544313430786,-1.8584717512130737,1.670843243598938,0.48491355776786804,1.8679674863815308,-0.9312256574630737,-0.14313745498657227,-1.8255884647369385,1.6825075149536133,0.48334187269210815,1.8614583015441895,-0.008472204208374023,-0.007672011852264404,0.032883286476135254,0.011664271354675293,-0.0015716850757598877,-0.006509184837341309
1769651406.7733045,full,goal16.png,0.7706261873245239,-0.9266005158424377,-0.1444622278213501,-1.8498082160949707,1.6750539541244507,0.48365646600723267,1.864892840385437,-0.9330902099609375,-0.15346868336200714,-1.8161933422088623,1.6859166622161865,0.48521578311920166,1.8612107038497925,-0.006489694118499756,-0.009006455540657043,0.0336148738861084,0.01086270809173584,0.0015593171119689941,-0.0036821365356445312
1769651406.8833768,full,goal16.png,0.7751609086990356,-0.9300234913825989,-0.15557938814163208,-1.8409024477005005,1.680324912071228,0.4835050404071808,1.863196611404419,-0.9362298250198364,-0.1619645357131958,-1.8067293167114258,1.6918418407440186,0.48543018102645874,1.8566553592681885,-0.006206333637237549,-0.006385147571563721,0.03417313098907471,0.011516928672790527,0.001925140619277954,-0.006541252136230469
1769651406.9678507,full,goal16.png,0.7707296013832092,-0.9318410158157349,-0.16587845981121063,-1.8315119743347168,1.6837174892425537,0.48464086651802063,1.862060785293579,-0.9403156638145447,-0.16978316009044647,-1.7971454858779907,1.698128342628479,0.48493334650993347,1.8503568172454834,-0.008474647998809814,-0.00390470027923584,0.034366488456726074,0.014410853385925293,0.0002924799919128418,-0.011703968048095703
1769651407.0692658,full,goal16.png,0.7748739123344421,-0.9349610805511475,-0.1749662458896637,-1.8215761184692383,1.6899577379226685,0.4855799973011017,1.8578500747680664,-0.9444280862808228,-0.1751299500465393,-1.7885576486587524,1.705434799194336,0.4843030273914337,1.842478632926941,-0.009467005729675293,-0.00016370415687561035,0.03301846981048584,0.01547706127166748,-0.0012769699096679688,-0.015371441841125488
1769651407.1697092,full,goal16.png,0.776028037071228,-0.9392019510269165,-0.1829328089952469,-1.8122159242630005,1.6972882747650146,0.48548901081085205,1.8514584302902222,-0.9480431079864502,-0.17992828786373138,-1.7811245918273926,1.7123887538909912,0.48411357402801514,1.8352015018463135,-0.008841156959533691,0.003004521131515503,0.03109133243560791,0.015100479125976562,-0.001375436782836914,-0.01625692844390869
1769651407.2725675,full,goal16.png,0.7658013105392456,-0.9430187344551086,-0.1900819092988968,-1.8028558492660522,1.7040131092071533,0.4845198094844818,1.8448245525360107,-0.9505993127822876,-0.1856996715068817,-1.774930715560913,1.7215144634246826,0.4850081503391266,1.8294332027435303,-0.007580578327178955,0.004382237792015076,0.02792513370513916,0.017501354217529297,0.0004883408546447754,-0.015391349792480469
1769651407.3687894,full,goal16.png,0.7825601100921631,-0.9461387991905212,-0.19562527537345886,-1.795373558998108,1.7102229595184326,0.4845651686191559,1.8386904001235962,-0.9528400897979736,-0.19279076159000397,-1.7674345970153809,1.7324190139770508,0.48715436458587646,1.8228344917297363,-0.006701290607452393,0.002834513783454895,0.02793896198272705,0.022196054458618164,0.002589195966720581,-0.015855908393859863
1769651407.4712203,full,goal16.png,0.7806487679481506,-0.949622392654419,-0.20083537697792053,-1.7883459329605103,1.720340371131897,0.48612532019615173,1.8309810161590576,-0.9533911943435669,-0.19987958669662476,-1.7600455284118652,1.7436723709106445,0.4898078739643097,1.816640019416809,-0.0037688016891479492,0.0009557902812957764,0.02830040454864502,0.02333199977874756,0.003682553768157959,-0.014340996742248535
1769651407.572942,full,goal16.png,0.7798495292663574,-0.9517731070518494,-0.20719681680202484,-1.7810152769088745,1.730427622795105,0.4881851375102997,1.8250439167022705,-0.9539980888366699,-0.20637202262878418,-1.7522401809692383,1.7560572624206543,0.49036744236946106,1.8095088005065918,-0.0022249817848205566,0.0008247941732406616,0.02877509593963623,0.025629639625549316,0.002182304859161377,-0.015535116195678711
1769651407.6708472,full,goal16.png,0.7842063307762146,-0.952833354473114,-0.21513326466083527,-1.774108648300171,1.7402421236038208,0.48942694067955017,1.81986403465271,-0.9554014205932617,-0.21387559175491333,-1.744582176208496,1.7689452171325684,0.486945241689682,1.8014047145843506,-0.002568066120147705,0.001257672905921936,0.029526472091674805,0.02870309352874756,-0.002481698989868164,-0.018459320068359375
1769651407.7708073,full,goal16.png,0.7803084254264832,-0.9533786177635193,-0.22079791128635406,-1.766838550567627,1.7535101175308228,0.48959365487098694,1.8119122982025146,-0.957926869392395,-0.22353143990039825,-1.7367569208145142,1.783329725265503,0.4806768298149109,1.790816307067871,-0.004548251628875732,-0.0027335286140441895,0.030081629753112793,0.029819607734680176,-0.00891682505607605,-0.021095991134643555
1769651407.8695343,full,goal16.png,0.783660888671875,-0.9549235105514526,-0.22652311623096466,-1.7591748237609863,1.7661116123199463,0.4867461025714874,1.8029762506484985,-0.960260808467865,-0.23501992225646973,-1.729257583618164,1.79768967628479,0.4771507978439331,1.7799415588378906,-0.0053372979164123535,-0.008496806025505066,0.029917240142822266,0.03157806396484375,-0.009595304727554321,-0.02303469181060791
1769651407.9688227,full,goal16.png,0.7885676622390747,-0.9573468565940857,-0.23615597188472748,-1.7507535219192505,1.7801973819732666,0.48289909958839417,1.7937371730804443,-0.9629377722740173,-0.246577650308609,-1.7209476232528687,1.811659336090088,0.47520512342453003,1.7707507610321045,-0.005590915679931641,-0.01042167842388153,0.029805898666381836,0.03146195411682129,-0.007693976163864136,-0.022986412048339844
1769651408.068833,full,goal16.png,0.8119231462478638,-0.9596187472343445,-0.24996903538703918,-1.7427867650985718,1.7943131923675537,0.47817352414131165,1.7829532623291016,-0.9651598930358887,-0.25732773542404175,-1.7110066413879395,1.8259854316711426,0.47537070512771606,1.7631012201309204,-0.0055411458015441895,-0.0073587000370025635,0.031780123710632324,0.03167223930358887,-0.002802819013595581,-0.019852042198181152
1769651408.1724966,full,goal16.png,0.8065812587738037,-0.9619815349578857,-0.26293402910232544,-1.734395980834961,1.8100348711013794,0.47621968388557434,1.7732447385787964,-0.9660931825637817,-0.2668844759464264,-1.7011263370513916,1.8380348682403564,0.47482895851135254,1.7564767599105835,-0.004111647605895996,-0.003950446844100952,0.033269643783569336,0.02799999713897705,-0.0013907253742218018,-0.01676797866821289
1769651408.271921,full,goal16.png,0.8104508519172668,-0.9641019701957703,-0.27202150225639343,-1.725520372390747,1.822151780128479,0.47575023770332336,1.7654443979263306,-0.9656728506088257,-0.2755216956138611,-1.6917095184326172,1.8469040393829346,0.4752419590950012,1.7508258819580078,-0.00157088041305542,-0.0035001933574676514,0.03381085395812988,0.024752259254455566,-0.0005082786083221436,-0.014618515968322754
1769651408.3713095,full,goal16.png,0.8116515278816223,-0.9650713205337524,-0.28253287076950073,-1.7155240774154663,1.8346927165985107,0.4756895899772644,1.7588105201721191,-0.9657590389251709,-0.28577348589897156,-1.681309700012207,1.853358507156372,0.4740774631500244,1.7451808452606201,-0.000687718391418457,-0.003240615129470825,0.03421437740325928,0.018665790557861328,-0.0016121268272399902,-0.013629674911499023
1769651408.4711041,full,goal16.png,0.8143843412399292,-0.9650409817695618,-0.2934076189994812,-1.706284999847412,1.8440223932266235,0.47541695833206177,1.753509521484375,-0.9674972891807556,-0.29643523693084717,-1.6688170433044434,1.8634192943572998,0.47128626704216003,1.735135793685913,-0.0024563074111938477,-0.003027617931365967,0.03746795654296875,0.01939690113067627,-0.004130691289901733,-0.018373727798461914
1769651408.5684881,full,goal16.png,0.8270400166511536,-0.9652833342552185,-0.3042825162410736,-1.695167899131775,1.8515349626541138,0.4740993082523346,1.7466785907745361,-0.9697608351707458,-0.3077748715877533,-1.6534836292266846,1.8762845993041992,0.46839606761932373,1.722517728805542,-0.004477500915527344,-0.0034923553466796875,0.04168426990509033,0.02474963665008545,-0.005703240633010864,-0.02416086196899414
1769651408.668757,full,goal16.png,0.8204710483551025,-0.9666464924812317,-0.3140970766544342,-1.6822937726974487,1.8617128133773804,0.47158509492874146,1.7365307807922363,-0.9706957340240479,-0.3189510107040405,-1.637260913848877,1.8888746500015259,0.4681306481361389,1.7126073837280273,-0.004049241542816162,-0.004853934049606323,0.04503285884857178,0.027161836624145508,-0.003454446792602539,-0.023923397064208984
1769651408.7689984,full,goal16.png,0.8201202154159546,-0.9688577651977539,-0.3248204290866852,-1.6691772937774658,1.873526930809021,0.4700098931789398,1.7255347967147827,-0.973185122013092,-0.33103081583976746,-1.6198148727416992,1.9026341438293457,0.46689093112945557,1.702523946762085,-0.004327356815338135,-0.006210386753082275,0.0493624210357666,0.029107213020324707,-0.003118962049484253,-0.023010849952697754
1769651408.8715837,full,goal16.png,0.8198785781860352,-0.9702814817428589,-0.33769458532333374,-1.6510627269744873,1.887673258781433,0.46820753812789917,1.7150083780288696,-0.9759880304336548,-0.3418496251106262,-1.6030480861663818,1.9161771535873413,0.46668121218681335,1.693676233291626,-0.0057065486907958984,-0.0041550397872924805,0.04801464080810547,0.028503894805908203,-0.0015263259410858154,-0.021332144737243652
1769651408.9709697,full,goal16.png,0.8159505128860474,-0.9721596240997314,-0.3485996127128601,-1.6351292133331299,1.8999414443969727,0.46790462732315063,1.7054359912872314,-0.9791794419288635,-0.3513934314250946,-1.587129831314087,1.9296796321868896,0.4665459990501404,1.6846822500228882,-0.00701981782913208,-0.002793818712234497,0.04799938201904297,0.029738187789916992,-0.001358628273010254,-0.02075374126434326
1769651409.0699246,full,goal16.png,0.8142184615135193,-0.9748253226280212,-0.35771751403808594,-1.6199226379394531,1.9126640558242798,0.46725326776504517,1.6959092617034912,-0.981765866279602,-0.3601667881011963,-1.5720605850219727,1.9436261653900146,0.46959489583969116,1.6760410070419312,-0.0069405436515808105,-0.0024492740631103516,0.04786205291748047,0.030962109565734863,0.002341628074645996,-0.01986825466156006
1769651409.1731415,full,goal16.png,0.8122038841247559,-0.9782785773277283,-0.36759263277053833,-1.6014446020126343,1.9280524253845215,0.4676167964935303,1.6869126558303833,-0.9839552640914917,-0.3687499463558197,-1.5578540563583374,1.9587624073028564,0.4736934304237366,1.6677894592285156,-0.005676686763763428,-0.001157313585281372,0.043590545654296875,0.03070998191833496,0.006076633930206299,-0.019123196601867676
1769651409.2705874,full,goal16.png,0.8153959512710571,-0.9808837175369263,-0.37889164686203003,-1.5874193906784058,1.9409871101379395,0.4705854058265686,1.6785824298858643,-0.9855203628540039,-0.37763848900794983,-1.543128490447998,1.9759668111801147,0.47827935218811035,1.6574294567108154,-0.004636645317077637,0.0012531578540802002,0.044290900230407715,0.03497970104217529,0.007693946361541748,-0.021152973175048828
1769651409.3725545,full,goal16.png,0.8189957737922668,-0.9825800657272339,-0.3892817199230194,-1.5737577676773071,1.9557089805603027,0.47347837686538696,1.6703883409500122,-0.9878427982330322,-0.38733774423599243,-1.5279574394226074,1.9933218955993652,0.48329827189445496,1.645403265953064,-0.00526273250579834,0.0019439756870269775,0.04580032825469971,0.0376129150390625,0.009819895029067993,-0.024985074996948242
1769651409.4694629,full,goal16.png,0.8111836314201355,-0.9847307801246643,-0.39736971259117126,-1.5589449405670166,1.9722484350204468,0.47799187898635864,1.6592408418655396,-0.9912741184234619,-0.3977518379688263,-1.5120830535888672,2.0092594623565674,0.48810631036758423,1.6310019493103027,-0.006543338298797607,-0.0003821253776550293,0.046861886978149414,0.037011027336120605,0.010114431381225586,-0.028238892555236816
1769651409.5695446,full,goal16.png,0.817041277885437,-0.9876387715339661,-0.40730541944503784,-1.5414361953735352,1.9903627634048462,0.4827931225299835,1.646806001663208,-0.9948233962059021,-0.40971633791923523,-1.4951868057250977,2.0241103172302246,0.4918450713157654,1.6175789833068848,-0.007184624671936035,-0.0024109184741973877,0.0462493896484375,0.03374755382537842,0.00905194878578186,-0.029227018356323242
1769651409.669745,full,goal16.png,0.8208667635917664,-0.9902136325836182,-0.4195736050605774,-1.5270779132843018,2.0067811012268066,0.487488329410553,1.633417010307312,-0.9991011619567871,-0.4247342050075531,-1.476386308670044,2.039318084716797,0.4950439929962158,1.6031713485717773,-0.008887529373168945,-0.005160599946975708,0.05069160461425781,0.032536983489990234,0.007555663585662842,-0.030245661735534668
1769651409.7714486,full,goal16.png,0.8215482234954834,-0.9936063289642334,-0.43214479088783264,-1.510720133781433,2.0203821659088135,0.49119916558265686,1.6199824810028076,-1.0026545524597168,-0.4422895610332489,-1.4553171396255493,2.054255962371826,0.49940025806427,1.5902440547943115,-0.009048223495483398,-0.01014477014541626,0.05540299415588379,0.033873796463012695,0.00820109248161316,-0.029738426208496094
1769651409.87254,full,goal16.png,0.8199483156204224,-0.99775630235672,-0.4455036222934723,-1.492332935333252,2.0361645221710205,0.4946826994419098,1.6074719429016113,-1.007353663444519,-0.4598618745803833,-1.4336462020874023,2.0696380138397217,0.5043423771858215,1.577127456665039,-0.009597361087799072,-0.01435825228691101,0.05868673324584961,0.03347349166870117,0.009659677743911743,-0.030344486236572266
1769651409.9853346,full,goal16.png,0.8269661664962769,-1.0014822483062744,-0.46222469210624695,-1.4716131687164307,2.0509769916534424,0.49963539838790894,1.5933104753494263,-1.0125179290771484,-0.47638005018234253,-1.4118964672088623,2.0861122608184814,0.5083202123641968,1.561652660369873,-0.011035680770874023,-0.014155358076095581,0.05971670150756836,0.03513526916503906,0.008684813976287842,-0.03165781497955322
1769651410.0716279,full,goal16.png,0.8179392218589783,-1.00523841381073,-0.47821885347366333,-1.453377604484558,2.064305543899536,0.5028918385505676,1.5825718641281128,-1.018873929977417,-0.49187466502189636,-1.3891606330871582,2.106343984603882,0.5113976001739502,1.54499351978302,-0.013635516166687012,-0.013655811548233032,0.0642169713973999,0.0420384407043457,0.008505761623382568,-0.03757834434509277
1769651410.1709127,full,goal16.png,0.8100014925003052,-1.0111756324768066,-0.4934253692626953,-1.431052327156067,2.082692861557007,0.5067842602729797,1.5662295818328857,-1.0237534046173096,-0.5074009299278259,-1.3665133714675903,2.128476142883301,0.5154237747192383,1.5297093391418457,-0.01257777214050293,-0.013975560665130615,0.06453895568847656,0.045783281326293945,0.008639514446258545,-0.03652024269104004
1769651410.2691467,full,goal16.png,0.8241168260574341,-1.0178096294403076,-0.5120550394058228,-1.404244065284729,2.103685140609741,0.5113584399223328,1.5482057332992554,-1.0269163846969604,-0.5221612453460693,-1.344867467880249,2.1491541862487793,0.5222883224487305,1.518903374671936,-0.009106755256652832,-0.010106205940246582,0.05937659740447998,0.045469045639038086,0.010929882526397705,-0.029302358627319336
1769651410.36939,full,goal16.png,0.8283522725105286,-1.0226866006851196,-0.5302603840827942,-1.3828579187393188,2.1256768703460693,0.5167201161384583,1.5336655378341675,-1.02973210811615,-0.5385035276412964,-1.3242183923721313,2.170633316040039,0.5284649133682251,1.506524682044983,-0.0070455074310302734,-0.008243143558502197,0.0586395263671875,0.04495644569396973,0.011744797229766846,-0.02714085578918457
1769651410.4709356,full,goal16.png,0.825247049331665,-1.0255340337753296,-0.5466181039810181,-1.3619563579559326,2.1451244354248047,0.5218847990036011,1.522775650024414,-1.033585786819458,-0.5550077557563782,-1.3050918579101562,2.1943352222442627,0.5335317850112915,1.4889438152313232,-0.008051753044128418,-0.008389651775360107,0.05686450004577637,0.04921078681945801,0.01164698600769043,-0.03383183479309082
1769651410.5716617,full,goal16.png,0.8300931453704834,-1.0285935401916504,-0.5624305605888367,-1.3408429622650146,2.1689341068267822,0.5278826355934143,1.5079023838043213,-1.0376951694488525,-0.5701342821121216,-1.288847804069519,2.215895414352417,0.5392000079154968,1.4690110683441162,-0.009101629257202148,-0.007703721523284912,0.051995158195495605,0.046961307525634766,0.01131737232208252,-0.03889131546020508
1769651410.670264,full,goal16.png,0.8344550132751465,-1.0321983098983765,-0.5784853100776672,-1.3217287063598633,2.1892902851104736,0.5332444310188293,1.4916354417800903,-1.0401849746704102,-0.581897497177124,-1.2747485637664795,2.2328929901123047,0.5480921864509583,1.4533305168151855,-0.007986664772033691,-0.003412187099456787,0.04698014259338379,0.043602705001831055,0.014847755432128906,-0.038304924964904785
1769651410.7710617,full,goal16.png,0.8368554711341858,-1.0362573862075806,-0.5944794416427612,-1.306067705154419,2.2098581790924072,0.5393784642219543,1.4737480878829956,-1.0418647527694702,-0.5937135815620422,-1.2590949535369873,2.247704029083252,0.5565513968467712,1.4415242671966553,-0.0056073665618896484,0.0007658600807189941,0.04697275161743164,0.03784584999084473,0.017172932624816895,-0.03222382068634033
1769651410.86936,full,goal16.png,0.8388556241989136,-1.039407730102539,-0.6067779064178467,-1.2918002605438232,2.2284274101257324,0.546981692314148,1.458056926727295,-1.04335355758667,-0.6078163981437683,-1.2404074668884277,2.2680118083953857,0.5614587068557739,1.4290406703948975,-0.003945827484130859,-0.0010384917259216309,0.05139279365539551,0.03958439826965332,0.014477014541625977,-0.02901625633239746
1769651410.9696014,full,goal16.png,0.8327733278274536,-1.0410435199737549,-0.6169560551643372,-1.272807240486145,2.2461178302764893,0.5549636483192444,1.4440468549728394,-1.0451065301895142,-0.6245445609092712,-1.219022512435913,2.2942276000976562,0.5635472536087036,1.41158926486969,-0.004063010215759277,-0.007588505744934082,0.053784728050231934,0.04810976982116699,0.008583605289459229,-0.032457590103149414
1769651411.0756931,full,goal16.png,0.8487765789031982,-1.0426490306854248,-0.6312234997749329,-1.254389762878418,2.2671403884887695,0.5603858828544617,1.4298399686813354,-1.0485985279083252,-0.6403641104698181,-1.1993522644042969,2.323650360107422,0.5666208863258362,1.3913109302520752,-0.005949497222900391,-0.009140610694885254,0.055037498474121094,0.056509971618652344,0.006235003471374512,-0.038529038429260254
1769651411.1695752,full,goal16.png,0.8428462743759155,-1.0442241430282593,-0.6483385562896729,-1.2372444868087769,2.2880420684814453,0.563112199306488,1.4154815673828125,-1.0559792518615723,-0.6592441201210022,-1.180084228515625,2.3490397930145264,0.5698228478431702,1.3684613704681396,-0.011755108833312988,-0.010905563831329346,0.057160258293151855,0.060997724533081055,0.006710648536682129,-0.04702019691467285
1769651411.2691188,full,goal16.png,0.8672056198120117,-1.0480107069015503,-0.6673012971878052,-1.2175849676132202,2.3168797492980957,0.565974771976471,1.3951102495193481,-1.06489896774292,-0.6831915378570557,-1.1580466032028198,2.370328664779663,0.5729095935821533,1.3437814712524414,-0.01688826084136963,-0.01589024066925049,0.05953836441040039,0.05344891548156738,0.006934821605682373,-0.05132877826690674
1769651411.3704712,full,goal16.png,0.8748085498809814,-1.055189847946167,-0.6861124634742737,-1.1947448253631592,2.344233512878418,0.5693523287773132,1.3704373836517334,-1.0745820999145508,-0.7113124132156372,-1.13145112991333,2.3943257331848145,0.5785430669784546,1.3147587776184082,-0.01939225196838379,-0.025199949741363525,0.0632936954498291,0.050092220306396484,0.009190738201141357,-0.055678606033325195
1769651411.4718893,full,goal16.png,0.8815844058990479,-1.0635807514190674,-0.7079226970672607,-1.1736314296722412,2.3664071559906006,0.5731084942817688,1.3473247289657593,-1.0827667713165283,-0.7384222149848938,-1.1004736423492432,2.421708106994629,0.5894054770469666,1.2848531007766724,-0.019186019897460938,-0.030499517917633057,0.07315778732299805,0.05530095100402832,0.016296982765197754,-0.062471628189086914
1769651411.5706062,full,goal16.png,0.8814989328384399,-1.0725470781326294,-0.7352764010429382,-1.149428129196167,2.389883279800415,0.5796061754226685,1.3200770616531372,-1.089844822883606,-0.7640911340713501,-1.0662144422531128,2.4491238594055176,0.6032589673995972,1.2571814060211182,-0.017297744750976562,-0.028814733028411865,0.0832136869430542,0.05924057960510254,0.02365279197692871,-0.06289565563201904
1769651411.6709437,full,goal16.png,0.8774449825286865,-1.081513524055481,-0.763296365737915,-1.117470145225525,2.4192967414855957,0.5904809236526489,1.2880585193634033,-1.0963208675384521,-0.7881645560264587,-1.0332895517349243,2.4715213775634766,0.6152632832527161,1.2336708307266235,-0.014807343482971191,-0.0248681902885437,0.08418059349060059,0.05222463607788086,0.02478235960006714,-0.054387688636779785
1769651411.7697735,full,goal16.png,0.8762595653533936,-1.0878748893737793,-0.7872270941734314,-1.0854817628860474,2.4429550170898438,0.6026431322097778,1.2619013786315918,-1.101940631866455,-0.8128950595855713,-0.9994305372238159,2.4926834106445312,0.6260552406311035,1.2109488248825073,-0.014065742492675781,-0.025667965412139893,0.08605122566223145,0.0497283935546875,0.023412108421325684,-0.05095255374908447
1769651411.8707733,full,goal16.png,0.8765063285827637,-1.0939937829971313,-0.8147926926612854,-1.054705262184143,2.4659464359283447,0.6138814687728882,1.2385159730911255,-1.1071057319641113,-0.8374577164649963,-0.9662858247756958,2.511953830718994,0.6371163129806519,1.1892352104187012,-0.01311194896697998,-0.022665023803710938,0.08841943740844727,0.046007394790649414,0.023234844207763672,-0.049280762672424316
1769651411.9694178,full,goal16.png,0.8739676475524902,-1.1004762649536133,-0.8430249094963074,-1.017991304397583,2.4886956214904785,0.6257408261299133,1.2140854597091675,-1.110926628112793,-0.8614325523376465,-0.9328795671463013,2.529477596282959,0.6498395204544067,1.1694929599761963,-0.010450363159179688,-0.01840764284133911,0.08511173725128174,0.04078197479248047,0.024098694324493408,-0.04459249973297119
1769651412.0704894,full,goal16.png,0.8442919254302979,-1.1064438819885254,-0.8669555187225342,-0.9850942492485046,2.5086278915405273,0.6367368102073669,1.1924874782562256,-1.1140955686569214,-0.8840312957763672,-0.9005626440048218,2.5468411445617676,0.6625574827194214,1.1524276733398438,-0.007651686668395996,-0.017075777053833008,0.08453160524368286,0.038213253021240234,0.025820672512054443,-0.040059804916381836
1769651412.1696186,full,goal16.png,0.851923942565918,-1.1107150316238403,-0.8846156597137451,-0.9536815285682678,2.525439977645874,0.6483840346336365,1.1742668151855469,-1.1165651082992554,-0.9061705470085144,-0.8688600659370422,2.563776731491089,0.6759056448936462,1.1375391483306885,-0.005850076675415039,-0.021554887294769287,0.08482146263122559,0.038336753845214844,0.027521610260009766,-0.0367276668548584
1769651412.2723286,full,goal16.png,0.8470830321311951,-1.11283540725708,-0.9095762968063354,-0.9202997088432312,2.541857957839966,0.6611976027488708,1.1570003032684326,-1.1187889575958252,-0.9266631603240967,-0.8399567604064941,2.5795326232910156,0.6888163089752197,1.123766303062439,-0.005953550338745117,-0.01708686351776123,0.08034294843673706,0.037674665451049805,0.027618706226348877,-0.03323400020599365
1769651412.3705688,full,goal16.png,0.8237996697425842,-1.1143196821212769,-0.9378386735916138,-0.8870089054107666,2.561335802078247,0.6756770610809326,1.1402488946914673,-1.1214346885681152,-0.9486856460571289,-0.8117747902870178,2.593764066696167,0.6997533440589905,1.108958125114441,-0.007115006446838379,-0.010846972465515137,0.07523411512374878,0.03242826461791992,0.02407628297805786,-0.03129076957702637
1769651412.470543,full,goal16.png,0.8278201818466187,-1.1175307035446167,-0.9603152275085449,-0.8590494394302368,2.575542688369751,0.6872636675834656,1.1268447637557983,-1.1244170665740967,-0.9714541435241699,-0.7853413224220276,2.606846809387207,0.7084394693374634,1.094474196434021,-0.0068863630294799805,-0.011138916015625,0.07370811700820923,0.031304121017456055,0.021175801753997803,-0.032370567321777344
1769651412.5702376,full,goal16.png,0.8189163208007812,-1.1211050748825073,-0.9768546223640442,-0.8310596942901611,2.5901739597320557,0.6978811621665955,1.112471103668213,-1.1266705989837646,-0.9927847385406494,-0.76201331615448,2.617892265319824,0.7150406837463379,1.0828036069869995,-0.005565524101257324,-0.015930116176605225,0.06904637813568115,0.027718305587768555,0.01715952157974243,-0.02966749668121338
1769651412.6697528,full,goal16.png,0.8127562999725342,-1.123589038848877,-0.997089684009552,-0.8015856146812439,2.604562520980835,0.7072260975837708,1.0981279611587524,-1.1279659271240234,-1.0105783939361572,-0.7413285970687866,2.627490520477295,0.7222828269004822,1.0730912685394287,-0.004376888275146484,-0.013488709926605225,0.060257017612457275,0.02292799949645996,0.015056729316711426,-0.02503669261932373
1769651412.7683637,full,goal16.png,0.8141049742698669,-1.1250430345535278,-1.015779972076416,-0.778715193271637,2.6157705783843994,0.7145113348960876,1.0868744850158691,-1.128717064857483,-1.026400089263916,-0.7215330004692078,2.6356146335601807,0.7311312556266785,1.0643324851989746,-0.003674030303955078,-0.0106201171875,0.0571821928024292,0.01984405517578125,0.01661992073059082,-0.02254199981689453
1769651412.868142,full,goal16.png,0.8266610503196716,-1.127012014389038,-1.0347124338150024,-0.7565717697143555,2.624645948410034,0.7229628562927246,1.076029896736145,-1.1297898292541504,-1.0420340299606323,-0.7007606625556946,2.6424074172973633,0.741410493850708,1.0547616481781006,-0.0027778148651123047,-0.007321596145629883,0.05581110715866089,0.0177614688873291,0.0184476375579834,-0.021268248558044434
1769651412.9702477,full,goal16.png,0.823856770992279,-1.1288295984268188,-1.0511608123779297,-0.7375787496566772,2.632915735244751,0.7308841943740845,1.0675632953643799,-1.1308727264404297,-1.056304693222046,-0.6807563900947571,2.6480836868286133,0.7507712841033936,1.0467872619628906,-0.00204312801361084,-0.005143880844116211,0.056822359561920166,0.015167951583862305,0.019887089729309082,-0.020776033401489258
1769651413.068848,full,goal16.png,0.8370181322097778,-1.1301624774932861,-1.0678517818450928,-0.7154049873352051,2.6410036087036133,0.7404564619064331,1.058051586151123,-1.1322129964828491,-1.0700995922088623,-0.6609883308410645,2.6537861824035645,0.7591710686683655,1.0387386083602905,-0.0020505189895629883,-0.0022478103637695312,0.054416656494140625,0.012782573699951172,0.018714606761932373,-0.01931297779083252
1769651413.1709375,full,goal16.png,0.8324360847473145,-1.13064706325531,-1.0816950798034668,-0.6948973536491394,2.6469409465789795,0.7502256631851196,1.0484340190887451,-1.133131742477417,-1.0820592641830444,-0.6435720920562744,2.6588046550750732,0.7669501304626465,1.0325863361358643,-0.0024846792221069336,-0.0003641843795776367,0.05132526159286499,0.01186370849609375,0.016724467277526855,-0.01584768295288086
1769651413.2704134,full,goal16.png,0.8348199129104614,-1.1314043998718262,-1.095205307006836,-0.6773886680603027,2.6517574787139893,0.7572079300880432,1.041663646697998,-1.1332951784133911,-1.0931037664413452,-0.6283663511276245,2.6625537872314453,0.774207353591919,1.0279268026351929,-0.0018907785415649414,0.0021015405654907227,0.04902231693267822,0.010796308517456055,0.016999423503875732,-0.013736844062805176
1769651413.368725,full,goal16.png,0.8383935689926147,-1.132858395576477,-1.1088366508483887,-0.6579715013504028,2.6573309898376465,0.7658562064170837,1.0339242219924927,-1.132683277130127,-1.1037005186080933,-0.6124985218048096,2.665550470352173,0.7818031907081604,1.023449420928955,0.00017511844635009766,0.00513613224029541,0.04547297954559326,0.008219480514526367,0.01594698429107666,-0.010474801063537598
1769651413.4689193,full,goal16.png,0.834251344203949,-1.1337065696716309,-1.1185604333877563,-0.6415835022926331,2.661329507827759,0.7726719379425049,1.0295621156692505,-1.131868600845337,-1.1133843660354614,-0.5970321893692017,2.6688854694366455,0.7890273928642273,1.0187978744506836,0.0018379688262939453,0.005176067352294922,0.044551312923431396,0.007555961608886719,0.016355454921722412,-0.010764241218566895
1769651413.5685658,full,goal16.png,0.8414686918258667,-1.1335551738739014,-1.1291019916534424,-0.6265284419059753,2.6648738384246826,0.7807295322418213,1.0239278078079224,-1.1313362121582031,-1.1216732263565063,-0.5831234455108643,2.6725809574127197,0.7950718998908997,1.0141716003417969,0.002218961715698242,0.007428765296936035,0.043404996395111084,0.007707118988037109,0.01434236764907837,-0.009756207466125488
1769651413.670384,full,goal16.png,0.8430639505386353,-1.1324039697647095,-1.1387652158737183,-0.6103525161743164,2.6680846214294434,0.7871060967445374,1.019944429397583,-1.1308963298797607,-1.1290507316589355,-0.5713536143302917,2.6742231845855713,0.8002102971076965,1.0113400220870972,0.0015076398849487305,0.009714484214782715,0.03899890184402466,0.00613856315612793,0.01310420036315918,-0.00860440731048584
1769651413.7696626,full,goal16.png,0.8458132743835449,-1.131616473197937,-1.1449145078659058,-0.5974783897399902,2.671053409576416,0.793846070766449,1.0152945518493652,-1.1305127143859863,-1.134913682937622,-0.5625531077384949,2.6739537715911865,0.8046140074729919,1.0102332830429077,0.0011037588119506836,0.010000824928283691,0.03492528200149536,0.002900362014770508,0.010767936706542969,-0.0050612688064575195
1769651413.8708835,full,goal16.png,0.8477495908737183,-1.131464958190918,-1.151790738105774,-0.5848769545555115,2.6724770069122314,0.7988138794898987,1.0122653245925903,-1.1295639276504517,-1.139656901359558,-0.5541309714317322,2.6742103099823,0.8093926310539246,1.0101416110992432,0.0019010305404663086,0.01213383674621582,0.030745983123779297,0.0017333030700683594,0.010578751564025879,-0.002123713493347168
1769651413.969951,full,goal16.png,0.8451299071311951,-1.1312226057052612,-1.1609995365142822,-0.5766679048538208,2.6731436252593994,0.8026156425476074,1.0115232467651367,-1.1279027462005615,-1.14310622215271,-0.5447924137115479,2.675175189971924,0.8154773712158203,1.0097661018371582,0.003319859504699707,0.017893314361572266,0.03187549114227295,0.002031564712524414,0.01286172866821289,-0.0017571449279785156
1769651414.0694442,full,goal16.png,0.8421437740325928,-1.1298291683197021,-1.1672396659851074,-0.5679740905761719,2.673598051071167,0.8084316253662109,1.0110081434249878,-1.1261590719223022,-1.1469879150390625,-0.5350354909896851,2.6752917766571045,0.821384847164154,1.009186029434204,0.0036700963973999023,0.020251750946044922,0.032938599586486816,0.0016937255859375,0.012953221797943115,-0.0018221139907836914
1769651414.1677485,full,goal16.png,0.8400699496269226,-1.1282237768173218,-1.1691176891326904,-0.557462751865387,2.6740825176239014,0.8147474527359009,1.009842038154602,-1.1246105432510376,-1.150713324546814,-0.5260848999023438,2.673703193664551,0.8271410465240479,1.009392499923706,0.0036132335662841797,0.018404364585876465,0.03137785196304321,-0.00037932395935058594,0.012393593788146973,-0.0004495382308959961
1769651414.269357,full,goal16.png,0.842698335647583,-1.1270726919174194,-1.1714198589324951,-0.5478602051734924,2.674173593521118,0.8203817009925842,1.009387731552124,-1.1238905191421509,-1.1531085968017578,-0.5202795267105103,2.672037124633789,0.8316361308097839,1.0100558996200562,0.0031821727752685547,0.018311262130737305,0.027580678462982178,-0.0021364688873291016,0.011254429817199707,0.0006681680679321289
1769651414.3703752,full,goal16.png,0.8348934650421143,-1.1260730028152466,-1.1767512559890747,-0.5399842858314514,2.6736886501312256,0.8255466222763062,1.0095845460891724,-1.1228007078170776,-1.1548871994018555,-0.5134599208831787,2.6707077026367188,0.8369730710983276,1.0110225677490234,0.0032722949981689453,0.02186405658721924,0.026524364948272705,-0.002980947494506836,0.011426448822021484,0.0014380216598510742
1769651414.468523,full,goal16.png,0.838838517665863,-1.1246795654296875,-1.1813557147979736,-0.5332292318344116,2.6727797985076904,0.829681396484375,1.0105689764022827,-1.121424913406372,-1.157279372215271,-0.5055384039878845,2.669271230697632,0.8421672582626343,1.0117454528808594,0.0032546520233154297,0.024076342582702637,0.0276908278465271,-0.0035085678100585938,0.012485861778259277,0.0011764764785766602
1769651414.5691612,full,goal16.png,0.8382076621055603,-1.1232558488845825,-1.1831730604171753,-0.5254138708114624,2.6714470386505127,0.8354217410087585,1.0115838050842285,-1.1197870969772339,-1.1600141525268555,-0.4978663921356201,2.6674182415008545,0.847066342830658,1.0127534866333008,0.003468751907348633,0.023158907890319824,0.027547478675842285,-0.004028797149658203,0.011644601821899414,0.0011696815490722656
1769651414.6703877,full,goal16.png,0.8349989652633667,-1.1221047639846802,-1.1842334270477295,-0.5187193751335144,2.6703262329101562,0.840480387210846,1.0121594667434692,-1.118870496749878,-1.1617724895477295,-0.4924495816230774,2.6670174598693848,0.850287675857544,1.0138189792633057,0.003234267234802246,0.0224609375,0.02626979351043701,-0.0033087730407714844,0.009807288646697998,0.0016595125198364258
1769651414.7695231,full,goal16.png,0.8353167772293091,-1.1208628416061401,-1.1872020959854126,-0.5105405449867249,2.668872356414795,0.8454179763793945,1.01288640499115,-1.118827223777771,-1.1625643968582153,-0.4894905090332031,2.66747784614563,0.8517382740974426,1.0154790878295898,0.0020356178283691406,0.024637699127197266,0.02105003595352173,-0.001394510269165039,0.006320297718048096,0.0025926828384399414
1769651414.869935,full,goal16.png,0.8344039916992188,-1.1198328733444214,-1.1891710758209229,-0.5047547817230225,2.668266534805298,0.8485985994338989,1.0139466524124146,-1.1187694072723389,-1.1629211902618408,-0.4871745705604553,2.6674036979675293,0.8529924750328064,1.0173050165176392,0.0010634660720825195,0.02624988555908203,0.01758021116256714,-0.0008628368377685547,0.004393875598907471,0.0033583641052246094
1769651414.9685304,full,goal16.png,0.8382250666618347,-1.119317889213562,-1.1899282932281494,-0.5009076595306396,2.668205738067627,0.8504919409751892,1.0153552293777466,-1.1185990571975708,-1.1632333993911743,-0.48514485359191895,2.665977954864502,0.854004979133606,1.0193402767181396,0.0007188320159912109,0.026694893836975098,0.015762805938720703,-0.002227783203125,0.003513038158416748,0.003985047340393066
1769651415.0716813,full,goal16.png,0.8356109857559204,-1.1190452575683594,-1.1902917623519897,-0.49824196100234985,2.6680543422698975,0.8520671129226685,1.0170212984085083,-1.1179356575012207,-1.1635159254074097,-0.48329126834869385,2.6633570194244385,0.8552920818328857,1.0215786695480347,0.0011096000671386719,0.026775836944580078,0.014950692653656006,-0.004697322845458984,0.003224968910217285,0.004557371139526367
1769651415.1679187,full,goal16.png,0.8335329294204712,-1.1187423467636108,-1.190867304801941,-0.4965759813785553,2.6668732166290283,0.8534756898880005,1.0187933444976807,-1.1172125339508057,-1.1639893054962158,-0.48067575693130493,2.6607024669647217,0.8572123050689697,1.0234155654907227,0.0015298128128051758,0.026877999305725098,0.015900224447250366,-0.006170749664306641,0.0037366151809692383,0.004622220993041992
1769651415.2708328,full,goal16.png,0.8314716815948486,-1.1183183193206787,-1.1910793781280518,-0.4949099123477936,2.664782762527466,0.854960024356842,1.0206713676452637,-1.1167751550674438,-1.1645739078521729,-0.4786774516105652,2.6590113639831543,0.8584070205688477,1.024348497390747,0.0015431642532348633,0.026505470275878906,0.016232460737228394,-0.0057713985443115234,0.0034469962120056152,0.0036771297454833984
1769651415.3703406,full,goal16.png,0.8341494798660278,-1.1178336143493652,-1.1913217306137085,-0.49278944730758667,2.6624503135681152,0.8563836812973022,1.022186040878296,-1.1162989139556885,-1.1651872396469116,-0.4764224886894226,2.6582558155059814,0.8600280284881592,1.0249183177947998,0.0015347003936767578,0.026134490966796875,0.016366958618164062,-0.004194498062133789,0.0036443471908569336,0.0027322769165039062
1769651415.4705174,full,goal16.png,0.8352291584014893,-1.1175004243850708,-1.1915338039398193,-0.4909113347530365,2.6605117321014404,0.8577014803886414,1.0233824253082275,-1.1154083013534546,-1.1655151844024658,-0.4738660156726837,2.657294273376465,0.8618160486221313,1.025813102722168,0.002092123031616211,0.026018619537353516,0.017045319080352783,-0.003217458724975586,0.00411456823348999,0.0024306774139404297
1769651415.5711012,full,goal16.png,0.8383653163909912,-1.1170762777328491,-1.1918971538543701,-0.4886091947555542,2.6595122814178467,0.8590644598007202,1.0244125127792358,-1.1152162551879883,-1.1658064126968384,-0.47291114926338196,2.6563353538513184,0.862419843673706,1.0267457962036133,0.0018600225448608398,0.02609074115753174,0.01569804549217224,-0.0031769275665283203,0.00335538387298584,0.0023332834243774414
1769651415.669598,full,goal16.png,0.8449630737304688,-1.1167430877685547,-1.1922001838684082,-0.48618581891059875,2.6586639881134033,0.860261082649231,1.0252758264541626,-1.1144969463348389,-1.1664648056030273,-0.4714764952659607,2.654924154281616,0.8634480237960815,1.0278666019439697,0.0022461414337158203,0.02573537826538086,0.014709323644638062,-0.0037398338317871094,0.003186941146850586,0.002590775489807129
1769651415.7682629,full,goal16.png,0.8368724584579468,-1.1160160303115845,-1.1925334930419922,-0.4843077063560486,2.6576037406921387,0.8611092567443848,1.0261240005493164,-1.1141941547393799,-1.1661361455917358,-0.47320643067359924,2.653815269470215,0.8631913661956787,1.0297496318817139,0.0018218755722045898,0.026397347450256348,0.01110127568244934,-0.003788471221923828,0.0020821094512939453,0.003625631332397461
1769651415.8700948,full,goal16.png,0.829900860786438,-1.1151375770568848,-1.193048357963562,-0.4832475185394287,2.656179904937744,0.8620786070823669,1.0272750854492188,-1.1135518550872803,-1.1654915809631348,-0.4751567542552948,2.652421474456787,0.8630023002624512,1.0318684577941895,0.0015857219696044922,0.027556777000427246,0.008090764284133911,-0.0037584304809570312,0.0009236931800842285,0.004593372344970703
1769651415.982924,full,goal16.png,0.8356887102127075,-1.1145014762878418,-1.192896842956543,-0.48367154598236084,2.65496826171875,0.8626541495323181,1.0286988019943237,-1.1132922172546387,-1.1649751663208008,-0.47577983140945435,2.650580406188965,0.8629281520843506,1.0334537029266357,0.001209259033203125,0.027921676635742188,0.007891714572906494,-0.004387855529785156,0.0002740025520324707,0.004754900932312012
1769651416.0709813,full,goal16.png,0.8345353603363037,-1.113835096359253,-1.1927757263183594,-0.4846712350845337,2.6537868976593018,0.8628813624382019,1.0304102897644043,-1.1125712394714355,-1.1655676364898682,-0.472841739654541,2.649210214614868,0.8642576336860657,1.0340359210968018,0.0012638568878173828,0.02720808982849121,0.011829495429992676,-0.004576683044433594,0.0013762712478637695,0.003625631332397461
1769651416.1696248,full,goal16.png,0.8337996006011963,-1.1135927438735962,-1.1926546096801758,-0.48491358757019043,2.651818037033081,0.8631994128227234,1.0316977500915527,-1.1120755672454834,-1.1657345294952393,-0.47038429975509644,2.6481099128723145,0.8654075860977173,1.0343832969665527,0.001517176628112793,0.026920080184936523,0.014529287815093994,-0.0037081241607666016,0.0022081732749938965,0.002685546875
1769651416.2692854,full,goal16.png,0.8337417840957642,-1.1132595539093018,-1.1927757263183594,-0.4837019145488739,2.650575876235962,0.8642445206642151,1.0327730178833008,-1.1112680435180664,-1.1652758121490479,-0.46923935413360596,2.646836042404175,0.8663585186004639,1.03554105758667,0.0019915103912353516,0.027499914169311523,0.014462560415267944,-0.0037398338317871094,0.0021139979362487793,0.0027680397033691406
1769651416.3710244,full,goal16.png,0.8407817482948303,-1.1128051280975342,-1.1927454471588135,-0.4816117286682129,2.6494550704956055,0.8652289509773254,1.0337272882461548,-1.1103498935699463,-1.1651031970977783,-0.46883171796798706,2.646210193634033,0.867108941078186,1.0365701913833618,0.0024552345275878906,0.027642250061035156,0.01278001070022583,-0.0032448768615722656,0.0018799901008605957,0.0028429031372070312
1769651416.4689925,full,goal16.png,0.8298807144165039,-1.112199306488037,-1.1924424171447754,-0.4802788496017456,2.6484856605529785,0.8664407134056091,1.0349692106246948,-1.1089180707931519,-1.16523277759552,-0.4685814678668976,2.6453206539154053,0.8677709102630615,1.038175344467163,0.003281235694885254,0.02720963954925537,0.011697381734848022,-0.003165006637573242,0.0013301968574523926,0.0032061338424682617
1769651416.5680976,full,goal16.png,0.8322834372520447,-1.1110785007476807,-1.191988229751587,-0.47961246967315674,2.6478495597839355,0.8675009608268738,1.0360294580459595,-1.108499526977539,-1.1654446125030518,-0.4691180884838104,2.6437623500823975,0.8677083253860474,1.039680004119873,0.0025789737701416016,0.026543617248535156,0.010494381189346313,-0.004087209701538086,0.00020736455917358398,0.0036505460739135742
1769651416.6688268,full,goal16.png,0.835815966129303,-1.1099274158477783,-1.1918063163757324,-0.47915810346603394,2.6466987133026123,0.868137001991272,1.0374228954315186,-1.10825514793396,-1.164720892906189,-0.47046828269958496,2.6413657665252686,0.8675540685653687,1.04205322265625,0.0016722679138183594,0.027085423469543457,0.008689820766448975,-0.00533294677734375,-0.0005829334259033203,0.004630327224731445
1769651416.776669,full,goal16.png,0.8408610820770264,-1.1095032691955566,-1.1918063163757324,-0.47927922010421753,2.6454265117645264,0.8679249286651611,1.0392100811004639,-1.108229637145996,-1.1643472909927368,-0.47096607089042664,2.639925718307495,0.868028998374939,1.0436770915985107,0.0012736320495605469,0.027459025382995605,0.008313149213790894,-0.00550079345703125,0.00010406970977783203,0.004467010498046875
1769651416.8704298,full,goal16.png,0.8363671898841858,-1.1093518733978271,-1.1912914514541626,-0.47955185174942017,2.6435482501983643,0.8681218028068542,1.0411336421966553,-1.1080095767974854,-1.164193868637085,-0.47021499276161194,2.6391310691833496,0.8687871694564819,1.044828176498413,0.0013422966003417969,0.027097582817077637,0.009336858987808228,-0.0044171810150146484,0.0006653666496276855,0.0036945343017578125
1769651416.9724238,full,goal16.png,0.8352838754653931,-1.1094427108764648,-1.1911702156066895,-0.4798548221588135,2.642306327819824,0.868137001991272,1.0430269241333008,-1.1080617904663086,-1.1644959449768066,-0.4695349931716919,2.6385273933410645,0.8695782423019409,1.0451884269714355,0.00138092041015625,0.026674270629882812,0.010319828987121582,-0.0037789344787597656,0.0014412403106689453,0.0021615028381347656
1769651417.070446,full,goal16.png,0.8346494436264038,-1.1096245050430298,-1.1913520097732544,-0.4798548221588135,2.641427755355835,0.8687881827354431,1.0442841053009033,-1.1076534986495972,-1.1649881601333618,-0.4691510796546936,2.638235092163086,0.8705651164054871,1.045165777206421,0.001971006393432617,0.026363849639892578,0.010703742504119873,-0.0031926631927490234,0.0017769336700439453,0.0008816719055175781
1769651417.1740348,full,goal16.png,0.8294406533241272,-1.109563946723938,-1.1912308931350708,-0.4794609844684601,2.6409430503845215,0.8692577481269836,1.044814109802246,-1.1070265769958496,-1.1654170751571655,-0.46921542286872864,2.638359308242798,0.8719601631164551,1.0446628332138062,0.002537369728088379,0.025813817977905273,0.010245561599731445,-0.002583742141723633,0.0027024149894714355,-0.0001512765884399414
1769651417.2718475,full,goal16.png,0.8338361978530884,-1.1091700792312622,-1.191442847251892,-0.47915810346603394,2.6405797004699707,0.8698031306266785,1.0451170206069946,-1.1064611673355103,-1.1658625602722168,-0.4687015414237976,2.639490842819214,0.8727350234985352,1.0437322854995728,0.002708911895751953,0.025580286979675293,0.010456562042236328,-0.001088857650756836,0.0029318928718566895,-0.001384735107421875
1769651417.3687675,full,goal16.png,0.8310952186584473,-1.10874605178833,-1.1920487880706787,-0.47909751534461975,2.6406705379486084,0.8707118034362793,1.0450867414474487,-1.1069655418395996,-1.1654481887817383,-0.4709210693836212,2.6405811309814453,0.8717267513275146,1.0434136390686035,0.0017805099487304688,0.02660059928894043,0.008176445960998535,-8.940696716308594e-05,0.0010149478912353516,-0.0016731023788452148
1769651417.4699829,full,goal16.png,0.8341090083122253,-1.108624815940857,-1.1920790672302246,-0.4788854718208313,2.6410341262817383,0.8714084625244141,1.0444506406784058,-1.1070632934570312,-1.1651347875595093,-0.47147825360298157,2.641803026199341,0.8709965944290161,1.043268084526062,0.0015615224838256836,0.026944279670715332,0.0074072182178497314,0.0007688999176025391,-0.0004118680953979492,-0.00118255615234375
1769651417.569664,full,goal16.png,0.833942174911499,-1.1084734201431274,-1.1918971538543701,-0.47955185174942017,2.6418519020080566,0.87136310338974,1.044374942779541,-1.1073384284973145,-1.164831280708313,-0.47174811363220215,2.642146110534668,0.8708011507987976,1.0429861545562744,0.0011349916458129883,0.02706587314605713,0.007803738117218018,0.0002942085266113281,-0.0005619525909423828,-0.0013887882232666016
1769651417.6732473,full,goal16.png,0.8352361917495728,-1.108412742614746,-1.1918365955352783,-0.4802182912826538,2.642609119415283,0.8712116479873657,1.0442839860916138,-1.1075330972671509,-1.1650550365447998,-0.47073429822921753,2.6429224014282227,0.8714126944541931,1.0422227382659912,0.0008796453475952148,0.026781558990478516,0.00948399305343628,0.0003132820129394531,0.00020104646682739258,-0.0020612478256225586
1769651417.771053,full,goal16.png,0.8307569026947021,-1.1085339784622192,-1.191654920578003,-0.48033949732780457,2.6428213119506836,0.8711056709289551,1.0441174507141113,-1.1078040599822998,-1.1656322479248047,-0.46881383657455444,2.643585681915283,0.8725122213363647,1.0408663749694824,0.0007299184799194336,0.026022672653198242,0.011525660753250122,0.0007643699645996094,0.001406550407409668,-0.0032510757446289062
1769651417.870212,full,goal16.png,0.8275654315948486,-1.1087157726287842,-1.1916851997375488,-0.47997593879699707,2.6434271335601807,0.871590256690979,1.043450951576233,-1.108222246170044,-1.1653817892074585,-0.46973660588264465,2.6437740325927734,0.8713528513908386,1.0403292179107666,0.0004935264587402344,0.026303410530090332,0.010239332914352417,0.00034689903259277344,-0.00023740530014038086,-0.0031217336654663086
1769651417.9722269,full,goal16.png,0.8336905241012573,-1.1088368892669678,-1.1915943622589111,-0.4793094992637634,2.64394211769104,0.8724535703659058,1.042315125465393,-1.108467698097229,-1.1649099588394165,-0.4707098603248596,2.6441497802734375,0.8709999322891235,1.0401251316070557,0.00036919116973876953,0.02668440341949463,0.008599638938903809,0.00020766258239746094,-0.0014536380767822266,-0.0021899938583374023
1769651418.0701177,full,goal16.png,0.8345235586166382,-1.1089884042739868,-1.1915338039398193,-0.4794004261493683,2.6444571018218994,0.8721505999565125,1.0418304204940796,-1.1093624830245972,-1.1644912958145142,-0.4733196496963501,2.644368886947632,0.869684100151062,1.0402398109436035,-0.00037407875061035156,0.027042508125305176,0.0060807764530181885,-8.821487426757812e-05,-0.0024664998054504395,-0.0015906095504760742
