timestamp,model_type,goal_image,similarity_score,curr_j0,curr_j1,curr_j2,curr_j3,curr_j4,curr_j5,cmd_j0,cmd_j1,cmd_j2,cmd_j3,cmd_j4,cmd_j5,step_diff_j0,step_diff_j1,step_diff_j2,step_diff_j3,step_diff_j4,step_diff_j5
1769719183.6636493,full,goal2.png,0.673108696937561,-0.08518096804618835,-1.2648706436157227,-1.9324144124984741,1.484881043434143,1.4424571990966797,3.1751108169555664,-0.1353091150522232,-1.14682936668396,-1.9190665483474731,1.47114098072052,1.414251685142517,3.0909886360168457,-0.05012814700603485,0.1180412769317627,0.013347864151000977,-0.013740062713623047,-0.028205513954162598,-0.0841221809387207
1769719183.6862595,full,goal2.png,0.6698312759399414,-0.08518096804618835,-1.2648403644561768,-1.9324448108673096,1.484881043434143,1.4424571990966797,3.1751108169555664,-0.13503405451774597,-1.1486493349075317,-1.9194844961166382,1.4710841178894043,1.4137122631072998,3.0908403396606445,-0.04985308647155762,0.11619102954864502,0.012960314750671387,-0.01379692554473877,-0.028744935989379883,-0.08427047729492188
1769719183.7203128,full,goal2.png,0.6766653060913086,-0.08515068888664246,-1.2648403644561768,-1.9324144124984741,1.484881043434143,1.4424420595169067,3.175095558166504,-0.1345362812280655,-1.149685263633728,-1.9201912879943848,1.4720726013183594,1.4131816625595093,3.0917439460754395,-0.049385592341423035,0.11515510082244873,0.012223124504089355,-0.012808442115783691,-0.02926039695739746,-0.08335161209106445
1769719183.8213406,full,goal2.png,0.6677062511444092,-0.10938418656587601,-1.246634840965271,-1.9272648096084595,1.4784895181655884,1.4332939386367798,3.136958122253418,-0.13488009572029114,-1.1505343914031982,-1.9186756610870361,1.4730650186538696,1.41265869140625,3.0893301963806152,-0.02549590915441513,0.09610044956207275,0.00858914852142334,-0.00542449951171875,-0.020635247230529785,-0.047627925872802734
1769719183.9205313,full,goal2.png,0.6868409514427185,-0.129285991191864,-1.2143739461898804,-1.923326849937439,1.4746726751327515,1.4176936149597168,3.103182554244995,-0.13800843060016632,-1.1468828916549683,-1.918070912361145,1.47299325466156,1.4117006063461304,3.081867218017578,-0.008722439408302307,0.06749105453491211,0.005255937576293945,-0.0016794204711914062,-0.005993008613586426,-0.021315336227416992
1769719184.0203512,full,goal2.png,0.7098954319953918,-0.1351020485162735,-1.1885347366333008,-1.9223575592041016,1.4737639427185059,1.414452314376831,3.093761682510376,-0.14537836611270905,-1.1374197006225586,-1.920426845550537,1.4710878133773804,1.4092590808868408,3.0739402770996094,-0.010276317596435547,0.05111503601074219,0.0019307136535644531,-0.0026761293411254883,-0.005193233489990234,-0.0198214054107666
1769719184.120241,full,goal2.png,0.6855499148368835,-0.1345568150281906,-1.1782355308532715,-1.9185407161712646,1.472733974456787,1.411195993423462,3.084719657897949,-0.15550801157951355,-1.1231701374053955,-1.9265995025634766,1.469849944114685,1.4075366258621216,3.069108724594116,-0.020951196551322937,0.05506539344787598,-0.008058786392211914,-0.0028840303421020508,-0.003659367561340332,-0.015610933303833008
1769719184.2212331,full,goal2.png,0.6935664415359497,-0.14270538091659546,-1.1706323623657227,-1.9208731651306152,1.4717646837234497,1.4095450639724731,3.0778281688690186,-0.1666533201932907,-1.1066460609436035,-1.9335360527038574,1.4655098915100098,1.4089925289154053,3.07041072845459,-0.02394793927669525,0.06398630142211914,-0.012662887573242188,-0.006254792213439941,-0.0005525350570678711,-0.007417440414428711
1769719184.3201582,full,goal2.png,0.6892107725143433,-0.15445862710475922,-1.1588789224624634,-1.9248414039611816,1.4698562622070312,1.408363699913025,3.072678565979004,-0.1768522709608078,-1.0936585664749146,-1.939206838607788,1.4571459293365479,1.4116443395614624,3.074535846710205,-0.022393643856048584,0.06522035598754883,-0.014365434646606445,-0.012710332870483398,0.0032806396484375,0.0018572807312011719
1769719184.4199226,full,goal2.png,0.6946011781692505,-0.1633039265871048,-1.1415218114852905,-1.93120276927948,1.4648884534835815,1.408939242362976,3.0720725059509277,-0.18522967398166656,-1.0839285850524902,-1.9444406032562256,1.449647307395935,1.4132165908813477,3.080909252166748,-0.021925747394561768,0.05759322643280029,-0.013237833976745605,-0.015241146087646484,0.004277348518371582,0.008836746215820312
1769719184.5202415,full,goal2.png,0.7098976373672485,-0.1722399890422821,-1.127829670906067,-1.936685562133789,1.4586483240127563,1.4108325242996216,3.0745718479156494,-0.19246995449066162,-1.0758655071258545,-1.9504694938659668,1.446578025817871,1.4122745990753174,3.088503837585449,-0.020229965448379517,0.0519641637802124,-0.013783931732177734,-0.012070298194885254,0.0014420747756958008,0.013931989669799805
1769719184.6208932,full,goal2.png,0.7042443156242371,-0.18356920778751373,-1.1171367168426514,-1.9413808584213257,1.4528019428253174,1.4121804237365723,3.0793731212615967,-0.20028208196163177,-1.067801594734192,-1.9565362930297852,1.4451946020126343,1.4107261896133423,3.097472667694092,-0.016712874174118042,0.04933512210845947,-0.015155434608459473,-0.0076073408126831055,-0.0014542341232299805,0.018099546432495117
1769719184.7215636,full,goal2.png,0.7004101872444153,-0.1899002194404602,-1.1092910766601562,-1.9477723836898804,1.4489548206329346,1.4115140438079834,3.086219072341919,-0.20937421917915344,-1.0593957901000977,-1.9637258052825928,1.4413249492645264,1.4095593690872192,3.1077373027801514,-0.019473999738693237,0.049895286560058594,-0.015953421592712402,-0.007629871368408203,-0.00195467472076416,0.021518230438232422
1769719184.8224113,full,goal2.png,0.7113765478134155,-0.19541336596012115,-1.1001125574111938,-1.9543761014938354,1.4462589025497437,1.4109687805175781,3.0941555500030518,-0.21759913861751556,-1.0519428253173828,-1.9709908962249756,1.4336159229278564,1.408539056777954,3.1133170127868652,-0.02218577265739441,0.048169732093811035,-0.016614794731140137,-0.012642979621887207,-0.0024297237396240234,0.019161462783813477
1769719184.922386,full,goal2.png,0.6941285133361816,-0.20646989345550537,-1.0935090780258179,-1.9613734483718872,1.4423210620880127,1.4098933935165405,3.1038639545440674,-0.22656041383743286,-1.0434930324554443,-1.9800454378128052,1.4279088973999023,1.4051399230957031,3.1188583374023438,-0.02009052038192749,0.050016045570373535,-0.01867198944091797,-0.014412164688110352,-0.004753470420837402,0.014994382858276367
1769719185.0235438,full,goal2.png,0.6998600959777832,-0.2156786471605301,-1.0859662294387817,-1.9681285619735718,1.4357173442840576,1.4082274436950684,3.1110734939575195,-0.23435844480991364,-1.0344104766845703,-1.9914782047271729,1.4278923273086548,1.3996690511703491,3.128512144088745,-0.018679797649383545,0.051555752754211426,-0.023349642753601074,-0.007825016975402832,-0.008558392524719238,0.017438650131225586
1769719185.1200843,full,goal2.png,0.6932713985443115,-0.22155535221099854,-1.0768483877182007,-1.9766709804534912,1.4305979013442993,1.4057283401489258,3.1163594722747803,-0.24194389581680298,-1.0254333019256592,-2.000479221343994,1.427729606628418,1.3938690423965454,3.138467311859131,-0.020388543605804443,0.051415085792541504,-0.02380824089050293,-0.0028682947158813477,-0.011859297752380371,0.022107839584350586
1769719185.218706,full,goal2.png,0.705703616142273,-0.2302187979221344,-1.068851351737976,-1.987454891204834,1.4289319515228271,1.4003666639328003,3.125931739807129,-0.2486729621887207,-1.01799476146698,-2.0087690353393555,1.4263434410095215,1.3883310556411743,3.1476502418518066,-0.018454164266586304,0.050856590270996094,-0.021314144134521484,-0.002588510513305664,-0.012035608291625977,0.021718502044677734
1769719185.3190303,full,goal2.png,0.6971831321716309,-0.23963959515094757,-1.0593699216842651,-1.9959670305252075,1.4282958507537842,1.3957470655441284,3.1344287395477295,-0.256155788898468,-1.0122525691986084,-2.0151355266571045,1.4207199811935425,1.383870005607605,3.1551361083984375,-0.016516193747520447,0.04711735248565674,-0.019168496131896973,-0.007575869560241699,-0.011877059936523438,0.020707368850708008
1769719185.4182024,full,goal2.png,0.7119255661964417,-0.24627351760864258,-1.0502824783325195,-2.005721092224121,1.4262357950210571,1.3890072107315063,3.145803213119507,-0.2633608877658844,-1.0063258409500122,-2.0214791297912598,1.4132333993911743,1.3806135654449463,3.165828227996826,-0.01708737015724182,0.043956637382507324,-0.015758037567138672,-0.013002395629882812,-0.008393645286560059,0.020025014877319336
1769719185.5223062,full,goal2.png,0.7127343416213989,-0.2526348829269409,-1.044163465499878,-2.0130515098571777,1.421752691268921,1.3854024410247803,3.1537094116210938,-0.2724441587924957,-0.9987195730209351,-2.0280280113220215,1.4021800756454468,1.3771950006484985,3.1765835285186768,-0.01980927586555481,0.04544389247894287,-0.01497650146484375,-0.01957261562347412,-0.008207440376281738,0.022874116897583008
1769719185.6203496,full,goal2.png,0.712393045425415,-0.261752724647522,-1.0368025302886963,-2.0188071727752686,1.4151490926742554,1.3815099000930786,3.163327217102051,-0.27937591075897217,-0.9918479919433594,-2.036058187484741,1.3930572271347046,1.3739687204360962,3.185422897338867,-0.017623186111450195,0.044954538345336914,-0.017251014709472656,-0.02209186553955078,-0.007541179656982422,0.022095680236816406
1769719185.7198462,full,goal2.png,0.701151430606842,-0.2695680260658264,-1.0299261808395386,-2.0250470638275146,1.4046378135681152,1.3779658079147339,3.1737172603607178,-0.28632527589797974,-0.9860439300537109,-2.0450503826141357,1.3843333721160889,1.371847152709961,3.1920218467712402,-0.01675724983215332,0.04388225078582764,-0.020003318786621094,-0.020304441452026367,-0.006118655204772949,0.01830458641052246
1769719185.8203769,full,goal2.png,0.7145374417304993,-0.27611109614372253,-1.0228984355926514,-2.0334079265594482,1.3961256742477417,1.3745275735855103,3.1827898025512695,-0.29389044642448425,-0.9796069860458374,-2.054124355316162,1.3753161430358887,1.368773102760315,3.1986148357391357,-0.01777935028076172,0.043291449546813965,-0.020716428756713867,-0.020809531211853027,-0.0057544708251953125,0.01582503318786621
1769719185.9191709,full,goal2.png,0.6972193717956543,-0.28438079357147217,-1.0156586170196533,-2.0417683124542236,1.3872804641723633,1.3723466396331787,3.189272165298462,-0.3019399344921112,-0.9713365435600281,-2.059666395187378,1.3628506660461426,1.3668800592422485,3.2058308124542236,-0.017559140920639038,0.044322073459625244,-0.017898082733154297,-0.024429798126220703,-0.005466580390930176,0.01655864715576172
1769719186.0175948,full,goal2.png,0.7225757837295532,-0.2921052575111389,-1.01056969165802,-2.0505530834198,1.376678228378296,1.3693022727966309,3.1968603134155273,-0.3123350441455841,-0.9635241627693176,-2.0641541481018066,1.3455674648284912,1.3688040971755981,3.215193748474121,-0.02022978663444519,0.04704552888870239,-0.013601064682006836,-0.031110763549804688,-0.0004981756210327148,0.01833343505859375
1769719186.117969,full,goal2.png,0.7281391024589539,-0.2997994124889374,-1.002511978149414,-2.0565810203552246,1.3649250268936157,1.367681622505188,3.204963445663452,-0.3238166570663452,-0.9573684930801392,-2.066478729248047,1.3247231245040894,1.3715983629226685,3.2251436710357666,-0.024017244577407837,0.0451434850692749,-0.009897708892822266,-0.04020190238952637,0.003916740417480469,0.020180225372314453
1769719186.2179909,full,goal2.png,0.7187342047691345,-0.3102501332759857,-0.9933031797409058,-2.0617308616638184,1.3497487306594849,1.3688478469848633,3.212430477142334,-0.33515605330467224,-0.9519773721694946,-2.0705394744873047,1.3073477745056152,1.3732818365097046,3.236438274383545,-0.024905920028686523,0.04132580757141113,-0.008808612823486328,-0.04240095615386963,0.004433989524841309,0.024007797241210938
1769719186.3191483,full,goal2.png,0.7181558609008789,-0.32157936692237854,-0.9870933294296265,-2.065274953842163,1.3288170099258423,1.3711802959442139,3.223396062850952,-0.3449838161468506,-0.9455569982528687,-2.072948694229126,1.2965213060379028,1.3735036849975586,3.2423462867736816,-0.023404449224472046,0.04153633117675781,-0.007673740386962891,-0.03229570388793945,0.0023233890533447266,0.018950223922729492
1769719186.4317448,full,goal2.png,0.7231751680374146,-0.3316968083381653,-0.9825798273086548,-2.0688493251800537,1.3130954504013062,1.3720284700393677,3.233240842819214,-0.35606345534324646,-0.9386848211288452,-2.073775053024292,1.2843254804611206,1.373100757598877,3.245055913925171,-0.024366647005081177,0.04389500617980957,-0.004925727844238281,-0.028769969940185547,0.0010722875595092773,0.011815071105957031
1769719186.5217955,full,goal2.png,0.7251348495483398,-0.34160229563713074,-0.9764912724494934,-2.0710606575012207,1.301190733909607,1.3729827404022217,3.2389206886291504,-0.3679381310939789,-0.9324429035186768,-2.0746960639953613,1.269606113433838,1.3706003427505493,3.2488770484924316,-0.026335835456848145,0.04404836893081665,-0.003635406494140625,-0.03158462047576904,-0.0023823976516723633,0.00995635986328125
1769719186.6213174,full,goal2.png,0.7349426746368408,-0.35223478078842163,-0.969372570514679,-2.0723328590393066,1.288861870765686,1.3729373216629028,3.242722272872925,-0.38193732500076294,-0.9262481927871704,-2.07682204246521,1.253138542175293,1.3660352230072021,3.25458025932312,-0.02970254421234131,0.043124377727508545,-0.00448918342590332,-0.035723328590393066,-0.006902098655700684,0.011857986450195312
1769719186.7196152,full,goal2.png,0.7383652925491333,-0.36538147926330566,-0.9618905186653137,-2.0735747814178467,1.272049903869629,1.3701049089431763,3.247523546218872,-0.39376574754714966,-0.9204357266426086,-2.0799498558044434,1.2395665645599365,1.362504243850708,3.2587485313415527,-0.028384268283843994,0.04145479202270508,-0.00637507438659668,-0.03248333930969238,-0.007600665092468262,0.011224985122680664
1769719186.8200774,full,goal2.png,0.743536114692688,-0.3790431320667267,-0.9573163986206055,-2.075331926345825,1.2577823400497437,1.3661519289016724,3.2529306411743164,-0.4070271849632263,-0.9150668382644653,-2.081390142440796,1.2251086235046387,1.35837984085083,3.2624151706695557,-0.027984052896499634,0.04224956035614014,-0.006058216094970703,-0.03267371654510498,-0.007772088050842285,0.009484529495239258
1769719186.9211984,full,goal2.png,0.7418743371963501,-0.39067524671554565,-0.9528028964996338,-2.0775129795074463,1.2434240579605103,1.3631832599639893,3.2566263675689697,-0.4205254912376404,-0.9100706577301025,-2.082333564758301,1.210160493850708,1.3527427911758423,3.2643465995788574,-0.029850244522094727,0.04273223876953125,-0.004820585250854492,-0.033263564109802246,-0.010440468788146973,0.007720232009887695
1769719187.02003,full,goal2.png,0.7312573194503784,-0.40406426787376404,-0.9458356499671936,-2.079209089279175,1.2284294366836548,1.3589575290679932,3.260761260986328,-0.43366730213165283,-0.904629111289978,-2.080756187438965,1.1962898969650269,1.3469831943511963,3.2646117210388184,-0.029603034257888794,0.041206538677215576,-0.001547098159790039,-0.03213953971862793,-0.011974334716796875,0.0038504600524902344
1769719187.1202066,full,goal2.png,0.7351824045181274,-0.4170292913913727,-0.9404436945915222,-2.0802996158599854,1.21437406539917,1.354156255722046,3.2639267444610596,-0.4455472230911255,-0.899152398109436,-2.0780770778656006,1.1842334270477295,1.3437608480453491,3.266782522201538,-0.028517931699752808,0.04129129648208618,0.0022225379943847656,-0.03014063835144043,-0.010395407676696777,0.0028557777404785156
1769719187.2205372,full,goal2.png,0.740860104560852,-0.4299336373806,-0.9360513687133789,-2.0799057483673096,1.2018028497695923,1.349082350730896,3.264880895614624,-0.4573535919189453,-0.8923241496086121,-2.0745444297790527,1.172788143157959,1.339979887008667,3.2701773643493652,-0.027419954538345337,0.043727219104766846,0.005361318588256836,-0.0290147066116333,-0.009102463722229004,0.005296468734741211
1769719187.3225794,full,goal2.png,0.7373813390731812,-0.4425351023674011,-0.9298416376113892,-2.0781490802764893,1.1867477893829346,1.3451746702194214,3.2666680812835693,-0.46962234377861023,-0.8853965997695923,-2.070493698120117,1.1616928577423096,1.335477590560913,3.2738471031188965,-0.027087241411209106,0.044445037841796875,0.00765538215637207,-0.025054931640625,-0.0096970796585083,0.0071790218353271484
1769719187.4198627,full,goal2.png,0.7454270124435425,-0.4540157616138458,-0.9230258464813232,-2.07566499710083,1.1767817735671997,1.34164559841156,3.26947021484375,-0.4833553731441498,-0.8802633881568909,-2.065676212310791,1.1502962112426758,1.3305152654647827,3.275804281234741,-0.029339611530303955,0.04276245832443237,0.009988784790039062,-0.026485562324523926,-0.011130332946777344,0.006334066390991211
1769719187.520685,full,goal2.png,0.7435499429702759,-0.46631428599357605,-0.9157254695892334,-2.072787284851074,1.165482759475708,1.3369807004928589,3.272953748703003,-0.4973672032356262,-0.8756859302520752,-2.0604162216186523,1.1402161121368408,1.3260337114334106,3.2770562171936035,-0.03105291724205017,0.0400395393371582,0.012371063232421875,-0.025266647338867188,-0.010946989059448242,0.004102468490600586
1769719187.6197445,full,goal2.png,0.7425583600997925,-0.4801577031612396,-0.9095762968063354,-2.068788766860962,1.153517484664917,1.3316493034362793,3.2753467559814453,-0.512316107749939,-0.8724210858345032,-2.054793119430542,1.1306371688842773,1.3201547861099243,3.2779927253723145,-0.03215840458869934,0.037155210971832275,0.013995647430419922,-0.02288031578063965,-0.01149451732635498,0.0026459693908691406
1769719187.7197077,full,goal2.png,0.758469820022583,-0.49515220522880554,-0.9054868221282959,-2.064093589782715,1.1430062055587769,1.3271510601043701,3.2763009071350098,-0.5268016457557678,-0.8687106370925903,-2.0484986305236816,1.1209038496017456,1.3135064840316772,3.279038906097412,-0.03164944052696228,0.036776185035705566,0.015594959259033203,-0.02210235595703125,-0.013644576072692871,0.0027379989624023438
1769719187.8194122,full,goal2.png,0.7476725578308105,-0.5085110068321228,-0.900973379611969,-2.0587923526763916,1.1331915855407715,1.321986198425293,3.2774975299835205,-0.5416146516799927,-0.865142285823822,-2.0431597232818604,1.1094701290130615,1.3050243854522705,3.2793004512786865,-0.03310364484786987,0.03583109378814697,0.01563262939453125,-0.02372145652770996,-0.01696181297302246,0.0018029212951660156
1769719187.9190674,full,goal2.png,0.7481682896614075,-0.5236569046974182,-0.8972473740577698,-2.0521583557128906,1.1233162879943848,1.3145041465759277,3.2790424823760986,-0.5569950938224792,-0.8614752292633057,-2.039088010787964,1.0974503755569458,1.295300006866455,3.279010057449341,-0.033338189125061035,0.03577214479446411,0.013070344924926758,-0.025865912437438965,-0.019204139709472656,-3.24249267578125e-05
1769719188.019682,full,goal2.png,0.7478736639022827,-0.5387423634529114,-0.8942484855651855,-2.0471906661987305,1.112199306488037,1.3064464330673218,3.2793755531311035,-0.5725237727165222,-0.8570551872253418,-2.0346715450286865,1.0866820812225342,1.2842007875442505,3.2779805660247803,-0.03378140926361084,0.03719329833984375,0.012519121170043945,-0.02551722526550293,-0.02224564552307129,-0.0013949871063232422
1769719188.1203208,full,goal2.png,0.737952470779419,-0.5534945130348206,-0.8906135559082031,-2.0433132648468018,1.1012336015701294,1.2978585958480835,3.278784990310669,-0.5877363085746765,-0.853839635848999,-2.0293731689453125,1.0770485401153564,1.2736510038375854,3.2763240337371826,-0.03424179553985596,0.0367739200592041,0.013940095901489258,-0.02418506145477295,-0.024207592010498047,-0.002460956573486328
1769719188.2231565,full,goal2.png,0.7465139031410217,-0.568155825138092,-0.88709956407547,-2.039102554321289,1.0908132791519165,1.2874382734298706,3.2783002853393555,-0.6036138534545898,-0.8530153036117554,-2.021677017211914,1.066286563873291,1.2648921012878418,3.2768449783325195,-0.0354580283164978,0.0340842604637146,0.017425537109375,-0.02452671527862549,-0.02254617214202881,-0.0014553070068359375
1769719188.319851,full,goal2.png,0.7455224394798279,-0.5848163962364197,-0.8831010460853577,-2.032801866531372,1.0789690017700195,1.276108980178833,3.2769975662231445,-0.6187990307807922,-0.8539526462554932,-2.013392925262451,1.057196855545044,1.2577013969421387,3.280651330947876,-0.03398263454437256,0.029148399829864502,0.0194089412689209,-0.021772146224975586,-0.018407583236694336,0.0036537647247314453
1769719188.430109,full,goal2.png,0.7380057573318481,-0.6007802486419678,-0.8817378878593445,-2.0255014896392822,1.06954824924469,1.267596960067749,3.277451992034912,-0.6337948441505432,-0.8550306558609009,-2.0031752586364746,1.048611044883728,1.2512919902801514,3.284393072128296,-0.03301459550857544,0.026707231998443604,0.022326231002807617,-0.020937204360961914,-0.016304969787597656,0.006941080093383789
1769719188.5352426,full,goal2.png,0.7253521680831909,-0.6139572262763977,-0.8817076086997986,-2.018988847732544,1.0614299774169922,1.2605843544006348,3.2803449630737305,-0.6485652327537537,-0.8563144207000732,-1.9923982620239258,1.0382046699523926,1.2433444261550903,3.285762310028076,-0.03460800647735596,0.025393187999725342,0.026590585708618164,-0.02322530746459961,-0.017239928245544434,0.005417346954345703
1769719188.6349373,full,goal2.png,0.7361568212509155,-0.628436803817749,-0.8819197416305542,-2.0106282234191895,1.0514942407608032,1.2544503211975098,3.2835710048675537,-0.6654529571533203,-0.8596788048744202,-1.9804911613464355,1.0231813192367554,1.234285593032837,3.2834177017211914,-0.03701615333557129,0.022240936756134033,0.030137062072753906,-0.02831292152404785,-0.02016472816467285,-0.0001533031463623047
1769719188.735452,full,goal2.png,0.7299612164497375,-0.6427649259567261,-0.8827982544898987,-1.9997230768203735,1.0423763990402222,1.246937870979309,3.2851765155792236,-0.6833599209785461,-0.8637390732765198,-1.9696893692016602,1.00346040725708,1.2258683443069458,3.279043197631836,-0.04059499502182007,0.019059181213378906,0.03003370761871338,-0.03891599178314209,-0.02106952667236328,-0.006133317947387695
1769719188.835121,full,goal2.png,0.7484206557273865,-0.6588498950004578,-0.8848883509635925,-1.9889391660690308,1.0297749042510986,1.2382895946502686,3.284313201904297,-0.7012432217597961,-0.8687552213668823,-1.9555292129516602,0.9854021072387695,1.218384027481079,3.274629831314087,-0.04239332675933838,0.016133129596710205,0.033409953117370605,-0.0443727970123291,-0.019905567169189453,-0.009683370590209961
1769719188.9351497,full,goal2.png,0.738357663154602,-0.6752075552940369,-0.8887959718704224,-1.9787005186080933,1.0127205848693848,1.2300046682357788,3.281238555908203,-0.7205439209938049,-0.8749216794967651,-1.9379963874816895,0.9674583673477173,1.2103445529937744,3.2691290378570557,-0.045336365699768066,0.013874292373657227,0.04070413112640381,-0.04526221752166748,-0.019660115242004395,-0.012109518051147461
1769719189.0202818,full,goal2.png,0.7357660531997681,-0.6940794587135315,-0.8938849568367004,-1.9642512798309326,0.9926974773406982,1.2218561172485352,3.2767250537872314,-0.7396731972694397,-0.8824517726898193,-1.9184153079986572,0.9509250521659851,1.2002205848693848,3.2624728679656982,-0.0455937385559082,0.011433184146881104,0.04583597183227539,-0.041772425174713135,-0.02163553237915039,-0.014252185821533203
1769719189.1204307,full,goal2.png,0.7350126504898071,-0.7158896327018738,-0.8997920155525208,-1.9461669921875,0.9737043976783752,1.2124353647232056,3.269909381866455,-0.757765531539917,-0.8902508020401001,-1.8990306854248047,0.9349838495254517,1.1894899606704712,3.2557621002197266,-0.04187589883804321,0.009541213512420654,0.04713630676269531,-0.038720548152923584,-0.022945404052734375,-0.014147281646728516
1769719189.2195864,full,goal2.png,0.739559531211853,-0.735427975654602,-0.9071529507637024,-1.927567720413208,0.9567409157752991,1.2031811475753784,3.2636539936065674,-0.7743651270866394,-0.8980182409286499,-1.8791931867599487,0.9193446636199951,1.178706169128418,3.248431444168091,-0.038937151432037354,0.00913470983505249,0.04837453365325928,-0.037396252155303955,-0.02447497844696045,-0.015222549438476562
1769719189.3191018,full,goal2.png,0.7345597743988037,-0.7541180849075317,-0.9159981608390808,-1.9080899953842163,0.9386264085769653,1.1918519735336304,3.256596088409424,-0.7914729118347168,-0.9050577878952026,-1.8606458902359009,0.9040313959121704,1.1664506196975708,3.2421233654022217,-0.03735482692718506,0.010940372943878174,0.04744410514831543,-0.03459501266479492,-0.02540135383605957,-0.014472723007202148
1769719189.4191701,full,goal2.png,0.7372350692749023,-0.77080899477005,-0.9238437414169312,-1.8874611854553223,0.9239953756332397,1.180780291557312,3.2496743202209473,-0.8070483207702637,-0.9125248193740845,-1.8427698612213135,0.8895120620727539,1.1550729274749756,3.236370086669922,-0.03623932600021362,0.01131892204284668,0.04469132423400879,-0.03448331356048584,-0.025707364082336426,-0.01330423355102539
1769719189.5196986,full,goal2.png,0.7355324029922485,-0.7882571220397949,-0.932567834854126,-1.870376467704773,0.9078801274299622,1.1688451766967773,3.2432525157928467,-0.8233243227005005,-0.9223382472991943,-1.8241177797317505,0.8751733303070068,1.1437492370605469,3.2317051887512207,-0.035067200660705566,0.01022958755493164,0.04625868797302246,-0.03270679712295532,-0.02509593963623047,-0.011547327041625977
1769719189.6215816,full,goal2.png,0.7404754757881165,-0.8049783110618591,-0.9411708116531372,-1.850868582725525,0.8931884169578552,1.1571071147918701,3.2380876541137695,-0.8395129442214966,-0.9327744245529175,-1.8057985305786133,0.8609493970870972,1.133173942565918,3.224134922027588,-0.03453463315963745,0.008396387100219727,0.04507005214691162,-0.03223901987075806,-0.02393317222595215,-0.01395273208618164
1769719189.7199235,full,goal2.png,0.7350600957870483,-0.8197001814842224,-0.9493193626403809,-1.832693338394165,0.879072368144989,1.1462019681930542,3.2323927879333496,-0.8563695549964905,-0.9431655406951904,-1.7892825603485107,0.8456849455833435,1.1230835914611816,3.216521739959717,-0.036669373512268066,0.00615382194519043,0.0434107780456543,-0.03338742256164551,-0.02311837673187256,-0.015871047973632812
1769719189.822227,full,goal2.png,0.7430979609489441,-0.8361184000968933,-0.9604365229606628,-1.815335988998413,0.8647746443748474,1.1355392932891846,3.2248501777648926,-0.8712607622146606,-0.9525021314620972,-1.7729822397232056,0.831510066986084,1.1132806539535522,3.2095420360565186,-0.035142362117767334,0.007934391498565674,0.04235374927520752,-0.03326457738876343,-0.022258639335632324,-0.015308141708374023
1769719189.9205194,full,goal2.png,0.7416089773178101,-0.853142499923706,-0.9695240259170532,-1.7989178895950317,0.8505374789237976,1.1265274286270142,3.218291759490967,-0.8860578536987305,-0.9638509750366211,-1.7551140785217285,0.8153140544891357,1.1047816276550293,3.1988511085510254,-0.032915353775024414,0.005673050880432129,0.04380381107330322,-0.035223424434661865,-0.021745800971984863,-0.019440650939941406
1769719190.0195289,full,goal2.png,0.744391679763794,-0.8684096336364746,-0.9789448976516724,-1.781499981880188,0.8350279927253723,1.1154556274414062,3.209916114807129,-0.9008293747901917,-0.9758502244949341,-1.7370693683624268,0.797470211982727,1.0964685678482056,3.186230182647705,-0.03241974115371704,0.0030946731567382812,0.04443061351776123,-0.037557780742645264,-0.018987059593200684,-0.023685932159423828
1769719190.1195047,full,goal2.png,0.7381265163421631,-0.8821318745613098,-0.9903042912483215,-1.7648999691009521,0.8192155361175537,1.1062923669815063,3.200237989425659,-0.9151755571365356,-0.9885399341583252,-1.717950463294983,0.7792481184005737,1.0875871181488037,3.173229455947876,-0.03304368257522583,0.0017643570899963379,0.04694950580596924,-0.03996741771697998,-0.018705248832702637,-0.027008533477783203
1769719190.2198422,full,goal2.png,0.7317183017730713,-0.8974596261978149,-0.9986042976379395,-1.7470580339431763,0.8023428320884705,1.0984467267990112,3.189938545227051,-0.9280729293823242,-0.9998379945755005,-1.699450969696045,0.7642787098884583,1.0778851509094238,3.16190767288208,-0.030613303184509277,-0.0012336969375610352,0.04760706424713135,-0.03806412220001221,-0.020561575889587402,-0.028030872344970703
1769719190.3200386,full,goal2.png,0.7309174537658691,-0.9131508469581604,-1.011993408203125,-1.7275197505950928,0.7845918536186218,1.0883594751358032,3.1770644187927246,-0.9406403303146362,-1.0110182762145996,-1.6802926063537598,0.7527633309364319,1.0681102275848389,3.1513688564300537,-0.02748948335647583,0.0009751319885253906,0.04722714424133301,-0.03182852268218994,-0.020249247550964355,-0.0256955623626709
1769719190.4194655,full,goal2.png,0.7389899492263794,-0.9249343872070312,-1.0281389951705933,-1.7097079753875732,0.7690823674201965,1.0788630247116089,3.1659321784973145,-0.9522788524627686,-1.0216064453125,-1.6620348691940308,0.7439441680908203,1.0601840019226074,3.1419448852539062,-0.027344465255737305,0.006532549858093262,0.04767310619354248,-0.02513819932937622,-0.018679022789001465,-0.023987293243408203
1769719190.5210667,full,goal2.png,0.7619698643684387,-0.9374147057533264,-1.0387412309646606,-1.6898667812347412,0.7569655776023865,1.0688363313674927,3.154784679412842,-0.9637229442596436,-1.0319007635116577,-1.644834280014038,0.7356343865394592,1.0528557300567627,3.1321277618408203,-0.02630823850631714,0.00684046745300293,0.045032501220703125,-0.021331191062927246,-0.01598060131072998,-0.022656917572021484
1769719190.6204317,full,goal2.png,0.7571161389350891,-0.9503796696662903,-1.0486162900924683,-1.6715704202651978,0.7465753555297852,1.0611270666122437,3.1453185081481934,-0.9736319184303284,-1.0411587953567505,-1.6305229663848877,0.7298951745033264,1.047467827796936,3.1260578632354736,-0.023252248764038086,0.0074574947357177734,0.04104745388031006,-0.01668018102645874,-0.013659238815307617,-0.019260644912719727
1769719190.719872,full,goal2.png,0.7672151923179626,-0.9615573883056641,-1.061611533164978,-1.6547887325286865,0.739063024520874,1.0536600351333618,3.1359431743621826,-0.9840729832649231,-1.0496995449066162,-1.6147475242614746,0.7236782312393188,1.0395164489746094,3.118481159210205,-0.022515594959259033,0.011911988258361816,0.040041208267211914,-0.015384793281555176,-0.014143586158752441,-0.01746201515197754
1769719190.8196394,full,goal2.png,0.781751275062561,-0.9714022874832153,-1.0722440481185913,-1.6398547887802124,0.732822835445404,1.0473896265029907,3.1289761066436768,-0.9947068691253662,-1.0572856664657593,-1.5995829105377197,0.7154395580291748,1.0310205221176147,3.113213300704956,-0.02330458164215088,0.014958381652832031,0.040271878242492676,-0.017383277416229248,-0.016369104385375977,-0.015762805938720703
1769719190.9199872,full,goal2.png,0.78465735912323,-0.9819135665893555,-1.080362319946289,-1.6242241859436035,0.7251892685890198,1.0398772954940796,3.1214635372161865,-1.0049160718917847,-1.0644443035125732,-1.58342707157135,0.7067221999168396,1.0214542150497437,3.109839677810669,-0.0230025053024292,0.01591801643371582,0.04079711437225342,-0.018467068672180176,-0.018423080444335938,-0.011623859405517578
1769719191.0194893,full,goal2.png,0.7564293742179871,-0.9926066398620605,-1.088571310043335,-1.608441948890686,0.7171316742897034,1.0326374769210815,3.1157686710357666,-1.0140947103500366,-1.0723891258239746,-1.5670698881149292,0.697064220905304,1.013647437095642,3.104414701461792,-0.021488070487976074,0.01618218421936035,0.041372060775756836,-0.020067453384399414,-0.018990039825439453,-0.01135396957397461
1769719191.1198401,full,goal2.png,0.764801561832428,-1.002845287322998,-1.0965079069137573,-1.5932960510253906,0.7091647982597351,1.0236256122589111,3.1109673976898193,-1.0229302644729614,-1.082170009613037,-1.5491920709609985,0.68836510181427,1.0064948797225952,3.0966861248016357,-0.02008497714996338,0.014337897300720215,0.04410398006439209,-0.020799696445465088,-0.017130732536315918,-0.014281272888183594
1769719191.2198172,full,goal2.png,0.7665637731552124,-1.0122661590576172,-1.1036266088485718,-1.5763325691223145,0.6997440457344055,1.0160223245620728,3.1058177947998047,-1.0327786207199097,-1.093376874923706,-1.5287041664123535,0.6805832386016846,0.9979309439659119,3.0898382663726807,-0.02051246166229248,0.010249733924865723,0.04762840270996094,-0.019160807132720947,-0.01809138059616089,-0.015979528427124023
1769719191.3350575,full,goal2.png,0.763361930847168,-1.020808458328247,-1.1110783815383911,-1.5583088397979736,0.6908079981803894,1.0080101490020752,3.098320484161377,-1.0419081449508667,-1.1049513816833496,-1.5093879699707031,0.6745036840438843,0.9898781776428223,3.0819313526153564,-0.02109968662261963,0.006126999855041504,0.04892086982727051,-0.016304314136505127,-0.01813197135925293,-0.016389131546020508
1769719191.4365377,full,goal2.png,0.7403631210327148,-1.029168963432312,-1.1209231615066528,-1.5417996644973755,0.6843254566192627,1.0013912916183472,3.0923380851745605,-1.051646113395691,-1.117227554321289,-1.4899039268493652,0.6669887900352478,0.9803696870803833,3.0709633827209473,-0.022477149963378906,0.0036956071853637695,0.051895737648010254,-0.017336666584014893,-0.021021604537963867,-0.02137470245361328
1769719191.5206587,full,goal2.png,0.7656727433204651,-1.0382566452026367,-1.129828929901123,-1.5242303609848022,0.6784790754318237,0.9940606951713562,3.0853404998779297,-1.0597431659698486,-1.1281864643096924,-1.4718576669692993,0.6594415307044983,0.9702699184417725,3.0619940757751465,-0.021486520767211914,0.001642465591430664,0.05237269401550293,-0.01903754472732544,-0.02379077672958374,-0.023346424102783203
1769719191.634186,full,goal2.png,0.751366376876831,-1.048555850982666,-1.1428545713424683,-1.5011478662490845,0.6692097783088684,0.9828678369522095,3.073753833770752,-1.0688838958740234,-1.1408026218414307,-1.4502650499343872,0.6515042185783386,0.9588330984115601,3.054227113723755,-0.020328044891357422,0.0020519495010375977,0.050882816314697266,-0.017705559730529785,-0.024034738540649414,-0.01952672004699707
1769719191.734066,full,goal2.png,0.7477703094482422,-1.0564923286437988,-1.1570918560028076,-1.485698938369751,0.6622426509857178,0.9744011759757996,3.065438747406006,-1.079380989074707,-1.1531271934509277,-1.428029179573059,0.641797661781311,0.9455413818359375,3.041013240814209,-0.022888660430908203,0.003964662551879883,0.057669758796691895,-0.02044498920440674,-0.02885979413986206,-0.024425506591796875
1769719191.8337293,full,goal2.png,0.7545526027679443,-1.065579891204834,-1.1704202890396118,-1.4652519226074219,0.6554572582244873,0.9640868306159973,3.057365894317627,-1.089548110961914,-1.1666868925094604,-1.403909683227539,0.6354442834854126,0.934219479560852,3.0263168811798096,-0.023968219757080078,0.003733396530151367,0.06134223937988281,-0.020012974739074707,-0.029867351055145264,-0.031049013137817383
1769719191.9354546,full,goal2.png,0.7577023506164551,-1.0753339529037476,-1.1816282272338867,-1.4421695470809937,0.6462787985801697,0.9511521458625793,3.0448856353759766,-1.0988333225250244,-1.1799635887145996,-1.382068157196045,0.6307654976844788,0.9241440296173096,3.010892629623413,-0.023499369621276855,0.0016646385192871094,0.06010138988494873,-0.015513300895690918,-0.027008116245269775,-0.03399300575256348
1769719192.0240538,full,goal2.png,0.7255253791809082,-1.0852394104003906,-1.1964107751846313,-1.4192081689834595,0.638917863368988,0.9393079876899719,3.031860113143921,-1.1051771640777588,-1.1924372911453247,-1.3602800369262695,0.6300115585327148,0.9139368534088135,2.998396396636963,-0.019937753677368164,0.003973484039306641,0.05892813205718994,-0.008906304836273193,-0.025371134281158447,-0.03346371650695801
1769719192.1195357,full,goal2.png,0.7544362545013428,-1.0954477787017822,-1.2115265130996704,-1.397276759147644,0.6337682008743286,0.9272366166114807,3.0164566040039062,-1.1101853847503662,-1.2048217058181763,-1.340606689453125,0.6300191283226013,0.9061318635940552,2.987337112426758,-0.014737606048583984,0.006704807281494141,0.05667006969451904,-0.003749072551727295,-0.021104753017425537,-0.029119491577148438
1769719192.2196379,full,goal2.png,0.7663074731826782,-1.1051108837127686,-1.2250064611434937,-1.370710849761963,0.631890058517456,0.9152713418006897,3.0015227794647217,-1.1157448291778564,-1.2180041074752808,-1.3184133768081665,0.6287758350372314,0.8998520374298096,2.974315643310547,-0.01063394546508789,0.007002353668212891,0.05229747295379639,-0.0031142234802246094,-0.015419304370880127,-0.027207136154174805
1769719192.3212795,full,goal2.png,0.7405338883399963,-1.1093517541885376,-1.2364263534545898,-1.3522933721542358,0.630890429019928,0.9072742462158203,2.9901630878448486,-1.1221158504486084,-1.2309961318969727,-1.2957525253295898,0.6253827810287476,0.8937338590621948,2.9579455852508545,-0.0127640962600708,0.0054302215576171875,0.056540846824645996,-0.00550764799118042,-0.013540387153625488,-0.03221750259399414
1769719192.4181762,full,goal2.png,0.7573367357254028,-1.1130170822143555,-1.248664379119873,-1.3295743465423584,0.6295575499534607,0.900837242603302,2.977031707763672,-1.1276825666427612,-1.2429842948913574,-1.2750000953674316,0.6232789754867554,0.8875914812088013,2.943251609802246,-0.014665484428405762,0.005680084228515625,0.05457425117492676,-0.006278574466705322,-0.013245761394500732,-0.03378009796142578
1769719192.5175803,full,goal2.png,0.7506409287452698,-1.1202569007873535,-1.2589333057403564,-1.306219220161438,0.6268616318702698,0.8942941427230835,2.9600682258605957,-1.1323782205581665,-1.2541316747665405,-1.2538635730743408,0.6222376823425293,0.8799550533294678,2.93302845954895,-0.012121319770812988,0.004801630973815918,0.05235564708709717,-0.0046239495277404785,-0.014339089393615723,-0.027039766311645508
1769719192.6199317,full,goal2.png,0.7584323883056641,-1.127012014389038,-1.2705048322677612,-1.2844696044921875,0.6250743865966797,0.8874481916427612,2.946073293685913,-1.137282133102417,-1.2637548446655273,-1.2361167669296265,0.6221010088920593,0.8745705485343933,2.9223005771636963,-0.010270118713378906,0.006749987602233887,0.048352837562561035,-0.0029733777046203613,-0.01287764310836792,-0.023772716522216797
1769719192.719924,full,goal2.png,0.7533434629440308,-1.1311620473861694,-1.2840756177902222,-1.2654765844345093,0.6236506700515747,0.881208062171936,2.9361071586608887,-1.1409790515899658,-1.2742595672607422,-1.219628095626831,0.6257787942886353,0.8723784685134888,2.91091251373291,-0.009817004203796387,0.00981605052947998,0.04584848880767822,0.002128124237060547,-0.008829593658447266,-0.025194644927978516
1769719192.8198745,full,goal2.png,0.7525038719177246,-1.134887933731079,-1.2928602695465088,-1.2456958293914795,0.6236203908920288,0.8752556443214417,2.924217700958252,-1.1450867652893066,-1.2847237586975098,-1.2039570808410645,0.630893349647522,0.869267463684082,2.90272855758667,-0.010198831558227539,0.008136510848999023,0.04173874855041504,0.007272958755493164,-0.005988180637359619,-0.02148914337158203
1769719192.9206564,full,goal2.png,0.7600076198577881,-1.1388561725616455,-1.3004332780838013,-1.2300349473953247,0.6256802082061768,0.8726808428764343,2.9141910076141357,-1.1486868858337402,-1.2963716983795166,-1.1877036094665527,0.6374292373657227,0.8661614656448364,2.895843505859375,-0.009830713272094727,0.004061579704284668,0.04233133792877197,0.011749029159545898,-0.0065193772315979,-0.018347501754760742
1769719193.0201783,full,goal2.png,0.7378170490264893,-1.1423397064208984,-1.3104902505874634,-1.2138893604278564,0.6298302412033081,0.8695910573005676,2.9054365158081055,-1.1523534059524536,-1.3067693710327148,-1.171814203262329,0.642657458782196,0.8615925908088684,2.885113000869751,-0.010013699531555176,0.003720879554748535,0.042075157165527344,0.01282721757888794,-0.007998466491699219,-0.020323514938354492
1769719193.118749,full,goal2.png,0.7556678652763367,-1.1465200185775757,-1.3199715614318848,-1.1956535577774048,0.6358885765075684,0.8662135004997253,2.896636724472046,-1.1561825275421143,-1.3172657489776611,-1.1560859680175781,0.6457499861717224,0.8564509153366089,2.8692007064819336,-0.009662508964538574,0.002705812454223633,0.03956758975982666,0.009861409664154053,-0.009762585163116455,-0.027436017990112305
1769719193.21963,full,goal2.png,0.7487156987190247,-1.1502761840820312,-1.3290895223617554,-1.1796292066574097,0.6408868432044983,0.8609123826026917,2.8854894638061523,-1.1591155529022217,-1.3266116380691528,-1.1384854316711426,0.647744357585907,0.8489714860916138,2.8534817695617676,-0.00883936882019043,0.002477884292602539,0.04114377498626709,0.006857514381408691,-0.01194089651107788,-0.032007694244384766
1769719193.320695,full,goal2.png,0.7597235441207886,-1.153699278831482,-1.3382073640823364,-1.1638166904449463,0.6443703770637512,0.8564443588256836,2.87247896194458,-1.1610801219940186,-1.3372734785079956,-1.1187580823898315,0.6492265462875366,0.8424684405326843,2.8428125381469727,-0.007380843162536621,0.0009338855743408203,0.045058608055114746,0.0048561692237854,-0.013975918292999268,-0.029666423797607422
1769719193.4208648,full,goal2.png,0.7529299259185791,-1.1567586660385132,-1.346567988395691,-1.1452780961990356,0.6468543410301208,0.8495529294013977,2.856651544570923,-1.1653743982315063,-1.3478285074234009,-1.0972676277160645,0.6490973234176636,0.8329579830169678,2.8335459232330322,-0.008615732192993164,-0.001260519027709961,0.04801046848297119,0.0022429823875427246,-0.01659494638442993,-0.023105621337890625
1769719193.5227916,full,goal2.png,0.757624626159668,-1.1591517925262451,-1.3565036058425903,-1.1255884170532227,0.6483991742134094,0.8422828912734985,2.8450798988342285,-1.1711235046386719,-1.3578808307647705,-1.0736163854599,0.6490622162818909,0.8216561675071716,2.819387674331665,-0.011971712112426758,-0.0013772249221801758,0.051972031593322754,0.0006630420684814453,-0.020626723766326904,-0.025692224502563477
1769719193.621754,full,goal2.png,0.7694428563117981,-1.16218101978302,-1.3658639192581177,-1.10604989528656,0.6488232612609863,0.8337405323982239,2.835174322128296,-1.1759912967681885,-1.3671226501464844,-1.0497981309890747,0.6517651677131653,0.8111742734909058,2.800272226333618,-0.013810276985168457,-0.0012587308883666992,0.05625176429748535,0.002941906452178955,-0.022566258907318115,-0.034902095794677734
1769719193.7214563,full,goal2.png,0.7578158378601074,-1.1673609018325806,-1.3764357566833496,-1.0810893774032593,0.6495806574821472,0.8221235871315002,2.81992244720459,-1.180003046989441,-1.3764383792877197,-1.0266231298446655,0.6554473638534546,0.7997848987579346,2.783846139907837,-0.012642145156860352,-2.6226043701171875e-06,0.05446624755859375,0.005866706371307373,-0.022338688373565674,-0.03607630729675293
1769719193.8205545,full,goal2.png,0.745570719242096,-1.1722378730773926,-1.3855839967727661,-1.0583704710006714,0.6519737243652344,0.8119152188301086,2.803110361099243,-1.1829450130462646,-1.3861080408096313,-1.0041502714157104,0.6582906246185303,0.7858703136444092,2.7730119228363037,-0.01070713996887207,-0.0005240440368652344,0.05422019958496094,0.0063169002532958984,-0.026044905185699463,-0.030098438262939453
1769719193.9211597,full,goal2.png,0.7363517880439758,-1.1769028902053833,-1.3943686485290527,-1.0358332395553589,0.6546696424484253,0.8005102276802063,2.78813099861145,-1.1847805976867676,-1.3927204608917236,-0.9866418838500977,0.6598380208015442,0.7735898494720459,2.7659549713134766,-0.007877707481384277,0.0016481876373291016,0.04919135570526123,0.0051683783531188965,-0.0269203782081604,-0.022176027297973633
1769719194.0190146,full,goal2.png,0.7283907532691956,-1.180446982383728,-1.4049404859542847,-1.014174461364746,0.6573656797409058,0.7868334054946899,2.77539324760437,-1.1857830286026,-1.399653673171997,-0.970869779586792,0.6627249717712402,0.7670547962188721,2.759007692337036,-0.00533604621887207,0.005286812782287598,0.0433046817779541,0.005359292030334473,-0.01977860927581787,-0.016385555267333984
1769719194.1200166,full,goal2.png,0.7398579120635986,-1.1813254356384277,-1.4129376411437988,-0.9955753087997437,0.6592133641242981,0.7766856551170349,2.767275094985962,-1.1864537000656128,-1.405360221862793,-0.9570069313049316,0.6663818359375,0.7634572386741638,2.748615026473999,-0.005128264427185059,0.007577419281005859,0.03856837749481201,0.007168471813201904,-0.013228416442871094,-0.01866006851196289
1769719194.2196534,full,goal2.png,0.7412101030349731,-1.1826280355453491,-1.419965386390686,-0.9796113967895508,0.6618791222572327,0.7689763903617859,2.7593839168548584,-1.1874017715454102,-1.4112406969070435,-0.9417898654937744,0.6704988479614258,0.7572824358940125,2.7380080223083496,-0.004773736000061035,0.008724689483642578,0.03782153129577637,0.008619725704193115,-0.011693954467773438,-0.02137589454650879
1769719194.3187556,full,goal2.png,0.7360968589782715,-1.1837791204452515,-1.4267204999923706,-0.9650107026100159,0.6651809811592102,0.7634783387184143,2.749614953994751,-1.187565565109253,-1.4173870086669922,-0.9240559935569763,0.6756597757339478,0.749028742313385,2.7261962890625,-0.003786444664001465,0.009333491325378418,0.04095470905303955,0.010478794574737549,-0.014449596405029297,-0.023418664932250977
1769719194.4220715,full,goal2.png,0.7368676662445068,-1.1844758987426758,-1.4330514669418335,-0.9488650560379028,0.6695127487182617,0.7572988271713257,2.7393155097961426,-1.186490535736084,-1.4236096143722534,-0.9056352376937866,0.6839341521263123,0.739849865436554,2.7156479358673096,-0.002014636993408203,0.009441852569580078,0.04322981834411621,0.014421403408050537,-0.01744896173477173,-0.023667573928833008
1769719194.5213509,full,goal2.png,0.7374518513679504,-1.1845970153808594,-1.4388978481292725,-0.9337796568870544,0.6748744249343872,0.7498924136161804,2.7287588119506836,-1.185781478881836,-1.4298909902572632,-0.8898130059242249,0.6924891471862793,0.7311407923698425,2.705242395401001,-0.0011844635009765625,0.009006857872009277,0.04396665096282959,0.01761472225189209,-0.01875162124633789,-0.023516416549682617
1769719194.6201868,full,goal2.png,0.7420316934585571,-1.1842032670974731,-1.4468039274215698,-0.9149684309959412,0.6833863854408264,0.7408502697944641,2.717808246612549,-1.186081051826477,-1.43771231174469,-0.8731271028518677,0.7004047632217407,0.7233213186264038,2.6962759494781494,-0.0018777847290039062,0.009091615676879883,0.041841328144073486,0.017018377780914307,-0.017528951168060303,-0.021532297134399414
1769719194.7197876,full,goal2.png,0.7405176162719727,-1.1839609146118164,-1.4535590410232544,-0.8977625966072083,0.6908685564994812,0.7317323684692383,2.707690715789795,-1.1879826784133911,-1.4451148509979248,-0.8590648174285889,0.7074351906776428,0.7162569165229797,2.6883230209350586,-0.004021763801574707,0.00844419002532959,0.038697779178619385,0.01656663417816162,-0.015475451946258545,-0.019367694854736328
1769719194.8195708,full,goal2.png,0.7517921924591064,-1.1839609146118164,-1.4598901271820068,-0.883252739906311,0.6980476379394531,0.7240988612174988,2.698845386505127,-1.189925193786621,-1.4517691135406494,-0.847206711769104,0.7155633568763733,0.7087571024894714,2.681459426879883,-0.0059642791748046875,0.008121013641357422,0.03604602813720703,0.017515718936920166,-0.015341758728027344,-0.01738595962524414
1769719194.9195035,full,goal2.png,0.7480481266975403,-1.1845061779022217,-1.4669784307479858,-0.867743194103241,0.7065597772598267,0.7166621685028076,2.690803050994873,-1.191270112991333,-1.4568297863006592,-0.8395594954490662,0.7251927852630615,0.7008158564567566,2.673670768737793,-0.006763935089111328,0.01014864444732666,0.028183698654174805,0.018633008003234863,-0.015846312046051025,-0.017132282257080078
1769719195.0198922,full,goal2.png,0.7484931349754333,-1.1856269836425781,-1.473824381828308,-0.8560505509376526,0.7143145203590393,0.7090740203857422,2.6833057403564453,-1.1917082071304321,-1.4611108303070068,-0.8321735262870789,0.7355627417564392,0.6905231475830078,2.6642043590545654,-0.006081223487854004,0.01271355152130127,0.02387702465057373,0.021248221397399902,-0.018550872802734375,-0.019101381301879883
1769719195.1187785,full,goal2.png,0.7465442419052124,-1.1868083477020264,-1.4782774448394775,-0.8470538258552551,0.722463071346283,0.7014858722686768,2.675960063934326,-1.1917979717254639,-1.4658453464508057,-0.8228000402450562,0.7453547716140747,0.6799679398536682,2.6548140048980713,-0.0049896240234375,0.012432098388671875,0.024253785610198975,0.022891700267791748,-0.021517932415008545,-0.021146059036254883
1769719195.2199934,full,goal2.png,0.7365272641181946,-1.1876262426376343,-1.4823061227798462,-0.8378148078918457,0.7343677282333374,0.6916107535362244,2.6664786338806152,-1.1920807361602783,-1.4707059860229492,-0.8144887685775757,0.7542892694473267,0.6720905900001526,2.6485090255737305,-0.004454493522644043,0.011600136756896973,0.02332603931427002,0.019921541213989258,-0.019520163536071777,-0.017969608306884766
1769719195.3195262,full,goal2.png,0.7334502935409546,-1.1876565217971802,-1.486153244972229,-0.8302721381187439,0.7433947920799255,0.6819021105766296,2.6573455333709717,-1.1930066347122192,-1.473506212234497,-0.8084195852279663,0.7613603472709656,0.664731502532959,2.642598867416382,-0.0053501129150390625,0.012647032737731934,0.021852552890777588,0.01796555519104004,-0.017170608043670654,-0.014746665954589844
1769719195.4205983,full,goal2.png,0.7325586080551147,-1.1880805492401123,-1.4905153512954712,-0.8218206167221069,0.7515433430671692,0.6742231249809265,2.650514602661133,-1.1936516761779785,-1.4772083759307861,-0.8002066612243652,0.7657151222229004,0.6600798964500427,2.6365509033203125,-0.005571126937866211,0.013306975364685059,0.0216139554977417,0.014171779155731201,-0.014143228530883789,-0.013963699340820312
1769719195.5329964,full,goal2.png,0.7203527688980103,-1.1890196800231934,-1.4937868118286133,-0.8140961527824402,0.7586013078689575,0.667452871799469,2.6445319652557373,-1.1938021183013916,-1.4829716682434082,-0.7866718173027039,0.7697030901908875,0.6555016040802002,2.628073215484619,-0.004782438278198242,0.010815143585205078,0.027424335479736328,0.011101782321929932,-0.011951267719268799,-0.016458749771118164
1769719195.6192775,full,goal2.png,0.7205629348754883,-1.1900192499160767,-1.4979065656661987,-0.8057659268379211,0.7635994553565979,0.6626061797142029,2.6393823623657227,-1.1929442882537842,-1.4898276329040527,-0.7720487713813782,0.7747880220413208,0.6490892171859741,2.6207830905914307,-0.0029250383377075195,0.008078932762145996,0.03371715545654297,0.0111885666847229,-0.01351696252822876,-0.018599271774291992
1769719195.7204556,full,goal2.png,0.7324984073638916,-1.1902616024017334,-1.5032378435134888,-0.7930129766464233,0.768234133720398,0.6555784344673157,2.630749225616455,-1.1916619539260864,-1.4975134134292603,-0.7582054734230042,0.7821739315986633,0.6400768756866455,2.614315986633301,-0.0014003515243530273,0.005724430084228516,0.03480750322341919,0.01393979787826538,-0.015501558780670166,-0.016433238983154297
1769719195.8208945,full,goal2.png,0.7184116840362549,-1.189898133277893,-1.5092962980270386,-0.7796844840049744,0.7731111645698547,0.6501107215881348,2.623918294906616,-1.191438913345337,-1.505732536315918,-0.7457621693611145,0.7895381450653076,0.630030632019043,2.6081008911132812,-0.0015407800674438477,0.0035637617111206055,0.03392231464385986,0.01642698049545288,-0.020080089569091797,-0.01581740379333496
1769719195.9210196,full,goal2.png,0.7217205762863159,-1.1895042657852173,-1.5158090591430664,-0.7650535106658936,0.7809264659881592,0.6412503719329834,2.616027355194092,-1.1922926902770996,-1.51331627368927,-0.7354288101196289,0.7988944053649902,0.6192167401313782,2.6000258922576904,-0.0027884244918823242,0.0024927854537963867,0.02962470054626465,0.017967939376831055,-0.022033631801605225,-0.016001462936401367
1769719196.0217896,full,goal2.png,0.7282674908638,-1.1893528699874878,-1.522745966911316,-0.7520279288291931,0.7889236211776733,0.6321778893470764,2.6090147495269775,-1.1931843757629395,-1.5187939405441284,-0.7269967198371887,0.8092159032821655,0.609097957611084,2.5906224250793457,-0.00383150577545166,0.0039520263671875,0.025031208992004395,0.020292282104492188,-0.02307993173599243,-0.018392324447631836
1769719196.1206853,full,goal2.png,0.7342021465301514,-1.1895345449447632,-1.5291374921798706,-0.7426677942276001,0.7966176271438599,0.6227419376373291,2.6015779972076416,-1.1939888000488281,-1.524562120437622,-0.716500461101532,0.8181843757629395,0.598906934261322,2.583508014678955,-0.004454255104064941,0.004575371742248535,0.026167333126068115,0.02156674861907959,-0.02383500337600708,-0.018069982528686523
1769719196.2194626,full,goal2.png,0.7365639209747314,-1.1900495290756226,-1.5354080200195312,-0.7313688397407532,0.8064020872116089,0.6120943427085876,2.5920209884643555,-1.1949856281280518,-1.5307080745697021,-0.706061840057373,0.8272462487220764,0.588436484336853,2.5772247314453125,-0.004936099052429199,0.0046999454498291016,0.025306999683380127,0.02084416151046753,-0.02365785837173462,-0.014796257019042969
1769719196.3182573,full,goal2.png,0.73863685131073,-1.1908371448516846,-1.5406181812286377,-0.7210089564323425,0.8163074851036072,0.601885974407196,2.5843873023986816,-1.1962507963180542,-1.5376582145690918,-0.6960610747337341,0.8338149785995483,0.5779982805252075,2.5759925842285156,-0.005413651466369629,0.0029599666595458984,0.0249478816986084,0.017507493495941162,-0.023887693881988525,-0.008394718170166016
1769719196.4178221,full,goal2.png,0.7401275634765625,-1.1918973922729492,-1.5462827682495117,-0.7101342082023621,0.8245165944099426,0.5913746356964111,2.579267978668213,-1.197968602180481,-1.5431450605392456,-0.6886513233184814,0.8425697088241577,0.5652943849563599,2.5735583305358887,-0.006071209907531738,0.0031377077102661133,0.021482884883880615,0.018053114414215088,-0.02608025074005127,-0.005709648132324219
1769719196.5187142,full,goal2.png,0.734622597694397,-1.1931090354919434,-1.5524320602416992,-0.6995320320129395,0.8317261338233948,0.5803786516189575,2.5768446922302246,-1.199458122253418,-1.5480828285217285,-0.6824427843093872,0.8516412377357483,0.5525595545768738,2.5702083110809326,-0.006349086761474609,0.004349231719970703,0.017089247703552246,0.019915103912353516,-0.02781909704208374,-0.006636381149291992
1769719196.6185334,full,goal2.png,0.7240160703659058,-1.1948356628417969,-1.5571272373199463,-0.6918984055519104,0.8410559892654419,0.567322850227356,2.5737547874450684,-1.2010842561721802,-1.5514601469039917,-0.6779653429985046,0.8625390529632568,0.5406256318092346,2.562319040298462,-0.006248593330383301,0.00566709041595459,0.013933062553405762,0.02148306369781494,-0.026697218418121338,-0.011435747146606445
1769719196.7178202,full,goal2.png,0.7293543219566345,-1.1961079835891724,-1.56118643283844,-0.6853554248809814,0.849931538105011,0.5559179186820984,2.5692262649536133,-1.202622413635254,-1.5538111925125122,-0.6713454127311707,0.8709148168563843,0.5324931740760803,2.5544276237487793,-0.006514430046081543,0.007375240325927734,0.014010012149810791,0.02098327875137329,-0.023424744606018066,-0.014798641204833984
1769719196.819072,full,goal2.png,0.7252438068389893,-1.1975619792938232,-1.5644276142120361,-0.6789940595626831,0.8589282631874084,0.5449976325035095,2.562849760055542,-1.2040696144104004,-1.5569895505905151,-0.6624072790145874,0.87938392162323,0.5263484120368958,2.5488173961639404,-0.0065076351165771484,0.007438063621520996,0.016586780548095703,0.020455658435821533,-0.01864922046661377,-0.014032363891601562
1769719196.9199815,full,goal2.png,0.7200762629508972,-1.19904625415802,-1.5675476789474487,-0.6712090373039246,0.8689548373222351,0.5360615253448486,2.5554282665252686,-1.2041115760803223,-1.5605487823486328,-0.6506636142730713,0.8862571716308594,0.5191458463668823,2.5462255477905273,-0.005065321922302246,0.006998896598815918,0.02054542303085327,0.017302334308624268,-0.01691567897796631,-0.009202718734741211
1769719197.0202596,full,goal2.png,0.7172824144363403,-1.2000762224197388,-1.5711524486541748,-0.6629090309143066,0.8771336674690247,0.5292761325836182,2.5507936477661133,-1.2038075923919678,-1.5631229877471924,-0.640160322189331,0.8931431770324707,0.5107210874557495,2.543790340423584,-0.003731369972229004,0.008029460906982422,0.022748708724975586,0.016009509563446045,-0.018555045127868652,-0.007003307342529297
1769719197.118587,full,goal2.png,0.7118391990661621,-1.20065176486969,-1.574575424194336,-0.6523371934890747,0.8837676644325256,0.5215062499046326,2.547597885131836,-1.2035599946975708,-1.5654219388961792,-0.6318790912628174,0.9012337923049927,0.5014734864234924,2.5428600311279297,-0.0029082298278808594,0.009153485298156738,0.020458102226257324,0.01746612787246704,-0.020032763481140137,-0.00473785400390625
1769719197.2174096,full,goal2.png,0.7214998006820679,-1.2009849548339844,-1.5777257680892944,-0.6423407793045044,0.890977144241333,0.5126458406448364,2.5451290607452393,-1.2033041715621948,-1.568213701248169,-0.6254564523696899,0.9089834690093994,0.49407410621643066,2.542977809906006,-0.0023192167282104492,0.009512066841125488,0.016884326934814453,0.018006324768066406,-0.01857173442840576,-0.0021512508392333984
1769719197.3171875,full,goal2.png,0.7199867963790894,-1.201257586479187,-1.580543041229248,-0.634343683719635,0.9000040888786316,0.5039975047111511,2.5436599254608154,-1.203415870666504,-1.5696526765823364,-0.6215173006057739,0.9187800884246826,0.4883657693862915,2.538437604904175,-0.0021582841873168945,0.010890364646911621,0.012826383113861084,0.018775999546051025,-0.01563173532485962,-0.005222320556640625
1769719197.4176645,full,goal2.png,0.7119804620742798,-1.201439380645752,-1.5832692384719849,-0.6277098059654236,0.907213568687439,0.4970303475856781,2.542145252227783,-1.2034969329833984,-1.5700665712356567,-0.6181184649467468,0.9297116994857788,0.4837537407875061,2.5332088470458984,-0.0020575523376464844,0.013202667236328125,0.009591341018676758,0.022498130798339844,-0.013276606798171997,-0.008936405181884766
1769719197.519655,full,goal2.png,0.707810640335083,-1.2017422914505005,-1.5847535133361816,-0.6230448484420776,0.9164526462554932,0.49122944474220276,2.538616180419922,-1.2039281129837036,-1.5682644844055176,-0.6173844337463379,0.9425256252288818,0.4769067168235779,2.527571201324463,-0.002185821533203125,0.016489028930664062,0.005660414695739746,0.026072978973388672,-0.014322727918624878,-0.011044979095458984
1769719197.6194344,full,goal2.png,0.7090352773666382,-1.2021057605743408,-1.5856926441192627,-0.6191977858543396,0.9286906719207764,0.4857769310474396,2.533860445022583,-1.202150583267212,-1.5640008449554443,-0.6205011010169983,0.9542582035064697,0.4709380865097046,2.5223958492279053,-4.482269287109375e-05,0.02169179916381836,-0.0013033151626586914,0.02556753158569336,-0.014838844537734985,-0.011464595794677734
1769719197.7188692,full,goal2.png,0.7024949193000793,-1.2022875547409058,-1.5851171016693115,-0.6181981563568115,0.9395654201507568,0.47929444909095764,2.5283775329589844,-1.198782205581665,-1.5594654083251953,-0.6254745721817017,0.9644022583961487,0.47014927864074707,2.5190351009368896,0.0035053491592407227,0.02565169334411621,-0.007276415824890137,0.024836838245391846,-0.009145170450210571,-0.009342432022094727
1769719197.8185992,full,goal2.png,0.6956506967544556,-1.201287865638733,-1.5830268859863281,-0.6199853420257568,0.9510461688041687,0.4742659330368042,2.52410626411438,-1.1953861713409424,-1.5581417083740234,-0.6292877197265625,0.9743262529373169,0.47245389223098755,2.5163652896881104,0.005901694297790527,0.024885177612304688,-0.009302377700805664,0.023280084133148193,-0.0018120408058166504,-0.007740974426269531
1769719197.9187489,full,goal2.png,0.6901312470436096,-1.1990159749984741,-1.5802704095840454,-0.6237718462944031,0.9618300795555115,0.4727362394332886,2.520819664001465,-1.1947956085205078,-1.5580124855041504,-0.6335768699645996,0.9885680675506592,0.4757634401321411,2.5082051753997803,0.004220366477966309,0.02225792407989502,-0.009805023670196533,0.026737987995147705,0.003027200698852539,-0.01261448860168457
1769719198.017918,full,goal2.png,0.6807008385658264,-1.1967743635177612,-1.5787254571914673,-0.6271645426750183,0.9726139307022095,0.47425079345703125,2.516669750213623,-1.195249319076538,-1.5553371906280518,-0.6416715979576111,1.005735158920288,0.4790598452091217,2.4936161041259766,0.0015250444412231445,0.023388266563415527,-0.014507055282592773,0.03312122821807861,0.004809051752090454,-0.023053646087646484
1769719198.1169298,full,goal2.png,0.677236795425415,-1.1960474252700806,-1.5772109031677246,-0.6321930289268494,0.9868510961532593,0.476643830537796,2.507854700088501,-1.1953226327896118,-1.5515743494033813,-0.6498866677284241,1.0223402976989746,0.48468828201293945,2.4747815132141113,0.00072479248046875,0.02563655376434326,-0.017693638801574707,0.03548920154571533,0.008044451475143433,-0.03307318687438965
1769719198.2178304,full,goal2.png,0.6750913858413696,-1.1958959102630615,-1.5743027925491333,-0.6392813324928284,1.0039359331130981,0.4810210168361664,2.4923603534698486,-1.1951016187667847,-1.5488654375076294,-0.6552383303642273,1.0347912311553955,0.48903724551200867,2.4585368633270264,0.0007942914962768555,0.025437355041503906,-0.015956997871398926,0.030855298042297363,0.008016228675842285,-0.033823490142822266
1769719198.3189259,full,goal2.png,0.6766274571418762,-1.1956838369369507,-1.5712130069732666,-0.6453094482421875,1.0188394784927368,0.48530736565589905,2.4771993160247803,-1.1956286430358887,-1.5477895736694336,-0.6594729423522949,1.0462560653686523,0.49350202083587646,2.4430394172668457,5.519390106201172e-05,0.023423433303833008,-0.014163494110107422,0.027416586875915527,0.008194655179977417,-0.03415989875793457
1769719198.41907,full,goal2.png,0.670390248298645,-1.1955324411392212,-1.5681838989257812,-0.6510648727416992,1.0315619707107544,0.4891696274280548,2.4609780311584473,-1.196876049041748,-1.546139121055603,-0.6658874154090881,1.0585089921951294,0.4969378709793091,2.4294815063476562,-0.0013436079025268555,0.022044777870178223,-0.014822542667388916,0.026947021484375,0.0077682435512542725,-0.031496524810791016
1769719198.5212553,full,goal2.png,0.681007981300354,-1.195774793624878,-1.566245198249817,-0.6561539173126221,1.0436484813690186,0.49406176805496216,2.445513963699341,-1.1962311267852783,-1.5435477495193481,-0.6728888750076294,1.0715141296386719,0.502069354057312,2.416015625,-0.0004563331604003906,0.02269744873046875,-0.016734957695007324,0.02786564826965332,0.008007586002349854,-0.02949833869934082
1769719198.620065,full,goal2.png,0.6832156777381897,-1.1959261894226074,-1.5636703968048096,-0.6619699597358704,1.0553109645843506,0.4981057345867157,2.4325337409973145,-1.1946070194244385,-1.5411378145217896,-0.6786423921585083,1.0849512815475464,0.5085904598236084,2.4045064449310303,0.0013191699981689453,0.02253258228302002,-0.01667243242263794,0.0296403169631958,0.0104847252368927,-0.02802729606628418
1769719198.7181835,full,goal2.png,0.6867520809173584,-1.195774793624878,-1.561034917831421,-0.6679980754852295,1.0690938234329224,0.5031189918518066,2.4187965393066406,-1.1920576095581055,-1.538390874862671,-0.6835848093032837,1.0971864461898804,0.5172186493873596,2.3923208713531494,0.003717184066772461,0.02264404296875,-0.0155867338180542,0.028092622756958008,0.014099657535552979,-0.02647566795349121
1769719198.8174448,full,goal2.png,0.6821552515029907,-1.1946539878845215,-1.5587024688720703,-0.6732689142227173,1.0810893774032593,0.5100558996200562,2.406437397003174,-1.189133882522583,-1.5358879566192627,-0.6857399940490723,1.1067665815353394,0.5279635190963745,2.3795247077941895,0.0055201053619384766,0.022814512252807617,-0.01247107982635498,0.025677204132080078,0.01790761947631836,-0.026912689208984375
1769719198.9177892,full,goal2.png,0.6831009984016418,-1.1923820972442627,-1.5558247566223145,-0.6787214279174805,1.0939937829971313,0.5186739563941956,2.393911600112915,-1.1854071617126465,-1.5349639654159546,-0.6840639710426331,1.1153620481491089,0.5430579781532288,2.36555814743042,0.006974935531616211,0.020860791206359863,-0.005342543125152588,0.02136826515197754,0.024384021759033203,-0.028353452682495117
1769719199.0183117,full,goal2.png,0.6840760707855225,-1.1898375749588013,-1.553946614265442,-0.6810236573219299,1.103384256362915,0.5296244621276855,2.3812949657440186,-1.1818898916244507,-1.5356208086013794,-0.6811472773551941,1.123611330986023,0.5562155246734619,2.3512563705444336,0.007947683334350586,0.0183258056640625,-0.00012362003326416016,0.02022707462310791,0.026591062545776367,-0.03003859519958496
1769719199.1183977,full,goal2.png,0.6956560611724854,-1.1860510110855103,-1.5537952184677124,-0.6810236573219299,1.1125627756118774,0.5430286526679993,2.367708921432495,-1.179345965385437,-1.5368263721466064,-0.6758747696876526,1.1320652961730957,0.5672149062156677,2.336503505706787,0.006705045700073242,0.016968846321105957,0.005148887634277344,0.01950252056121826,0.024186253547668457,-0.031205415725708008
1769719199.221627,full,goal2.png,0.6989718675613403,-1.1829612255096436,-1.5541586875915527,-0.6792666912078857,1.1217108964920044,0.5560542345046997,2.353229522705078,-1.1768370866775513,-1.5386254787445068,-0.6685581207275391,1.1388790607452393,0.5774675011634827,2.322633743286133,0.006124138832092285,0.015533208847045898,0.01070857048034668,0.017168164253234863,0.02141326665878296,-0.030595779418945312
1769719199.3201437,full,goal2.png,0.7039234638214111,-1.1807498931884766,-1.5552189350128174,-0.6751166582107544,1.1287084817886353,0.5661717057228088,2.3401131629943848,-1.175468921661377,-1.5426981449127197,-0.6588575839996338,1.1477808952331543,0.5872865915298462,2.3086495399475098,0.005280971527099609,0.012520790100097656,0.016259074211120605,0.019072413444519043,0.021114885807037354,-0.031463623046875
1769719199.4194915,full,goal2.png,0.734912097454071,-1.1781448125839233,-1.557733178138733,-0.6682101488113403,1.136069416999817,0.5771071314811707,2.3250277042388916,-1.1754331588745117,-1.545638918876648,-0.648405909538269,1.154624342918396,0.5881890058517456,2.297926425933838,0.002711653709411621,0.012094259262084961,0.01980423927307129,0.0185549259185791,0.011081874370574951,-0.02710127830505371
1769719199.5201871,full,goal2.png,0.7784386873245239,-1.1768423318862915,-1.5608532428741455,-0.6600313186645508,1.1447631120681763,0.5850587487220764,2.3110177516937256,-1.1784464120864868,-1.5475863218307495,-0.6351362466812134,1.1589266061782837,0.5806171298027039,2.289633274078369,-0.0016040802001953125,0.013266921043395996,0.024895071983337402,0.014163494110107422,-0.004441618919372559,-0.021384477615356445
1769719199.6178482,full,goal2.png,0.7755506038665771,-1.1764484643936157,-1.564003586769104,-0.6507922410964966,1.1513969898223877,0.5858917832374573,2.301309108734131,-1.1825387477874756,-1.5475232601165771,-0.6199129223823547,1.1621429920196533,0.5694223642349243,2.280947208404541,-0.006090283393859863,0.016480326652526855,0.030879318714141846,0.010746002197265625,-0.01646941900253296,-0.020361900329589844
1769719199.7178771,full,goal2.png,0.7690359354019165,-1.177811622619629,-1.567335605621338,-0.6376152634620667,1.1569404602050781,0.579454779624939,2.290661334991455,-1.1861779689788818,-1.5449049472808838,-0.6097667217254639,1.1696029901504517,0.5597591400146484,2.268873691558838,-0.00836634635925293,0.0224306583404541,0.027848541736602783,0.012662529945373535,-0.019695639610290527,-0.021787643432617188
1769719199.8181117,full,goal2.png,0.7506185173988342,-1.1807801723480225,-1.569062352180481,-0.6257105469703674,1.1612117290496826,0.5704883337020874,2.281270980834961,-1.1887156963348389,-1.5409297943115234,-0.6043604612350464,1.181396245956421,0.5520456433296204,2.2545571327209473,-0.007935523986816406,0.02813255786895752,0.021350085735321045,0.02018451690673828,-0.01844269037246704,-0.026713848114013672
1769719199.9187648,full,goal2.png,0.7523273825645447,-1.1835973262786865,-1.5694561004638672,-0.6158959269523621,1.1692390441894531,0.5614916086196899,2.269608497619629,-1.1906101703643799,-1.5400651693344116,-0.5948677659034729,1.1979948282241821,0.5419700145721436,2.235708475112915,-0.007012844085693359,0.029390931129455566,0.02102816104888916,0.028755784034729004,-0.019521594047546387,-0.03390002250671387
1769719200.019181,full,goal2.png,0.764991044998169,-1.1860510110855103,-1.5686684846878052,-0.60923171043396,1.1812043190002441,0.5525403618812561,2.254265785217285,-1.1942164897918701,-1.5402171611785889,-0.5880815982818604,1.2178926467895508,0.52586430311203,2.221053123474121,-0.008165478706359863,0.02845132350921631,0.02115011215209961,0.03668832778930664,-0.026676058769226074,-0.03321266174316406
1769719200.1230927,full,goal2.png,0.7254737019538879,-1.1881715059280396,-1.5685776472091675,-0.6018101572990417,1.1964714527130127,0.5409385561943054,2.238604784011841,-1.196031928062439,-1.5367205142974854,-0.5875585079193115,1.2391481399536133,0.5144782066345215,2.207141637802124,-0.007860422134399414,0.03185713291168213,0.014251649379730225,0.042676687240600586,-0.026460349559783936,-0.0314631462097168
1769719200.2180398,full,goal2.png,0.7282615900039673,-1.1913824081420898,-1.568395972251892,-0.5961758494377136,1.21437406539917,0.5280947685241699,2.224730968475342,-1.1964823007583618,-1.5295279026031494,-0.5916327238082886,1.2599245309829712,0.5103393197059631,2.1933889389038086,-0.005099892616271973,0.038868069648742676,0.004543125629425049,0.04555046558380127,-0.017755448818206787,-0.0313420295715332
1769719200.3188512,full,goal2.png,0.7218388319015503,-1.1932908296585083,-1.5660936832427979,-0.5943583846092224,1.235638976097107,0.5177803635597229,2.2098727226257324,-1.1970160007476807,-1.522238850593567,-0.593839168548584,1.2792086601257324,0.5125302076339722,2.17604660987854,-0.0037251710891723633,0.04385483264923096,0.0005192160606384277,0.04356968402862549,-0.005250155925750732,-0.03382611274719238
1769719200.419608,full,goal2.png,0.6979734301567078,-1.1948962211608887,-1.5610955953598022,-0.5959941148757935,1.2571462392807007,0.5136303305625916,2.1941514015197754,-1.2006897926330566,-1.518236756324768,-0.5926783680915833,1.295482873916626,0.5144277215003967,2.1589837074279785,-0.005793571472167969,0.04285883903503418,0.003315746784210205,0.03833663463592529,0.0007973909378051758,-0.035167694091796875
1769719200.5198405,full,goal2.png,0.695790708065033,-1.1969561576843262,-1.5563700199127197,-0.5976601839065552,1.2749881744384766,0.5137060284614563,2.178657054901123,-1.2084455490112305,-1.5162233114242554,-0.591224193572998,1.3145122528076172,0.5119127035140991,2.141012191772461,-0.011489391326904297,0.040146708488464355,0.006435990333557129,0.039524078369140625,-0.0017933249473571777,-0.03764486312866211
1769719200.619854,full,goal2.png,0.6888715028762817,-1.2006820440292358,-1.5533710718154907,-0.5978116393089294,1.2930421829223633,0.5136757493019104,2.1614511013031006,-1.2167633771896362,-1.511954426765442,-0.5951083302497864,1.3368041515350342,0.5061466693878174,2.1216869354248047,-0.01608133316040039,0.04141664505004883,0.0027033090591430664,0.0437619686126709,-0.007529079914093018,-0.0397641658782959
1769719200.7199237,full,goal2.png,0.698196530342102,-1.2065889835357666,-1.5514020919799805,-0.5979024767875671,1.3134589195251465,0.5111464262008667,2.1420793533325195,-1.221947431564331,-1.5055742263793945,-0.6013469696044922,1.36130952835083,0.5017558932304382,2.1018900871276855,-0.015358448028564453,0.04582786560058594,-0.003444492816925049,0.047850608825683594,-0.009390532970428467,-0.040189266204833984
1769719200.819858,full,goal2.png,0.7072141766548157,-1.2134652137756348,-1.5473127365112305,-0.6007802486419678,1.3340575695037842,0.5062997341156006,2.124298095703125,-1.2251932621002197,-1.4976884126663208,-0.6092716455459595,1.3891057968139648,0.49812769889831543,2.0817723274230957,-0.011728048324584961,0.04962432384490967,-0.0084913969039917,0.055048227310180664,-0.008172035217285156,-0.0425257682800293
1769719200.9200902,full,goal2.png,0.7089250087738037,-1.2199174165725708,-1.5413451194763184,-0.6063539981842041,1.3584728240966797,0.5031038522720337,2.104229688644409,-1.22609543800354,-1.4902608394622803,-0.6143691539764404,1.4166507720947266,0.4958048462867737,2.0628886222839355,-0.006178021430969238,0.051084280014038086,-0.008015155792236328,0.058177947998046875,-0.00729900598526001,-0.04134106636047363
1769719201.0188158,full,goal2.png,0.7367382645606995,-1.223461627960205,-1.5351656675338745,-0.6125335693359375,1.383251667022705,0.499393105506897,2.0867056846618652,-1.2248997688293457,-1.4795453548431396,-0.621512770652771,1.4440374374389648,0.4938597083091736,2.0453240871429443,-0.001438140869140625,0.05562031269073486,-0.008979201316833496,0.060785770416259766,-0.005533397197723389,-0.0413815975189209
1769719201.11984,full,goal2.png,0.738400936126709,-1.2246732711791992,-1.5280773639678955,-0.6186222434043884,1.4125438928604126,0.4970303773880005,2.0655317306518555,-1.2220395803451538,-1.4673676490783691,-0.6294344663619995,1.469264268875122,0.4904821515083313,2.028154134750366,0.00263369083404541,0.06070971488952637,-0.010812222957611084,0.05672037601470947,-0.0065482258796691895,-0.03737759590148926
1769719201.222546,full,goal2.png,0.7316030263900757,-1.2241582870483398,-1.5190199613571167,-0.6265889406204224,1.439534068107605,0.49401628971099854,2.0484015941619873,-1.2192740440368652,-1.455664038658142,-0.6386013627052307,1.4957447052001953,0.48724913597106934,2.0111372470855713,0.004884243011474609,0.06335592269897461,-0.01201242208480835,0.05621063709259033,-0.006767153739929199,-0.037264347076416016
1769719201.318448,full,goal2.png,0.6742429733276367,-1.2227345705032349,-1.5087207555770874,-0.6349798440933228,1.4638584852218628,0.49122947454452515,2.031135082244873,-1.2190361022949219,-1.4488904476165771,-0.6415124535560608,1.5204228162765503,0.48488685488700867,1.9929088354110718,0.0036984682083129883,0.059830307960510254,-0.006532609462738037,0.0565643310546875,-0.0063426196575164795,-0.03822624683380127
1769719201.4183714,full,goal2.png,0.69504714012146,-1.2202203273773193,-1.5006026029586792,-0.6424620151519775,1.4934234619140625,0.48768529295921326,2.0121421813964844,-1.2221391201019287,-1.4472978115081787,-0.6392250657081604,1.538571834564209,0.48485663533210754,1.972782850265503,-0.001918792724609375,0.05330479145050049,0.0032369494438171387,0.045148372650146484,-0.002828657627105713,-0.039359331130981445
1769719201.5194552,full,goal2.png,0.7083370685577393,-1.219675064086914,-1.4937868118286133,-0.6458849906921387,1.5156577825546265,0.4860040843486786,1.9939215183258057,-1.2250391244888306,-1.4433555603027344,-0.6388935446739197,1.5520497560501099,0.4830365777015686,1.9525903463363647,-0.005364060401916504,0.050431251525878906,0.006991446018218994,0.0363919734954834,-0.0029675066471099854,-0.04133117198944092
1769719201.6184137,full,goal2.png,0.6949542760848999,-1.220674753189087,-1.489121913909912,-0.6460364460945129,1.5348628759384155,0.48514071106910706,1.9747012853622437,-1.2274112701416016,-1.4354854822158813,-0.6447588801383972,1.5653526782989502,0.47846096754074097,1.937237024307251,-0.0067365169525146484,0.05363643169403076,0.0012775659561157227,0.030489802360534668,-0.006679743528366089,-0.037464261054992676
1769719201.7189252,full,goal2.png,0.6801957488059998,-1.2240371704101562,-1.4842448234558105,-0.6472178101539612,1.5502511262893677,0.48224782943725586,1.9552992582321167,-1.2289841175079346,-1.4249489307403564,-0.6542062759399414,1.5828115940093994,0.4708455801010132,1.9258334636688232,-0.00494694709777832,0.0592958927154541,-0.006988465785980225,0.03256046772003174,-0.011402249336242676,-0.029465794563293457
1769719201.8187697,full,goal2.png,0.6721153259277344,-1.227126955986023,-1.4790043830871582,-0.6521553993225098,1.5646096467971802,0.4778403639793396,1.9405925273895264,-1.2299110889434814,-1.4161286354064941,-0.660560131072998,1.5999568700790405,0.46704941987991333,1.915238857269287,-0.002784132957458496,0.06287574768066406,-0.008404731750488281,0.03534722328186035,-0.01079094409942627,-0.025353670120239258
1769719201.9190156,full,goal2.png,0.6714844107627869,-1.2287626266479492,-1.4717040061950684,-0.6601222157478333,1.5807552337646484,0.4728119671344757,1.9286575317382812,-1.2304553985595703,-1.4066373109817505,-0.6687310934066772,1.6190024614334106,0.46823829412460327,1.9027421474456787,-0.0016927719116210938,0.06506669521331787,-0.008608877658843994,0.03824722766876221,-0.0045736730098724365,-0.02591538429260254
1769719202.0186763,full,goal2.png,0.6702203154563904,-1.2293381690979004,-1.4612230062484741,-0.6677557826042175,1.599657416343689,0.4688740074634552,1.915662169456482,-1.2309530973434448,-1.3979167938232422,-0.6765189170837402,1.6377954483032227,0.4700905680656433,1.8878002166748047,-0.0016149282455444336,0.06330621242523193,-0.008763134479522705,0.03813803195953369,0.0012165606021881104,-0.027861952781677246
1769719202.119727,full,goal2.png,0.6896954774856567,-1.2295502424240112,-1.4518022537231445,-0.6738747358322144,1.6168934106826782,0.4691162705421448,1.9036061763763428,-1.230973720550537,-1.3911020755767822,-0.6823959350585938,1.655961275100708,0.47014105319976807,1.8745355606079102,-0.001423478126525879,0.060700178146362305,-0.008521199226379395,0.039067864418029785,0.001024782657623291,-0.029070615768432617
1769719202.2183676,full,goal2.png,0.676846444606781,-1.2302772998809814,-1.4427751302719116,-0.6821444034576416,1.6351594924926758,0.47007057070732117,1.8899898529052734,-1.230622410774231,-1.383918046951294,-0.688076376914978,1.6740005016326904,0.470220685005188,1.8626210689544678,-0.0003451108932495117,0.058857083320617676,-0.005931973457336426,0.03884100914001465,0.0001501142978668213,-0.027368783950805664
1769719202.3190937,full,goal2.png,0.6924961805343628,-1.2308225631713867,-1.4343540668487549,-0.689293384552002,1.653334617614746,0.4704945981502533,1.8772368431091309,-1.2308201789855957,-1.376558780670166,-0.6943079233169556,1.691953182220459,0.47114890813827515,1.849973440170288,2.384185791015625e-06,0.05779528617858887,-0.005014538764953613,0.03861856460571289,0.0006543099880218506,-0.027263402938842773
1769719202.4213197,full,goal2.png,0.6888183951377869,-1.2309134006500244,-1.4265387058258057,-0.6945944428443909,1.6722368001937866,0.47096413373947144,1.8635600805282593,-1.2327830791473389,-1.3701159954071045,-0.6996888518333435,1.709749698638916,0.4723632037639618,1.8365542888641357,-0.0018696784973144531,0.05642271041870117,-0.005094408988952637,0.037512898445129395,0.0013990700244903564,-0.027005791664123535
1769719202.5194473,full,goal2.png,0.6898999810218811,-1.231004238128662,-1.4196017980575562,-0.6999561190605164,1.6893213987350464,0.4716154932975769,1.851518988609314,-1.235135555267334,-1.3648898601531982,-0.7024182081222534,1.7278966903686523,0.471322625875473,1.8225884437561035,-0.004131317138671875,0.05471193790435791,-0.0024620890617370605,0.03857529163360596,-0.00029286742210388184,-0.02893054485321045
1769719202.620334,full,goal2.png,0.7014397382736206,-1.2317918539047241,-1.4136948585510254,-0.704863429069519,1.7071635723114014,0.4722817838191986,1.8384026288986206,-1.2363145351409912,-1.35788893699646,-0.7055212259292603,1.7470662593841553,0.4701802134513855,1.8087691068649292,-0.00452268123626709,0.05580592155456543,-0.0006577968597412109,0.039902687072753906,-0.0021015703678131104,-0.029633522033691406
1769719202.7194183,full,goal2.png,0.699273407459259,-1.234184980392456,-1.4082120656967163,-0.7085590362548828,1.7267017364501953,0.47172147035598755,1.824422836303711,-1.2366912364959717,-1.3516263961791992,-0.7069229483604431,1.7636566162109375,0.46883127093315125,1.7940516471862793,-0.002506256103515625,0.05658566951751709,0.0016360878944396973,0.03695487976074219,-0.0028901994228363037,-0.03037118911743164
1769719202.8201723,full,goal2.png,0.6984787583351135,-1.2359418869018555,-1.4029109477996826,-0.711800217628479,1.7435743808746338,0.4704643189907074,1.8103523254394531,-1.237921118736267,-1.346893310546875,-0.7069259285926819,1.7790181636810303,0.4673062264919281,1.7776341438293457,-0.001979231834411621,0.05601763725280762,0.004874289035797119,0.035443782806396484,-0.003158092498779297,-0.03271818161010742
1769719202.9197392,full,goal2.png,0.6982476711273193,-1.237062692642212,-1.3957923650741577,-0.7138903737068176,1.7608709335327148,0.46928292512893677,1.7957818508148193,-1.240942120552063,-1.3430848121643066,-0.7084349989891052,1.793945550918579,0.4664227366447449,1.7611899375915527,-0.0038794279098510742,0.052707552909851074,0.005455374717712402,0.03307461738586426,-0.0028601884841918945,-0.0345919132232666
1769719203.0201669,full,goal2.png,0.7207494974136353,-1.2381532192230225,-1.3877044916152954,-0.7147688865661621,1.7768348455429077,0.4677380621433258,1.7798179388046265,-1.2429864406585693,-1.338741660118103,-0.7117359042167664,1.807478666305542,0.4660494923591614,1.7466750144958496,-0.004833221435546875,0.04896283149719238,0.003032982349395752,0.030643820762634277,-0.0016885697841644287,-0.033142924308776855
1769719203.1202102,full,goal2.png,0.7411131858825684,-1.2396677732467651,-1.3832818269729614,-0.716222882270813,1.7914659976959229,0.4668596386909485,1.7632784843444824,-1.2444145679473877,-1.335013747215271,-0.7146954536437988,1.8214980363845825,0.4695735573768616,1.7308359146118164,-0.004746794700622559,0.04826807975769043,0.0015274286270141602,0.030032038688659668,0.002713918685913086,-0.032442569732666016
1769719203.2203064,full,goal2.png,0.7102856040000916,-1.2424243688583374,-1.38197922706604,-0.7193126082420349,1.8053700923919678,0.4671775996685028,1.7488445043563843,-1.2443444728851318,-1.3309954404830933,-0.7169390916824341,1.8345903158187866,0.4756307601928711,1.716632604598999,-0.0019201040267944336,0.05098378658294678,0.00237351655960083,0.029220223426818848,0.008453160524368286,-0.032211899757385254
1769719203.3198707,full,goal2.png,0.6980456113815308,-1.2444539070129395,-1.3778594732284546,-0.7219177484512329,1.8197890520095825,0.4707067310810089,1.7325019836425781,-1.2447550296783447,-1.3263237476348877,-0.7190115451812744,1.8520846366882324,0.4803908169269562,1.7034361362457275,-0.00030112266540527344,0.051535725593566895,0.002906203269958496,0.0322955846786499,0.009684085845947266,-0.029065847396850586
1769719203.4196954,full,goal2.png,0.7273874282836914,-1.2443327903747559,-1.372225284576416,-0.7237958908081055,1.8337233066558838,0.47564420104026794,1.7188100814819336,-1.2453022003173828,-1.3217072486877441,-0.7211398482322693,1.8684992790222168,0.4840437173843384,1.6888898611068726,-0.0009694099426269531,0.050518035888671875,0.0026560425758361816,0.03477597236633301,0.008399516344070435,-0.029920220375061035
1769719203.5194821,full,goal2.png,0.7338242530822754,-1.2440601587295532,-1.3684992790222168,-0.7256133556365967,1.849232792854309,0.479582279920578,1.7055723667144775,-1.2454622983932495,-1.3184473514556885,-0.7208667397499084,1.8835991621017456,0.4903516471385956,1.6728181838989258,-0.001402139663696289,0.05005192756652832,0.004746615886688232,0.03436636924743652,0.010769367218017578,-0.03275418281555176
1769719203.6199276,full,goal2.png,0.726911187171936,-1.2446054220199585,-1.363864779472351,-0.7271583080291748,1.8668324947357178,0.4844440817832947,1.6907445192337036,-1.2441524267196655,-1.3151774406433105,-0.720768392086029,1.8968846797943115,0.4994441270828247,1.657548427581787,0.00045299530029296875,0.04868733882904053,0.006389915943145752,0.03005218505859375,0.01500004529953003,-0.033196091651916504
1769719203.7189827,full,goal2.png,0.7745742201805115,-1.2448779344558716,-1.356958031654358,-0.7271583080291748,1.8803728818893433,0.49150216579437256,1.6752955913543701,-1.2409658432006836,-1.3069846630096436,-0.7236757874488831,1.9161052703857422,0.5086691975593567,1.6430549621582031,0.003912091255187988,0.049973368644714355,0.003482520580291748,0.035732388496398926,0.01716703176498413,-0.03224062919616699
1769719203.8186178,full,goal2.png,0.7716077566146851,-1.2432119846343994,-1.3517177104949951,-0.7274914979934692,1.8960338830947876,0.49965059757232666,1.659907341003418,-1.2373645305633545,-1.2946176528930664,-0.7307180762290955,1.9382503032684326,0.5144684910774231,1.6278787851333618,0.005847454071044922,0.05710005760192871,-0.0032265782356262207,0.04221642017364502,0.014817893505096436,-0.03202855587005615
1769719203.9183447,full,goal2.png,0.7754557132720947,-1.2399101257324219,-1.3448715209960938,-0.7310962080955505,1.9168140888214111,0.5081020593643188,1.6440342664718628,-1.2348880767822266,-1.2837803363800049,-0.7356052398681641,1.9595839977264404,0.516922652721405,1.6140203475952148,0.0050220489501953125,0.06109118461608887,-0.004509031772613525,0.0427699089050293,0.008820593357086182,-0.03001391887664795
1769719204.0187964,full,goal2.png,0.7765880227088928,-1.2369414567947388,-1.333784818649292,-0.7356400489807129,1.9353225231170654,0.5128881335258484,1.63076651096344,-1.2331922054290771,-1.2772016525268555,-0.7347007989883423,1.9843413829803467,0.5208786725997925,1.595949649810791,0.003749251365661621,0.05658316612243652,0.0009392499923706055,0.04901885986328125,0.007990539073944092,-0.034816861152648926
1769719204.119091,full,goal2.png,0.8024850487709045,-1.2344273328781128,-1.3209106922149658,-0.739244818687439,1.9576475620269775,0.5166897773742676,1.6147874593734741,-1.2308473587036133,-1.2736544609069824,-0.7269014120101929,2.0157015323638916,0.5264153480529785,1.571319580078125,0.0035799741744995117,0.0472562313079834,0.012343406677246094,0.05805397033691406,0.009725570678710938,-0.04346787929534912
1769719204.219265,full,goal2.png,0.8106741309165955,-1.2317615747451782,-1.3149129152297974,-0.7392144203186035,1.98288094997406,0.5215214490890503,1.5961123704910278,-1.2280009984970093,-1.2673572301864624,-0.7228125929832458,2.052779197692871,0.5296430587768555,1.5444461107254028,0.0037605762481689453,0.04755568504333496,0.016401827335357666,0.06989824771881104,0.008121609687805176,-0.051666259765625
1769719204.3181841,full,goal2.png,0.8146359920501709,-1.2289141416549683,-1.3123379945755005,-0.7357006072998047,2.0144753456115723,0.5257773995399475,1.5717729330062866,-1.2243626117706299,-1.2569928169250488,-0.7256910800933838,2.0895180702209473,0.5311816334724426,1.5185526609420776,0.004551529884338379,0.05534517765045166,0.010009527206420898,0.075042724609375,0.005404233932495117,-0.053220272064208984
1769719204.4183614,full,goal2.png,0.8063679933547974,-1.22612726688385,-1.306067705154419,-0.7332469820976257,2.048614263534546,0.5290035009384155,1.546585202217102,-1.2206330299377441,-1.2439159154891968,-0.7344076633453369,2.1251916885375977,0.5312052965164185,1.4975168704986572,0.005494236946105957,0.06215178966522217,-0.0011606812477111816,0.07657742500305176,0.0022017955780029297,-0.049068331718444824
1769719204.5187182,full,goal2.png,0.7957210540771484,-1.2232798337936401,-1.2927088737487793,-0.735034167766571,2.087963581085205,0.5307301878929138,1.520867109298706,-1.217664122581482,-1.2332725524902344,-0.740879476070404,2.1615138053894043,0.5351217985153198,1.4726479053497314,0.005615711212158203,0.05943632125854492,-0.005845308303833008,0.07355022430419922,0.004391610622406006,-0.04821920394897461
1769719204.618349,full,goal2.png,0.8058933019638062,-1.2205232381820679,-1.2824702262878418,-0.7399111390113831,2.121739149093628,0.532547652721405,1.4989964962005615,-1.2157247066497803,-1.224165916442871,-0.7465804219245911,2.197608232498169,0.5399015545845032,1.4463510513305664,0.004798531532287598,0.0583043098449707,-0.006669282913208008,0.07586908340454102,0.0073539018630981445,-0.05264544486999512
1769719204.7189019,full,goal2.png,0.805680513381958,-1.2173426151275635,-1.2745640277862549,-0.7465754151344299,2.156756639480591,0.5355920791625977,1.4745659828186035,-1.2132488489151,-1.2179111242294312,-0.7473285794258118,2.229863166809082,0.5489572286605835,1.4178510904312134,0.004093766212463379,0.05665290355682373,-0.0007531642913818359,0.07310652732849121,0.01336514949798584,-0.05671489238739014
1769719204.8187902,full,goal2.png,0.8181688189506531,-1.2149192094802856,-1.265052318572998,-0.75121009349823,2.1952576637268066,0.5416807532310486,1.4456372261047363,-1.2089513540267944,-1.2107380628585815,-0.7488141655921936,2.2557525634765625,0.559670090675354,1.3961647748947144,0.005967855453491211,0.054314255714416504,0.002395927906036377,0.06049489974975586,0.01798933744430542,-0.04947245121002197
1769719204.9190514,full,goal2.png,0.8040155172348022,-1.2125262022018433,-1.2559646368026733,-0.7526640892028809,2.224853038787842,0.5500109791755676,1.4215247631072998,-1.2041282653808594,-1.2040743827819824,-0.7489460706710815,2.2776455879211426,0.570845365524292,1.376724362373352,0.008397936820983887,0.05189025402069092,0.0037180185317993164,0.05279254913330078,0.020834386348724365,-0.044800400733947754
1769719205.0295794,full,goal2.png,0.8198397755622864,-1.2084367275238037,-1.248664379119873,-0.7541787028312683,2.251297950744629,0.5595983266830444,1.3997902870178223,-1.20028817653656,-1.196893334388733,-0.7502904534339905,2.29923677444458,0.5795233249664307,1.3581527471542358,0.008148550987243652,0.05177104473114014,0.003888249397277832,0.04793882369995117,0.01992499828338623,-0.041637539863586426
1769719205.1309235,full,goal2.png,0.8253723978996277,-1.2043776512145996,-1.2439994812011719,-0.7548754215240479,2.2703211307525635,0.5686557292938232,1.3821604251861572,-1.1969035863876343,-1.1903635263442993,-0.748832643032074,2.3240928649902344,0.5892143845558167,1.3368191719055176,0.007474064826965332,0.05363595485687256,0.006042778491973877,0.0537717342376709,0.020558655261993408,-0.04534125328063965
1769719205.2320523,full,goal2.png,0.8332926034927368,-1.2002276182174683,-1.2377593517303467,-0.7556326985359192,2.2946457862854004,0.5785307288169861,1.361895203590393,-1.1925595998764038,-1.1849867105484009,-0.7441632747650146,2.3489627838134766,0.6017148494720459,1.3170791864395142,0.007668018341064453,0.0527726411819458,0.011469423770904541,0.05431699752807617,0.023184120655059814,-0.044816017150878906
1769719205.330672,full,goal2.png,0.8312269449234009,-1.1966532468795776,-1.2302770614624023,-0.7550874948501587,2.3166980743408203,0.587315559387207,1.3429930210113525,-1.1872823238372803,-1.1799551248550415,-0.7368401885032654,2.37357497215271,0.6160628199577332,1.2969807386398315,0.009370923042297363,0.05032193660736084,0.01824730634689331,0.05687689781188965,0.028747260570526123,-0.046012282371520996
1769719205.4213376,full,goal2.png,0.8211117386817932,-1.1927152872085571,-1.2238249778747559,-0.751815915107727,2.343536853790283,0.6005985736846924,1.3216218948364258,-1.182685136795044,-1.175279140472412,-0.7298526763916016,2.3949451446533203,0.6274622082710266,1.278450846672058,0.010030150413513184,0.04854583740234375,0.02196323871612549,0.05140829086303711,0.02686363458633423,-0.043171048164367676
1769719205.5205848,full,goal2.png,0.82375168800354,-1.1875959634780884,-1.2198870182037354,-0.7466965913772583,2.3685882091522217,0.6149266362190247,1.3003873825073242,-1.178311824798584,-1.1694616079330444,-0.725063681602478,2.4144647121429443,0.6371025443077087,1.2604496479034424,0.009284138679504395,0.05042541027069092,0.021632909774780273,0.045876502990722656,0.022175908088684082,-0.039937734603881836
1769719205.6210392,full,goal2.png,0.8379225730895996,-1.1829612255096436,-1.2161610126495361,-0.7413046360015869,2.391519069671631,0.626240611076355,1.2811973094940186,-1.1728105545043945,-1.1656426191329956,-0.7187886834144592,2.430504560470581,0.6477879285812378,1.244503378868103,0.010150671005249023,0.05051839351654053,0.022515952587127686,0.038985490798950195,0.021547317504882812,-0.03669393062591553
1769719205.721112,full,goal2.png,0.8461204767227173,-1.1786295175552368,-1.2110720872879028,-0.7360035181045532,2.4102396965026855,0.6369034051895142,1.263234257698059,-1.1664766073226929,-1.1637299060821533,-0.7105785012245178,2.4451119899749756,0.6596447229385376,1.2288851737976074,0.012152910232543945,0.04734218120574951,0.0254250168800354,0.03487229347229004,0.022741317749023438,-0.03434908390045166
1769719205.8218033,full,goal2.png,0.8363134860992432,-1.173510193824768,-1.2067099809646606,-0.7291878461837769,2.427475690841675,0.6483690142631531,1.2466191053390503,-1.160141110420227,-1.16361665725708,-0.7005903720855713,2.4584739208221436,0.6719962358474731,1.2136355638504028,0.013369083404541016,0.043093323707580566,0.028597474098205566,0.03099822998046875,0.02362722158432007,-0.03298354148864746
1769719205.919734,full,goal2.png,0.8221068978309631,-1.1673911809921265,-1.20474112033844,-0.7218269109725952,2.4427430629730225,0.6601071357727051,1.23154878616333,-1.1551473140716553,-1.162177324295044,-0.6925407648086548,2.4716808795928955,0.6813925504684448,1.199549674987793,0.012243866920471191,0.042563796043395996,0.02928614616394043,0.028937816619873047,0.021285414695739746,-0.03199911117553711
1769719206.0192235,full,goal2.png,0.8337724208831787,-1.1609389781951904,-1.204044222831726,-0.7133451700210571,2.4556472301483154,0.6715120673179626,1.2165087461471558,-1.1503287553787231,-1.1601276397705078,-0.6848740577697754,2.4846856594085693,0.69046950340271,1.1870615482330322,0.010610222816467285,0.04391658306121826,0.02847111225128174,0.029038429260253906,0.018957436084747314,-0.029447197914123535
1769719206.1204448,full,goal2.png,0.8413558006286621,-1.1556075811386108,-1.2028932571411133,-0.7043484449386597,2.4700663089752197,0.6817506551742554,1.201150894165039,-1.1468822956085205,-1.1592706441879272,-0.677687406539917,2.4954631328582764,0.7006946206092834,1.1756503582000732,0.008725285530090332,0.043622612953186035,0.026661038398742676,0.02539682388305664,0.018943965435028076,-0.02550053596496582
1769719206.2206056,full,goal2.png,0.8441911935806274,-1.1515182256698608,-1.2010151147842407,-0.6968663334846497,2.4821527004241943,0.6908231973648071,1.1891703605651855,-1.1442821025848389,-1.161385416984558,-0.6697958111763,2.5046629905700684,0.7125701308250427,1.1641403436660767,0.007236123085021973,0.03962969779968262,0.02707052230834961,0.022510290145874023,0.021746933460235596,-0.025030016899108887
1769719206.3214371,full,goal2.png,0.8314833641052246,-1.1483376026153564,-1.1994400024414062,-0.6902626752853394,2.4932093620300293,0.7008193731307983,1.1779624223709106,-1.141700267791748,-1.165681004524231,-0.6593688726425171,2.515449047088623,0.7247052788734436,1.1516457796096802,0.0066373348236083984,0.03375899791717529,0.030893802642822266,0.02223968505859375,0.023885905742645264,-0.02631664276123047
1769719206.422364,full,goal2.png,0.8349324464797974,-1.1450963020324707,-1.1998337507247925,-0.6812357306480408,2.5034782886505127,0.7124515771865845,1.1659365892410278,-1.139129638671875,-1.1691035032272339,-0.6500915288925171,2.526045560836792,0.7345941662788391,1.13997220993042,0.005966663360595703,0.030730247497558594,0.03114420175552368,0.022567272186279297,0.02214258909225464,-0.02596437931060791
1769719206.5232663,full,goal2.png,0.8410689830780029,-1.142006516456604,-1.20204496383667,-0.6710575819015503,2.513111114501953,0.723250687122345,1.1544103622436523,-1.136549949645996,-1.170900583267212,-0.6409297585487366,2.536139488220215,0.7444763779640198,1.1288669109344482,0.00545656681060791,0.031144380569458008,0.03012782335281372,0.02302837371826172,0.021225690841674805,-0.0255434513092041
1769719206.6223977,full,goal2.png,0.8374037742614746,-1.1397649049758911,-1.2041047811508179,-0.6628484725952148,2.523804187774658,0.7333528995513916,1.1429752111434937,-1.1338000297546387,-1.171440839767456,-0.6338843107223511,2.543936014175415,0.7532417178153992,1.1193164587020874,0.005964875221252441,0.032663941383361816,0.02896416187286377,0.020131826400756836,0.01988881826400757,-0.02365875244140625
1769719206.7202265,full,goal2.png,0.8357585668563843,-1.1372203826904297,-1.2062556743621826,-0.6530338525772095,2.5340428352355957,0.7435765266418457,1.1311461925506592,-1.1311066150665283,-1.1718864440917969,-0.6275765895843506,2.549502372741699,0.7611531615257263,1.1113688945770264,0.006113767623901367,0.03436923027038574,0.025457262992858887,0.015459537506103516,0.017576634883880615,-0.019777297973632812
1769719206.8206077,full,goal2.png,0.8338334560394287,-1.1346153020858765,-1.2074975967407227,-0.6454911828041077,2.541222095489502,0.7520583271980286,1.1219676733016968,-1.1287606954574585,-1.1722118854522705,-0.6217172145843506,2.553877592086792,0.7679058909416199,1.1053712368011475,0.005854606628417969,0.03528571128845215,0.02377396821975708,0.012655496597290039,0.01584756374359131,-0.016596436500549316
1769719206.9213195,full,goal2.png,0.830329418182373,-1.132070779800415,-1.2080127000808716,-0.6395236849784851,2.5477349758148193,0.759888768196106,1.1138948202133179,-1.1270718574523926,-1.172670841217041,-0.6161123514175415,2.556056499481201,0.7757852077484131,1.1012701988220215,0.004998922348022461,0.035341858863830566,0.023411333560943604,0.008321523666381836,0.01589643955230713,-0.012624621391296387
1769719207.021143,full,goal2.png,0.8257737159729004,-1.129677653312683,-1.208164095878601,-0.6337682008743286,2.5520665645599365,0.7666286826133728,1.1071549654006958,-1.125125765800476,-1.173069953918457,-0.609498918056488,2.5574591159820557,0.784280002117157,1.0980411767959595,0.004551887512207031,0.03509414196014404,0.024269282817840576,0.005392551422119141,0.01765131950378418,-0.009113788604736328
1769719207.1211143,full,goal2.png,0.8293204307556152,-1.1278904676437378,-1.208618402481079,-0.627255380153656,2.554823160171509,0.7742016911506653,1.1016114950180054,-1.1230007410049438,-1.1731882095336914,-0.6028056144714355,2.5591442584991455,0.7922902703285217,1.0951664447784424,0.004889726638793945,0.035430192947387695,0.02444976568222046,0.004321098327636719,0.018088579177856445,-0.006445050239562988
1769719207.2235963,full,goal2.png,0.8282831311225891,-1.1261638402938843,-1.2090728282928467,-0.6205002665519714,2.556307315826416,0.7820322513580322,1.098870038986206,-1.1211811304092407,-1.1733125448226929,-0.5959407091140747,2.5618460178375244,0.7994547486305237,1.0918376445770264,0.004982709884643555,0.03576028347015381,0.02455955743789673,0.0055387020111083984,0.017422497272491455,-0.0070323944091796875
1769719207.3218849,full,goal2.png,0.8262355327606201,-1.1244069337844849,-1.209254503250122,-0.6142299175262451,2.5580947399139404,0.7897414565086365,1.0954623222351074,-1.1195859909057617,-1.1734297275543213,-0.5894606709480286,2.5650737285614014,0.8054602742195129,1.0882391929626465,0.0048209428787231445,0.03582477569580078,0.024769246578216553,0.0069789886474609375,0.015718817710876465,-0.0072231292724609375
1769719207.4226892,full,goal2.png,0.8184375762939453,-1.1218624114990234,-1.2095272541046143,-0.6079594492912292,2.560730218887329,0.7971024513244629,1.0929783582687378,-1.118228554725647,-1.1732327938079834,-0.5851770043373108,2.5678181648254395,0.8096921443939209,1.0854427814483643,0.003633856773376465,0.03629446029663086,0.022782444953918457,0.0070879459381103516,0.012589693069458008,-0.007535576820373535
1769719207.5224462,full,goal2.png,0.8181561231613159,-1.120105504989624,-1.2098300457000732,-0.6018707752227783,2.5634865760803223,0.8035092353820801,1.0892674922943115,-1.1170902252197266,-1.1723796129226685,-0.5830527544021606,2.569249391555786,0.8121967315673828,1.0836585760116577,0.003015279769897461,0.037450432777404785,0.018818020820617676,0.005762815475463867,0.008687496185302734,-0.005608916282653809
1769719207.6231682,full,goal2.png,0.8302884101867676,-1.118560552597046,-1.2096786499023438,-0.5974481105804443,2.5659101009368896,0.8080378174781799,1.0864050388336182,-1.1156480312347412,-1.1713569164276123,-0.5794299840927124,2.5717005729675293,0.8156183362007141,1.0813463926315308,0.0029125213623046875,0.038321733474731445,0.018018126487731934,0.0057904720306396484,0.00758051872253418,-0.005058646202087402
1769719207.7229233,full,goal2.png,0.8332771062850952,-1.1174397468566895,-1.2090122699737549,-0.5943583846092224,2.56766676902771,0.8111729621887207,1.0843300819396973,-1.11348557472229,-1.1711194515228271,-0.5745545625686646,2.5751230716705322,0.8189306259155273,1.0783625841140747,0.003954172134399414,0.037892818450927734,0.01980382204055786,0.007456302642822266,0.007757663726806641,-0.005967497825622559
1769719207.8213594,full,goal2.png,0.82587730884552,-1.1160765886306763,-1.2084972858428955,-0.5903598070144653,2.5706658363342285,0.8140508532524109,1.0823003053665161,-1.1109873056411743,-1.171604037284851,-0.5702329874038696,2.5789718627929688,0.8207259774208069,1.074737548828125,0.005089282989501953,0.036893248558044434,0.020126819610595703,0.008306026458740234,0.006675124168395996,-0.007562756538391113
1769719207.924143,full,goal2.png,0.8282468318939209,-1.1141681671142578,-1.2083457708358765,-0.5863915681838989,2.574331045150757,0.8172465562820435,1.0793771743774414,-1.1087620258331299,-1.1714988946914673,-0.5699048042297363,2.580400228500366,0.821228563785553,1.073088526725769,0.00540614128112793,0.03684687614440918,0.016486763954162598,0.006069183349609375,0.0039820075035095215,-0.006288647651672363
1769719208.0225556,full,goal2.png,0.8341285586357117,-1.1123204231262207,-1.2084366083145142,-0.5830291509628296,2.5776028633117676,0.8197608590126038,1.0765904188156128,-1.1067522764205933,-1.1707819700241089,-0.5705718398094177,2.5796444416046143,0.8221606612205505,1.072641134262085,0.005568146705627441,0.03765463829040527,0.012457311153411865,0.0020415782928466797,0.0023998022079467773,-0.003949284553527832
1769719208.123609,full,goal2.png,0.824882447719574,-1.1099576950073242,-1.2084972858428955,-0.5817872285842896,2.579298973083496,0.8211996555328369,1.0748183727264404,-1.1050364971160889,-1.170118808746338,-0.5690212845802307,2.579087257385254,0.8238109946250916,1.0723974704742432,0.0049211978912353516,0.03837847709655762,0.012765944004058838,-0.0002117156982421875,0.0026113390922546387,-0.0024209022521972656
1769719208.2238796,full,goal2.png,0.8276451826095581,-1.1082309484481812,-1.208618402481079,-0.5815448760986328,2.5794200897216797,0.8222901821136475,1.0736974477767944,-1.1044560670852661,-1.1699670553207397,-0.5641161203384399,2.579662561416626,0.826335072517395,1.0710318088531494,0.003774881362915039,0.038651347160339355,0.01742875576019287,0.00024247169494628906,0.004044890403747559,-0.0026656389236450195
1769719208.321347,full,goal2.png,0.8274744153022766,-1.106564998626709,-1.2082852125167847,-0.5799999237060547,2.579389810562134,0.8233200907707214,1.0727887153625488,-1.1046398878097534,-1.1701045036315918,-0.5580019354820251,2.5799717903137207,0.8296158909797668,1.0702234506607056,0.0019251108169555664,0.03818070888519287,0.02199798822402954,0.0005819797515869141,0.00629580020904541,-0.0025652647018432617
1769719208.4232767,full,goal2.png,0.8230047225952148,-1.105595588684082,-1.2077399492263794,-0.575425922870636,2.5794503688812256,0.8257433772087097,1.071304440498352,-1.1045286655426025,-1.1698178052902222,-0.5534139275550842,2.578368902206421,0.8331275582313538,1.070627212524414,0.0010669231414794922,0.03792214393615723,0.022011995315551758,-0.0010814666748046875,0.007384181022644043,-0.0006772279739379883
1769719208.5227592,full,goal2.png,0.8282575607299805,-1.1052018404006958,-1.2074975967407227,-0.5699127912521362,2.5795414447784424,0.8284698128700256,1.071001410484314,-1.1040018796920776,-1.1693058013916016,-0.5505101084709167,2.576606512069702,0.8356298208236694,1.0706955194473267,0.001199960708618164,0.038191795349121094,0.019402682781219482,-0.0029349327087402344,0.007160007953643799,-0.0003058910369873047
1769719208.6234052,full,goal2.png,0.8263459801673889,-1.1050806045532227,-1.2074369192123413,-0.5648843050003052,2.579056739807129,0.8315140604972839,1.0711984634399414,-1.1035923957824707,-1.169281005859375,-0.5485787391662598,2.5760679244995117,0.8368678092956543,1.0690940618515015,0.0014882087707519531,0.03815591335296631,0.01630556583404541,-0.0029888153076171875,0.005353748798370361,-0.0021044015884399414
1769719208.7241976,full,goal2.png,0.8255455493927002,-1.1050200462341309,-1.2071038484573364,-0.5616733431816101,2.5781478881835938,0.8334981203079224,1.0709106922149658,-1.1031324863433838,-1.169439435005188,-0.5447450280189514,2.5780677795410156,0.8379186391830444,1.065905213356018,0.0018875598907470703,0.03766441345214844,0.01692831516265869,-8.0108642578125e-05,0.00442051887512207,-0.005005478858947754
1769719208.824105,full,goal2.png,0.8282744884490967,-1.1049292087554932,-1.206770658493042,-0.5590682029724121,2.5776634216308594,0.8354217410087585,1.0693808794021606,-1.1027511358261108,-1.1698203086853027,-0.5414787530899048,2.5809102058410645,0.8391852974891663,1.0629606246948242,0.0021780729293823242,0.03695034980773926,0.017589449882507324,0.003246784210205078,0.003763556480407715,-0.006420254707336426
1769719208.9269307,full,goal2.png,0.8311628699302673,-1.1041113138198853,-1.2068917751312256,-0.5562511086463928,2.5786023139953613,0.8376482129096985,1.0666999816894531,-1.1026235818862915,-1.1706318855285645,-0.5360111594200134,2.5845794677734375,0.8419525623321533,1.059614896774292,0.00148773193359375,0.03625988960266113,0.020239949226379395,0.005977153778076172,0.004304349422454834,-0.007085084915161133
1769719209.0233135,full,goal2.png,0.8278541564941406,-1.1034449338912964,-1.2072855234146118,-0.5532521605491638,2.5805108547210693,0.8397687673568726,1.063882827758789,-1.102433681488037,-1.1721036434173584,-0.5284988880157471,2.5875661373138428,0.8458694219589233,1.056586742401123,0.0010112524032592773,0.03518187999725342,0.024753272533416748,0.0070552825927734375,0.006100654602050781,-0.007296085357666016
1769719209.1222756,full,goal2.png,0.8346824049949646,-1.1031419038772583,-1.2077096700668335,-0.548163115978241,2.583691358566284,0.8425707221031189,1.06062650680542,-1.101853609085083,-1.1734116077423096,-0.5205963850021362,2.5887224674224854,0.8503091335296631,1.055146336555481,0.001288294792175293,0.034298062324523926,0.027566730976104736,0.005031108856201172,0.0077384114265441895,-0.005480170249938965
1769719209.2247584,full,goal2.png,0.8318449258804321,-1.1028693914413452,-1.2087697982788086,-0.5399843454360962,2.5864479541778564,0.8452364206314087,1.0580517053604126,-1.1014784574508667,-1.1735676527023315,-0.5160682797431946,2.590737819671631,0.8531290292739868,1.0550768375396729,0.0013909339904785156,0.03520214557647705,0.02391606569290161,0.004289865493774414,0.007892608642578125,-0.002974867820739746
1769719209.3246675,full,goal2.png,0.830285906791687,-1.1026270389556885,-1.209920883178711,-0.5328354239463806,2.5879623889923096,0.8483715653419495,1.056158423423767,-1.1011967658996582,-1.1727538108825684,-0.5142209529876709,2.594101667404175,0.8548651933670044,1.0566153526306152,0.0014302730560302734,0.03716707229614258,0.018614470958709717,0.006139278411865234,0.006493628025054932,0.00045692920684814453
1769719209.4247189,full,goal2.png,0.8291828036308289,-1.1023544073104858,-1.2104662656784058,-0.5287459492683411,2.5901131629943848,0.8510827422142029,1.0561432838439941,-1.101310133934021,-1.172027587890625,-0.5137852430343628,2.5986335277557373,0.8564765453338623,1.057984471321106,0.0010442733764648438,0.03843867778778076,0.014960706233978271,0.008520364761352539,0.005393803119659424,0.0018411874771118164
1769719209.524306,full,goal2.png,0.8305238485336304,-1.1020817756652832,-1.2103147506713867,-0.5265952348709106,2.5930213928222656,0.8535969257354736,1.0567187070846558,-1.1012170314788818,-1.1718204021453857,-0.5130823850631714,2.6022844314575195,0.858373761177063,1.058729648590088,0.0008647441864013672,0.03849434852600098,0.013512849807739258,0.009263038635253906,0.0047768354415893555,0.002010941505432129
1769719209.6250284,full,goal2.png,0.8307033181190491,-1.1020210981369019,-1.210042119026184,-0.5254442095756531,2.5967774391174316,0.8554750680923462,1.0579607486724854,-1.101418375968933,-1.1718242168426514,-0.5117815732955933,2.6045799255371094,0.8600950241088867,1.0591285228729248,0.00060272216796875,0.038217902183532715,0.013662636280059814,0.007802486419677734,0.004619956016540527,0.0011677742004394531
1769719209.7238884,full,goal2.png,0.8291022777557373,-1.1020514965057373,-1.2098300457000732,-0.5244142413139343,2.6005942821502686,0.8572924733161926,1.0587787628173828,-1.102055549621582,-1.1720044612884521,-0.5102490186691284,2.6052160263061523,0.860563337802887,1.0592716932296753,-4.0531158447265625e-06,0.037825584411621094,0.014165222644805908,0.004621744155883789,0.003270864486694336,0.0004929304122924805
1769719209.8267272,full,goal2.png,0.832328200340271,-1.1020817756652832,-1.2097997665405273,-0.5230511426925659,2.6031692028045654,0.8592009544372559,1.0592330694198608,-1.1023486852645874,-1.1723483800888062,-0.5087560415267944,2.604897975921631,0.8605016469955444,1.0596857070922852,-0.0002669095993041992,0.03745138645172119,0.014295101165771484,0.0017287731170654297,0.0013006925582885742,0.0004526376724243164
1769719209.9269693,full,goal2.png,0.8297522068023682,-1.102142333984375,-1.2094969749450684,-0.5215365290641785,2.6040172576904297,0.8597007393836975,1.0593390464782715,-1.101852536201477,-1.1737337112426758,-0.504193902015686,2.6040356159210205,0.8622225522994995,1.05961275100708,0.0002897977828979492,0.03576326370239258,0.01734262704849243,1.8358230590820312e-05,0.002521812915802002,0.00027370452880859375
1769719210.024073,full,goal2.png,0.8302644491195679,-1.102112054824829,-1.2094666957855225,-0.5192645788192749,2.6041080951690674,0.8600491881370544,1.059626817703247,-1.101017951965332,-1.1750684976577759,-0.49895164370536804,2.6041183471679688,0.864872932434082,1.0594050884246826,0.0010941028594970703,0.03439819812774658,0.02031293511390686,1.0251998901367188e-05,0.004823744297027588,-0.00022172927856445312
1769719210.1235583,full,goal2.png,0.827986478805542,-1.1012638807296753,-1.210254192352295,-0.5152661204338074,2.603986978530884,0.8617756962776184,1.0598390102386475,-1.1000816822052002,-1.175842046737671,-0.4928830862045288,2.6051993370056152,0.8673752546310425,1.058842658996582,0.0011821985244750977,0.03441214561462402,0.022383034229278564,0.0012123584747314453,0.005599558353424072,-0.0009963512420654297
1769719210.2244155,full,goal2.png,0.8315605521202087,-1.1008700132369995,-1.2114053964614868,-0.5097226500511169,2.603986978530884,0.864259660243988,1.0594148635864258,-1.0994057655334473,-1.175404667854309,-0.49067020416259766,2.605646848678589,0.8679521083831787,1.059748649597168,0.001464247703552246,0.036000728607177734,0.019052445888519287,0.0016598701477050781,0.003692448139190674,0.0003337860107421875
1769719210.3248203,full,goal2.png,0.8269567489624023,-1.1008397340774536,-1.2118899822235107,-0.504815399646759,2.6043806076049805,0.8661681413650513,1.0595965385437012,-1.0989807844161987,-1.1741516590118408,-0.49166810512542725,2.606013774871826,0.8680558204650879,1.0626838207244873,0.0018589496612548828,0.03773832321166992,0.013147294521331787,0.0016331672668457031,0.001887679100036621,0.003087282180786133
1769719210.4296002,full,goal2.png,0.8282163143157959,-1.1002641916275024,-1.211647629737854,-0.5027554631233215,2.6049561500549316,0.8671829104423523,1.0602478981018066,-1.099365472793579,-1.1730213165283203,-0.49584001302719116,2.6062071323394775,0.86823570728302,1.0662060976028442,0.0008987188339233398,0.03862631320953369,0.006915450096130371,0.0012509822845458984,0.0010527968406677246,0.005958199501037598
1769719210.527878,full,goal2.png,0.828643262386322,-1.0995372533798218,-1.2112537622451782,-0.5027251839637756,2.605531692504883,0.8680159449577332,1.062474250793457,-1.0996365547180176,-1.1722326278686523,-0.4999881982803345,2.6066486835479736,0.8691927194595337,1.0690842866897583,-9.930133819580078e-05,0.03902113437652588,0.002736985683441162,0.0011169910430908203,0.0011767745018005371,0.0066100358963012695
1769719210.6264446,full,goal2.png,0.8269461393356323,-1.0989919900894165,-1.2104965448379517,-0.5041792392730713,2.605804443359375,0.8686823844909668,1.0650793313980103,-1.0993584394454956,-1.172677993774414,-0.49967673420906067,2.606353282928467,0.8715844750404358,1.0709302425384521,-0.00036644935607910156,0.0378185510635376,0.00450250506401062,0.0005488395690917969,0.002902090549468994,0.0058509111404418945
1769719210.725603,full,goal2.png,0.8262031078338623,-1.0990222692489624,-1.2094361782073975,-0.5062693953514099,2.606198310852051,0.8695909976959229,1.067836046218872,-1.0990548133850098,-1.1735150814056396,-0.49733662605285645,2.607052803039551,0.8734649419784546,1.0717055797576904,-3.254413604736328e-05,0.03592109680175781,0.008932769298553467,0.0008544921875,0.0038739442825317383,0.0038695335388183594
1769719210.8246183,full,goal2.png,0.8310619592666626,-1.0992040634155273,-1.208618402481079,-0.5065723061561584,2.6062588691711426,0.8715296387672424,1.069926142692566,-1.098641037940979,-1.1745103597640991,-0.49519282579421997,2.6075000762939453,0.8748770952224731,1.0715893507003784,0.0005630254745483398,0.03410804271697998,0.011379480361938477,0.0012412071228027344,0.003347456455230713,0.0016632080078125
1769719210.9250674,full,goal2.png,0.8281070590019226,-1.0989919900894165,-1.2084063291549683,-0.5059058666229248,2.606743574142456,0.8729535341262817,1.0710469484329224,-1.098040223121643,-1.1752464771270752,-0.4934471845626831,2.607621669769287,0.8758895397186279,1.071126937866211,0.0009517669677734375,0.033159852027893066,0.0124586820602417,0.0008780956268310547,0.0029360055923461914,7.998943328857422e-05
1769719211.0234957,full,goal2.png,0.8296982645988464,-1.098325490951538,-1.2088607549667358,-0.5046941637992859,2.607137441635132,0.8743316531181335,1.071304440498352,-1.0972955226898193,-1.1755388975143433,-0.4927018880844116,2.607355833053589,0.8765795230865479,1.070932149887085,0.00102996826171875,0.03332185745239258,0.011992275714874268,0.00021839141845703125,0.0022478699684143066,-0.00037229061126708984
1769719211.1255062,full,goal2.png,0.8286460041999817,-1.0975682735443115,-1.2094969749450684,-0.5036945343017578,2.6072585582733154,0.8752253651618958,1.0712590217590332,-1.0962306261062622,-1.1764240264892578,-0.4884212613105774,2.6074867248535156,0.8787233233451843,1.070167064666748,0.0013376474380493164,0.03307294845581055,0.01527327299118042,0.0002281665802001953,0.0034979581832885742,-0.0010919570922851562
1769719211.22468,full,goal2.png,0.8271031975746155,-1.0970532894134521,-1.209920883178711,-0.5024828910827637,2.6072888374328613,0.8761492967605591,1.071001410484314,-1.0956465005874634,-1.1771420240402222,-0.48460882902145386,2.607180118560791,0.8804165124893188,1.0696626901626587,0.0014067888259887695,0.03277885913848877,0.017874062061309814,-0.0001087188720703125,0.004267215728759766,-0.0013387203216552734
1769719211.325105,full,goal2.png,0.8273608088493347,-1.096295952796936,-1.2103753089904785,-0.4997566044330597,2.6072585582733154,0.8779667019844055,1.0702139139175415,-1.0954653024673462,-1.1777600049972534,-0.4817776679992676,2.606842279434204,0.8817498683929443,1.069449543952942,0.0008306503295898438,0.0326153039932251,0.017978936433792114,-0.0004162788391113281,0.0037831664085388184,-0.0007643699645996094
1769719211.4251332,full,goal2.png,0.8276466131210327,-1.095659852027893,-1.2112234830856323,-0.4966970980167389,2.6071979999542236,0.8795117139816284,1.0699715614318848,-1.0951869487762451,-1.1778019666671753,-0.48047131299972534,2.6070218086242676,0.8827135562896729,1.0697005987167358,0.0004729032516479492,0.03342151641845703,0.01622578501701355,-0.0001761913299560547,0.0032018423080444336,-0.0002709627151489258
1769719211.5258794,full,goal2.png,0.8293288946151733,-1.0955992937088013,-1.2123746871948242,-0.49421316385269165,2.607137441635132,0.8807536363601685,1.0698201656341553,-1.0945026874542236,-1.1783578395843506,-0.4779091775417328,2.60688853263855,0.8846322298049927,1.0695232152938843,0.0010966062545776367,0.03401684761047363,0.016303986310958862,-0.00024890899658203125,0.0038785934448242188,-0.0002969503402709961
1769719211.6256664,full,goal2.png,0.8259438276290894,-1.0955690145492554,-1.2124958038330078,-0.4916686713695526,2.6071677207946777,0.8818442225456238,1.0698504447937012,-1.0944101810455322,-1.1782050132751465,-0.4780540466308594,2.6061060428619385,0.8861286044120789,1.0701783895492554,0.0011588335037231445,0.03429079055786133,0.013614624738693237,-0.0010616779327392578,0.004284381866455078,0.0003279447555541992
1769719211.884524,full,goal2.png,0.8261245489120483,-1.0951751470565796,-1.2124958038330078,-0.48927560448646545,2.607046365737915,0.8833435773849487,1.0703502893447876,-1.0944104194641113,-1.177640676498413,-0.48070549964904785,2.6055445671081543,0.8874154090881348,1.0716360807418823,0.0007647275924682617,0.03485512733459473,0.008570104837417603,-0.0015017986297607422,0.004071831703186035,0.0012857913970947266
1769719211.9070141,full,goal2.png,0.8303367495536804,-1.0945390462875366,-1.2124049663543701,-0.48845767974853516,2.606804132461548,0.8842371702194214,1.070668339729309,-1.0945054292678833,-1.1768779754638672,-0.48395177721977234,2.604832410812378,0.8884298801422119,1.0736905336380005,3.361701965332031e-05,0.03552699089050293,0.004505902528762817,-0.001971721649169922,0.004192709922790527,0.0030221939086914062
1769719211.9270973,full,goal2.png,0.8276984691619873,-1.0943875312805176,-1.2124049663543701,-0.4883062541484833,2.60671329498291,0.8843886256217957,1.0706987380981445,-1.094174861907959,-1.1765331029891968,-0.48614591360092163,2.604340076446533,0.8895277976989746,1.0755906105041504,0.00021266937255859375,0.03587186336517334,0.0021603405475616455,-0.002373218536376953,0.005139172077178955,0.004891872406005859
1769719212.0232859,full,goal2.png,0.8247218728065491,-1.0943875312805176,-1.2112840414047241,-0.4901540279388428,2.606198310852051,0.8862819075584412,1.0726220607757568,-1.0937910079956055,-1.1770431995391846,-0.4868941009044647,2.6030502319335938,0.8896631002426147,1.076833963394165,0.0005965232849121094,0.03424084186553955,0.0032599270343780518,-0.0031480789184570312,0.003381192684173584,0.004211902618408203
1769719212.1265297,full,goal2.png,0.8244178295135498,-1.094417929649353,-1.209920883178711,-0.49327412247657776,2.6052894592285156,0.8879479765892029,1.0748636722564697,-1.0933741331100464,-1.17777681350708,-0.4869062900543213,2.603022575378418,0.8901584148406982,1.076900601387024,0.0010437965393066406,0.03214406967163086,0.00636783242225647,-0.0022668838500976562,0.0022104382514953613,0.0020369291305541992
1769719212.2276871,full,goal2.png,0.8257468342781067,-1.0942058563232422,-1.209618091583252,-0.49466755986213684,2.6040778160095215,0.8885537981987,1.0758332014083862,-1.0931968688964844,-1.1775901317596436,-0.48821115493774414,2.603583574295044,0.8899145126342773,1.0773656368255615,0.0010089874267578125,0.0320279598236084,0.0064564049243927,-0.0004942417144775391,0.0013607144355773926,0.001532435417175293
1769719212.3269327,full,goal2.png,0.8259502649307251,-1.094114899635315,-1.2097997665405273,-0.4952733516693115,2.603926420211792,0.8889022469520569,1.076393485069275,-1.0934065580368042,-1.1768110990524292,-0.49023884534835815,2.603424072265625,0.8888604640960693,1.0783438682556152,0.0007083415985107422,0.032988667488098145,0.005034506320953369,-0.0005023479461669922,-4.178285598754883e-05,0.001950383186340332
1769719212.427354,full,goal2.png,0.8235960006713867,-1.0941452980041504,-1.2097392082214355,-0.4962427020072937,2.603956699371338,0.8889779448509216,1.076802372932434,-1.0935863256454468,-1.1753621101379395,-0.49385666847229004,2.6027238368988037,0.8871795535087585,1.0802547931671143,0.0005589723587036133,0.034377098083496094,0.002386033535003662,-0.0012328624725341797,-0.001798391342163086,0.0034524202346801758
1769719212.5274937,full,goal2.png,0.8283398747444153,-1.0941755771636963,-1.209254503250122,-0.4978784918785095,2.603896141052246,0.8885537981987,1.0773780345916748,-1.0934412479400635,-1.1743414402008057,-0.49654829502105713,2.6017489433288574,0.885672390460968,1.0820833444595337,0.0007343292236328125,0.034913063049316406,0.0013301968574523926,-0.002147197723388672,-0.0028814077377319336,0.004705309867858887
1769719212.6236165,full,goal2.png,0.8237614631652832,-1.094084620475769,-1.208164095878601,-0.5003321170806885,2.6034719944000244,0.8873269557952881,1.078847050666809,-1.0931211709976196,-1.1739802360534668,-0.49815523624420166,2.601270914077759,0.8847018480300903,1.082926630973816,0.0009634494781494141,0.03418385982513428,0.0021768808364868164,-0.002201080322265625,-0.002625107765197754,0.004079580307006836
1769719212.7237904,full,goal2.png,0.823879599571228,-1.0940240621566772,-1.2069523334503174,-0.5023010969161987,2.602714776992798,0.8857821226119995,1.0806646347045898,-1.0929780006408691,-1.1746209859848022,-0.4973822236061096,2.601311206817627,0.8845675587654114,1.082472324371338,0.0010460615158081055,0.03233134746551514,0.004918873310089111,-0.0014035701751708984,-0.0012145638465881348,0.0018076896667480469
1769719212.8238945,full,goal2.png,0.8224951028823853,-1.0940240621566772,-1.206164836883545,-0.5032704472541809,2.6022603511810303,0.8850703239440918,1.0813461542129517,-1.0928596258163452,-1.1748270988464355,-0.49785107374191284,2.600863218307495,0.8835351467132568,1.0830134153366089,0.0011644363403320312,0.031337738037109375,0.005419373512268066,-0.0013971328735351562,-0.001535177230834961,0.0016672611236572266
1769719212.9243522,full,goal2.png,0.8256303071975708,-1.0939937829971313,-1.2061042785644531,-0.5034521818161011,2.601987600326538,0.8847067356109619,1.0817097425460815,-1.0928258895874023,-1.1746017932891846,-0.49944350123405457,2.600147008895874,0.8822808265686035,1.084545612335205,0.001167893409729004,0.031502485275268555,0.004008680582046509,-0.0018405914306640625,-0.0024259090423583984,0.002835869789123535
1769719213.0238817,full,goal2.png,0.8230589628219604,-1.0937211513519287,-1.206134557723999,-0.5039066076278687,2.6015937328338623,0.8837677836418152,1.0826183557510376,-1.0928078889846802,-1.1740219593048096,-0.5015491247177124,2.5993075370788574,0.8812834620475769,1.0863479375839233,0.0009132623672485352,0.03211259841918945,0.00235748291015625,-0.002286195755004883,-0.0024843215942382812,0.003729581832885742
1769719213.1236773,full,goal2.png,0.8248521089553833,-1.0935697555541992,-1.2060132026672363,-0.5048759579658508,2.600806474685669,0.8827679753303528,1.0836181640625,-1.0928902626037598,-1.1737877130508423,-0.502678632736206,2.5989809036254883,0.8810592889785767,1.0864919424057007,0.0006794929504394531,0.03222548961639404,0.0021973252296447754,-0.001825571060180664,-0.001708686351776123,0.0028737783432006836
1769719213.2262828,full,goal2.png,0.8278524875640869,-1.0935393571853638,-1.2054983377456665,-0.5062996745109558,2.600109577178955,0.8815109729766846,1.0849660634994507,-1.0930418968200684,-1.1740031242370605,-0.5026337504386902,2.599424362182617,0.8811784982681274,1.0857324600219727,0.0004974603652954102,0.03149521350860596,0.003665924072265625,-0.0006852149963378906,-0.0003324747085571289,0.0007663965225219727
1769719213.3242168,full,goal2.png,0.824737012386322,-1.0937211513519287,-1.2052559852600098,-0.5071780681610107,2.599776268005371,0.8811777830123901,1.085329532623291,-1.0934959650039673,-1.1740777492523193,-0.5030299425125122,2.5996696949005127,0.8805698156356812,1.085533618927002,0.00022518634796142578,0.03117823600769043,0.004148125648498535,-0.00010657310485839844,-0.0006079673767089844,0.0002040863037109375
1769719213.4222977,full,goal2.png,0.8245744109153748,-1.0939332246780396,-1.2054073810577393,-0.5076627731323242,2.599806785583496,0.8811625838279724,1.0852841138839722,-1.0940022468566895,-1.1740754842758179,-0.5029956102371216,2.5999412536621094,0.879811704158783,1.085524082183838,-6.902217864990234e-05,0.03133189678192139,0.004667162895202637,0.00013446807861328125,-0.0013508796691894531,0.00023996829986572266
1769719213.5236504,full,goal2.png,0.8230272531509399,-1.0941755771636963,-1.2055892944335938,-0.5079960227012634,2.599897623062134,0.8809505105018616,1.0852538347244263,-1.093945860862732,-1.1739561557769775,-0.5037920475006104,2.5993518829345703,0.8782377243041992,1.0861949920654297,0.00022971630096435547,0.03163313865661621,0.004203975200653076,-0.0005457401275634766,-0.0027127861976623535,0.000941157341003418
1769719213.6247396,full,goal2.png,0.8266497254371643,-1.094417929649353,-1.2053468227386475,-0.5082080960273743,2.599897623062134,0.8800721168518066,1.0855870246887207,-1.093561053276062,-1.174514651298523,-0.5037218928337097,2.5992867946624756,0.8772681951522827,1.0858004093170166,0.0008568763732910156,0.03083217144012451,0.004486203193664551,-0.0006108283996582031,-0.0028039216995239258,0.00021338462829589844
1769719213.7240853,full,goal2.png,0.8249722719192505,-1.0943269729614258,-1.2052257061004639,-0.5085412859916687,2.599837064743042,0.87884521484375,1.0861475467681885,-1.0932856798171997,-1.174849033355713,-0.503941535949707,2.5991404056549072,0.876728892326355,1.0853846073150635,0.0010412931442260742,0.030376672744750977,0.00459975004196167,-0.0006966590881347656,-0.0021163225173950195,-0.000762939453125
1769719213.8235657,full,goal2.png,0.8265457153320312,-1.0942058563232422,-1.2054377794265747,-0.5087532997131348,2.599776268005371,0.8779970407485962,1.0859354734420776,-1.0933946371078491,-1.1755540370941162,-0.5025461912155151,2.5999910831451416,0.8769053816795349,1.0844619274139404,0.0008112192153930664,0.029883742332458496,0.006207108497619629,0.0002148151397705078,-0.0010916590690612793,-0.001473546028137207
1769719213.9253967,full,goal2.png,0.828873872756958,-1.0941755771636963,-1.2058618068695068,-0.5089048147201538,2.5997462272644043,0.8775578737258911,1.0856475830078125,-1.0931751728057861,-1.1759369373321533,-0.5009000301361084,2.5995185375213623,0.8768867254257202,1.0840948820114136,0.0010004043579101562,0.029924869537353516,0.00800478458404541,-0.0002276897430419922,-0.0006711483001708984,-0.0015527009963989258
1769719214.025243,full,goal2.png,0.8256145715713501,-1.094084620475769,-1.2061042785644531,-0.5084806680679321,2.599867343902588,0.877360999584198,1.085329532623291,-1.0930051803588867,-1.1765562295913696,-0.4994727671146393,2.5983474254608154,0.8768336772918701,1.0838104486465454,0.0010794401168823242,0.029548048973083496,0.009007900953292847,-0.001519918441772461,-0.0005273222923278809,-0.0015190839767456055
1769719214.1259067,full,goal2.png,0.8255226612091064,-1.0939332246780396,-1.2063767910003662,-0.5075719356536865,2.5996856689453125,0.8772397637367249,1.0850266218185425,-1.0928175449371338,-1.1772137880325317,-0.498466819524765,2.5967352390289307,0.8770729303359985,1.0835652351379395,0.0011156797409057617,0.029163002967834473,0.009105116128921509,-0.002950429916381836,-0.00016683340072631836,-0.0014613866806030273
1769719214.2257214,full,goal2.png,0.8270431756973267,-1.0937514305114746,-1.2068312168121338,-0.5066328644752502,2.5987768173217773,0.8771337866783142,1.0847995281219482,-1.092851996421814,-1.1772334575653076,-0.4987141191959381,2.5962181091308594,0.8772372603416443,1.0833262205123901,0.0008994340896606445,0.029597759246826172,0.007918745279312134,-0.0025587081909179688,0.00010347366333007812,-0.0014733076095581055
1769719214.3265128,full,goal2.png,0.8279316425323486,-1.0937211513519287,-1.207255244255066,-0.5060573220252991,2.597686290740967,0.8771489262580872,1.0846024751663208,-1.0930081605911255,-1.1769652366638184,-0.4983365833759308,2.595991611480713,0.8779706358909607,1.0836200714111328,0.0007129907608032227,0.03029000759124756,0.007720738649368286,-0.0016946792602539062,0.0008217096328735352,-0.0009824037551879883
1769719214.4249773,full,goal2.png,0.8243597745895386,-1.0938119888305664,-1.2072855234146118,-0.5058755874633789,2.596959114074707,0.8772245645523071,1.0844663381576538,-1.0933139324188232,-1.17636239528656,-0.4997328221797943,2.595693349838257,0.8776324987411499,1.0851998329162598,0.0004980564117431641,0.030923128128051758,0.006142765283584595,-0.0012657642364501953,0.00040793418884277344,0.000733494758605957
1769719214.5256755,full,goal2.png,0.8256320953369141,-1.0939635038375854,-1.2070735692977905,-0.5057240724563599,2.5964443683624268,0.8773307204246521,1.0845420360565186,-1.0936471223831177,-1.1760520935058594,-0.5018846988677979,2.5950582027435303,0.8766918182373047,1.0871202945709229,0.00031638145446777344,0.031021475791931152,0.0038393735885620117,-0.0013861656188964844,-0.0006389021873474121,0.002578258514404297
1769719214.625579,full,goal2.png,0.8235214948654175,-1.0940543413162231,-1.206588864326477,-0.5061481595039368,2.595989942550659,0.877254843711853,1.0850721597671509,-1.0935468673706055,-1.1755144596099854,-0.5058588981628418,2.593886375427246,0.8754712343215942,1.0895938873291016,0.0005074739456176758,0.0310744047164917,0.0002892613410949707,-0.002103567123413086,-0.001783609390258789,0.004521727561950684
1769719214.7267933,full,goal2.png,0.8304623365402222,-1.094266414642334,-1.2063767910003662,-0.5075416564941406,2.595353841781616,0.8762704133987427,1.0867230892181396,-1.0933313369750977,-1.1746582984924316,-0.5098298788070679,2.5932726860046387,0.874106764793396,1.0920380353927612,0.0009350776672363281,0.03171849250793457,-0.002288222312927246,-0.002081155776977539,-0.0021636486053466797,0.005314946174621582
1769719214.8224416,full,goal2.png,0.8261504769325256,-1.094084620475769,-1.205831527709961,-0.5090259313583374,2.594838857650757,0.8755434155464172,1.0879347324371338,-1.092821478843689,-1.174005150794983,-0.5112171173095703,2.5925838947296143,0.8737447261810303,1.0939624309539795,0.0012631416320800781,0.03182637691497803,-0.00219118595123291,-0.002254962921142578,-0.0017986893653869629,0.006027698516845703
1769719214.925094,full,goal2.png,0.8260490298271179,-1.093478798866272,-1.2048016786575317,-0.5136606097221375,2.5939905643463135,0.8741803169250488,1.0906306505203247,-1.0930216312408447,-1.1740020513534546,-0.5095160603523254,2.593573570251465,0.874081015586853,1.0926778316497803,0.0004571676254272461,0.03079962730407715,0.004144549369812012,-0.0004169940948486328,-9.930133819580078e-05,0.0020471811294555664
1769719215.0245938,full,goal2.png,0.8248796463012695,-1.0932971239089966,-1.2045592069625854,-0.5153266787528992,2.5936572551727295,0.8739380240440369,1.091660499572754,-1.0939455032348633,-1.174447774887085,-0.5083476901054382,2.594831943511963,0.8740954399108887,1.0900492668151855,-0.0006483793258666992,0.03011143207550049,0.0069789886474609375,0.0011746883392333984,0.00015741586685180664,-0.0016112327575683594
1769719215.1250677,full,goal2.png,0.8276118040084839,-1.0936908721923828,-1.2044683694839478,-0.5152055025100708,2.593839168548584,0.8740894198417664,1.0914485454559326,-1.0942665338516235,-1.1748178005218506,-0.5080583095550537,2.5956435203552246,0.8731118440628052,1.088102102279663,-0.0005756616592407227,0.029650568962097168,0.00714719295501709,0.001804351806640625,-0.0009775757789611816,-0.0033464431762695312
1769719215.2260685,full,goal2.png,0.8293042182922363,-1.0943572521209717,-1.2046502828598022,-0.5148419737815857,2.5943238735198975,0.8739380240440369,1.0905095338821411,-1.0943410396575928,-1.1748077869415283,-0.509580671787262,2.5963501930236816,0.8712887763977051,1.087164044380188,1.621246337890625e-05,0.029842495918273926,0.0052613019943237305,0.0020263195037841797,-0.002649247646331787,-0.003345489501953125
1769719215.325668,full,goal2.png,0.8293015956878662,-1.0948116779327393,-1.2054073810577393,-0.5148419737815857,2.594838857650757,0.8730595111846924,1.0892372131347656,-1.0945682525634766,-1.1744356155395508,-0.5119644999504089,2.59792160987854,0.8688369989395142,1.0866336822509766,0.0002434253692626953,0.030971765518188477,0.002877473831176758,0.003082752227783203,-0.004222512245178223,-0.0026035308837890625
