timestamp,model_type,goal_image,similarity_score,curr_j0,curr_j1,curr_j2,curr_j3,curr_j4,curr_j5,cmd_j0,cmd_j1,cmd_j2,cmd_j3,cmd_j4,cmd_j5,step_diff_j0,step_diff_j1,step_diff_j2,step_diff_j3,step_diff_j4,step_diff_j5
1769719341.889597,full,goal16.png,0.6920857429504395,0.30067792534828186,-1.2677483558654785,-1.9289004802703857,1.8156390190124512,0.9263884425163269,5.52475118637085,0.10067792236804962,-1.1146234273910522,-1.9555021524429321,1.6156389713287354,0.8586028218269348,5.324751377105713,-0.20000000298023224,0.15312492847442627,-0.026601672172546387,-0.20000000298023224,-0.06778562068939209,-0.20000000298023224
1769719341.9084816,full,goal16.png,0.6899008750915527,0.30085963010787964,-1.268202781677246,-1.9288702011108398,1.8156086206436157,0.9263884425163269,5.524721145629883,0.1008596271276474,-1.115095615386963,-1.956169843673706,1.6156085729599,0.8558091521263123,5.324721336364746,-0.20000000298023224,0.1531071662902832,-0.02729964256286621,-0.20000000298023224,-0.07057929039001465,-0.20000000298023224
1769719341.982447,full,goal16.png,0.7037216424942017,0.299496591091156,-1.2674453258514404,-1.92996084690094,1.8138819932937622,0.9263126850128174,5.522524833679199,0.09949658811092377,-1.1154645681381226,-1.9568891525268555,1.6138819456100464,0.8556082248687744,5.3225250244140625,-0.20000000298023224,0.15198075771331787,-0.026928305625915527,-0.20000000298023224,-0.07070446014404297,-0.20000000298023224
1769719342.0805728,full,goal16.png,0.7068864107131958,0.26172250509262085,-1.2384861707687378,-1.944137454032898,1.7578116655349731,0.9264642000198364,5.452217102050781,0.07963944971561432,-1.1169888973236084,-1.9531207084655762,1.5849335193634033,0.864062488079071,5.2522172927856445,-0.18208305537700653,0.1214972734451294,-0.008983254432678223,-0.17287814617156982,-0.06240171194076538,-0.20000000298023224
1769719342.1786196,full,goal16.png,0.7041643857955933,0.21189220249652863,-1.205801248550415,-1.95186185836792,1.6989846229553223,0.9172403216362,5.385560035705566,0.05834667384624481,-1.1137771606445312,-1.9518603086471558,1.5580486059188843,0.8623721599578857,5.18556022644043,-0.1535455286502838,0.09202408790588379,1.5497207641601562e-06,-0.140936017036438,-0.05486816167831421,-0.20000000298023224
1769719342.2776108,full,goal16.png,0.669308066368103,0.1676962524652481,-1.1784477233886719,-1.9531946182250977,1.6433080434799194,0.9151653051376343,5.318841934204102,0.03380279242992401,-1.1055426597595215,-1.954390287399292,1.5276973247528076,0.8560066819190979,5.118842124938965,-0.1338934600353241,0.07290506362915039,-0.001195669174194336,-0.11561071872711182,-0.05915862321853638,-0.20000000298023224
1769719342.3789525,full,goal16.png,0.6621930599212646,0.12813496589660645,-1.1429758071899414,-1.9521042108535767,1.5875709056854248,0.9114394187927246,5.251533031463623,0.006314456462860107,-1.0913753509521484,-1.9600636959075928,1.4956403970718384,0.8414881825447083,5.051533222198486,-0.12182050943374634,0.05160045623779297,-0.007959485054016113,-0.09193050861358643,-0.06995123624801636,-0.20000000298023224
1769719342.480643,full,goal16.png,0.6933170557022095,0.08608974516391754,-1.1311315298080444,-1.9538308382034302,1.5335906744003296,0.9064412713050842,5.1817402839660645,-0.022533930838108063,-1.075826644897461,-1.9634077548980713,1.4611029624938965,0.8386431932449341,4.981740474700928,-0.1086236760020256,0.055304884910583496,-0.009576916694641113,-0.0724877119064331,-0.06779807806015015,-0.20000000298023224
1769719342.5820074,full,goal16.png,0.673512876033783,0.04034886136651039,-1.1294353008270264,-1.9591622352600098,1.5027836561203003,0.8981866240501404,5.119929790496826,-0.055657099932432175,-1.0605549812316895,-1.9680805206298828,1.4252698421478271,0.833341658115387,4.9199299812316895,-0.09600596129894257,0.06888031959533691,-0.008918285369873047,-0.07751381397247314,-0.06484496593475342,-0.20000000298023224
1769719342.6812432,full,goal16.png,0.6772676110267639,-0.002817105734720826,-1.1081702709197998,-1.9615250825881958,1.4707953929901123,0.8931733965873718,5.055180549621582,-0.09096632897853851,-1.04805588722229,-1.9715616703033447,1.390804409980774,0.8255273103713989,4.855180740356445,-0.08814921975135803,0.060114383697509766,-0.010036587715148926,-0.07999098300933838,-0.0676460862159729,-0.20000000298023224
1769719342.78326,full,goal16.png,0.6618285179138184,-0.043741561472415924,-1.095811128616333,-1.9660990238189697,1.4329606294631958,0.8869180679321289,4.986039161682129,-0.1292024552822113,-1.0361707210540771,-1.9740675687789917,1.3567609786987305,0.8177236318588257,4.786039352416992,-0.08546089380979538,0.05964040756225586,-0.007968544960021973,-0.07619965076446533,-0.06919443607330322,-0.20000000298023224
1769719342.882735,full,goal16.png,0.6504582166671753,-0.08263640850782394,-1.0861480236053467,-1.9693100452423096,1.4013965129852295,0.8791633248329163,4.924304485321045,-0.16970820724964142,-1.023585557937622,-1.9723424911499023,1.320717215538025,0.8159042596817017,4.724304676055908,-0.08707179874181747,0.06256246566772461,-0.0030324459075927734,-0.08067929744720459,-0.0632590651512146,-0.20000000298023224
1769719342.980089,full,goal16.png,0.6524423360824585,-0.12256123870611191,-1.0699721574783325,-1.9717940092086792,1.3639556169509888,0.8731504082679749,4.854859828948975,-0.2107650339603424,-1.0137807130813599,-1.9696928262710571,1.2848504781723022,0.8131954669952393,4.654860019683838,-0.0882037952542305,0.056191444396972656,0.0021011829376220703,-0.07910513877868652,-0.059954941272735596,-0.20000000298023224
1769719343.0811043,full,goal16.png,0.6551017165184021,-0.1576998382806778,-1.0586127042770386,-1.9717940092086792,1.3280293941497803,0.867728054523468,4.790792465209961,-0.2462640106678009,-1.0063936710357666,-1.9668560028076172,1.2533934116363525,0.8119752407073975,4.590792655944824,-0.08856417238712311,0.05221903324127197,0.004938006401062012,-0.07463598251342773,-0.05575281381607056,-0.20000000298023224
1769719343.1818159,full,goal16.png,0.6407492756843567,-0.19919981062412262,-1.0486465692520142,-1.9702188968658447,1.2937995195388794,0.8654259443283081,4.722938537597656,-0.2766866683959961,-1.0007752180099487,-1.9665755033493042,1.2281768321990967,0.8098747730255127,4.5229387283325195,-0.07748685777187347,0.04787135124206543,0.0036433935165405273,-0.06562268733978271,-0.05555117130279541,-0.20000000298023224
1769719343.2807922,full,goal16.png,0.6493316888809204,-0.24218416213989258,-1.038317084312439,-1.9682801961898804,1.2614173889160156,0.8596552610397339,4.65316104888916,-0.30611124634742737,-0.9947273135185242,-1.9633548259735107,1.2047837972640991,0.8144492506980896,4.453161239624023,-0.06392708420753479,0.043589770793914795,0.004925370216369629,-0.056633591651916504,-0.04520601034164429,-0.20000000298023224
1769719343.3771164,full,goal16.png,0.6367336511611938,-0.27080997824668884,-1.0328342914581299,-1.967583417892456,1.2347302436828613,0.8572167754173279,4.58713960647583,-0.33609625697135925,-0.988414466381073,-1.9569611549377441,1.1793899536132812,0.8250877857208252,4.387139797210693,-0.06528627872467041,0.044419825077056885,0.010622262954711914,-0.05534029006958008,-0.032128989696502686,-0.20000000298023224
1769719343.4794867,full,goal16.png,0.6302880644798279,-0.30173811316490173,-1.0266547203063965,-1.9644936323165894,1.206134557723999,0.856792688369751,4.511409759521484,-0.3663637638092041,-0.9800600409507751,-1.9481260776519775,1.1518723964691162,0.8449046611785889,4.311409950256348,-0.06462565064430237,0.04659467935562134,0.016367554664611816,-0.05426216125488281,-0.01188802719116211,-0.20000000298023224
1769719343.5788634,full,goal16.png,0.6166312098503113,-0.3353925049304962,-1.0187182426452637,-1.9594953060150146,1.1813558340072632,0.8570501208305359,4.4412689208984375,-0.3969505727291107,-0.970795750617981,-1.939027190208435,1.1215665340423584,0.8654372096061707,4.241269111633301,-0.0615580677986145,0.047922492027282715,0.02046811580657959,-0.059789299964904785,0.008387088775634766,-0.20000000298023224
1769719343.6789997,full,goal16.png,0.624313235282898,-0.3655026853084564,-1.0118417739868164,-1.9517103433609009,1.1545474529266357,0.8572773933410645,4.370734214782715,-0.4288886785507202,-0.9610737562179565,-1.9299607276916504,1.089709997177124,0.8830962777137756,4.170734405517578,-0.0633859932422638,0.05076801776885986,0.02174961566925049,-0.06483745574951172,0.02581888437271118,-0.20000000298023224
1769719343.7779717,full,goal16.png,0.64447021484375,-0.39261394739151,-1.003329873085022,-1.9418957233428955,1.1240131855010986,0.8567018508911133,4.295761585235596,-0.45734691619873047,-0.9493048191070557,-1.92171311378479,1.0602521896362305,0.9058621525764465,4.095761775970459,-0.06473296880722046,0.05402505397796631,0.02018260955810547,-0.06376099586486816,0.04916030168533325,-0.20000000298023224
1769719343.878531,full,goal16.png,0.619289219379425,-0.4249657690525055,-0.9925156831741333,-1.9342925548553467,1.0938726663589478,0.8568835854530334,4.226695537567139,-0.48699951171875,-0.9377762675285339,-1.911933422088623,1.0311331748962402,0.9263688325881958,4.026695728302002,-0.06203374266624451,0.054739415645599365,0.022359132766723633,-0.06273949146270752,0.06948524713516235,-0.20000000298023224
1769719343.9796007,full,goal16.png,0.6373990774154663,-0.45965003967285156,-0.9813076853752136,-1.9254775047302246,1.0622478723526,0.8567927479743958,4.152207851409912,-0.5166466236114502,-0.9280515313148499,-1.9026176929473877,1.0040563344955444,0.9397571682929993,3.9522078037261963,-0.05699658393859863,0.05325615406036377,0.022859811782836914,-0.058191537857055664,0.08296442031860352,-0.20000000298023224
1769719344.0768857,full,goal16.png,0.6345166563987732,-0.4851861596107483,-0.9716142416000366,-1.9165717363357544,1.0348032712936401,0.8662741184234619,4.0899882316589355,-0.5471012592315674,-0.9207649230957031,-1.890846848487854,0.9762610197067261,0.9506294131278992,3.8899881839752197,-0.06191509962081909,0.050849318504333496,0.02572488784790039,-0.05854225158691406,0.08435529470443726,-0.20000000298023224
1769719344.1792288,full,goal16.png,0.6339656114578247,-0.5138726234436035,-0.9607393741607666,-1.906938910484314,1.0058441162109375,0.8708027005195618,4.025935649871826,-0.5722731351852417,-0.9166727066040039,-1.8824002742767334,0.9551857709884644,0.9642066955566406,3.8259356021881104,-0.058400511741638184,0.044066667556762695,0.024538636207580566,-0.050658345222473145,0.09340399503707886,-0.20000000298023224
1769719344.277948,full,goal16.png,0.6119676232337952,-0.5479207634925842,-0.9542569518089294,-1.8956400156021118,0.9794296622276306,0.8805416226387024,3.959429979324341,-0.5948548913002014,-0.9117748737335205,-1.8743536472320557,0.9326565265655518,0.9789941310882568,3.759429931640625,-0.04693412780761719,0.042482078075408936,0.021286368370056152,-0.04677313566207886,0.09845250844955444,-0.20000000298023224
1769719344.3769073,full,goal16.png,0.6359908580780029,-0.5730025172233582,-0.95195472240448,-1.886946201324463,0.9564381241798401,0.8896897435188293,3.8997244834899902,-0.6161775588989258,-0.9067950248718262,-1.867119312286377,0.9092814326286316,0.991554319858551,3.6997244358062744,-0.04317504167556763,0.04515969753265381,0.019826889038085938,-0.047156691551208496,0.10186457633972168,-0.20000000298023224
1769719344.4783468,full,goal16.png,0.6052044630050659,-0.5919349789619446,-0.9448057413101196,-1.879676103591919,0.9333252906799316,0.8997921347618103,3.8390345573425293,-0.634061336517334,-0.9004344344139099,-1.8570542335510254,0.8894321918487549,1.0013244152069092,3.6390345096588135,-0.042126357555389404,0.04437130689620972,0.022621870040893555,-0.04389309883117676,0.10153228044509888,-0.20000000298023224
1769719344.580096,full,goal16.png,0.6051886677742004,-0.6129575967788696,-0.9385656118392944,-1.8729209899902344,0.9123632907867432,0.9119240641593933,3.7817373275756836,-0.6502087712287903,-0.8940657377243042,-1.847156047821045,0.8738136291503906,1.0071607828140259,3.5817372798919678,-0.037251174449920654,0.044499874114990234,0.025764942169189453,-0.03854966163635254,0.09523671865463257,-0.20000000298023224
1769719344.6799777,full,goal16.png,0.6634337902069092,-0.6351918578147888,-0.9350214600563049,-1.8622581958770752,0.8921585083007812,0.9220567345619202,3.7172305583953857,-0.6693973541259766,-0.8893799781799316,-1.8412673473358154,0.8562983274459839,1.0081006288528442,3.51723051071167,-0.034205496311187744,0.04564148187637329,0.020990848541259766,-0.03586018085479736,0.08604389429092407,-0.20000000298023224
1769719344.78002,full,goal16.png,0.6568777561187744,-0.6495503187179565,-0.9280241131782532,-1.8536250591278076,0.8761643171310425,0.9339463114738464,3.6582067012786865,-0.6915092468261719,-0.8856978416442871,-1.838191270828247,0.8345028162002563,1.0074636936187744,3.4582066535949707,-0.04195892810821533,0.042326271533966064,0.015433788299560547,-0.04166150093078613,0.07351738214492798,-0.20000000298023224
1769719344.8772073,full,goal16.png,0.6373714804649353,-0.6659685373306274,-0.9216325283050537,-1.8484148979187012,0.8570199012756348,0.9395351409912109,3.595214605331421,-0.711897611618042,-0.8814375996589661,-1.8370147943496704,0.8156243562698364,1.0100706815719604,3.395214557647705,-0.04592907428741455,0.040194928646087646,0.011400103569030762,-0.04139554500579834,0.07053554058074951,-0.20000000298023224
1769719344.978878,full,goal16.png,0.6282564401626587,-0.6918075680732727,-0.9173915982246399,-1.8442648649215698,0.8362698554992676,0.9444879293441772,3.5245282649993896,-0.7304314374923706,-0.8767383098602295,-1.8345931768417358,0.8000130653381348,1.0126819610595703,3.325545310974121,-0.0386238694190979,0.0406532883644104,0.009671688079833984,-0.03625679016113281,0.06819403171539307,-0.19898295402526855
1769719345.0780482,full,goal16.png,0.6565123796463013,-0.7131936550140381,-0.9129084348678589,-1.8419322967529297,0.8181856274604797,0.9497738480567932,3.4592339992523193,-0.7487683892250061,-0.8721114993095398,-1.8331469297409058,0.7855907678604126,1.0151216983795166,3.2738475799560547,-0.03557473421096802,0.04079693555831909,0.008785367012023926,-0.03259485960006714,0.06534785032272339,-0.18538641929626465
1769719345.1784906,full,goal16.png,0.6515060663223267,-0.7278852462768555,-0.9086675047874451,-1.8399027585983276,0.8019490242004395,0.9539995789527893,3.3931219577789307,-0.7684720754623413,-0.8672051429748535,-1.830030918121338,0.7711725831031799,1.0152207612991333,3.2343127727508545,-0.04058682918548584,0.04146236181259155,0.009871840476989746,-0.03077644109725952,0.061221182346343994,-0.15880918502807617
1769719345.2788475,full,goal16.png,0.6251044273376465,-0.7471509575843811,-0.9042448997497559,-1.8381155729293823,0.7871363759040833,0.9644048810005188,3.3284335136413574,-0.7859427332878113,-0.8607544898986816,-1.8271119594573975,0.757915735244751,1.0156643390655518,3.201652765274048,-0.038791775703430176,0.04349040985107422,0.011003613471984863,-0.029220640659332275,0.05125945806503296,-0.12678074836730957
1769719345.3785074,full,goal16.png,0.6487664580345154,-0.7690823078155518,-0.8985499739646912,-1.8348743915557861,0.7722629308700562,0.9792933464050293,3.274135112762451,-0.8021934032440186,-0.8550286889076233,-1.8266090154647827,0.7470811605453491,1.018935203552246,3.1759657859802246,-0.0331110954284668,0.04352128505706787,0.008265376091003418,-0.02518177032470703,0.0396418571472168,-0.09816932678222656
1769719345.4812038,full,goal16.png,0.623536229133606,-0.7855308651924133,-0.8926430940628052,-1.8326326608657837,0.7606914043426514,0.9988164901733398,3.223289966583252,-0.8175332546234131,-0.8526945114135742,-1.8263020515441895,0.7398084402084351,1.0276942253112793,3.158200740814209,-0.032002389430999756,0.03994858264923096,0.006330609321594238,-0.02088296413421631,0.028877735137939453,-0.06508922576904297
1769719345.5811474,full,goal16.png,0.6489614248275757,-0.7987684011459351,-0.8882507681846619,-1.8316936492919922,0.7496046423912048,1.0192029476165771,3.1821839809417725,-0.8336483240127563,-0.850417971611023,-1.8214457035064697,0.7342782020568848,1.0361446142196655,3.141860246658325,-0.03487992286682129,0.037832796573638916,0.010247945785522461,-0.015326440334320068,0.01694166660308838,-0.040323734283447266
1769719345.6794105,full,goal16.png,0.6324727535247803,-0.8165497779846191,-0.8843733668327332,-1.830300211906433,0.7416681051254272,1.026669979095459,3.1609036922454834,-0.8483771085739136,-0.8471634984016418,-1.8113019466400146,0.727169930934906,1.0368578433990479,3.1216061115264893,-0.031827330589294434,0.03720986843109131,0.018998265266418457,-0.01449817419052124,0.010187864303588867,-0.03929758071899414
1769719345.778667,full,goal16.png,0.628643810749054,-0.833937406539917,-0.8821014165878296,-1.826271414756775,0.7359732985496521,1.0320013761520386,3.144061326980591,-0.8649906516075134,-0.8449884653091431,-1.7985548973083496,0.7134262323379517,1.0290241241455078,3.09861159324646,-0.031053245067596436,0.03711295127868652,0.027716517448425293,-0.02254706621170044,-0.0029772520065307617,-0.04544973373413086
1769719345.8800564,full,goal16.png,0.6386750936508179,-0.8475687503814697,-0.8794055581092834,-1.8181531429290771,0.7274006009101868,1.0326526165008545,3.1234476566314697,-0.8787354230880737,-0.842477560043335,-1.786452054977417,0.7017237544059753,1.0201075077056885,3.0771396160125732,-0.031166672706604004,0.036927998065948486,0.031701087951660156,-0.025676846504211426,-0.012545108795166016,-0.046308040618896484
1769719345.9801064,full,goal16.png,0.6326463222503662,-0.8621392250061035,-0.8757704496383667,-1.8045217990875244,0.7141327857971191,1.0267456769943237,3.0995171070098877,-0.8937972784042358,-0.8431656360626221,-1.778672456741333,0.690622091293335,1.012490153312683,3.061314582824707,-0.031658053398132324,0.03260481357574463,0.025849342346191406,-0.02351069450378418,-0.014255523681640625,-0.038202524185180664
1769719346.0793319,full,goal16.png,0.6232717037200928,-0.8791329860687256,-0.8733471035957336,-1.7941316366195679,0.7032276391983032,1.019233226776123,3.080554485321045,-0.9088492393493652,-0.845851719379425,-1.7714647054672241,0.6790949106216431,1.004269003868103,3.0467467308044434,-0.02971625328063965,0.027495384216308594,0.02266693115234375,-0.024132728576660156,-0.01496422290802002,-0.03380775451660156
1769719346.1805031,full,goal16.png,0.6540403962135315,-0.8946727514266968,-0.8732864856719971,-1.7859830856323242,0.6912927031517029,1.0116451978683472,3.0638484954833984,-0.9264925122261047,-0.8511500358581543,-1.7629578113555908,0.665962815284729,0.9920310974121094,3.034341335296631,-0.03181976079940796,0.022136449813842773,0.0230252742767334,-0.025329887866973877,-0.019614100456237793,-0.029507160186767578
1769719346.2827168,full,goal16.png,0.6567995548248291,-0.9079709053039551,-0.874649703502655,-1.7784403562545776,0.6808721423149109,1.0033602714538574,3.0492022037506104,-0.945098876953125,-0.8559191226959229,-1.753057837486267,0.6529428958892822,0.9778038263320923,3.020885944366455,-0.03712797164916992,0.018730580806732178,0.025382518768310547,-0.027929246425628662,-0.025556445121765137,-0.028316259384155273
1769719346.3826044,full,goal16.png,0.641302227973938,-0.924389123916626,-0.8786784410476685,-1.7702919244766235,0.6670591235160828,0.9916524887084961,3.035858631134033,-0.96425861120224,-0.8606570959091187,-1.7416408061981201,0.6371810436248779,0.9633230566978455,3.0060763359069824,-0.039869487285614014,0.018021345138549805,0.028651118278503418,-0.029878079891204834,-0.028329432010650635,-0.02978229522705078
1769719346.4810405,full,goal16.png,0.6242128610610962,-0.9442909359931946,-0.8853427171707153,-1.7610528469085693,0.6544879078865051,0.9785966873168945,3.0222878456115723,-0.9801687002182007,-0.8656085133552551,-1.7279343605041504,0.6214638948440552,0.9517948627471924,2.9880988597869873,-0.035877764225006104,0.019734203815460205,0.033118486404418945,-0.03302401304244995,-0.02680182456970215,-0.03418898582458496
1769719346.580362,full,goal16.png,0.6367661356925964,-0.9631022810935974,-0.8907043933868408,-1.7486634254455566,0.6395236849784851,0.964753270149231,3.006990432739258,-0.9938879609107971,-0.8699004650115967,-1.7135119438171387,0.6061784029006958,0.9412161707878113,2.968447208404541,-0.030785679817199707,0.02080392837524414,0.03515148162841797,-0.03334528207778931,-0.023537099361419678,-0.0385432243347168
1769719346.6787114,full,goal16.png,0.6550511121749878,-0.9786117672920227,-0.894733190536499,-1.7353652715682983,0.6229540109634399,0.9521669149398804,2.9876186847686768,-1.0071083307266235,-0.8735347986221313,-1.7023924589157104,0.5920677781105042,0.9313267469406128,2.951892375946045,-0.02849656343460083,0.021198391914367676,0.03297281265258789,-0.03088623285293579,-0.020840167999267578,-0.035726308822631836
1769719346.781522,full,goal16.png,0.6493666172027588,-0.992546021938324,-0.8995798826217651,-1.7218247652053833,0.6072021126747131,0.9412012696266174,2.970261335372925,-1.0214474201202393,-0.8780170679092407,-1.6901599168777466,0.5775487422943115,0.9199252724647522,2.935424566268921,-0.028901398181915283,0.021562814712524414,0.03166484832763672,-0.02965337038040161,-0.021275997161865234,-0.034836769104003906
1769719346.882688,full,goal16.png,0.6687236428260803,-1.0065408945083618,-0.9033664464950562,-1.7107985019683838,0.5947521924972534,0.931007981300354,2.9540703296661377,-1.0354219675064087,-0.883857011795044,-1.6760072708129883,0.5657051801681519,0.907677412033081,2.9198343753814697,-0.028881072998046875,0.019509434700012207,0.03479123115539551,-0.029047012329101562,-0.02333056926727295,-0.03423595428466797
1769719346.9829004,full,goal16.png,0.6653733253479004,-1.0204145908355713,-0.9079707264900208,-1.6978942155838013,0.5800907611846924,0.9199968576431274,2.937788486480713,-1.0471067428588867,-0.8892109394073486,-1.6603740453720093,0.5588645935058594,0.8961865901947021,2.9052953720092773,-0.02669215202331543,0.01875978708267212,0.03752017021179199,-0.021226167678833008,-0.023810267448425293,-0.03249311447143555
1769719347.0819468,full,goal16.png,0.6713175773620605,-1.0330766439437866,-0.9140594601631165,-1.6838992834091187,0.5690948963165283,0.9080163836479187,2.921506404876709,-1.0582280158996582,-0.8926826119422913,-1.6499743461608887,0.5530268549919128,0.885120153427124,2.893991231918335,-0.025151371955871582,0.021376848220825195,0.03392493724822998,-0.01606804132461548,-0.022896230220794678,-0.027515172958374023
1769719347.1880217,full,goal16.png,0.6733619570732117,-1.0454357862472534,-0.9189364910125732,-1.6707829236984253,0.5610069036483765,0.8970658183097839,2.9079508781433105,-1.0679198503494263,-0.8965524435043335,-1.6384403705596924,0.5496609210968018,0.8706364631652832,2.8831849098205566,-0.02248406410217285,0.022384047508239746,0.03234255313873291,-0.011345982551574707,-0.026429355144500732,-0.024765968322753906
1769719347.2815974,full,goal16.png,0.6684186458587646,-1.0564014911651611,-0.9235104918479919,-1.6587872505187988,0.5549485683441162,0.8862971067428589,2.896576166152954,-1.0739725828170776,-0.9009847044944763,-1.6271159648895264,0.5504752397537231,0.8552033305168152,2.8733906745910645,-0.017571091651916504,0.022525787353515625,0.03167128562927246,-0.004473328590393066,-0.0310937762260437,-0.02318549156188965
1769719347.3849263,full,goal16.png,0.6582349538803101,-1.0658525228500366,-0.928872287273407,-1.6473065614700317,0.5517981648445129,0.8720598220825195,2.884974479675293,-1.0764193534851074,-0.9047930240631104,-1.6188198328018188,0.555905818939209,0.8430722951889038,2.8673012256622314,-0.0105668306350708,0.02407926321029663,0.02848672866821289,0.004107654094696045,-0.028987526893615723,-0.017673254013061523
1769719347.4815562,full,goal16.png,0.6697243452072144,-1.071426272392273,-0.9336280226707458,-1.6365832090377808,0.5517376065254211,0.8584133386611938,2.87693190574646,-1.0794496536254883,-0.9089857339859009,-1.6100670099258423,0.5621615648269653,0.8332630395889282,2.8642311096191406,-0.008023381233215332,0.02464228868484497,0.026516199111938477,0.01042395830154419,-0.025150299072265625,-0.012700796127319336
1769719347.582748,full,goal16.png,0.677490770816803,-1.0756065845489502,-0.9377478361129761,-1.6277985572814941,0.5555241107940674,0.8440852761268616,2.869358777999878,-1.083439826965332,-0.9135211706161499,-1.6004184484481812,0.5694040656089783,0.8226674795150757,2.862335205078125,-0.007833242416381836,0.024226665496826172,0.02738010883331299,0.013879954814910889,-0.02141779661178589,-0.00702357292175293
1769719347.682247,full,goal16.png,0.6791698932647705,-1.0783934593200684,-0.9420796036720276,-1.6183172464370728,0.5610977411270142,0.8347553610801697,2.8653905391693115,-1.087471604347229,-0.9163374900817871,-1.5908823013305664,0.5752606391906738,0.811963677406311,2.855654716491699,-0.009078145027160645,0.02574211359024048,0.027434945106506348,0.014162898063659668,-0.022791683673858643,-0.009735822677612305
1769719347.7844791,full,goal16.png,0.6734415888786316,-1.0820587873458862,-0.9465022087097168,-1.6086238622665405,0.5679134130477905,0.8239411115646362,2.8616647720336914,-1.0936248302459717,-0.9208111763000488,-1.5820772647857666,0.5756208300590515,0.8008471727371216,2.8484907150268555,-0.01156604290008545,0.02569103240966797,0.026546597480773926,0.007707417011260986,-0.02309393882751465,-0.013174057006835938
1769719347.8854344,full,goal16.png,0.6581915616989136,-1.087178111076355,-0.9501068592071533,-1.599748134613037,0.5727601647377014,0.8130814433097839,2.855924367904663,-1.099428653717041,-0.9259417057037354,-1.5720189809799194,0.5731678009033203,0.7913061380386353,2.8411107063293457,-0.012250542640686035,0.02416515350341797,0.027729153633117676,0.0004076361656188965,-0.02177530527114868,-0.014813661575317383
1769719347.9814193,full,goal16.png,0.6649412512779236,-1.092872977256775,-0.9549838304519653,-1.5906606912612915,0.5740324854850769,0.8023731708526611,2.849184513092041,-1.1070942878723145,-0.9323314428329468,-1.5593042373657227,0.5709184408187866,0.778435468673706,2.8291802406311035,-0.01422131061553955,0.022652387619018555,0.03135645389556885,-0.003114044666290283,-0.023937702178955078,-0.0200042724609375
1769719348.082531,full,goal16.png,0.6670336723327637,-1.0986284017562866,-0.9600124359130859,-1.5804523229599,0.573366105556488,0.7916195392608643,2.841278314590454,-1.1128220558166504,-0.9368087649345398,-1.545485496520996,0.5744630098342896,0.7642606496810913,2.8129701614379883,-0.01419365406036377,0.023203670978546143,0.03496682643890381,0.0010969042778015137,-0.02735888957977295,-0.02830815315246582
1769719348.1822972,full,goal16.png,0.677594780921936,-1.1059894561767578,-0.9642531871795654,-1.5674266815185547,0.5725178718566895,0.777685284614563,2.8282225131988525,-1.1191635131835938,-0.943325400352478,-1.5305724143981934,0.5762234926223755,0.7526975274085999,2.8018057346343994,-0.013174057006835938,0.020927786827087402,0.03685426712036133,0.003705620765686035,-0.024987757205963135,-0.026416778564453125
1769719348.2815514,full,goal16.png,0.656715989112854,-1.1123809814453125,-0.9681305289268494,-1.5531591176986694,0.5738204717636108,0.7649020552635193,2.8153483867645264,-1.1240112781524658,-0.9508330225944519,-1.5166507959365845,0.5768712162971497,0.7443593740463257,2.797292470932007,-0.01163029670715332,0.01729750633239746,0.03650832176208496,0.0030507445335388184,-0.020542681217193604,-0.01805591583251953
1769719348.3869283,full,goal16.png,0.6671895980834961,-1.117712378501892,-0.974855363368988,-1.5409212112426758,0.5750623941421509,0.7544059157371521,2.8053672313690186,-1.1277134418487549,-0.959320068359375,-1.5008107423782349,0.5781071782112122,0.7351458668708801,2.7942867279052734,-0.010001063346862793,0.015535295009613037,0.04011046886444092,0.0030447840690612793,-0.019260048866271973,-0.011080503463745117
1769719348.4817207,full,goal16.png,0.6645075678825378,-1.1219532489776611,-0.9838218688964844,-1.5265326499938965,0.5759408473968506,0.745939314365387,2.7995662689208984,-1.1324567794799805,-0.9691174626350403,-1.4818947315216064,0.5795068740844727,0.7236340641975403,2.787644863128662,-0.010503530502319336,0.014704406261444092,0.04463791847229004,0.0035660266876220703,-0.02230525016784668,-0.011921405792236328
1769719348.579697,full,goal16.png,0.6782337427139282,-1.127224087715149,-0.9907587170600891,-1.5090844631195068,0.577455461025238,0.7350645065307617,2.7935380935668945,-1.1369599103927612,-0.9779571890830994,-1.4647754430770874,0.5818840265274048,0.7119882106781006,2.7783584594726562,-0.009735822677612305,0.012801527976989746,0.044309020042419434,0.004428565502166748,-0.023076295852661133,-0.015179634094238281
1769719348.6808655,full,goal16.png,0.6847900152206421,-1.132070779800415,-0.9967261552810669,-1.4912424087524414,0.5789094567298889,0.7242351174354553,2.7870101928710938,-1.1422227621078491,-0.9862465858459473,-1.448485016822815,0.5820815563201904,0.7015700936317444,2.769883632659912,-0.010151982307434082,0.010479569435119629,0.042757391929626465,0.0031720995903015137,-0.022665023803710938,-0.01712656021118164
1769719348.780661,full,goal16.png,0.6882873773574829,-1.1362208127975464,-1.0068436861038208,-1.474521279335022,0.580302894115448,0.7136632204055786,2.779043436050415,-1.1469793319702148,-0.9951494932174683,-1.4321469068527222,0.5835436582565308,0.6927570700645447,2.758715867996216,-0.010758519172668457,0.011694192886352539,0.042374372482299805,0.0032407641410827637,-0.020906150341033936,-0.02032756805419922
1769719348.8799214,full,goal16.png,0.6842056512832642,-1.1407948732376099,-1.0184454917907715,-1.4574668407440186,0.5813630819320679,0.7023946642875671,2.7694106101989746,-1.1510142087936401,-1.0048670768737793,-1.4144010543823242,0.5866538882255554,0.6843635439872742,2.745342254638672,-0.010219335556030273,0.013578414916992188,0.043065786361694336,0.005290806293487549,-0.01803112030029297,-0.024068355560302734
1769719348.9797137,full,goal16.png,0.68747878074646,-1.145459771156311,-1.0268969535827637,-1.441139578819275,0.5829079747200012,0.6929889917373657,2.7583086490631104,-1.1533725261688232,-1.0155930519104004,-1.4004065990447998,0.5916319489479065,0.6783952116966248,2.734351634979248,-0.007912755012512207,0.011303901672363281,0.0407329797744751,0.008723974227905273,-0.014593780040740967,-0.023957014083862305
1769719349.081303,full,goal16.png,0.6711745262145996,-1.1497613191604614,-1.0360450744628906,-1.4236611127853394,0.5865733623504639,0.6852191090583801,2.7464189529418945,-1.1568264961242676,-1.0259971618652344,-1.3863561153411865,0.5951743721961975,0.6740821003913879,2.7245969772338867,-0.007065176963806152,0.01004791259765625,0.03730499744415283,0.008601009845733643,-0.011137008666992188,-0.021821975708007812
1769719349.1811767,full,goal16.png,0.6808078289031982,-1.1534266471862793,-1.0467078685760498,-1.4087574481964111,0.5911473631858826,0.6782973408699036,2.735710859298706,-1.159911870956421,-1.0372779369354248,-1.3716552257537842,0.600126326084137,0.6698006987571716,2.7161569595336914,-0.0064852237701416016,0.009429931640625,0.03710222244262695,0.008978962898254395,-0.008496642112731934,-0.01955389976501465
1769719349.2807071,full,goal16.png,0.6804198622703552,-1.1562740802764893,-1.058158278465271,-1.3950049877166748,0.5953580141067505,0.6738445162773132,2.726289987564087,-1.1620779037475586,-1.0481793880462646,-1.3563305139541626,0.6051932573318481,0.6660902500152588,2.710869073867798,-0.005803823471069336,0.009978890419006348,0.03867447376251221,0.009835243225097656,-0.007754266262054443,-0.015420913696289062
1769719349.3820622,full,goal16.png,0.7092790603637695,-1.157788634300232,-1.0687605142593384,-1.381070613861084,0.5993868112564087,0.6700731515884399,2.7186412811279297,-1.1612515449523926,-1.0584062337875366,-1.3424463272094727,0.6123418211936951,0.6633009314537048,2.708202600479126,-0.0034629106521606445,0.010354280471801758,0.03862428665161133,0.012955009937286377,-0.006772220134735107,-0.010438680648803711
1769719349.4832323,full,goal16.png,0.7055057883262634,-1.1587579250335693,-1.0783326625823975,-1.3658944368362427,0.6044153571128845,0.6667409539222717,2.713491678237915,-1.1592638492584229,-1.0686630010604858,-1.3279752731323242,0.6187593936920166,0.6609563827514648,2.7079176902770996,-0.0005059242248535156,0.009669661521911621,0.03791916370391846,0.01434403657913208,-0.005784571170806885,-0.00557398796081543
1769719349.5817826,full,goal16.png,0.7044728398323059,-1.158576250076294,-1.0882987976074219,-1.3521720170974731,0.610413134098053,0.6639692783355713,2.7103261947631836,-1.1560962200164795,-1.0776140689849854,-1.3153855800628662,0.6270370483398438,0.6567025184631348,2.7079949378967285,0.002480030059814453,0.010684728622436523,0.036786437034606934,0.01662391424179077,-0.0072667598724365234,-0.002331256866455078
1769719349.6811004,full,goal16.png,0.7178621292114258,-1.1571828126907349,-1.098173975944519,-1.3374501466751099,0.6175014972686768,0.6611218452453613,2.708932638168335,-1.1538695096969604,-1.086779236793518,-1.3027162551879883,0.634727954864502,0.6518226265907288,2.7053327560424805,0.003313302993774414,0.011394739151000977,0.03473389148712158,0.017226457595825195,-0.009299218654632568,-0.003599882125854492
1769719349.7825859,full,goal16.png,0.7222241163253784,-1.154789686203003,-1.1059589385986328,-1.3248487710952759,0.6256499290466309,0.6571839451789856,2.7082359790802,-1.1524105072021484,-1.09578537940979,-1.2880946397781372,0.6410766243934631,0.648591160774231,2.69970440864563,0.002379179000854492,0.010173559188842773,0.03675413131713867,0.015426695346832275,-0.008592784404754639,-0.008531570434570312
1769719349.8819747,full,goal16.png,0.7247532606124878,-1.1522451639175415,-1.1146527528762817,-1.3099148273468018,0.6335561871528625,0.6526703834533691,2.7052977085113525,-1.1510990858078003,-1.1027779579162598,-1.2730454206466675,0.6477788686752319,0.6465772986412048,2.6909890174865723,0.001146078109741211,0.011874794960021973,0.03686940670013428,0.014222681522369385,-0.006093084812164307,-0.014308691024780273
1769719349.9843323,full,goal16.png,0.722386360168457,-1.1501247882843018,-1.1226801872253418,-1.2974648475646973,0.6394934058189392,0.6493383049964905,2.700723648071289,-1.1490445137023926,-1.1081151962280273,-1.2592952251434326,0.6557073593139648,0.6440064311027527,2.6810970306396484,0.0010802745819091797,0.014564990997314453,0.03816962242126465,0.016213953495025635,-0.005331873893737793,-0.019626617431640625
1769719350.0823433,full,goal16.png,0.7195979952812195,-1.1486707925796509,-1.1286779642105103,-1.2827428579330444,0.646824061870575,0.6466271877288818,2.691681385040283,-1.1467477083206177,-1.1132597923278809,-1.2465463876724243,0.6640321016311646,0.6411594152450562,2.6715545654296875,0.0019230842590332031,0.015418171882629395,0.03619647026062012,0.0172080397605896,-0.005467772483825684,-0.020126819610595703
1769719350.1835928,full,goal16.png,0.7166408896446228,-1.1467623710632324,-1.1337063312530518,-1.2680513858795166,0.655154287815094,0.643961489200592,2.681654930114746,-1.1446372270584106,-1.1196420192718506,-1.2357820272445679,0.6725343465805054,0.6381239891052246,2.6646134853363037,0.0021251440048217773,0.014064311981201172,0.03226935863494873,0.017380058765411377,-0.005837500095367432,-0.017041444778442383
1769719350.2828186,full,goal16.png,0.7285268902778625,-1.145035743713379,-1.1414308547973633,-1.256237506866455,0.6623335480690002,0.6405536532402039,2.6740968227386475,-1.1442720890045166,-1.1278804540634155,-1.2239958047866821,0.6808452010154724,0.6347758769989014,2.658276081085205,0.0007636547088623047,0.013550400733947754,0.03224170207977295,0.018511652946472168,-0.00577777624130249,-0.015820741653442383
1769719350.3829134,full,goal16.png,0.6998978853225708,-1.1430062055587769,-1.151608943939209,-1.2448476552963257,0.6713301539421082,0.6374789476394653,2.6667511463165283,-1.1445225477218628,-1.135654091835022,-1.2115538120269775,0.6901765465736389,0.6294394135475159,2.6504783630371094,-0.0015163421630859375,0.01595485210418701,0.033293843269348145,0.01884639263153076,-0.008039534091949463,-0.016272783279418945
1769719350.4808898,full,goal16.png,0.7225680351257324,-1.1415824890136719,-1.1567585468292236,-1.2335790395736694,0.6802058219909668,0.6339499354362488,2.6598598957061768,-1.1437253952026367,-1.1413190364837646,-1.1984810829162598,0.6985657215118408,0.6240822076797485,2.641127109527588,-0.0021429061889648438,0.015439510345458984,0.03509795665740967,0.018359899520874023,-0.009867727756500244,-0.018732786178588867
1769719350.583106,full,goal16.png,0.712906002998352,-1.141370415687561,-1.162483811378479,-1.2200990915298462,0.688475489616394,0.6292093396186829,2.6514840126037598,-1.1416175365447998,-1.1458243131637573,-1.187298059463501,0.7091529369354248,0.6183110475540161,2.6308131217956543,-0.00024712085723876953,0.01665949821472168,0.032801032066345215,0.02067744731903076,-0.010898292064666748,-0.02067089080810547
1769719350.6837544,full,goal16.png,0.7254146337509155,-1.140734314918518,-1.17035973072052,-1.2092546224594116,0.6969874501228333,0.6243171095848083,2.6426842212677,-1.1403231620788574,-1.1508936882019043,-1.1760811805725098,0.7208876013755798,0.6099684834480286,2.6183207035064697,0.00041115283966064453,0.019466042518615723,0.033173441886901855,0.023900151252746582,-0.014348626136779785,-0.02436351776123047
1769719350.7832987,full,goal16.png,0.7329220771789551,-1.138553261756897,-1.1779327392578125,-1.1961382627487183,0.708892285823822,0.6176074743270874,2.631279230117798,-1.1391849517822266,-1.1546058654785156,-1.1661428213119507,0.7337995767593384,0.6004096269607544,2.6063761711120605,-0.0006316900253295898,0.023326873779296875,0.029995441436767578,0.024907290935516357,-0.017197847366333008,-0.024903059005737305
1769719350.882999,full,goal16.png,0.7307175397872925,-1.137159824371338,-1.1815071105957031,-1.1859298944473267,0.71897953748703,0.6095952391624451,2.620025873184204,-1.137117624282837,-1.157447338104248,-1.157132625579834,0.7472838163375854,0.5905432105064392,2.5959720611572266,4.220008850097656e-05,0.024059772491455078,0.028797268867492676,0.02830427885055542,-0.01905202865600586,-0.02405381202697754
1769719350.9825962,full,goal16.png,0.7188550233840942,-1.13634192943573,-1.1849300861358643,-1.1756609678268433,0.7322776317596436,0.6005833148956299,2.6089844703674316,-1.1361972093582153,-1.1618382930755615,-1.1480967998504639,0.760928213596344,0.5813091993331909,2.5865437984466553,0.00014472007751464844,0.023091793060302734,0.027564167976379395,0.02865058183670044,-0.019274115562438965,-0.022440671920776367
1769719351.0832646,full,goal16.png,0.7083039879798889,-1.1348576545715332,-1.190534234046936,-1.1656948328018188,0.745999813079834,0.5901175141334534,2.5977914333343506,-1.1368508338928223,-1.1673356294631958,-1.138488531112671,0.7725076675415039,0.5719906091690063,2.575153350830078,-0.0019931793212890625,0.023198604583740234,0.02720630168914795,0.026507854461669922,-0.01812690496444702,-0.02263808250427246
1769719351.1842265,full,goal16.png,0.7218952775001526,-1.1337974071502686,-1.195744276046753,-1.1578794717788696,0.7582984566688538,0.5812268257141113,2.5882344245910645,-1.1393238306045532,-1.1730670928955078,-1.127800464630127,0.7784696817398071,0.5612647533416748,2.5611491203308105,-0.005526423454284668,0.022677183151245117,0.030079007148742676,0.02017122507095337,-0.019962072372436523,-0.027085304260253906
1769719351.283234,full,goal16.png,0.7168154716491699,-1.1340094804763794,-1.2004698514938354,-1.1479135751724243,0.768839955329895,0.5712002515792847,2.5765416622161865,-1.143364429473877,-1.1803427934646606,-1.1172295808792114,0.7830320596694946,0.55113285779953,2.547401189804077,-0.009354948997497559,0.020127058029174805,0.03068399429321289,0.01419210433959961,-0.02006739377975464,-0.029140472412109375
1769719351.3837745,full,goal16.png,0.7099474668502808,-1.135736107826233,-1.2051348686218262,-1.1371597051620483,0.7756859064102173,0.5614916086196899,2.563682794570923,-1.1487715244293213,-1.1896735429763794,-1.1055362224578857,0.7879691123962402,0.5416789054870605,2.5363357067108154,-0.013035416603088379,0.015461325645446777,0.0316234827041626,0.01228320598602295,-0.019812703132629395,-0.027347087860107422
1769719351.4834757,full,goal16.png,0.7153452038764954,-1.1394619941711426,-1.2117990255355835,-1.1257095336914062,0.7820776700973511,0.5510106086730957,2.549506187438965,-1.154488205909729,-1.1992168426513672,-1.0919139385223389,0.7933642864227295,0.531027615070343,2.528179883956909,-0.015026211738586426,0.012582182884216309,0.03379559516906738,0.011286616325378418,-0.019982993602752686,-0.021326303482055664
1769719351.583651,full,goal16.png,0.7134259939193726,-1.1439149379730225,-1.220613956451416,-1.1145014762878418,0.787227213382721,0.5419381260871887,2.539191722869873,-1.1596546173095703,-1.208292841911316,-1.0790109634399414,0.8005462884902954,0.5218020081520081,2.521902322769165,-0.01573967933654785,0.012321114540100098,0.03549051284790039,0.013319075107574463,-0.020136117935180664,-0.017289400100708008
1769719351.680588,full,goal16.png,0.7303082942962646,-1.1488524675369263,-1.2291563749313354,-1.102929949760437,0.7925586104393005,0.5321993231773376,2.5301194190979004,-1.166385531425476,-1.217097520828247,-1.066758155822754,0.8032225966453552,0.5136768221855164,2.5190486907958984,-0.017533063888549805,0.012058854103088379,0.036171793937683105,0.010663986206054688,-0.01852250099182129,-0.011070728302001953
1769719351.7815092,full,goal16.png,0.7379900813102722,-1.154759407043457,-1.2374563217163086,-1.0877536535263062,0.798314094543457,0.5224301815032959,2.5238640308380127,-1.1726171970367432,-1.2251250743865967,-1.0559086799621582,0.808276891708374,0.5055326223373413,2.519564628601074,-0.017857789993286133,0.012331247329711914,0.03184497356414795,0.009962797164916992,-0.01689755916595459,-0.0042994022369384766
1769719351.8823001,full,goal16.png,0.7226373553276062,-1.1608178615570068,-1.245392918586731,-1.0761821269989014,0.8020703196525574,0.5143119096755981,2.5207743644714355,-1.1772762537002563,-1.231415033340454,-1.0445666313171387,0.815491795539856,0.4945424199104309,2.520467758178711,-0.01645839214324951,0.013977885246276855,0.031615495681762695,0.013421475887298584,-0.019769489765167236,-0.0003066062927246094
1769719351.9807575,full,goal16.png,0.698886513710022,-1.1665430068969727,-1.2523599863052368,-1.0659434795379639,0.8072501420974731,0.5060119032859802,2.5204713344573975,-1.181579351425171,-1.2390384674072266,-1.0357685089111328,0.8278887271881104,0.48653560876846313,2.519766330718994,-0.015036344528198242,0.013321518898010254,0.030174970626831055,0.020638585090637207,-0.01947629451751709,-0.0007050037384033203
1769719352.0798693,full,goal16.png,0.7080338597297668,-1.171480655670166,-1.258418321609497,-1.0539478063583374,0.8165194392204285,0.4954097867012024,2.5207741260528564,-1.1855360269546509,-1.249850869178772,-1.029675006866455,0.8419913053512573,0.48398691415786743,2.51584792137146,-0.014055371284484863,0.008567452430725098,0.024272799491882324,0.025471866130828857,-0.011422872543334961,-0.004926204681396484
1769719352.1824253,full,goal16.png,0.7055689096450806,-1.1758426427841187,-1.2645070552825928,-1.0452237129211426,0.8277881741523743,0.4883820116519928,2.519320249557495,-1.1871893405914307,-1.2580535411834717,-1.0282392501831055,0.8554980754852295,0.48561954498291016,2.5131583213806152,-0.011346697807312012,0.006453514099121094,0.01698446273803711,0.027709901332855225,-0.0027624666690826416,-0.006161928176879883
1769719352.283436,full,goal16.png,0.6895691156387329,-1.1796897649765015,-1.275169849395752,-1.038832187652588,0.8401472568511963,0.4855799674987793,2.5168514251708984,-1.1881705522537231,-1.2641067504882812,-1.0220770835876465,0.8651690483093262,0.4828453063964844,2.5094680786132812,-0.00848078727722168,0.011063098907470703,0.016755104064941406,0.025021791458129883,-0.002734661102294922,-0.0073833465576171875
1769719352.3823478,full,goal16.png,0.6727424263954163,-1.181840419769287,-1.2855901718139648,-1.0354092121124268,0.8521125912666321,0.4846712052822113,2.51442813873291,-1.1892826557159424,-1.2695355415344238,-1.0098233222961426,0.8705894947052002,0.4735048711299896,2.5007576942443848,-0.0074422359466552734,0.016054630279541016,0.02558588981628418,0.018476903438568115,-0.01116633415222168,-0.01367044448852539
1769719352.481499,full,goal16.png,0.673785924911499,-1.1830217838287354,-1.2916183471679688,-1.0278360843658447,0.861836314201355,0.4803546369075775,2.50899076461792,-1.1921182870864868,-1.2761170864105225,-0.9930136203765869,0.8719083666801453,0.459941029548645,2.4847216606140137,-0.009096503257751465,0.015501260757446289,0.03482246398925781,0.010072052478790283,-0.020413607358932495,-0.02426910400390625
1769719352.5824788,full,goal16.png,0.6766414642333984,-1.1845364570617676,-1.295192837715149,-1.0167189836502075,0.8680159449577332,0.47110041975975037,2.499039888381958,-1.194385290145874,-1.2804476022720337,-0.9796823263168335,0.8721297979354858,0.4478875398635864,2.4672412872314453,-0.009848833084106445,0.014745235443115234,0.03703665733337402,0.0041138529777526855,-0.02321287989616394,-0.031798601150512695
1769719352.6830099,full,goal16.png,0.6885613799095154,-1.1865054368972778,-1.3009179830551147,-1.0016639232635498,0.8706209659576416,0.45965009927749634,2.4852569103240967,-1.1966872215270996,-1.284041404724121,-0.9688841104507446,0.8736359477043152,0.43899378180503845,2.451582431793213,-0.010181784629821777,0.016876578330993652,0.032779812812805176,0.003014981746673584,-0.020656317472457886,-0.03367447853088379
1769719352.7830904,full,goal16.png,0.6823024749755859,-1.188504695892334,-1.3068552017211914,-0.9883354902267456,0.8720749616622925,0.4481542408466339,2.4681875705718994,-1.1990971565246582,-1.2873400449752808,-0.959003746509552,0.8796309232711792,0.4297821521759033,2.4363245964050293,-0.010592460632324219,0.019515156745910645,0.029331743717193604,0.007555961608886719,-0.01837208867073059,-0.03186297416687012
1769719352.883443,full,goal16.png,0.6887757182121277,-1.1905039548873901,-1.3111869096755981,-0.9774001240730286,0.874346911907196,0.4393998980522156,2.45285964012146,-1.2011054754257202,-1.2917112112045288,-0.9480482339859009,0.8879725933074951,0.4212188422679901,2.421964645385742,-0.010601520538330078,0.019475698471069336,0.029351890087127686,0.013625681400299072,-0.018181055784225464,-0.030894994735717773
1769719352.9831498,full,goal16.png,0.6937296390533447,-1.1928061246871948,-1.3149129152297974,-0.9681610465049744,0.8792845010757446,0.43047896027565,2.438243865966797,-1.2029271125793457,-1.2959922552108765,-0.9364871382713318,0.8978061676025391,0.41179633140563965,2.4080591201782227,-0.010120987892150879,0.0189206600189209,0.03167390823364258,0.018521666526794434,-0.018682628870010376,-0.03018474578857422
1769719353.0840592,full,goal16.png,0.6901421546936035,-1.1950477361679077,-1.3191536664962769,-0.9557413458824158,0.8872511982917786,0.42092186212539673,2.422961473464966,-1.2046211957931519,-1.2997229099273682,-0.927178680896759,0.9045336246490479,0.40423843264579773,2.396028518676758,-0.00957345962524414,0.01943075656890869,0.02856266498565674,0.017282426357269287,-0.016683429479599,-0.026932954788208008
1769719353.185378,full,goal16.png,0.6723911762237549,-1.197016716003418,-1.3229705095291138,-0.9448665380477905,0.8955512046813965,0.41256120800971985,2.4108145236968994,-1.2059074640274048,-1.3011494874954224,-0.9198248386383057,0.9122053384780884,0.39503341913223267,2.384492874145508,-0.008890748023986816,0.021821022033691406,0.025041699409484863,0.016654133796691895,-0.017527788877487183,-0.0263216495513916
1769719353.2826612,full,goal16.png,0.6811145544052124,-1.199228048324585,-1.3261512517929077,-0.9364756345748901,0.9030030965805054,0.40365538001060486,2.3981220722198486,-1.207855463027954,-1.3006641864776611,-0.9134712815284729,0.9200408458709717,0.3835996091365814,2.373593330383301,-0.00862741470336914,0.025487065315246582,0.023004353046417236,0.01703774929046631,-0.020055770874023438,-0.02452874183654785
1769719353.3825161,full,goal16.png,0.6779844760894775,-1.2005609273910522,-1.328847050666809,-0.9286906123161316,0.9103034734725952,0.39446181058883667,2.3865959644317627,-1.209672212600708,-1.302141785621643,-0.9048386812210083,0.9278148412704468,0.37261292338371277,2.361698865890503,-0.009111285209655762,0.026705265045166016,0.02385193109512329,0.017511367797851562,-0.0218488872051239,-0.024897098541259766
1769719353.4828618,full,goal16.png,0.6702474355697632,-1.2024692296981812,-1.3307251930236816,-0.9207541346549988,0.91902756690979,0.38284486532211304,2.3742218017578125,-1.2114646434783936,-1.3045310974121094,-0.8950527906417847,0.9343969225883484,0.3608894944190979,2.349083423614502,-0.008995413780212402,0.026194095611572266,0.02570134401321411,0.01536935567855835,-0.021955370903015137,-0.025138378143310547
1769719353.5848591,full,goal16.png,0.6712775230407715,-1.2041958570480347,-1.3317551612854004,-0.9131508469581604,0.9265398979187012,0.3726213276386261,2.363210678100586,-1.2120310068130493,-1.3069899082183838,-0.8849226236343384,0.9428113102912903,0.34984052181243896,2.3346517086029053,-0.007835149765014648,0.0247652530670166,0.02822822332382202,0.01627141237258911,-0.022780805826187134,-0.028558969497680664
1769719353.6849763,full,goal16.png,0.6621047258377075,-1.205649971961975,-1.3331788778305054,-0.903124213218689,0.9333858489990234,0.36144357919692993,2.3507606983184814,-1.2113642692565918,-1.3069720268249512,-0.8782861232757568,0.9527029991149902,0.34011325240135193,2.3226163387298584,-0.005714297294616699,0.0262068510055542,0.02483808994293213,0.019317150115966797,-0.021330326795578003,-0.028144359588623047
1769719353.784585,full,goal16.png,0.6673077344894409,-1.206286072731018,-1.3355416059494019,-0.8928249478340149,0.9417768120765686,0.35032641887664795,2.3365235328674316,-1.209808588027954,-1.3080819845199585,-0.8704742193222046,0.9620594382286072,0.3329807221889496,2.313288688659668,-0.003522515296936035,0.02745962142944336,0.022350728511810303,0.020282626152038574,-0.017345696687698364,-0.023234844207763672
1769719353.8849697,full,goal16.png,0.6459155678749084,-1.2062557935714722,-1.3366928100585938,-0.8866151571273804,0.9508037567138672,0.3412085175514221,2.3248610496520996,-1.207251787185669,-1.3081282377243042,-0.8639358282089233,0.9719903469085693,0.32630598545074463,2.3053908348083496,-0.0009959936141967773,0.02856457233428955,0.02267932891845703,0.02118659019470215,-0.01490253210067749,-0.01947021484375
1769719353.983332,full,goal16.png,0.6569527983665466,-1.2053773403167725,-1.337540864944458,-0.8800720572471619,0.960315465927124,0.3338173031806946,2.3156826496124268,-1.2046672105789185,-1.3104194402694702,-0.8548957109451294,0.9809269309043884,0.3216651678085327,2.2968027591705322,0.0007101297378540039,0.027121424674987793,0.02517634630203247,0.020611464977264404,-0.012152135372161865,-0.01887989044189453
1769719354.0824373,full,goal16.png,0.6656638979911804,-1.203287124633789,-1.3382680416107178,-0.8712874054908752,0.9704632759094238,0.3271227478981018,2.306443691253662,-1.2026679515838623,-1.313130497932434,-0.8457117676734924,0.9897114038467407,0.3171159327030182,2.288892984390259,0.0006191730499267578,0.02513754367828369,0.025575637817382812,0.019248127937316895,-0.010006815195083618,-0.01755070686340332
1769719354.183213,full,goal16.png,0.6619481444358826,-1.2007728815078735,-1.3398431539535522,-0.8620786666870117,0.9801264405250549,0.3216702342033386,2.2975378036499023,-1.2012354135513306,-1.314701795578003,-0.8384538888931274,1.0004478693008423,0.3145093023777008,2.280200481414795,-0.00046253204345703125,0.025141358375549316,0.023624777793884277,0.020321428775787354,-0.007160931825637817,-0.017337322235107422
1769719354.2937238,full,goal16.png,0.6657009124755859,-1.1986525058746338,-1.3416000604629517,-0.8548085689544678,0.9885475635528564,0.3177625834941864,2.290358543395996,-1.1996492147445679,-1.3146028518676758,-0.8336141705513,1.0130797624588013,0.31116732954978943,2.272411346435547,-0.000996708869934082,0.02699720859527588,0.021194398403167725,0.024532198905944824,-0.006595253944396973,-0.01794719696044922
1769719354.3879304,full,goal16.png,0.6767882108688354,-1.196834921836853,-1.343356966972351,-0.8475385308265686,0.9978774189949036,0.31465765833854675,2.2828309535980225,-1.1980944871902466,-1.3145346641540527,-0.8306699991226196,1.0238471031188965,0.3094365894794464,2.2668509483337402,-0.0012595653533935547,0.02882230281829834,0.016868531703948975,0.02596968412399292,-0.005221068859100342,-0.015980005264282227
1769719354.4867058,full,goal16.png,0.6747393608093262,-1.195592999458313,-1.3438113927841187,-0.8423888087272644,1.0110846757888794,0.3117799758911133,2.2749853134155273,-1.1967027187347412,-1.314686894416809,-0.8289219737052917,1.0346763134002686,0.30714383721351624,2.262155294418335,-0.0011097192764282227,0.02912449836730957,0.013466835021972656,0.02359163761138916,-0.004636138677597046,-0.012830018997192383
1769719354.5852854,full,goal16.png,0.690375566482544,-1.194169282913208,-1.3436295986175537,-0.8386023640632629,1.0215657949447632,0.309886634349823,2.2688815593719482,-1.1954617500305176,-1.3147697448730469,-0.8275357484817505,1.0439262390136719,0.3052373230457306,2.2574267387390137,-0.0012924671173095703,0.028859853744506836,0.011066615581512451,0.02236044406890869,-0.004649311304092407,-0.01145482063293457
1769719354.684611,full,goal16.png,0.6803861856460571,-1.1926547288894653,-1.3437508344650269,-0.8366636633872986,1.0322891473770142,0.3075542151927948,2.2637016773223877,-1.1929430961608887,-1.3137495517730713,-0.8271787166595459,1.0540752410888672,0.30448246002197266,2.251157283782959,-0.00028836727142333984,0.030001282691955566,0.009484946727752686,0.021786093711853027,-0.0030717551708221436,-0.012544393539428711
1769719354.783323,full,goal16.png,0.6775795817375183,-1.1909583806991577,-1.3440234661102295,-0.8355428576469421,1.0429518222808838,0.3058578670024872,2.2577946186065674,-1.1896960735321045,-1.3139910697937012,-0.8253328800201416,1.0641636848449707,0.30640512704849243,2.246394634246826,0.0012623071670532227,0.03003239631652832,0.010209977626800537,0.021211862564086914,0.000547260046005249,-0.011399984359741211
1769719354.8849669,full,goal16.png,0.6829720735549927,-1.1886258125305176,-1.343720555305481,-0.8346644639968872,1.0523725748062134,0.30541861057281494,2.2526602745056152,-1.1884549856185913,-1.3189257383346558,-0.8183987736701965,1.0712103843688965,0.3082970082759857,2.2436556816101074,0.00017082691192626953,0.024794816970825195,0.016265690326690674,0.018837809562683105,0.0028783977031707764,-0.009004592895507812
1769719354.9845326,full,goal16.png,0.6765691637992859,-1.1861722469329834,-1.3438719511032104,-0.8325439691543579,1.0622175931930542,0.3064485192298889,2.248964548110962,-1.187126874923706,-1.3223001956939697,-0.8134626746177673,1.0798314809799194,0.3098103106021881,2.237320899963379,-0.0009546279907226562,0.021571755409240723,0.019081294536590576,0.017613887786865234,0.0033617913722991943,-0.011643648147583008
1769719355.0838895,full,goal16.png,0.672417402267456,-1.184112310409546,-1.3472949266433716,-0.8273943662643433,1.0708507299423218,0.3083871901035309,2.2440271377563477,-1.1849818229675293,-1.3206677436828613,-0.8145050406455994,1.0893962383270264,0.311825692653656,2.2292699813842773,-0.0008695125579833984,0.026627182960510254,0.012889325618743896,0.01854550838470459,0.003438502550125122,-0.014757156372070312
1769719355.1848323,full,goal16.png,0.6599640846252441,-1.1824159622192383,-1.3503241539001465,-0.8237895965576172,1.0787873268127441,0.31009870767593384,2.237438440322876,-1.1825547218322754,-1.3183773756027222,-0.8169950842857361,1.0993130207061768,0.3144755959510803,2.219499111175537,-0.00013875961303710938,0.031946778297424316,0.0067945122718811035,0.020525693893432617,0.004376888275146484,-0.017939329147338867
1769719355.2846334,full,goal16.png,0.6708818674087524,-1.1803864240646362,-1.3502938747406006,-0.8232443928718567,1.087814211845398,0.31134065985679626,2.2301077842712402,-1.181339979171753,-1.3190643787384033,-0.8148008584976196,1.1111936569213867,0.3159824013710022,2.2092971801757812,-0.0009535551071166992,0.031229496002197266,0.00844353437423706,0.02337944507598877,0.004641741514205933,-0.020810604095458984
1769719355.3844085,full,goal16.png,0.6563557386398315,-1.1788415908813477,-1.3489004373550415,-0.8233957886695862,1.0979317426681519,0.31387007236480713,2.220641613006592,-1.1808592081069946,-1.3222965002059937,-0.8089778423309326,1.1237391233444214,0.31658869981765747,2.1977975368499756,-0.0020176172256469727,0.02660393714904785,0.014417946338653564,0.02580738067626953,0.002718627452850342,-0.02284407615661621
1769719355.4838884,full,goal16.png,0.6580175161361694,-1.1772360801696777,-1.349051833152771,-0.8215177655220032,1.1103211641311646,0.31524839997291565,2.2098727226257324,-1.1798019409179688,-1.326947808265686,-0.8020409345626831,1.13567054271698,0.31973037123680115,2.1866092681884766,-0.0025658607482910156,0.02210402488708496,0.01947683095932007,0.02534937858581543,0.004481971263885498,-0.02326345443725586
1769719355.5841823,full,goal16.png,0.6464122533798218,-1.1760849952697754,-1.3515055179595947,-0.8167012929916382,1.1222258806228638,0.3171112835407257,2.198831558227539,-1.1790555715560913,-1.3318284749984741,-0.795121967792511,1.1462582349777222,0.32187211513519287,2.1763150691986084,-0.002970576286315918,0.019677042961120605,0.021579325199127197,0.0240323543548584,0.004760831594467163,-0.022516489028930664
1769719355.6852112,full,goal16.png,0.6515357494354248,-1.1750247478485107,-1.3558372259140015,-0.8094918131828308,1.1336157321929932,0.3193378150463104,2.1878504753112793,-1.1796562671661377,-1.3382198810577393,-0.787977933883667,1.1568254232406616,0.3225659430027008,2.1671957969665527,-0.004631519317626953,0.017617344856262207,0.02151387929916382,0.023209691047668457,0.003228127956390381,-0.020654678344726562
1769719355.7844863,full,goal16.png,0.6392167806625366,-1.1744492053985596,-1.3606234788894653,-0.8031607866287231,1.1450660228729248,0.3211856484413147,2.1780662536621094,-1.1807150840759277,-1.3444228172302246,-0.780775249004364,1.1677756309509277,0.3208562731742859,2.1584231853485107,-0.006265878677368164,0.016200661659240723,0.02238553762435913,0.02270960807800293,-0.0003293752670288086,-0.019643068313598633
1769719355.8862824,full,goal16.png,0.623867928981781,-1.1744189262390137,-1.366197109222412,-0.7969812154769897,1.1551532745361328,0.3212764859199524,2.169312000274658,-1.1826252937316895,-1.3497703075408936,-0.7737574577331543,1.1826342344284058,0.31564608216285706,2.1474666595458984,-0.008206367492675781,0.016426801681518555,0.02322375774383545,0.02748095989227295,-0.005630403757095337,-0.021845340728759766
1769719355.9844408,full,goal16.png,0.6229065656661987,-1.1751155853271484,-1.3719828128814697,-0.789014458656311,1.1679061651229858,0.31868651509284973,2.159724473953247,-1.184106469154358,-1.3532356023788452,-0.7692190408706665,1.1980223655700684,0.31065618991851807,2.1365089416503906,-0.008990883827209473,0.01874721050262451,0.01979541778564453,0.03011620044708252,-0.008030325174331665,-0.023215532302856445
1769719356.0856438,full,goal16.png,0.6227039098739624,-1.1765090227127075,-1.3762540817260742,-0.7824714183807373,1.1819918155670166,0.31497567892074585,2.149137496948242,-1.185938835144043,-1.3569912910461426,-0.7629949450492859,1.2134573459625244,0.30541759729385376,2.1253206729888916,-0.00942981243133545,0.01926279067993164,0.019476473331451416,0.03146553039550781,-0.00955808162689209,-0.023816823959350586
1769719356.187883,full,goal16.png,0.607581615447998,-1.1781145334243774,-1.3796770572662354,-0.7775943875312805,1.1956232786178589,0.31094691157341003,2.1385655403137207,-1.1872456073760986,-1.361039400100708,-0.7551673054695129,1.2295143604278564,0.301099568605423,2.112799882888794,-0.009131073951721191,0.018637657165527344,0.022427082061767578,0.03389108180999756,-0.00984734296798706,-0.025765657424926758
1769719356.2833986,full,goal16.png,0.6105077862739563,-1.179174780845642,-1.3817671537399292,-0.7740199565887451,1.2059226036071777,0.307963103055954,2.131977081298828,-1.1886377334594727,-1.3625941276550293,-0.7503765225410461,1.2453534603118896,0.2961496114730835,2.100059986114502,-0.009462952613830566,0.019173026084899902,0.023643434047698975,0.039430856704711914,-0.011813491582870483,-0.03191709518432617
1769719356.3861074,full,goal16.png,0.6160781383514404,-1.1811437606811523,-1.3855535984039307,-0.7635995149612427,1.2280962467193604,0.30010244250297546,2.114786386489868,-1.1910545825958252,-1.3650658130645752,-0.7461700439453125,1.2629390954971313,0.2920408844947815,2.0859732627868652,-0.009910821914672852,0.02048778533935547,0.017429471015930176,0.034842848777770996,-0.00806155800819397,-0.02881312370300293
1769719356.4866326,full,goal16.png,0.6206150054931641,-1.1830217838287354,-1.3871289491653442,-0.7580863237380981,1.242878794670105,0.2956494688987732,2.1020636558532715,-1.1934361457824707,-1.3659801483154297,-0.7462907433509827,1.2816674709320068,0.29020658135414124,2.072871446609497,-0.010414361953735352,0.02114880084991455,0.011795580387115479,0.038788676261901855,-0.005442887544631958,-0.029192209243774414
1769719356.5824652,full,goal16.png,0.6340815424919128,-1.1841728687286377,-1.388158917427063,-0.7550268769264221,1.2541170120239258,0.29387733340263367,2.09356689453125,-1.1955111026763916,-1.3665709495544434,-0.7465164065361023,1.2993968725204468,0.28971564769744873,2.060415267944336,-0.011338233947753906,0.02158796787261963,0.008510470390319824,0.045279860496520996,-0.0041616857051849365,-0.03315162658691406
1769719356.6806066,full,goal16.png,0.6257780194282532,-1.1863539218902588,-1.3893098831176758,-0.7534819841384888,1.2712925672531128,0.2913632094860077,2.080298900604248,-1.1971042156219482,-1.3653055429458618,-0.7459592819213867,1.321125864982605,0.28622233867645264,2.045370101928711,-0.010750293731689453,0.024004340171813965,0.007522702217102051,0.04983329772949219,-0.005140870809555054,-0.03492879867553711
1769719356.7859008,full,goal16.png,0.6158819794654846,-1.1882623434066772,-1.3903701305389404,-0.7530578374862671,1.2898311614990234,0.2899242639541626,2.068227767944336,-1.2000309228897095,-1.3650966882705688,-0.742276132106781,1.3445336818695068,0.27903398871421814,2.0291748046875,-0.011768579483032227,0.025273442268371582,0.010781705379486084,0.0547025203704834,-0.010890275239944458,-0.03905296325683594
1769719356.8860257,full,goal16.png,0.5940857529640198,-1.1904736757278442,-1.3906124830245972,-0.7527246475219727,1.3114596605300903,0.28741005063056946,2.052718162536621,-1.202077865600586,-1.3613299131393433,-0.7420724034309387,1.3668692111968994,0.2712114155292511,2.013033151626587,-0.0116041898727417,0.029282569885253906,0.010652244091033936,0.05540955066680908,-0.01619863510131836,-0.03968501091003418
1769719356.9835997,full,goal16.png,0.6119318008422852,-1.1929879188537598,-1.390673041343689,-0.7507557272911072,1.332361102104187,0.2813667953014374,2.0379509925842285,-1.2026549577713013,-1.3528659343719482,-0.7471190690994263,1.3891685009002686,0.26601555943489075,1.998203992843628,-0.009667038917541504,0.03780710697174072,0.003636658191680908,0.05680739879608154,-0.01535123586654663,-0.039746999740600586
1769719357.082484,full,goal16.png,0.602597713470459,-1.1955324411392212,-1.3901277780532837,-0.749786376953125,1.354595422744751,0.2739907503128052,2.0220022201538086,-1.2018990516662598,-1.3441393375396729,-0.7536923885345459,1.4139307737350464,0.26380810141563416,1.9828248023986816,-0.006366610527038574,0.04598844051361084,-0.0039060115814208984,0.05933535099029541,-0.01018264889717102,-0.03917741775512695
1769719357.1874392,full,goal16.png,0.6135213971138,-1.196986436843872,-1.3836452960968018,-0.7532093524932861,1.3878257274627686,0.26734161376953125,1.9986622333526611,-1.2019121646881104,-1.341417670249939,-0.7549581527709961,1.4418402910232544,0.26376938819885254,1.9651029109954834,-0.004925727844238281,0.04222762584686279,-0.001748800277709961,0.05401456356048584,-0.003572225570678711,-0.033559322357177734
1769719357.2824614,full,goal16.png,0.6218267679214478,-1.1971075534820557,-1.3786773681640625,-0.7556629776954651,1.402365803718567,0.26484254002571106,1.9907711744308472,-1.2019765377044678,-1.3423279523849487,-0.7517898678779602,1.4654141664505005,0.264713853597641,1.947557806968689,-0.004868984222412109,0.03634941577911377,0.003873109817504883,0.0630483627319336,-0.00012868642807006836,-0.0432133674621582
1769719357.3827412,full,goal16.png,0.6167665719985962,-1.197168231010437,-1.3735884428024292,-0.7577531337738037,1.427417278289795,0.26435789465904236,1.9741407632827759,-1.2024625539779663,-1.3417739868164062,-0.7499394416809082,1.4895203113555908,0.26787862181663513,1.926534652709961,-0.005294322967529297,0.03181445598602295,0.007813692092895508,0.0621030330657959,0.0035207271575927734,-0.04760611057281494
1769719357.48323,full,goal16.png,0.6128250360488892,-1.1970469951629639,-1.3721344470977783,-0.7572382092475891,1.452892780303955,0.2643124461174011,1.9572834968566895,-1.2032033205032349,-1.3398852348327637,-0.7486923933029175,1.5135802030563354,0.2698962390422821,1.9034925699234009,-0.006156325340270996,0.03224921226501465,0.00854581594467163,0.06068742275238037,0.0055837929248809814,-0.053790926933288574
1769719357.5818493,full,goal16.png,0.6175289154052734,-1.1969561576843262,-1.3721344470977783,-0.7561476826667786,1.4777625799179077,0.2667812407016754,1.9363971948623657,-1.2034521102905273,-1.3330248594284058,-0.7545877695083618,1.542104959487915,0.26896312832832336,1.878371000289917,-0.006495952606201172,0.03910958766937256,0.001559913158416748,0.06434237957000732,0.0021818876266479492,-0.05802619457244873
1769719357.681922,full,goal16.png,0.6254364848136902,-1.197198510169983,-1.3713771104812622,-0.7552388906478882,1.5013599395751953,0.26929545402526855,1.9146777391433716,-1.2038569450378418,-1.3292733430862427,-0.7588448524475098,1.5725451707839966,0.2684473395347595,1.8527178764343262,-0.006658434867858887,0.04210376739501953,-0.003605961799621582,0.07118523120880127,-0.0008481144905090332,-0.06195986270904541
1769719357.7832127,full,goal16.png,0.6310493350028992,-1.1981980800628662,-1.3674694299697876,-0.7573593258857727,1.5278351306915283,0.26959842443466187,1.8909591436386108,-1.2039356231689453,-1.3259944915771484,-0.760791003704071,1.6056618690490723,0.26991844177246094,1.8246464729309082,-0.0057375431060791016,0.04147493839263916,-0.00343167781829834,0.07782673835754395,0.00032001733779907227,-0.06631267070770264
1769719357.882859,full,goal16.png,0.6065472364425659,-1.199228048324585,-1.3628650903701782,-0.7611458897590637,1.558339238166809,0.2688714265823364,1.864574909210205,-1.2062084674835205,-1.3235450983047485,-0.7590194940567017,1.6358206272125244,0.2714354991912842,1.7981940507888794,-0.006980419158935547,0.03931999206542969,0.0021263957023620605,0.07748138904571533,0.002564072608947754,-0.06638085842132568
1769719357.9816732,full,goal16.png,0.5766845941543579,-1.1992886066436768,-1.3599265813827515,-0.7638418078422546,1.5899639129638672,0.26982560753822327,1.8382058143615723,-1.2070913314819336,-1.3190886974334717,-0.7613187432289124,1.6599647998809814,0.27210497856140137,1.7755844593048096,-0.007802724838256836,0.040837883949279785,0.002523064613342285,0.07000088691711426,0.0022793710231781006,-0.0626213550567627
1769719358.0823884,full,goal16.png,0.5425458550453186,-1.2000459432601929,-1.3587756156921387,-0.7641144394874573,1.6198316812515259,0.27111291885375977,1.8115942478179932,-1.2066084146499634,-1.3090790510177612,-0.7694985866546631,1.6871678829193115,0.2718319892883301,1.7529900074005127,-0.006562471389770508,0.04969656467437744,-0.0053841471672058105,0.06733620166778564,0.0007190704345703125,-0.05860424041748047
1769719358.1824284,full,goal16.png,0.5615728497505188,-1.2017120122909546,-1.3551104068756104,-0.7654473185539246,1.6472762823104858,0.27180972695350647,1.7869062423706055,-1.2055622339248657,-1.2969446182250977,-0.7780053615570068,1.715853214263916,0.27297329902648926,1.732212781906128,-0.003850221633911133,0.058165788650512695,-0.012558043003082275,0.06857693195343018,0.001163572072982788,-0.05469346046447754
1769719358.2825787,full,goal16.png,0.5566893815994263,-1.2027418613433838,-1.3472646474838257,-0.7717177271842957,1.6737513542175293,0.2720823585987091,1.7645509243011475,-1.204460620880127,-1.2862991094589233,-0.7820609211921692,1.7434196472167969,0.2775851786136627,1.7154366970062256,-0.001718759536743164,0.060965538024902344,-0.010343194007873535,0.06966829299926758,0.005502820014953613,-0.049114227294921875
1769719358.3822336,full,goal16.png,0.528728723526001,-1.2030447721481323,-1.3381165266036987,-0.7792301177978516,1.7014081478118896,0.27226412296295166,1.7430132627487183,-1.202972650527954,-1.2787458896636963,-0.7815259099006653,1.7674169540405273,0.28338396549224854,1.7011528015136719,7.212162017822266e-05,0.05937063694000244,-0.0022957921028137207,0.0660088062286377,0.011119842529296875,-0.04186046123504639
1769719358.4838629,full,goal16.png,0.5211093425750732,-1.2022875547409058,-1.3272113800048828,-0.7845009565353394,1.7313061952590942,0.27624747157096863,1.7241564989089966,-1.2011356353759766,-1.272920846939087,-0.7810247540473938,1.7888572216033936,0.2916160821914673,1.6900242567062378,0.0011519193649291992,0.0542905330657959,0.0034762024879455566,0.057551026344299316,0.015368610620498657,-0.03413224220275879
1769719358.5839474,full,goal16.png,0.5445729494094849,-1.2007426023483276,-1.3181540966033936,-0.7860760688781738,1.7555397748947144,0.28139716386795044,1.708919644355774,-1.1985819339752197,-1.2666826248168945,-0.7815272808074951,1.8109047412872314,0.2981856167316437,1.6790927648544312,0.00216066837310791,0.05147147178649902,0.004548788070678711,0.05536496639251709,0.016788452863693237,-0.029826879501342773
1769719358.6843476,full,goal16.png,0.5608770847320557,-1.1992583274841309,-1.310944676399231,-0.786197304725647,1.7776529788970947,0.2886369526386261,1.6967120170593262,-1.1955959796905518,-1.2569793462753296,-0.7864713668823242,1.8360190391540527,0.30516353249549866,1.6678061485290527,0.0036623477935791016,0.05396533012390137,-0.0002740621566772461,0.05836606025695801,0.01652657985687256,-0.028905868530273438
1769719358.7823598,full,goal16.png,0.5734949111938477,-1.1966835260391235,-1.3048862218856812,-0.7867122292518616,1.7987663745880127,0.2949678301811218,1.6862915754318237,-1.19389009475708,-1.246940016746521,-0.792921781539917,1.8613216876983643,0.3126971423625946,1.6569029092788696,0.002793431282043457,0.057946205139160156,-0.00620955228805542,0.06255531311035156,0.01772931218147278,-0.0293886661529541
1769719358.8832264,full,goal16.png,0.5797191858291626,-1.194351077079773,-1.2957379817962646,-0.7902564406394958,1.8233633041381836,0.3020561933517456,1.6747503280639648,-1.1917164325714111,-1.2367939949035645,-0.799184262752533,1.887862205505371,0.32176855206489563,1.6456968784332275,0.0026346445083618164,0.058943986892700195,-0.00892782211303711,0.0644989013671875,0.019712358713150024,-0.029053449630737305
1769719358.9812145,full,goal16.png,0.5720218420028687,-1.1926850080490112,-1.2868624925613403,-0.7952545881271362,1.847869634628296,0.3096443712711334,1.6631333827972412,-1.1892569065093994,-1.2286386489868164,-0.8030650615692139,1.9104816913604736,0.3305800259113312,1.6327033042907715,0.0034281015396118164,0.058223843574523926,-0.007810473442077637,0.06261205673217773,0.020935654640197754,-0.030430078506469727
1769719359.0807767,full,goal16.png,0.5590541362762451,-1.1909583806991577,-1.2772902250289917,-0.8016765117645264,1.874314546585083,0.31771716475486755,1.6522130966186523,-1.1867296695709229,-1.22210693359375,-0.8034924268722534,1.9341154098510742,0.33837199211120605,1.6164352893829346,0.004228711128234863,0.0551832914352417,-0.0018159151077270508,0.05980086326599121,0.0206548273563385,-0.03577780723571777
1769719359.1814182,full,goal16.png,0.5742298364639282,-1.1885652542114258,-1.2680208683013916,-0.8061596751213074,1.8995174169540405,0.3261837661266327,1.638960361480713,-1.1845698356628418,-1.216666340827942,-0.8017120957374573,1.9600369930267334,0.3468455672264099,1.597381353378296,0.003995418548583984,0.05135452747344971,0.004447579383850098,0.06051957607269287,0.02066180109977722,-0.04157900810241699
1769719359.2822635,full,goal16.png,0.573367714881897,-1.1860812902450562,-1.260781168937683,-0.8076439499855042,1.922842264175415,0.33404451608657837,1.6248594522476196,-1.1815133094787598,-1.2093381881713867,-0.8016788363456726,1.988686442375183,0.3556992709636688,1.5793575048446655,0.004567980766296387,0.05144298076629639,0.005965113639831543,0.06584417819976807,0.021654754877090454,-0.0455019474029541
1769719359.3821964,full,goal16.png,0.5908282995223999,-1.1839306354522705,-1.2552982568740845,-0.8076439499855042,1.9472575187683105,0.3433593213558197,1.607214331626892,-1.1788203716278076,-1.2035622596740723,-0.7999154329299927,2.0154755115509033,0.36438843607902527,1.562088966369629,0.005110263824462891,0.05173599720001221,0.007728517055511475,0.06821799278259277,0.021029114723205566,-0.045125365257263184
1769719359.482399,full,goal16.png,0.5902119278907776,-1.1815980672836304,-1.2498154640197754,-0.8077046275138855,1.976761817932129,0.352477103471756,1.5878276824951172,-1.1765508651733398,-1.2001433372497559,-0.7958441972732544,2.0390820503234863,0.373935341835022,1.5428293943405151,0.005047202110290527,0.04967212677001953,0.011860430240631104,0.06232023239135742,0.02145823836326599,-0.04499828815460205
1769719359.582576,full,goal16.png,0.6023169159889221,-1.1795079708099365,-1.2433329820632935,-0.8069472312927246,2.002570629119873,0.36098912358283997,1.570682406425476,-1.173841118812561,-1.1968443393707275,-0.7911391854286194,2.061363458633423,0.3846372961997986,1.523223638534546,0.005666851997375488,0.04648864269256592,0.015808045864105225,0.058792829513549805,0.023648172616958618,-0.047458767890930176
1769719359.6823819,full,goal16.png,0.5781626105308533,-1.1765999794006348,-1.2380621433258057,-0.8044330477714539,2.026258707046509,0.37013739347457886,1.5524770021438599,-1.1708946228027344,-1.1919361352920532,-0.7885409593582153,2.08546781539917,0.39550137519836426,1.503974199295044,0.005705356597900391,0.04612600803375244,0.015892088413238525,0.05920910835266113,0.0253639817237854,-0.04850280284881592
1769719359.7832825,full,goal16.png,0.57094407081604,-1.1731163263320923,-1.2357298135757446,-0.8016159534454346,2.050765037536621,0.3810727894306183,1.5318177938461304,-1.1680707931518555,-1.1861745119094849,-0.7881233096122742,2.1097500324249268,0.4066566228866577,1.4872031211853027,0.005045533180236816,0.049555301666259766,0.0134926438331604,0.058984994888305664,0.02558383345603943,-0.04461467266082764
1769719359.8827748,full,goal16.png,0.5801146626472473,-1.170541524887085,-1.2327611446380615,-0.7992531061172485,2.073423385620117,0.3911145329475403,1.5131731033325195,-1.1661090850830078,-1.183806300163269,-0.7829940915107727,2.134357213973999,0.4188327193260193,1.469848871231079,0.0044324398040771484,0.04895484447479248,0.01625901460647583,0.060933828353881836,0.027718186378479004,-0.04332423210144043
1769719359.9830058,full,goal16.png,0.568907618522644,-1.168330192565918,-1.2276114225387573,-0.7978293895721436,2.097081422805786,0.4017925262451172,1.4961035251617432,-1.1647824048995972,-1.182345986366272,-0.7772598266601562,2.159776449203491,0.4301430583000183,1.4510053396224976,0.0035477876663208008,0.04526543617248535,0.020569562911987305,0.06269502639770508,0.028350532054901123,-0.045098185539245605
1769719360.0829954,full,goal16.png,0.5654722452163696,-1.1663914918899536,-1.2239763736724854,-0.7935581803321838,2.1232235431671143,0.41448482871055603,1.4774740934371948,-1.163506269454956,-1.181265115737915,-0.7701950073242188,2.1858267784118652,0.440626323223114,1.4299397468566895,0.0028852224349975586,0.04271125793457031,0.023363173007965088,0.06260323524475098,0.026141494512557983,-0.04753434658050537
1769719360.1816947,full,goal16.png,0.5783343315124512,-1.1647861003875732,-1.2226738929748535,-0.7889538407325745,2.14778995513916,0.42502638697624207,1.4601774215698242,-1.1615476608276367,-1.1805827617645264,-0.7616146802902222,2.2098703384399414,0.45105886459350586,1.4081928730010986,0.0032384395599365234,0.04209113121032715,0.027339160442352295,0.06208038330078125,0.026032477617263794,-0.051984548568725586
1769719360.2814047,full,goal16.png,0.586980938911438,-1.163604736328125,-1.2211593389511108,-0.7829863429069519,2.1726295948028564,0.4353710412979126,1.4404723644256592,-1.1598353385925293,-1.1787327527999878,-0.7543071508407593,2.2324085235595703,0.460430383682251,1.3886243104934692,0.003769397735595703,0.04242658615112305,0.028679192066192627,0.05977892875671387,0.02505934238433838,-0.05184805393218994
1769719360.3830297,full,goal16.png,0.5746394991874695,-1.1622415781021118,-1.217978596687317,-0.7750498652458191,2.199195623397827,0.446821391582489,1.4174202680587769,-1.1580255031585693,-1.1749153137207031,-0.749263346195221,2.2550857067108154,0.4674431085586548,1.3718392848968506,0.0042160749435424805,0.04306328296661377,0.025786519050598145,0.05589008331298828,0.02062171697616577,-0.04558098316192627
1769719360.4823413,full,goal16.png,0.5643177032470703,-1.1603937149047852,-1.2160398960113525,-0.766810417175293,2.2220661640167236,0.4565148949623108,1.397821307182312,-1.1565277576446533,-1.1709821224212646,-0.7437095642089844,2.2786431312561035,0.4753247797489166,1.354006290435791,0.003865957260131836,0.04505777359008789,0.023100852966308594,0.05657696723937988,0.018809884786605835,-0.043815016746520996
1769719360.5815299,full,goal16.png,0.5552496314048767,-1.158364176750183,-1.2139497995376587,-0.7611458897590637,2.2441487312316895,0.4636940360069275,1.3807368278503418,-1.154411792755127,-1.1682416200637817,-0.7359070181846619,2.3021578788757324,0.4853890538215637,1.336258053779602,0.003952383995056152,0.04570817947387695,0.025238871574401855,0.05800914764404297,0.02169501781463623,-0.044478774070739746
1769719360.682084,full,goal16.png,0.569839358329773,-1.1568799018859863,-1.2103753089904785,-0.7549057006835938,2.267382860183716,0.4723272919654846,1.362349510192871,-1.1512646675109863,-1.1663711071014404,-0.7271707057952881,2.3251075744628906,0.4964677095413208,1.3173664808273315,0.005615234375,0.044004201889038086,0.027734994888305664,0.057724714279174805,0.02414041757583618,-0.04498302936553955
1769719360.7878711,full,goal16.png,0.5831820368766785,-1.1554259061813354,-1.2069826126098633,-0.748604953289032,2.291283369064331,0.48192986845970154,1.3446589708328247,-1.149092674255371,-1.1661421060562134,-0.7158488035202026,2.348554849624634,0.5079904198646545,1.2965757846832275,0.0063332319259643555,0.0408405065536499,0.032756149768829346,0.057271480560302734,0.026060551404953003,-0.04808318614959717
1769719360.8847826,full,goal16.png,0.5518252849578857,-1.15291166305542,-1.2048925161361694,-0.7412137389183044,2.3135476112365723,0.491729199886322,1.3263171911239624,-1.1473917961120605,-1.1650736331939697,-0.7062917947769165,2.3707163333892822,0.5190961956977844,1.2767081260681152,0.005519866943359375,0.03981888294219971,0.03492194414138794,0.05716872215270996,0.027366995811462402,-0.04960906505584717
1769719360.983326,full,goal16.png,0.5465955138206482,-1.1507306098937988,-1.2042866945266724,-0.7309144735336304,2.3371753692626953,0.5028160810470581,1.306718349456787,-1.1461467742919922,-1.1646904945373535,-0.6967323422431946,2.392407178878784,0.530768632888794,1.2555427551269531,0.004583835601806641,0.03959619998931885,0.03418213129043579,0.05523180961608887,0.02795255184173584,-0.051175594329833984
1769719361.083444,full,goal16.png,0.5604933500289917,-1.1491857767105103,-1.2031052112579346,-0.7211907505989075,2.3592584133148193,0.5145239233970642,1.2870739698410034,-1.144442081451416,-1.1635093688964844,-0.686835527420044,2.414299964904785,0.5434051752090454,1.2350876331329346,0.004743695259094238,0.039595842361450195,0.034355223178863525,0.05504155158996582,0.0288812518119812,-0.05198633670806885
1769719361.1835117,full,goal16.png,0.5609557628631592,-1.1475499868392944,-1.2018027305603027,-0.7114064693450928,2.3806140422821045,0.5257925391197205,1.2660815715789795,-1.1429566144943237,-1.1637678146362305,-0.6724830269813538,2.4377388954162598,0.558521032333374,1.2132446765899658,0.004593372344970703,0.038034915924072266,0.038923442363739014,0.05712485313415527,0.032728493213653564,-0.05283689498901367
1769719361.282411,full,goal16.png,0.5573866367340088,-1.1453689336776733,-1.2009848356246948,-0.7002893090248108,2.4035451412200928,0.5388938784599304,1.244468331336975,-1.1413155794143677,-1.1637455224990845,-0.6570978760719299,2.46156644821167,0.5743284225463867,1.1924184560775757,0.004053354263305664,0.03723931312561035,0.04319143295288086,0.05802130699157715,0.0354345440864563,-0.052049875259399414
1769719361.3843172,full,goal16.png,0.5408595204353333,-1.1436423063278198,-1.2010453939437866,-0.6888692378997803,2.4270215034484863,0.5533127784729004,1.2232035398483276,-1.1405822038650513,-1.1640443801879883,-0.6427932977676392,2.4840025901794434,0.589921236038208,1.171970009803772,0.0030601024627685547,0.03700101375579834,0.04607594013214111,0.05698108673095703,0.03660845756530762,-0.051233530044555664
1769719361.4850113,full,goal16.png,0.5293936729431152,-1.1419459581375122,-1.2011059522628784,-0.6733900308609009,2.4500434398651123,0.5678832530975342,1.2022716999053955,-1.139499545097351,-1.163328766822815,-0.6324705481529236,2.5050559043884277,0.6041802763938904,1.1534843444824219,0.002446413040161133,0.03777718544006348,0.040919482707977295,0.05501246452331543,0.0362970232963562,-0.04878735542297363
1769719361.58524,full,goal16.png,0.5219805240631104,-1.1410977840423584,-1.2004698514938354,-0.6597284078598022,2.4726715087890625,0.582680881023407,1.1824758052825928,-1.138397455215454,-1.1627641916275024,-0.6213499307632446,2.5258991718292236,0.6202476024627686,1.1355946063995361,0.002700328826904297,0.03770565986633301,0.03837847709655762,0.05322766304016113,0.03756672143936157,-0.04688119888305664
1769719361.6845462,full,goal16.png,0.5253444910049438,-1.1407040357589722,-1.1990461349487305,-0.646824061870575,2.494542121887207,0.5976601839065552,1.163316249847412,-1.137559413909912,-1.1615309715270996,-0.6132962107658386,2.54491925239563,0.6339569091796875,1.1187502145767212,0.0031446218490600586,0.03751516342163086,0.03352785110473633,0.05037713050842285,0.036296725273132324,-0.04456603527069092
1769719361.7835786,full,goal16.png,0.5163713693618774,-1.1390682458877563,-1.198076844215393,-0.6367368102073669,2.5139594078063965,0.6133665442466736,1.1453077793121338,-1.1365331411361694,-1.1594581604003906,-0.6075725555419922,2.561067581176758,0.6459371447563171,1.1037811040878296,0.002535104751586914,0.03861868381500244,0.029164254665374756,0.04710817337036133,0.032570600509643555,-0.0415266752243042
1769719361.88235,full,goal16.png,0.5276199579238892,-1.136978030204773,-1.1983191967010498,-0.62758868932724,2.5344367027282715,0.6276795268058777,1.1280564069747925,-1.1357762813568115,-1.1562831401824951,-0.6056516766548157,2.573975086212158,0.6548876166343689,1.092384696006775,0.0012017488479614258,0.04203605651855469,0.021937012672424316,0.03953838348388672,0.02720808982849121,-0.03567171096801758
1769719361.983927,full,goal16.png,0.5252461433410645,-1.1360995769500732,-1.1971982717514038,-0.6198339462280273,2.552490472793579,0.6412655115127563,1.1115926504135132,-1.13506019115448,-1.1535507440567017,-0.6037393808364868,2.5840582847595215,0.6627604961395264,1.0833486318588257,0.0010393857955932617,0.04364752769470215,0.016094565391540527,0.03156781196594238,0.02149498462677002,-0.0282440185546875
1769719362.0846722,full,goal16.png,0.5217429399490356,-1.1357663869857788,-1.194320559501648,-0.6160171031951904,2.565485954284668,0.650822639465332,1.0994304418563843,-1.1345560550689697,-1.1515663862228394,-0.6008535027503967,2.593093156814575,0.6713826656341553,1.0752904415130615,0.001210331916809082,0.042754173278808594,0.015163600444793701,0.027607202529907227,0.020560026168823242,-0.024140000343322754
1769719362.1837955,full,goal16.png,0.5458353757858276,-1.134948492050171,-1.1917760372161865,-0.6138361096382141,2.5776634216308594,0.6585016250610352,1.0897523164749146,-1.1341443061828613,-1.149303913116455,-0.5977275371551514,2.602339506149292,0.6792654991149902,1.0682063102722168,0.0008041858673095703,0.042472124099731445,0.016108572483062744,0.024676084518432617,0.020763874053955078,-0.021546006202697754
1769719362.284298,full,goal16.png,0.5432398319244385,-1.1341911554336548,-1.189564824104309,-0.6117156147956848,2.587811231613159,0.6683162450790405,1.0794529914855957,-1.1337788105010986,-1.1470190286636353,-0.5940499305725098,2.6109976768493652,0.6874955892562866,1.0619256496429443,0.00041234493255615234,0.04254579544067383,0.01766568422317505,0.023186445236206055,0.019179344177246094,-0.017527341842651367
1769719362.3831284,full,goal16.png,0.5283161401748657,-1.1335853338241577,-1.1868990659713745,-0.6090802550315857,2.5962626934051514,0.6752075552940369,1.0724101066589355,-1.1337096691131592,-1.1440975666046143,-0.5937455892562866,2.6177947521209717,0.6924324631690979,1.0576318502426147,-0.00012433528900146484,0.042801499366760254,0.015334665775299072,0.021532058715820312,0.017224907875061035,-0.0147782564163208
1769719362.4837961,full,goal16.png,0.5346344709396362,-1.1332824230194092,-1.1834155321121216,-0.6059298515319824,2.6056532859802246,0.6833106875419617,1.0652459859848022,-1.133597731590271,-1.142521619796753,-0.5927194356918335,2.623182535171509,0.6968135237693787,1.0534918308258057,-0.0003153085708618164,0.04089391231536865,0.013210415840148926,0.01752924919128418,0.013502836227416992,-0.011754155158996582
1769719362.5837731,full,goal16.png,0.5456575155258179,-1.1319799423217773,-1.1799319982528687,-0.6042032241821289,2.61313533782959,0.6887179017066956,1.0605659484863281,-1.1342629194259644,-1.1416090726852417,-0.5893335342407227,2.628633499145508,0.7021414637565613,1.0489864349365234,-0.0022829771041870117,0.03832292556762695,0.01486968994140625,0.015498161315917969,0.013423562049865723,-0.011579513549804688
1769719362.6836426,full,goal16.png,0.5477824211120605,-1.131434679031372,-1.1786596775054932,-0.6030521392822266,2.619041919708252,0.6937764883041382,1.0558403730392456,-1.1346802711486816,-1.1405386924743652,-0.5845813751220703,2.633244514465332,0.7085168361663818,1.0454015731811523,-0.0032455921173095703,0.03812098503112793,0.01847076416015625,0.014202594757080078,0.014740347862243652,-0.010438799858093262
1769719362.7844615,full,goal16.png,0.5467666387557983,-1.1321918964385986,-1.1780235767364502,-0.6004167795181274,2.624706745147705,0.6991382241249084,1.0512360334396362,-1.1351346969604492,-1.1395636796951294,-0.5799499750137329,2.637267589569092,0.714668869972229,1.0419427156448364,-0.002942800521850586,0.0384598970413208,0.02046680450439453,0.012560844421386719,0.015530645847320557,-0.009293317794799805
1769719362.884223,full,goal16.png,0.5425260066986084,-1.1334642171859741,-1.1769026517868042,-0.5968120098114014,2.6300079822540283,0.7047119736671448,1.0478129386901855,-1.1345582008361816,-1.1383135318756104,-0.5767582654953003,2.6415016651153564,0.7200106978416443,1.039526104927063,-0.0010939836502075195,0.03858911991119385,0.020053744316101074,0.011493682861328125,0.015298724174499512,-0.008286833763122559
1769719362.9823844,full,goal16.png,0.5303804874420166,-1.1338882446289062,-1.174479365348816,-0.5919047594070435,2.6343698501586914,0.7111489772796631,1.0437387228012085,-1.1340200901031494,-1.1380629539489746,-0.5717577338218689,2.6461281776428223,0.7255332469940186,1.0373022556304932,-0.00013184547424316406,0.03641641139984131,0.02014702558517456,0.01175832748413086,0.014384269714355469,-0.006436467170715332
1769719363.0825932,full,goal16.png,0.5344129800796509,-1.1334036588668823,-1.1716623306274414,-0.5878153443336487,2.6387619972229004,0.7166923880577087,1.0407397747039795,-1.1332032680511475,-1.1374578475952148,-0.5691977739334106,2.6478989124298096,0.7294354438781738,1.036862850189209,0.00020039081573486328,0.03420448303222656,0.018617570400238037,0.00913691520690918,0.012743055820465088,-0.003876924514770508
1769719363.1827078,full,goal16.png,0.5473282337188721,-1.1325252056121826,-1.1709048748016357,-0.5837259292602539,2.6428816318511963,0.7217815518379211,1.0384376049041748,-1.132121205329895,-1.1368452310562134,-0.5677024126052856,2.6480743885040283,0.7326233983039856,1.037191390991211,0.00040400028228759766,0.03405964374542236,0.01602351665496826,0.005192756652832031,0.010841846466064453,-0.0012462139129638672
1769719363.2846878,full,goal16.png,0.5394086837768555,-1.1322221755981445,-1.1708745956420898,-0.5809996724128723,2.6452748775482178,0.7260829210281372,1.0372260808944702,-1.131439208984375,-1.136430263519287,-0.5657790303230286,2.648375988006592,0.737342119216919,1.0362435579299927,0.0007829666137695312,0.034444332122802734,0.01522064208984375,0.0031011104583740234,0.011259198188781738,-0.000982522964477539
1769719363.3843188,full,goal16.png,0.5463885068893433,-1.131919264793396,-1.1700869798660278,-0.5784550905227661,2.646183490753174,0.7299754619598389,1.0372412204742432,-1.1312458515167236,-1.1366163492202759,-0.5621097683906555,2.6494297981262207,0.7427676320075989,1.0345017910003662,0.0006734132766723633,0.03347063064575195,0.016345322132110596,0.003246307373046875,0.01279217004776001,-0.002739429473876953
1769719363.483329,full,goal16.png,0.5556623935699463,-1.1311620473861694,-1.168602705001831,-0.5763649940490723,2.6465773582458496,0.7342011332511902,1.036347508430481,-1.1309504508972168,-1.135842204093933,-0.560676097869873,2.650411605834961,0.7462765574455261,1.0337164402008057,0.00021159648895263672,0.03276050090789795,0.01568889617919922,0.003834247589111328,0.012075424194335938,-0.002631068229675293
1769719363.5812984,full,goal16.png,0.5494973659515381,-1.1301926374435425,-1.167996883392334,-0.5728813409805298,2.647334575653076,0.7391842007637024,1.0355144739151,-1.1311300992965698,-1.1349687576293945,-0.5599156022071838,2.652198314666748,0.7488234043121338,1.0336172580718994,-0.0009374618530273438,0.03302812576293945,0.012965738773345947,0.004863739013671875,0.009639203548431396,-0.0018972158432006836
1769719363.6822634,full,goal16.png,0.5387604236602783,-1.1298291683197021,-1.1680877208709717,-0.5707609057426453,2.648334503173828,0.7432735562324524,1.034908652305603,-1.1318058967590332,-1.1345481872558594,-0.5590687990188599,2.654221534729004,0.7513962984085083,1.032990574836731,-0.0019767284393310547,0.033539533615112305,0.0116921067237854,0.005887031555175781,0.008122742176055908,-0.0019180774688720703
1769719363.7843213,full,goal16.png,0.5343027114868164,-1.1301320791244507,-1.1680271625518799,-0.5697612762451172,2.6497883796691895,0.746317982673645,1.0343481302261353,-1.1316157579421997,-1.1342833042144775,-0.5583533644676208,2.65657377243042,0.7539920806884766,1.0322060585021973,-0.0014836788177490234,0.033743858337402344,0.011407911777496338,0.006785392761230469,0.007674098014831543,-0.0021420717239379883
1769719363.8811653,full,goal16.png,0.5407993197441101,-1.1310408115386963,-1.1673305034637451,-0.5686102509498596,2.6513636112213135,0.7491502165794373,1.0337878465652466,-1.130658507347107,-1.1336076259613037,-0.558769941329956,2.6577000617980957,0.755310595035553,1.0321898460388184,0.00038230419158935547,0.033722877502441406,0.009840309619903564,0.0063364505767822266,0.006160378456115723,-0.0015980005264282227
1769719363.9824874,full,goal16.png,0.5455118417739868,-1.1314952373504639,-1.1663914918899536,-0.5674893856048584,2.6538777351379395,0.7520128488540649,1.0328336954116821,-1.1296281814575195,-1.1334178447723389,-0.5594964623451233,2.657658100128174,0.7566422820091248,1.032202124595642,0.001867055892944336,0.032973647117614746,0.007992923259735107,0.003780364990234375,0.0046294331550598145,-0.0006315708160400391
1769719364.0812507,full,goal16.png,0.5385562777519226,-1.1309499740600586,-1.165331244468689,-0.56736820936203,2.655362129211426,0.7536031603813171,1.0326368808746338,-1.1288199424743652,-1.1332001686096191,-0.5600727200508118,2.6576428413391113,0.7573177218437195,1.0322262048721313,0.0021300315856933594,0.032131075859069824,0.007295489311218262,0.002280712127685547,0.0037145614624023438,-0.0004106760025024414
1769719364.1812627,full,goal16.png,0.5556381940841675,-1.1293444633483887,-1.1639680862426758,-0.5673985481262207,2.655907392501831,0.7551329135894775,1.032379150390625,-1.129475474357605,-1.1328065395355225,-0.5614761710166931,2.6578028202056885,0.7573806643486023,1.032261610031128,-0.0001310110092163086,0.03116154670715332,0.005922377109527588,0.0018954277038574219,0.002247750759124756,-0.00011754035949707031
1769719364.2877905,full,goal16.png,0.558053731918335,-1.1285568475723267,-1.1634228229522705,-0.5675499439239502,2.6560587882995605,0.7557994723320007,1.0323185920715332,-1.1303683519363403,-1.1318435668945312,-0.5630649328231812,2.658945322036743,0.7577404379844666,1.0318922996520996,-0.0018115043640136719,0.03157925605773926,0.004485011100769043,0.002886533737182617,0.0019409656524658203,-0.00042629241943359375
1769719364.3837254,full,goal16.png,0.5596450567245483,-1.1288901567459106,-1.1631804704666138,-0.5681861042976379,2.6563313007354736,0.7561326026916504,1.0324095487594604,-1.1314853429794312,-1.1315782070159912,-0.5629712343215942,2.660867214202881,0.7589579820632935,1.0301592350006104,-0.002595186233520508,0.03160226345062256,0.005214869976043701,0.0045359134674072266,0.0028253793716430664,-0.0022503137588500977
1769719364.4931483,full,goal16.png,0.5505449771881104,-1.129889726638794,-1.16233229637146,-0.5693372488021851,2.6570584774017334,0.7564809322357178,1.0321823358535767,-1.1317529678344727,-1.1308445930480957,-0.563869297504425,2.6607611179351807,0.7594565749168396,1.0299760103225708,-0.001863241195678711,0.03148770332336426,0.00546795129776001,0.0037026405334472656,0.002975642681121826,-0.0022063255310058594
1769719364.5941794,full,goal16.png,0.5620299577713013,-1.130525827407837,-1.1619688272476196,-0.5697309970855713,2.6586337089538574,0.7577380537986755,1.0308647155761719,-1.1322839260101318,-1.1303670406341553,-0.5648119449615479,2.661044120788574,0.7590435147285461,1.0295368432998657,-0.0017580986022949219,0.031601786613464355,0.0049190521240234375,0.002410411834716797,0.0013054609298706055,-0.0013278722763061523
1769719364.6929286,full,goal16.png,0.5544528961181641,-1.1310710906982422,-1.1603633165359497,-0.5701248049736023,2.6591789722442627,0.7582681775093079,1.0303043127059937,-1.1326056718826294,-1.1298936605453491,-0.5659007430076599,2.660651922225952,0.7588391304016113,1.0291579961776733,-0.001534581184387207,0.030469655990600586,0.004224061965942383,0.0014729499816894531,0.0005709528923034668,-0.0011463165283203125
1769719364.7895963,full,goal16.png,0.5600452423095703,-1.1315860748291016,-1.1587275266647339,-0.5706397891044617,2.6595120429992676,0.7583892345428467,1.0301225185394287,-1.1327531337738037,-1.1292307376861572,-0.5672643184661865,2.6600732803344727,0.7589961290359497,1.0289181470870972,-0.0011670589447021484,0.02949678897857666,0.0033754706382751465,0.0005612373352050781,0.0006068944931030273,-0.001204371452331543
1769719364.8833141,full,goal16.png,0.549990177154541,-1.1316163539886475,-1.1576976776123047,-0.5713667869567871,2.6595120429992676,0.758449912071228,1.0300012826919556,-1.1325314044952393,-1.1277363300323486,-0.5704994201660156,2.6595864295959473,0.7579097747802734,1.0298638343811035,-0.0009150505065917969,0.029961347579956055,0.0008673667907714844,7.43865966796875e-05,-0.0005401372909545898,-0.00013744831085205078
1769719364.9824278,full,goal16.png,0.5642232894897461,-1.131283164024353,-1.1567585468292236,-0.5727299451828003,2.6594817638397217,0.758510410785675,1.0297893285751343,-1.1322978734970093,-1.126631736755371,-0.571986198425293,2.6589457988739014,0.7575859427452087,1.0305685997009277,-0.00101470947265625,0.03012681007385254,0.0007437467575073242,-0.0005359649658203125,-0.0009244680404663086,0.000779271125793457
1769719365.0882936,full,goal16.png,0.5640764236450195,-1.1311620473861694,-1.1560012102127075,-0.5751229524612427,2.6592698097229004,0.7582530975341797,1.0299255847930908,-1.132094144821167,-1.1260631084442139,-0.5727721452713013,2.658987522125244,0.7576649785041809,1.0308384895324707,-0.0009320974349975586,0.029938101768493652,0.0023508071899414062,-0.00028228759765625,-0.0005881190299987793,0.0009129047393798828
1769719365.1830692,full,goal16.png,0.5500134229660034,-1.1317981481552124,-1.1555469036102295,-0.5772433876991272,2.6589062213897705,0.7579955458641052,1.0302133560180664,-1.1322022676467896,-1.1255970001220703,-0.5748518109321594,2.6582937240600586,0.7569253444671631,1.031576156616211,-0.00040411949157714844,0.02994990348815918,0.0023915767669677734,-0.0006124973297119141,-0.0010702013969421387,0.0013628005981445312
1769719365.281641,full,goal16.png,0.5490387678146362,-1.1319799423217773,-1.1549108028411865,-0.5783339738845825,2.6588456630706787,0.7579348683357239,1.0303648710250854,-1.1321306228637695,-1.1251295804977417,-0.5769413709640503,2.656848669052124,0.7564161419868469,1.032491683959961,-0.0001506805419921875,0.029781222343444824,0.0013926029205322266,-0.0019969940185546875,-0.0015187263488769531,0.0021268129348754883
1769719365.38119,full,goal16.png,0.5553767085075378,-1.131949543952942,-1.1542444229125977,-0.5801211595535278,2.6585123538970947,0.7575411200523376,1.0307888984680176,-1.1317267417907715,-1.1248342990875244,-0.5768096446990967,2.656282901763916,0.7572717666625977,1.0329304933547974,0.00022280216217041016,0.029410123825073242,0.0033115148544311523,-0.002229452133178711,-0.00026935338973999023,0.002141594886779785
1769719365.480832,full,goal16.png,0.5559110045433044,-1.1317678689956665,-1.153214454650879,-0.5819083452224731,2.657512903213501,0.7567838430404663,1.0316370725631714,-1.1313626766204834,-1.124088168144226,-0.5764192938804626,2.6561293601989746,0.7583361268043518,1.0336741209030151,0.00040519237518310547,0.029126286506652832,0.005489051342010498,-0.0013835430145263672,0.001552283763885498,0.00203704833984375
1769719365.5821536,full,goal16.png,0.551710844039917,-1.1312226057052612,-1.1525479555130005,-0.5824536681175232,2.656785726547241,0.7569655776023865,1.0320308208465576,-1.1312367916107178,-1.1232552528381348,-0.576297402381897,2.6562113761901855,0.759093701839447,1.0340156555175781,-1.4185905456542969e-05,0.029292702674865723,0.006156265735626221,-0.0005743503570556641,0.002128124237060547,0.001984834671020508
1769719365.6823905,full,goal16.png,0.5609208345413208,-1.1307681798934937,-1.1519118547439575,-0.5825445055961609,2.6564524173736572,0.7577683329582214,1.0328336954116821,-1.1312966346740723,-1.1228358745574951,-0.5759920477867126,2.656000852584839,0.7605730295181274,1.0343551635742188,-0.0005284547805786133,0.029075980186462402,0.006552457809448242,-0.0004515647888183594,0.002804696559906006,0.001521468162536621
1769719365.7831302,full,goal16.png,0.5495233535766602,-1.1307076215744019,-1.1513665914535522,-0.582514226436615,2.6563313007354736,0.758449912071228,1.033363699913025,-1.1311531066894531,-1.1226578950881958,-0.5765742659568787,2.654752492904663,0.7610455751419067,1.035196304321289,-0.00044548511505126953,0.028708696365356445,0.005939960479736328,-0.0015788078308105469,0.002595663070678711,0.0018326044082641602
1769719365.8821115,full,goal16.png,0.551194429397583,-1.1307984590530396,-1.1510636806488037,-0.5824839472770691,2.6561496257781982,0.7595859169960022,1.033984661102295,-1.130454421043396,-1.122786283493042,-0.576729416847229,2.6532528400421143,0.761211633682251,1.0360552072525024,0.0003440380096435547,0.02827739715576172,0.005754530429840088,-0.0028967857360839844,0.0016257166862487793,0.0020705461502075195
1769719365.9839733,full,goal16.png,0.5477683544158936,-1.1307681798934937,-1.1508517265319824,-0.5825747847557068,2.6551499366760254,0.7602068185806274,1.034605622291565,-1.1295170783996582,-1.1233471632003784,-0.5753608345985413,2.6521971225738525,0.7622237801551819,1.0360934734344482,0.0012511014938354492,0.027504563331604004,0.007213950157165527,-0.0029528141021728516,0.0020169615745544434,0.0014878511428833008
