timestamp,goal_image,similarity_score,curr_j0,curr_j1,curr_j2,curr_j3,curr_j4,curr_j5,cmd_j0,cmd_j1,cmd_j2,cmd_j3,cmd_j4,cmd_j5,step_diff_j0,step_diff_j1,step_diff_j2,step_diff_j3,step_diff_j4,step_diff_j5
1769718732.405725,goal2.png,0.6364463567733765,-0.07845613360404968,-1.2858023643493652,-1.7034375667572021,1.616984248161316,1.3700746297836304,3.04526424407959,0.12154386937618256,-1.0858023166656494,-1.8399591445922852,1.4169842004776,1.1700745820999146,2.845264196395874,0.20000000298023224,0.20000000298023224,-0.136521577835083,-0.20000000298023224,-0.20000000298023224,-0.20000000298023224
1769718732.4221358,goal2.png,0.6361040472984314,-0.07851669937372208,-1.2858326435089111,-1.7034375667572021,1.61695396900177,1.3700292110443115,3.0452792644500732,0.12148330360651016,-1.0858325958251953,-1.8393203020095825,1.4169539213180542,1.1700291633605957,2.8452792167663574,0.20000000298023224,0.20000000298023224,-0.13588273525238037,-0.20000000298023224,-0.20000000298023224,-0.20000000298023224
1769718732.511183,goal2.png,0.6058856844902039,-0.051556870341300964,-1.2656278610229492,-1.7286101579666138,1.5798463821411133,1.3473254442214966,3.021606206893921,0.13003109395503998,-1.0656278133392334,-1.8357398509979248,1.4088279008865356,1.1473253965377808,2.821606159210205,0.18158796429634094,0.20000000298023224,-0.10712969303131104,-0.17101848125457764,-0.20000000298023224,-0.20000000298023224
1769718732.613413,goal2.png,0.621005654335022,-0.014206885360181332,-1.2331851720809937,-1.7684440612792969,1.5234125852584839,1.3136709928512573,2.9862253665924072,0.13533633947372437,-1.0331851243972778,-1.8217747211456299,1.3964816331863403,1.1136709451675415,2.7862253189086914,0.14954322576522827,0.20000000298023224,-0.05333065986633301,-0.12693095207214355,-0.20000000298023224,-0.20000000298023224
1769718732.711229,goal2.png,0.6070904731750488,0.03807699307799339,-1.1988039016723633,-1.8173353672027588,1.4636768102645874,1.2759121656417847,2.947678804397583,0.1381097137928009,-0.9988039135932922,-1.796795129776001,1.3832969665527344,1.0759121179580688,2.747678756713867,0.10003271698951721,0.20000000298023224,0.020540237426757812,-0.08037984371185303,-0.20000000298023224,-0.20000000298023224
1769718732.8131628,goal2.png,0.5496840476989746,0.08548387140035629,-1.1668155193328857,-1.813306450843811,1.4080002307891846,1.240667462348938,2.9120705127716064,0.13800786435604095,-0.9668155312538147,-1.7663490772247314,1.3693119287490845,1.0406674146652222,2.7120704650878906,0.05252399295568466,0.20000000298023224,0.04695737361907959,-0.0386883020401001,-0.20000000298023224,-0.20000000298023224
1769718732.9107652,goal2.png,0.538672924041748,0.12180394679307938,-1.124679446220398,-1.7885276079177856,1.3800709247589111,1.2054530382156372,2.8766138553619385,0.13769575953483582,-0.9246794581413269,-1.733877420425415,1.3645999431610107,1.0054529905319214,2.6766138076782227,0.01589181274175644,0.20000000298023224,0.054650187492370605,-0.01547098159790039,-0.20000000298023224,-0.20000000298023224
1769718733.0131807,goal2.png,0.517299473285675,0.13943389058113098,-1.081362009048462,-1.7608407735824585,1.370831847190857,1.1707838773727417,2.8420355319976807,0.13374532759189606,-0.8813620209693909,-1.7054903507232666,1.3625019788742065,0.9707838892936707,2.642035484313965,-0.005688562989234924,0.20000000298023224,0.055350422859191895,-0.00832986831665039,-0.20000000298023224,-0.20000000298023224
1769718733.112624,goal2.png,0.5143119096755981,0.14046379923820496,-1.037953495979309,-1.7313363552093506,1.365954875946045,1.1326311826705933,2.8044583797454834,0.13223570585250854,-0.837953507900238,-1.684038519859314,1.3616489171981812,0.9326311945915222,2.6044583320617676,-0.008228093385696411,0.20000000298023224,0.04729783535003662,-0.0043059587478637695,-0.20000000298023224,-0.20000000298023224
1769718733.2108402,goal2.png,0.5094137191772461,0.13155794143676758,-0.994242250919342,-1.7068605422973633,1.3636528253555298,1.0979167222976685,2.7702889442443848,0.13103416562080383,-0.794242262840271,-1.6637338399887085,1.3538713455200195,0.8979167342185974,2.570288896560669,-0.0005237758159637451,0.20000000298023224,0.043126702308654785,-0.009781479835510254,-0.20000000298023224,-0.20000000298023224
1769718733.3113964,goal2.png,0.52972012758255,0.13004335761070251,-0.9532876014709473,-1.6852624416351318,1.3587150573730469,1.0620055198669434,2.7353169918060303,0.129987433552742,-0.7532876133918762,-1.6482783555984497,1.3459521532058716,0.8620055317878723,2.5353169441223145,-5.5924057960510254e-05,0.20000000298023224,0.03698408603668213,-0.012762904167175293,-0.20000000298023224,-0.20000000298023224
1769718733.4113233,goal2.png,0.5608763098716736,0.13446597754955292,-0.9090916514396667,-1.6674810647964478,1.3514753580093384,1.0242162942886353,2.6988909244537354,0.12208922952413559,-0.7090916633605957,-1.6384170055389404,1.3407073020935059,0.8242163062095642,2.4988908767700195,-0.012376748025417328,0.20000000298023224,0.029064059257507324,-0.01076805591583252,-0.20000000298023224,-0.20000000298023224
1769718733.5112405,goal2.png,0.5546694993972778,0.12958897650241852,-0.8643201589584351,-1.6540616750717163,1.3457804918289185,0.9884869456291199,2.6644036769866943,0.10581392049789429,-0.664320170879364,-1.6368162631988525,1.3358206748962402,0.7884869575500488,2.4644036293029785,-0.02377505600452423,0.20000000298023224,0.01724541187286377,-0.009959816932678223,-0.20000000298023224,-0.20000000298023224
1769718733.612594,goal2.png,0.5897238254547119,0.11477620899677277,-0.8222445845603943,-1.6473671197891235,1.3409035205841064,0.9533634781837463,2.6300675868988037,0.08698978275060654,-0.6231473088264465,-1.641330599784851,1.3381903171539307,0.7533634901046753,2.430067539215088,-0.02778642624616623,0.19909727573394775,0.006036520004272461,-0.0027132034301757812,-0.20000000298023224,-0.20000000298023224
1769718733.7137485,goal2.png,0.5847660303115845,0.09896382689476013,-0.7793208360671997,-1.6467915773391724,1.3390556573867798,0.9154682755470276,2.5922632217407227,0.06957709789276123,-0.5922614336013794,-1.6541128158569336,1.3467767238616943,0.7154682874679565,2.418395519256592,-0.0293867290019989,0.1870594024658203,-0.0073212385177612305,0.007721066474914551,-0.20000000298023224,-0.17386770248413086
1769718733.8118744,goal2.png,0.5948077440261841,0.08393900841474533,-0.7336405515670776,-1.652910590171814,1.3426907062530518,0.8741651773452759,2.5635616779327393,0.05341773480176926,-0.5685257911682129,-1.673675298690796,1.3610941171646118,0.6791424751281738,2.4199860095977783,-0.030521273612976074,0.16511476039886475,-0.020764708518981934,0.01840341091156006,-0.19502270221710205,-0.14357566833496094
1769718733.911279,goal2.png,0.6288477778434753,0.06655140221118927,-0.6909894943237305,-1.6658148765563965,1.3519296646118164,0.8248195052146912,2.5429327487945557,0.0377335324883461,-0.5472224354743958,-1.6946700811386108,1.380058765411377,0.6492833495140076,2.423186779022217,-0.02881786972284317,0.14376705884933472,-0.028855204582214355,0.028129100799560547,-0.1755361557006836,-0.11974596977233887
1769718734.0109773,goal2.png,0.5887269973754883,0.048527710139751434,-0.6508830189704895,-1.685868263244629,1.367954134941101,0.7732324004173279,2.5246970653533936,0.026893803849816322,-0.5294090509414673,-1.7135396003723145,1.4058058261871338,0.6237214803695679,2.425889730453491,-0.021633906289935112,0.12147396802902222,-0.027671337127685547,0.037851691246032715,-0.14951092004776,-0.09880733489990234
1769718734.1123142,goal2.png,0.5859925150871277,0.035138681530952454,-0.602809727191925,-1.7044371366500854,1.3888252973556519,0.7204335331916809,2.502553701400757,0.019920332357287407,-0.5162832736968994,-1.7254347801208496,1.433546543121338,0.6017570495605469,2.4221551418304443,-0.015218349173665047,0.08652645349502563,-0.02099764347076416,0.044721245765686035,-0.11867648363113403,-0.0803985595703125
1769718734.2142744,goal2.png,0.5942636132240295,0.027202166616916656,-0.5598859190940857,-1.7210674285888672,1.4137556552886963,0.6737838983535767,2.479168176651001,0.015714259818196297,-0.5067638754844666,-1.731416940689087,1.4585683345794678,0.5840427875518799,2.412691116333008,-0.01148790679872036,0.05312204360961914,-0.010349512100219727,0.044812679290771484,-0.08974111080169678,-0.06647706031799316
1769718734.3163455,goal2.png,0.5983084440231323,0.020840872079133987,-0.5391966104507446,-1.7297006845474243,1.4383223056793213,0.631829559803009,2.4506332874298096,0.012509102001786232,-0.498920738697052,-1.736735224723816,1.4785728454589844,0.5702134966850281,2.4032087326049805,-0.008331770077347755,0.04027587175369263,-0.0070345401763916016,0.040250539779663086,-0.06161606311798096,-0.0474245548248291
1769718734.4139035,goal2.png,0.5993761420249939,0.015751821920275688,-0.5342590808868408,-1.7387579679489136,1.4623136520385742,0.5899660587310791,2.418008804321289,0.010331925004720688,-0.4946730136871338,-1.7388575077056885,1.4909387826919556,0.5627164840698242,2.3944897651672363,-0.005419896915555,0.03958606719970703,-9.953975677490234e-05,0.028625130653381348,-0.027249574661254883,-0.023519039154052734
1769718734.5160587,goal2.png,0.6092430949211121,0.013328464701771736,-0.5301998257637024,-1.7423627376556396,1.4786409139633179,0.5709275603294373,2.4016966819763184,0.009386223740875721,-0.4944998323917389,-1.7358883619308472,1.4976223707199097,0.5568490624427795,2.3820090293884277,-0.003942240960896015,0.0356999933719635,0.0064743757247924805,0.018981456756591797,-0.014078497886657715,-0.019687652587890625
1769718734.6131465,goal2.png,0.6159573793411255,0.012147068977355957,-0.5207487940788269,-1.7431806325912476,1.4892734289169312,0.5630213618278503,2.3928816318511963,0.010744323022663593,-0.49838030338287354,-1.7252089977264404,1.4979428052902222,0.5531712174415588,2.3655176162719727,-0.0014027459546923637,0.02236849069595337,0.01797163486480713,0.008669376373291016,-0.009850144386291504,-0.027364015579223633
1769718734.7136946,goal2.png,0.6188034415245056,0.011026313528418541,-0.5196279287338257,-1.739545464515686,1.4950289726257324,0.5570690631866455,2.377993106842041,0.013918330892920494,-0.5027331113815308,-1.715167760848999,1.49759042263031,0.5515247583389282,2.3514955043792725,0.002892017364501953,0.016894817352294922,0.02437770366668701,0.0025614500045776367,-0.005544304847717285,-0.026497602462768555
1769718734.8121336,goal2.png,0.6169776916503906,0.011965373530983925,-0.5253228545188904,-1.7319120168685913,1.496573805809021,0.5539944171905518,2.3632256984710693,0.01896161399781704,-0.5091689825057983,-1.7057409286499023,1.4932069778442383,0.5573573112487793,2.343379020690918,0.006996240466833115,0.01615387201309204,0.026171088218688965,-0.003366827964782715,0.003362894058227539,-0.019846677780151367
1769718734.9123158,goal2.png,0.6090726852416992,0.01623649336397648,-0.5298364758491516,-1.7230061292648315,1.4958165884017944,0.5548880100250244,2.3523359298706055,0.02261977642774582,-0.515116274356842,-1.697359323501587,1.486470103263855,0.56303870677948,2.3371477127075195,0.0063832830637693405,0.01472020149230957,0.02564680576324463,-0.009346485137939453,0.008150696754455566,-0.015188217163085938
1769718735.0151126,goal2.png,0.6180447340011597,0.02062881924211979,-0.5356525182723999,-1.7140398025512695,1.4912121295928955,0.5597346425056458,2.3433997631073,0.024289801716804504,-0.5186654329299927,-1.6921511888504028,1.4826196432113647,0.5682384967803955,2.332075357437134,0.0036609824746847153,0.016987085342407227,0.0218886137008667,-0.008592486381530762,0.008503854274749756,-0.011324405670166016
1769718735.116262,goal2.png,0.6202322244644165,0.02287040650844574,-0.5414683818817139,-1.7076178789138794,1.4869105815887451,0.5642330646514893,2.3379018306732178,0.024989115074276924,-0.520353376865387,-1.6902523040771484,1.4800578355789185,0.5699670910835266,2.3298983573913574,0.0021187085658311844,0.021115005016326904,0.017365574836730957,-0.00685274600982666,0.0057340264320373535,-0.008003473281860352
1769718735.2158637,goal2.png,0.6176550388336182,0.024021519348025322,-0.5444674491882324,-1.702407717704773,1.4836089611053467,0.5678377747535706,2.333691120147705,0.02481490932404995,-0.5208590030670166,-1.6911799907684326,1.4794917106628418,0.5709173679351807,2.3295586109161377,0.0007933899760246277,0.02360844612121582,0.011227726936340332,-0.004117250442504883,0.0030795931816101074,-0.004132509231567383
1769718735.3131647,goal2.png,0.6210927367210388,0.02511206828057766,-0.5454065203666687,-1.7005295753479004,1.4813369512557983,0.569761335849762,2.3314950466156006,0.024488534778356552,-0.5205724239349365,-1.692729115486145,1.478205680847168,0.5711853504180908,2.329521894454956,-0.0006235335022211075,0.024834096431732178,0.007800459861755371,-0.003131270408630371,0.0014240145683288574,-0.0019731521606445312
1769718735.4120953,goal2.png,0.6093577742576599,0.02538468688726425,-0.5467089414596558,-1.7004690170288086,1.4802162647247314,0.5707306861877441,2.3305559158325195,0.023536505177617073,-0.5192769765853882,-1.6958978176116943,1.4788105487823486,0.5693009495735168,2.3309988975524902,-0.0018481817096471786,0.027431964874267578,0.004571199417114258,-0.0014057159423828125,-0.001429736614227295,0.0004429817199707031
1769718735.5120053,goal2.png,0.6104891896247864,0.024597113952040672,-0.5467997789382935,-1.7014988660812378,1.4796710014343262,0.5706397891044617,2.3306772708892822,0.024062076583504677,-0.518792986869812,-1.7010596990585327,1.4806149005889893,0.5671926736831665,2.336419105529785,-0.0005350373685359955,0.028006792068481445,0.0004391670227050781,0.0009438991546630859,-0.003447115421295166,0.00574183464050293
1769718735.6128373,goal2.png,0.6087270975112915,0.024475907906889915,-0.5459517240524292,-1.7043160200119019,1.4799737930297852,0.568958580493927,2.3328733444213867,0.02455873042345047,-0.5180381536483765,-1.7042949199676514,1.482273817062378,0.562983512878418,2.3392434120178223,8.28225165605545e-05,0.027913570404052734,2.110004425048828e-05,0.0023000240325927734,-0.005975067615509033,0.006370067596435547
1769718735.7127059,goal2.png,0.6142939925193787,0.024839449673891068,-0.54561847448349,-1.708375096321106,1.4808523654937744,0.5658082365989685,2.336568832397461,0.025030020624399185,-0.5172765254974365,-1.7062835693359375,1.4833905696868896,0.55839604139328,2.340695858001709,0.00019057095050811768,0.028341948986053467,0.002091526985168457,0.0025382041931152344,-0.0074121952056884766,0.004127025604248047
1769718735.8143287,goal2.png,0.6109488010406494,0.0250211451202631,-0.545224666595459,-1.710737943649292,1.482063889503479,0.5623852610588074,2.3395073413848877,0.025411369279026985,-0.5165723562240601,-1.707101821899414,1.4857234954833984,0.5529121160507202,2.34144926071167,0.0003902241587638855,0.028652310371398926,0.0036361217498779297,0.0036596059799194336,-0.009473145008087158,0.0019419193267822266
1769718735.9139829,goal2.png,0.6111068725585938,0.02511206828057766,-0.5443461537361145,-1.7124342918395996,1.4836997985839844,0.5584624409675598,2.3405826091766357,0.025707928463816643,-0.5156192183494568,-1.7069056034088135,1.4889297485351562,0.5486774444580078,2.341855525970459,0.0005958601832389832,0.028726935386657715,0.005528688430786133,0.005229949951171875,-0.009784996509552002,0.0012729167938232422
1769718736.0144186,goal2.png,0.6102451086044312,0.02571786940097809,-0.5437403321266174,-1.7131612300872803,1.4859110116958618,0.5535399913787842,2.3411734104156494,0.02581292763352394,-0.514914870262146,-1.7081258296966553,1.4955718517303467,0.5452801585197449,2.3449959754943848,9.505823254585266e-05,0.028825461864471436,0.005035400390625,0.009660840034484863,-0.008259832859039307,0.0038225650787353516
1769718736.1144605,goal2.png,0.6102275848388672,0.02599048800766468,-0.5432556867599487,-1.7136156558990479,1.4894249439239502,0.5495566129684448,2.3425819873809814,0.026579787954688072,-0.5147280097007751,-1.7103416919708252,1.503478765487671,0.5414083003997803,2.3496570587158203,0.0005892999470233917,0.028527677059173584,0.0032739639282226562,0.014053821563720703,-0.00814831256866455,0.007075071334838867
1769718736.2126603,goal2.png,0.6069717407226562,0.026051128283143044,-0.5423166155815125,-1.7146456241607666,1.4949077367782593,0.5458458065986633,2.34562611579895,0.028155483305454254,-0.5145249366760254,-1.7121732234954834,1.510301947593689,0.5375621318817139,2.353870391845703,0.0021043550223112106,0.02779167890548706,0.002472400665283203,0.015394210815429688,-0.008283674716949463,0.00824427604675293
1769718736.3148572,goal2.png,0.6200891733169556,0.02686898410320282,-0.5418622493743896,-1.716251015663147,1.5023897886276245,0.5421956181526184,2.3492157459259033,0.029937077313661575,-0.5141497850418091,-1.711672067642212,1.5144540071487427,0.531861424446106,2.35491681098938,0.0030680932104587555,0.027712464332580566,0.004578948020935059,0.012064218521118164,-0.010334193706512451,0.0057010650634765625
1769718736.4129372,goal2.png,0.6276165246963501,0.02835327945649624,-0.541741132736206,-1.7174324989318848,1.5085997581481934,0.5381971001625061,2.3526690006256104,0.030967462807893753,-0.513678252696991,-1.7120403051376343,1.5197311639785767,0.5243949294090271,2.356843948364258,0.0026141833513975143,0.028062880039215088,0.005392193794250488,0.0111314058303833,-0.013802170753479004,0.004174947738647461
1769718736.5134785,goal2.png,0.6186693906784058,0.029655806720256805,-0.5414078235626221,-1.7177050113677979,1.5128709077835083,0.5328506231307983,2.3547136783599854,0.02998300828039646,-0.5126907825469971,-1.714457392692566,1.5287752151489258,0.5136834979057312,2.3602559566497803,0.00032720156013965607,0.028717041015625,0.0032476186752319336,0.01590430736541748,-0.01916712522506714,0.005542278289794922
1769718736.6133537,goal2.png,0.6230195760726929,0.030322248116135597,-0.5407717823982239,-1.7182502746582031,1.5180509090423584,0.5253230929374695,2.3573946952819824,0.03070981800556183,-0.5127205848693848,-1.7165014743804932,1.5404058694839478,0.5055035948753357,2.364016056060791,0.0003875698894262314,0.02805119752883911,0.001748800277709961,0.022354960441589355,-0.01981949806213379,0.006621360778808594
1769718736.714872,goal2.png,0.6179754137992859,0.03038281388580799,-0.5401356816291809,-1.7201284170150757,1.5281683206558228,0.5158113241195679,2.360635995864868,0.032123565673828125,-0.5126938819885254,-1.7190186977386475,1.5541728734970093,0.49748495221138,2.366856098175049,0.001740751788020134,0.027441799640655518,0.0011097192764282227,0.026004552841186523,-0.018326371908187866,0.006220102310180664
1769718736.8146074,goal2.png,0.6039286851882935,0.03068578988313675,-0.5398932695388794,-1.7217642068862915,1.5388917922973633,0.5075719356536865,2.3640589714050293,0.03399054706096649,-0.5136138200759888,-1.7225658893585205,1.5679705142974854,0.48690545558929443,2.369748592376709,0.0033047571778297424,0.026279449462890625,-0.0008016824722290039,0.02907872200012207,-0.02066648006439209,0.0056896209716796875
1769718736.913887,goal2.png,0.59409499168396,0.03195803239941597,-0.5398024320602417,-1.7244601249694824,1.5508872270584106,0.4996960461139679,2.366058111190796,0.03321239724755287,-0.5167019367218018,-1.7268884181976318,1.5806500911712646,0.4728274345397949,2.3749568462371826,0.0012543648481369019,0.02310049533843994,-0.002428293228149414,0.029762864112854004,-0.026868611574172974,0.008898735046386719
1769718737.0153913,goal2.png,0.581932783126831,0.033563535660505295,-0.5401356816291809,-1.728065013885498,1.5648821592330933,0.4880184829235077,2.3701930046081543,0.029983125627040863,-0.5207847356796265,-1.7313737869262695,1.5910316705703735,0.4584636092185974,2.3817176818847656,-0.0035804100334644318,0.019350945949554443,-0.0033087730407714844,0.026149511337280273,-0.02955487370491028,0.011524677276611328
1769718737.112648,goal2.png,0.5726250410079956,0.033290840685367584,-0.5417107939720154,-1.732033133506775,1.5765445232391357,0.4757048487663269,2.374782085418701,0.026850195601582527,-0.5256639122962952,-1.7361949682235718,1.6012868881225586,0.4477551281452179,2.389493942260742,-0.006440645083785057,0.016046881675720215,-0.004161834716796875,0.02474236488342285,-0.02794972062110901,0.014711856842041016
1769718737.2139482,goal2.png,0.5469980239868164,0.030897842720150948,-0.5453457832336426,-1.7366071939468384,1.588600754737854,0.46258842945098877,2.3810830116271973,0.024255115538835526,-0.530375063419342,-1.74155592918396,1.6143579483032227,0.43524718284606934,2.397171974182129,-0.006642727181315422,0.014970719814300537,-0.004948735237121582,0.025757193565368652,-0.027341246604919434,0.01608896255493164
1769718737.3141453,goal2.png,0.5573811531066895,0.02814122661948204,-0.5502229332923889,-1.7407875061035156,1.5981428623199463,0.4512289762496948,2.3882317543029785,0.02328168973326683,-0.5353414416313171,-1.74647057056427,1.6297056674957275,0.41965264081954956,2.4024412631988525,-0.00485953688621521,0.014881491661071777,-0.0056830644607543945,0.03156280517578125,-0.031576335430145264,0.014209508895874023
1769718737.4145575,goal2.png,0.5325952172279358,0.025869358330965042,-0.5552210807800293,-1.745543360710144,1.6113803386688232,0.43776416778564453,2.39585018157959,0.02191290818154812,-0.5409676432609558,-1.753363847732544,1.6518670320510864,0.398620069026947,2.409503936767578,-0.0039564501494169235,0.014253437519073486,-0.007820487022399902,0.040486693382263184,-0.03914409875869751,0.013653755187988281
1769718737.516097,goal2.png,0.5189996957778931,0.024657679721713066,-0.5602797269821167,-1.7501779794692993,1.6272534132003784,0.4222395420074463,2.4021661281585693,0.021136796101927757,-0.5466147661209106,-1.7598505020141602,1.6763675212860107,0.37517303228378296,2.413769483566284,-0.003520883619785309,0.013664960861206055,-0.00967252254486084,0.049114108085632324,-0.04706650972366333,0.011603355407714844
1769718737.6157176,goal2.png,0.4756343960762024,0.023415718227624893,-0.5656414031982422,-1.756902813911438,1.6466097831726074,0.40382206439971924,2.4077095985412598,0.021191587671637535,-0.5536724925041199,-1.7668792009353638,1.7052247524261475,0.34940075874328613,2.4173402786254883,-0.002224130555987358,0.011968910694122314,-0.009976387023925781,0.05861496925354004,-0.054421305656433105,0.009630680084228516
1769718737.7154007,goal2.png,0.5033375024795532,0.022446375340223312,-0.5707002878189087,-1.7636882066726685,1.6695106029510498,0.3817543387413025,2.4127228260040283,0.025784103199839592,-0.5640148520469666,-1.772090196609497,1.7343740463256836,0.32597601413726807,2.4212260246276855,0.0033377278596162796,0.006685435771942139,-0.008401989936828613,0.06486344337463379,-0.055778324604034424,0.008503198623657227
1769718737.8155632,goal2.png,0.48937278985977173,0.022688711062073708,-0.577546238899231,-1.7708371877670288,1.6995905637741089,0.3549308478832245,2.4166457653045654,0.03454629331827164,-0.5765056610107422,-1.7747619152069092,1.7667639255523682,0.3005450963973999,2.4276537895202637,0.01185758225619793,0.0010405778884887695,-0.003924727439880371,0.06717336177825928,-0.054385751485824585,0.011008024215698242
1769718737.915415,goal2.png,0.49701347947120667,0.02589964121580124,-0.5864520072937012,-1.7751688957214355,1.7267321348190308,0.33225730061531067,2.4205381870269775,0.048166994005441666,-0.5888336896896362,-1.7739126682281494,1.8026797771453857,0.27667325735092163,2.4322457313537598,0.022267352789640427,-0.0023816823959350586,0.0012562274932861328,0.07594764232635498,-0.05558404326438904,0.011707544326782227
1769718738.0178792,goal2.png,0.4727037250995636,0.033260561525821686,-0.5969633460044861,-1.7782889604568481,1.7572662830352783,0.3084932565689087,2.4263997077941895,0.06979911029338837,-0.6013702750205994,-1.7703107595443726,1.842930793762207,0.26151129603385925,2.436373472213745,0.03653854876756668,-0.004406929016113281,0.007978200912475586,0.08566451072692871,-0.04698196053504944,0.009973764419555664
1769718738.1137557,goal2.png,0.49654823541641235,0.045195575803518295,-0.6068081855773926,-1.7788645029067993,1.7897089719772339,0.2859257757663727,2.431549310684204,0.09668674319982529,-0.6106833815574646,-1.7641403675079346,1.8792903423309326,0.2566874921321869,2.4371840953826904,0.05149116739630699,-0.0038751959800720215,0.014724135398864746,0.08958137035369873,-0.02923828363418579,0.005634784698486328
1769718738.2131085,goal2.png,0.4843273162841797,0.06567297875881195,-0.6199851632118225,-1.776623010635376,1.828482747077942,0.26899254322052,2.4354569911956787,0.1258470118045807,-0.6167407631874084,-1.7566182613372803,1.906153678894043,0.2596260607242584,2.4365286827087402,0.06017403304576874,0.0032444000244140625,0.020004749298095703,0.07767093181610107,-0.009366482496261597,0.0010716915130615234
1769718738.3166268,goal2.png,0.49870800971984863,0.0937536433339119,-0.6340406537055969,-1.772200345993042,1.8693767786026,0.2617678940296173,2.436744451522827,0.15386037528514862,-0.6194666624069214,-1.7465296983718872,1.9302878379821777,0.26412448287010193,2.430601119995117,0.060106731951236725,0.014573991298675537,0.025670647621154785,0.06091105937957764,0.002356588840484619,-0.006143331527709961
1769718738.4165335,goal2.png,0.5101462602615356,0.12059226632118225,-0.6400688290596008,-1.7668689489364624,1.8964579105377197,0.2614649832248688,2.436471700668335,0.18518835306167603,-0.6206241846084595,-1.7334233522415161,1.9522922039031982,0.2721024751663208,2.42108154296875,0.06459608674049377,0.019444644451141357,0.03344559669494629,0.055834293365478516,0.010637491941452026,-0.015390157699584961
1769718738.5138123,goal2.png,0.4972245693206787,0.14788535237312317,-0.6423406600952148,-1.756902813911438,1.921721339225769,0.26447901129722595,2.432155132293701,0.20922663807868958,-0.6171139478683472,-1.7213425636291504,1.9692546129226685,0.28158342838287354,2.4100053310394287,0.061341285705566406,0.025226712226867676,0.0355602502822876,0.047533273696899414,0.017104417085647583,-0.02214980125427246
1769718738.6146169,goal2.png,0.5178815722465515,0.17938892543315887,-0.6469451189041138,-1.744119644165039,1.945863962173462,0.2723095417022705,2.422870635986328,0.22284823656082153,-0.6115976572036743,-1.7181553840637207,1.9771835803985596,0.30010712146759033,2.4101779460906982,0.04345931112766266,0.03534746170043945,0.02596426010131836,0.031319618225097656,0.027797579765319824,-0.012692689895629883
1769718738.71538,goal2.png,0.515358567237854,0.2036527842283249,-0.6460363268852234,-1.7345473766326904,1.9624942541122437,0.28135165572166443,2.4143130779266357,0.2306969165802002,-0.606816291809082,-1.722050428390503,1.9724116325378418,0.32344964146614075,2.4190006256103516,0.027044132351875305,0.03922003507614136,0.0124969482421875,0.009917378425598145,0.04209798574447632,0.00468754768371582
1769718738.8137133,goal2.png,0.5170784592628479,0.22031338512897491,-0.640250563621521,-1.7292765378952026,1.9719455242156982,0.29713377356529236,2.412647008895874,0.23198050260543823,-0.6036537885665894,-1.7258942127227783,1.9551949501037598,0.3431006073951721,2.4241087436676025,0.011667117476463318,0.03659677505493164,0.0033823251724243164,-0.016750574111938477,0.04596683382987976,0.011461734771728516
1769718738.9150457,goal2.png,0.5148180723190308,0.22737140953540802,-0.6351918578147888,-1.7296401262283325,1.9711273908615112,0.3171718418598175,2.4182965755462646,0.23145490884780884,-0.6027675867080688,-1.7286310195922852,1.9380707740783691,0.35480228066444397,2.427356481552124,0.004083499312400818,0.03242427110671997,0.0010091066360473633,-0.03305661678314209,0.037630438804626465,0.009059906005859375
1769718739.015452,goal2.png,0.5213685035705566,0.2296736240386963,-0.6320413947105408,-1.7320634126663208,1.957223653793335,0.3375735282897949,2.4229161739349365,0.22840431332588196,-0.6041451692581177,-1.7314801216125488,1.9234380722045898,0.362989604473114,2.431367874145508,-0.001269310712814331,0.027896225452423096,0.0005832910537719727,-0.03378558158874512,0.025416076183319092,0.008451700210571289
1769718739.1159747,goal2.png,0.5211140513420105,0.23070353269577026,-0.6303754448890686,-1.7343051433563232,1.9435012340545654,0.3494328260421753,2.4271116256713867,0.22725093364715576,-0.6067687273025513,-1.7326405048370361,1.9098244905471802,0.371504008769989,2.433445930480957,-0.003452599048614502,0.023606717586517334,0.0016646385192871094,-0.033676743507385254,0.02207118272781372,0.0063343048095703125
1769718739.2169907,goal2.png,0.5163209438323975,0.23046112060546875,-0.6307085156440735,-1.7368799448013306,1.9274163246154785,0.3603530824184418,2.4307010173797607,0.22486795485019684,-0.6100676655769348,-1.734053611755371,1.896449089050293,0.37368810176849365,2.4347898960113525,-0.005593165755271912,0.020640850067138672,0.0028263330459594727,-0.030967235565185547,0.01333501935005188,0.004088878631591797
1769718739.3151789,goal2.png,0.5138111710548401,0.2279166430234909,-0.6317081451416016,-1.7380611896514893,1.9149057865142822,0.36775946617126465,2.4328064918518066,0.2228502333164215,-0.6140493154525757,-1.7352375984191895,1.8854577541351318,0.3705890476703644,2.4342522621154785,-0.005066409707069397,0.01765882968902588,0.0028235912322998047,-0.02944803237915039,0.0028295814990997314,0.001445770263671875
1769718739.4138818,goal2.png,0.5272535681724548,0.22537215054035187,-0.6338286995887756,-1.7393940687179565,1.9011834859848022,0.37090981006622314,2.434018135070801,0.2201886624097824,-0.6192024946212769,-1.7374885082244873,1.879718542098999,0.3607260286808014,2.435511589050293,-0.005183488130569458,0.01462620496749878,0.0019055604934692383,-0.021464943885803223,-0.010183781385421753,0.0014934539794921875
1769718739.5145433,goal2.png,0.5114997625350952,0.22409982979297638,-0.6379483342170715,-1.740484595298767,1.8907023668289185,0.36995556950569153,2.4342150688171387,0.21709690988063812,-0.6240833401679993,-1.739170789718628,1.8782891035079956,0.34916192293167114,2.4341559410095215,-0.007002919912338257,0.013864994049072266,0.0013138055801391602,-0.012413263320922852,-0.020793646574020386,-5.91278076171875e-05
1769718739.6150327,goal2.png,0.5128128528594971,0.22194917500019073,-0.6437340974807739,-1.742241621017456,1.8827354907989502,0.3617010712623596,2.4353508949279785,0.21436861157417297,-0.6285265684127808,-1.741045355796814,1.8785641193389893,0.337655633687973,2.4303171634674072,-0.007580563426017761,0.015207529067993164,0.0011962652206420898,-0.0041713714599609375,-0.024045437574386597,-0.005033731460571289
1769718739.7158358,goal2.png,0.5161069631576538,0.21840497851371765,-0.6493684649467468,-1.7437561750411987,1.8797367811203003,0.35188648104667664,2.4343209266662598,0.2142389416694641,-0.6317899823188782,-1.743177890777588,1.880873441696167,0.32749810814857483,2.426118850708008,-0.00416603684425354,0.017578482627868652,0.0005782842636108398,0.0011366605758666992,-0.024388372898101807,-0.008202075958251953
1769718739.8159206,goal2.png,0.5220770835876465,0.21579985320568085,-0.6542757153511047,-1.7452707290649414,1.8791006803512573,0.3404967188835144,2.4307162761688232,0.21894657611846924,-0.6359522342681885,-1.7453033924102783,1.8854345083236694,0.3221849799156189,2.4262852668762207,0.003146722912788391,0.01832348108291626,-3.266334533691406e-05,0.006333827972412109,-0.018311738967895508,-0.004431009292602539
1769718739.916654,goal2.png,0.525310218334198,0.2158907800912857,-0.6574259996414185,-1.7469671964645386,1.880009412765503,0.3313939869403839,2.427490234375,0.22947387397289276,-0.6405587196350098,-1.7462633848190308,1.8926043510437012,0.32137227058410645,2.430100440979004,0.013583093881607056,0.01686728000640869,0.0007038116455078125,0.012594938278198242,-0.010021716356277466,0.0026102066040039062
1769718740.0155904,goal2.png,0.5323992967605591,0.21937432885169983,-0.6611520051956177,-1.748572587966919,1.8837958574295044,0.32515382766723633,2.427459955215454,0.24044737219810486,-0.644933819770813,-1.7474143505096436,1.9010941982269287,0.3209924101829529,2.434360980987549,0.02107304334640503,0.016218185424804688,0.0011582374572753906,0.017298340797424316,-0.004161417484283447,0.0069010257720947266
1769718740.1148663,goal2.png,0.5264526605606079,0.22734111547470093,-0.6659986972808838,-1.749784231185913,1.8905812501907349,0.32259416580200195,2.429898500442505,0.2505778670310974,-0.6476132273674011,-1.7484055757522583,1.909084439277649,0.3223365545272827,2.438657760620117,0.023236751556396484,0.018385469913482666,0.0013786554336547852,0.018503189086914062,-0.0002576112747192383,0.008759260177612305
1769718740.214012,goal2.png,0.5221095085144043,0.239003524184227,-0.6720267534255981,-1.751359462738037,1.8988205194473267,0.32171568274497986,2.4331698417663574,0.2606714367866516,-0.6488910913467407,-1.7480037212371826,1.9165705442428589,0.32780787348747253,2.4407970905303955,0.02166791260242462,0.023135662078857422,0.003355741500854492,0.017750024795532227,0.006092190742492676,0.007627248764038086
1769718740.3144526,goal2.png,0.537616491317749,0.2499692589044571,-0.6755709648132324,-1.752328872680664,1.9061211347579956,0.3231545388698578,2.436911106109619,0.2679249048233032,-0.6478535532951355,-1.7468681335449219,1.9221034049987793,0.3319445848464966,2.4405384063720703,0.01795564591884613,0.027717411518096924,0.0054607391357421875,0.01598227024078369,0.008790045976638794,0.003627300262451172
1769718740.4173198,goal2.png,0.5401862263679504,0.2585417926311493,-0.6766008734703064,-1.7524197101593018,1.913845419883728,0.3267138600349426,2.4397432804107666,0.2708543837070465,-0.6472749710083008,-1.7488644123077393,1.923506736755371,0.3357357978820801,2.442728042602539,0.012312591075897217,0.029325902462005615,0.0035552978515625,0.009661316871643066,0.009021937847137451,0.002984762191772461
1769718740.5146604,goal2.png,0.5441505312919617,0.26566043496131897,-0.6765403151512146,-1.7522075176239014,1.9197524785995483,0.3303186297416687,2.4409852027893066,0.26884886622428894,-0.6467157006263733,-1.7541851997375488,1.9244170188903809,0.34019172191619873,2.4463963508605957,0.0031884312629699707,0.02982461452484131,-0.001977682113647461,0.0046645402908325195,0.00987309217453003,0.0054111480712890625
1769718740.6153166,goal2.png,0.5378026366233826,0.2694469690322876,-0.676328182220459,-1.7535706758499146,1.922206163406372,0.3341808319091797,2.443302631378174,0.2664870619773865,-0.6467478275299072,-1.7594704627990723,1.9255592823028564,0.34365636110305786,2.449408769607544,-0.002959907054901123,0.029580354690551758,-0.005899786949157715,0.003353118896484375,0.009475529193878174,0.006106138229370117
1769718740.715664,goal2.png,0.55296790599823,0.26974979043006897,-0.6760556697845459,-1.757508635520935,1.9234178066253662,0.33793702721595764,2.4459381103515625,0.2635559141635895,-0.6467518210411072,-1.762509822845459,1.925085186958313,0.3476833701133728,2.4486725330352783,-0.006193876266479492,0.02930384874343872,-0.005001187324523926,0.0016673803329467773,0.009746342897415161,0.0027344226837158203
1769718740.815452,goal2.png,0.5420963168144226,0.26714473962783813,-0.6759951114654541,-1.7629005908966064,1.924599289894104,0.34207192063331604,2.4488308429718018,0.2637723982334137,-0.646535336971283,-1.7628188133239746,1.9258677959442139,0.3529587686061859,2.445675849914551,-0.0033723413944244385,0.029459774494171143,8.177757263183594e-05,0.0012685060501098633,0.010886847972869873,-0.0031549930572509766
1769718740.9157484,goal2.png,0.5412391424179077,0.2650849223136902,-0.675934374332428,-1.7662932872772217,1.9247809648513794,0.3462218642234802,2.448497772216797,0.26569706201553345,-0.6472408175468445,-1.760880708694458,1.9283640384674072,0.35648834705352783,2.443617343902588,0.0006121397018432617,0.028693556785583496,0.005412578582763672,0.003583073616027832,0.010266482830047607,-0.004880428314208984
1769718741.0147839,goal2.png,0.5348472595214844,0.2650849223136902,-0.6757829785346985,-1.7674142122268677,1.9253259897232056,0.3509019911289215,2.446331739425659,0.26804110407829285,-0.6476911306381226,-1.7597758769989014,1.9298605918884277,0.3601064682006836,2.4435839653015137,0.002956181764602661,0.028091847896575928,0.007638335227966309,0.004534602165222168,0.009204477071762085,-0.002747774124145508
1769718741.1143625,goal2.png,0.5355375409126282,0.26644793152809143,-0.6759648323059082,-1.766990065574646,1.92711341381073,0.3549913763999939,2.444483995437622,0.26764971017837524,-0.6481518745422363,-1.760188341140747,1.9297672510147095,0.363180011510849,2.444556951522827,0.0012017786502838135,0.027812957763671875,0.006801724433898926,0.002653837203979492,0.008188635110855103,7.295608520507812e-05
1769718741.2145138,goal2.png,0.537869393825531,0.2676294147968292,-0.6760859489440918,-1.7664750814437866,1.9285067319869995,0.35849010944366455,2.444105386734009,0.2666113078594208,-0.6477974653244019,-1.7619085311889648,1.9285285472869873,0.36580437421798706,2.446406126022339,-0.0010181069374084473,0.02828848361968994,0.004566550254821777,2.181529998779297e-05,0.00731426477432251,0.002300739288330078
1769718741.3169992,goal2.png,0.5418887138366699,0.267811119556427,-0.6762373447418213,-1.766535758972168,1.9287794828414917,0.3614436388015747,2.4450595378875732,0.26588892936706543,-0.6485117673873901,-1.7639248371124268,1.9291675090789795,0.36706891655921936,2.450805187225342,-0.0019221901893615723,0.027725577354431152,0.002610921859741211,0.00038802623748779297,0.005625277757644653,0.005745649337768555
1769718741.4143806,goal2.png,0.5365386605262756,0.26744771003723145,-0.6763584613800049,-1.76732337474823,1.9285672903060913,0.364033579826355,2.4469830989837646,0.2681514620780945,-0.650484025478363,-1.7650656700134277,1.931929111480713,0.36870241165161133,2.455294370651245,0.0007037520408630371,0.025874435901641846,0.002257704734802246,0.003361821174621582,0.004668831825256348,0.008311271667480469
1769718741.5184789,goal2.png,0.5356276035308838,0.26711446046829224,-0.676661491394043,-1.768595576286316,1.9288700819015503,0.36636605858802795,2.4502546787261963,0.269521027803421,-0.6515623331069946,-1.7647852897644043,1.933077335357666,0.3699476420879364,2.4556970596313477,0.002406567335128784,0.02509915828704834,0.003810286521911621,0.004207253456115723,0.0035815834999084473,0.005442380905151367
1769718741.6156332,goal2.png,0.5321329236030579,0.26799294352531433,-0.6777822375297546,-1.7695648670196533,1.9302031993865967,0.3683955669403076,2.4535868167877197,0.2721102833747864,-0.6522265672683716,-1.7642033100128174,1.9325510263442993,0.3736174404621124,2.456489086151123,0.004117339849472046,0.025555670261383057,0.0053615570068359375,0.0023478269577026367,0.00522187352180481,0.0029022693634033203
1769718741.7147696,goal2.png,0.5308525562286377,0.26978006958961487,-0.6787818670272827,-1.7697769403457642,1.931323766708374,0.3700161874294281,2.455267906188965,0.276408314704895,-0.6528376340866089,-1.763105034828186,1.9340932369232178,0.37506160140037537,2.4578542709350586,0.006628245115280151,0.025944232940673828,0.006671905517578125,0.00276947021484375,0.005045413970947266,0.00258636474609375
1769718741.814676,goal2.png,0.5342712998390198,0.2725972533226013,-0.6792059540748596,-1.769655704498291,1.9316269159317017,0.3722427189350128,2.4567673206329346,0.2801995277404785,-0.6524993181228638,-1.7611541748046875,1.9332271814346313,0.3746747672557831,2.4591376781463623,0.007602274417877197,0.02670663595199585,0.008501529693603516,0.0016002655029296875,0.0024320483207702637,0.0023703575134277344
1769718741.9147673,goal2.png,0.5396227836608887,0.27592939138412476,-0.6798117756843567,-1.7691104412078857,1.93244469165802,0.37354522943496704,2.457888126373291,0.2798652946949005,-0.6518282294273376,-1.7608256340026855,1.9340980052947998,0.36921608448028564,2.459014892578125,0.003935903310775757,0.027983546257019043,0.008284807205200195,0.0016533136367797852,-0.0043291449546813965,0.0011267662048339844
1769718742.0148106,goal2.png,0.5403502583503723,0.2790493965148926,-0.6800541877746582,-1.7681714296340942,1.9324750900268555,0.37345433235168457,2.4587364196777344,0.2757261097431183,-0.6503093838691711,-1.7634446620941162,1.932407259941101,0.3687137961387634,2.458030939102173,-0.003323286771774292,0.02974480390548706,0.004726767539978027,-6.783008575439453e-05,-0.004740536212921143,-0.0007054805755615234
1769718742.1151886,goal2.png,0.5398969054222107,0.2796553671360016,-0.6796603202819824,-1.7679897546768188,1.9326263666152954,0.3712127208709717,2.458887815475464,0.2699151039123535,-0.6490002274513245,-1.768095850944519,1.9294593334197998,0.37117111682891846,2.4589781761169434,-0.009740263223648071,0.03066009283065796,-0.00010609626770019531,-0.0031670331954956055,-4.1604042053222656e-05,9.036064147949219e-05
1769718742.2157536,goal2.png,0.5385836362838745,0.27668675780296326,-0.6790545582771301,-1.7691407203674316,1.9320508241653442,0.37042510509490967,2.458493947982788,0.26556915044784546,-0.6474453806877136,-1.7698419094085693,1.9281408786773682,0.37156060338020325,2.457517385482788,-0.011117607355117798,0.031609177589416504,-0.0007011890411376953,-0.003909945487976074,0.001135498285293579,-0.0009765625
1769718742.3167741,goal2.png,0.5362954139709473,0.27144622802734375,-0.6780246496200562,-1.7718064785003662,1.9302332401275635,0.3709249496459961,2.45866060256958,0.2657020688056946,-0.6468548774719238,-1.7684087753295898,1.9295315742492676,0.3700401782989502,2.4547359943389893,-0.00574415922164917,0.031169772148132324,0.003397703170776367,-0.0007016658782958984,-0.0008847713470458984,-0.00392460823059082
1769718742.4160118,goal2.png,0.5362416505813599,0.2677808403968811,-0.6770855784416199,-1.7730786800384521,1.9293549060821533,0.3711521625518799,2.4580395221710205,0.2718162536621094,-0.6490216255187988,-1.7657053470611572,1.9335421323776245,0.3701738119125366,2.4553916454315186,0.0040354132652282715,0.028063952922821045,0.007373332977294922,0.004187226295471191,-0.0009783506393432617,-0.002647876739501953
1769718742.5149403,goal2.png,0.5358747839927673,0.2676596939563751,-0.676661491394043,-1.7729272842407227,1.9296882152557373,0.370606929063797,2.456615924835205,0.27712029218673706,-0.651114821434021,-1.7634429931640625,1.9349415302276611,0.37361395359039307,2.4593048095703125,0.009460598230361938,0.025546669960021973,0.009484291076660156,0.005253314971923828,0.0030070245265960693,0.002688884735107422
1769718742.6160636,goal2.png,0.5383597612380981,0.27208229899406433,-0.6771764159202576,-1.7717156410217285,1.9317781925201416,0.37089473009109497,2.4569339752197266,0.28141912817955017,-0.6518707871437073,-1.760986089706421,1.9332058429718018,0.38101059198379517,2.4620118141174316,0.00933682918548584,0.025305628776550293,0.010729551315307617,0.0014276504516601562,0.010115861892700195,0.005077838897705078
1769718742.7155247,goal2.png,0.5453805327415466,0.27680790424346924,-0.6782971620559692,-1.7703827619552612,1.9328689575195312,0.37357547879219055,2.459190845489502,0.28369998931884766,-0.6509897708892822,-1.7577424049377441,1.9309496879577637,0.38632985949516296,2.461944580078125,0.006892085075378418,0.02730739116668701,0.01264035701751709,-0.0019192695617675781,0.012754380702972412,0.002753734588623047
1769718742.815674,goal2.png,0.5446246266365051,0.28077611327171326,-0.6788424253463745,-1.7684743404388428,1.932596206665039,0.37864941358566284,2.4616897106170654,0.2868196964263916,-0.6492399573326111,-1.7537755966186523,1.9285483360290527,0.3918357789516449,2.459520101547241,0.006043583154678345,0.029602468013763428,0.01469874382019043,-0.004047870635986328,0.013186365365982056,-0.0021696090698242188
1769718742.9154096,goal2.png,0.5428993105888367,0.2835024297237396,-0.6786909699440002,-1.765566349029541,1.9310513734817505,0.3848440945148468,2.461674690246582,0.29358237981796265,-0.6477636098861694,-1.7522135972976685,1.9274497032165527,0.4001936912536621,2.461583137512207,0.010079950094223022,0.03092736005783081,0.013352751731872559,-0.003601670265197754,0.015349596738815308,-9.1552734375e-05
1769718743.0173116,goal2.png,0.5455494523048401,0.2867435812950134,-0.678054928779602,-1.7626583576202393,1.9295670986175537,0.39087221026420593,2.460675001144409,0.30135107040405273,-0.647810697555542,-1.7517510652542114,1.9257829189300537,0.4073331952095032,2.464398145675659,0.014607489109039307,0.03024423122406006,0.010907292366027832,-0.0037841796875,0.01646098494529724,0.00372314453125
1769718743.1166646,goal2.png,0.5467447638511658,0.2932261526584625,-0.6772975325584412,-1.7605682611465454,1.9284157752990723,0.39806652069091797,2.461811065673828,0.30707380175590515,-0.6472581028938293,-1.7515406608581543,1.9226374626159668,0.41302186250686646,2.4654994010925293,0.013847649097442627,0.030039429664611816,0.009027600288391113,-0.005778312683105469,0.014955341815948486,0.003688335418701172
1769718743.21602,goal2.png,0.5553817749023438,0.30085963010787964,-0.6770855784416199,-1.7595078945159912,1.9265378713607788,0.4051397740840912,2.4639768600463867,0.3026641011238098,-0.6436140537261963,-1.7530269622802734,1.9159502983093262,0.4144270420074463,2.460803270339966,0.0018044710159301758,0.033471524715423584,0.0064809322357177734,-0.010587573051452637,0.009287267923355103,-0.0031735897064208984
1769718743.3169382,goal2.png,0.5546177625656128,0.30522164702415466,-0.6767523288726807,-1.7592051029205322,1.9235690832138062,0.40989550948143005,2.4649159908294678,0.29565733671188354,-0.6390069723129272,-1.7564332485198975,1.906905174255371,0.4165874421596527,2.45430326461792,-0.009564310312271118,0.03774535655975342,0.0027718544006347656,-0.01666390895843506,0.006691932678222656,-0.010612726211547852
1769718743.4160388,goal2.png,0.5548219084739685,0.3032224178314209,-0.6741472482681274,-1.7598412036895752,1.9176318645477295,0.4130307734012604,2.4614474773406982,0.29033708572387695,-0.6367514133453369,-1.7592135667800903,1.9000715017318726,0.41780081391334534,2.4472310543060303,-0.012885332107543945,0.03739583492279053,0.0006276369094848633,-0.017560362815856934,0.004770040512084961,-0.014216423034667969
1769718743.5157053,goal2.png,0.5470204949378967,0.29710352420806885,-0.6700577735900879,-1.7619010210037231,1.909332036972046,0.4156358540058136,2.455601215362549,0.28939151763916016,-0.6381986737251282,-1.7602477073669434,1.8967764377593994,0.41700437664985657,2.4437575340270996,-0.007712006568908691,0.03185909986495972,0.0016533136367797852,-0.012555599212646484,0.0013685226440429688,-0.011843681335449219
1769718743.616246,goal2.png,0.5427266359329224,0.2926202118396759,-0.6666953563690186,-1.7642334699630737,1.9024555683135986,0.4166809618473053,2.4495577812194824,0.2895922362804413,-0.6429547667503357,-1.7601938247680664,1.8993628025054932,0.4101705551147461,2.4428911209106445,-0.003027975559234619,0.02374058961868286,0.004039645195007324,-0.0030927658081054688,-0.006510406732559204,-0.006666660308837891
1769718743.717075,goal2.png,0.5387111306190491,0.29116618633270264,-0.6663925051689148,-1.7652634382247925,1.899214267730713,0.41542381048202515,2.445725917816162,0.28908783197402954,-0.6482315063476562,-1.761786699295044,1.904789686203003,0.4029778838157654,2.4443602561950684,-0.0020783543586730957,0.018160998821258545,0.003476738929748535,0.005575418472290039,-0.012445926666259766,-0.00136566162109375
1769718743.8163126,goal2.png,0.5529674887657166,0.29119646549224854,-0.6699972152709961,-1.765869379043579,1.8998808860778809,0.4109255075454712,2.4438023567199707,0.2884426414966583,-0.6537511348724365,-1.7638263702392578,1.9107623100280762,0.3950563967227936,2.445316791534424,-0.00275382399559021,0.01624608039855957,0.002043008804321289,0.010881423950195312,-0.015869110822677612,0.001514434814453125
1769718743.9204628,goal2.png,0.5609220862388611,0.29056039452552795,-0.6753588914871216,-1.767262578010559,1.903303861618042,0.40424612164497375,2.444514274597168,0.2909263074398041,-0.6569170355796814,-1.7650036811828613,1.9114251136779785,0.3927169740200043,2.446841239929199,0.00036591291427612305,0.018441855907440186,0.002258896827697754,0.008121252059936523,-0.011529147624969482,0.00232696533203125
1769718744.0188513,goal2.png,0.5541253685951233,0.2896516025066376,-0.6796603202819824,-1.768595576286316,1.9078172445297241,0.3976879119873047,2.445650339126587,0.2906283140182495,-0.6586658358573914,-1.7657173871994019,1.9094767570495605,0.38947632908821106,2.4473876953125,0.0009767115116119385,0.020994484424591064,0.0028781890869140625,0.0016595125198364258,-0.008211582899093628,0.001737356185913086
1769718744.1165757,goal2.png,0.5542904138565063,0.29053011536598206,-0.6824775338172913,-1.769685983657837,1.909786343574524,0.39373475313186646,2.4468467235565186,0.2861853241920471,-0.6582192778587341,-1.7661654949188232,1.9106433391571045,0.38372495770454407,2.4451498985290527,-0.0043447911739349365,0.02425825595855713,0.003520488739013672,0.0008569955825805664,-0.010009795427322388,-0.0016968250274658203
1769718744.2192965,goal2.png,0.5517345666885376,0.29095420241355896,-0.6848706007003784,-1.770473599433899,1.9096652269363403,0.3903420567512512,2.4467861652374268,0.2790146768093109,-0.6582345366477966,-1.7665917873382568,1.9127178192138672,0.3801453113555908,2.4442949295043945,-0.011939525604248047,0.026636064052581787,0.00388181209564209,0.0030525922775268555,-0.0101967453956604,-0.0024912357330322266
1769718744.316394,goal2.png,0.5457394123077393,0.2876220643520355,-0.6859005093574524,-1.77104914188385,1.9099681377410889,0.38567715883255005,2.4453320503234863,0.274422287940979,-0.6594340801239014,-1.7652981281280518,1.913414478302002,0.38096585869789124,2.4440202713012695,-0.013199776411056519,0.026466429233551025,0.00575101375579834,0.003446340560913086,-0.0047113001346588135,-0.0013117790222167969
1769718744.416547,goal2.png,0.5533823370933533,0.28074583411216736,-0.685627818107605,-1.7712613344192505,1.911634087562561,0.38292059302330017,2.4449081420898438,0.27394211292266846,-0.6603771448135376,-1.7624003887176514,1.9126505851745605,0.38281816244125366,2.442802906036377,-0.006803721189498901,0.025250673294067383,0.008860945701599121,0.0010164976119995117,-0.00010243058204650879,-0.002105236053466797
1769718744.5164733,goal2.png,0.5479269027709961,0.27608081698417664,-0.6863548755645752,-1.770776629447937,1.9126338958740234,0.38245105743408203,2.4444384574890137,0.2772336006164551,-0.6625086069107056,-1.7564918994903564,1.9127389192581177,0.3847264349460602,2.4391720294952393,0.0011527836322784424,0.02384626865386963,0.014284729957580566,0.00010502338409423828,0.0022753775119781494,-0.005266427993774414
1769718744.6185012,goal2.png,0.544593334197998,0.27541443705558777,-0.6876574754714966,-1.7688076496124268,1.9126338958740234,0.3833749294281006,2.443302631378174,0.28007572889328003,-0.6636127233505249,-1.7492988109588623,1.9124088287353516,0.3879173696041107,2.4327216148376465,0.004661291837692261,0.02404475212097168,0.019508838653564453,-0.000225067138671875,0.004542440176010132,-0.010581016540527344
1769718744.7167964,goal2.png,0.545333743095398,0.27777722477912903,-0.6890812516212463,-1.7644456624984741,1.9126338958740234,0.3850107192993164,2.4402732849121094,0.2843050956726074,-0.6652043461799622,-1.7435486316680908,1.9143779277801514,0.3940732181072235,2.429900646209717,0.0065278708934783936,0.02387690544128418,0.0208970308303833,0.0017440319061279297,0.009062498807907104,-0.010372638702392578
1769718744.818093,goal2.png,0.5407606363296509,0.28038227558135986,-0.6908380389213562,-1.758508324623108,1.9126640558242798,0.3878733217716217,2.4354114532470703,0.29007449746131897,-0.6656943559646606,-1.7416255474090576,1.9145779609680176,0.3980412781238556,2.4332516193389893,0.009692221879959106,0.025143682956695557,0.016882777214050293,0.001913905143737793,0.010167956352233887,-0.0021598339080810547
1769718744.91653,goal2.png,0.546271800994873,0.2838961184024811,-0.6924739480018616,-1.7529648542404175,1.9136637449264526,0.3926140069961548,2.4324278831481934,0.29145726561546326,-0.6644001007080078,-1.743835210800171,1.9095921516418457,0.4012771546840668,2.438920021057129,0.007561147212982178,0.02807384729385376,0.009129643440246582,-0.004071593284606934,0.008663147687911987,0.006492137908935547
1769718745.0170374,goal2.png,0.5530813932418823,0.2887125611305237,-0.6933825612068176,-1.7501174211502075,1.9136031866073608,0.3967488706111908,2.434593677520752,0.2902590334415436,-0.6612797379493713,-1.7478139400482178,1.9040288925170898,0.40543049573898315,2.4433579444885254,0.0015464723110198975,0.03210282325744629,0.002303481101989746,-0.009574294090270996,0.008681625127792358,0.008764266967773438
1769718745.1171954,goal2.png,0.5456159114837646,0.29180243611335754,-0.693049430847168,-1.7505415678024292,1.9104526042938232,0.4002930223941803,2.4384407997131348,0.28544920682907104,-0.6580683588981628,-1.7537673711776733,1.9000804424285889,0.4066928029060364,2.4468507766723633,-0.006353229284286499,0.03498107194900513,-0.0032258033752441406,-0.010372161865234375,0.006399780511856079,0.008409976959228516
1769718745.2174451,goal2.png,0.5527963638305664,0.29095420241355896,-0.6906563639640808,-1.7533587217330933,1.904879093170166,0.4040340781211853,2.4427573680877686,0.27726075053215027,-0.6533582806587219,-1.7612617015838623,1.8966981172561646,0.40582066774368286,2.450690984725952,-0.013693451881408691,0.03729808330535889,-0.007902979850769043,-0.008180975914001465,0.0017865896224975586,0.007933616638183594
1769718745.3173504,goal2.png,0.5510977506637573,0.2850472927093506,-0.687142550945282,-1.7584476470947266,1.9011229276657104,0.4056849479675293,2.4461350440979004,0.26867201924324036,-0.6503621339797974,-1.76972234249115,1.8937158584594727,0.4041759967803955,2.456742286682129,-0.01637527346611023,0.03678041696548462,-0.01127469539642334,-0.007407069206237793,-0.001508951187133789,0.010607242584228516
1769718745.4186964,goal2.png,0.5447432398796082,0.2779286503791809,-0.6830227375030518,-1.7649908065795898,1.8979120254516602,0.4052003026008606,2.4501638412475586,0.26477351784706116,-0.6508680582046509,-1.7730975151062012,1.889308214187622,0.4056333005428314,2.458097219467163,-0.013155132532119751,0.03215467929840088,-0.008106708526611328,-0.008603811264038086,0.0004329979419708252,0.007933378219604492
1769718745.5139587,goal2.png,0.5405241250991821,0.2735060453414917,-0.6804177165031433,-1.7701706886291504,1.8959733247756958,0.4043672978878021,2.4537837505340576,0.26352351903915405,-0.6520962715148926,-1.771927833557129,1.8872946500778198,0.4068330228328705,2.4555461406707764,-0.009982526302337646,0.028321444988250732,-0.0017571449279785156,-0.008678674697875977,0.0024657249450683594,0.00176239013671875
1769718745.6124332,goal2.png,0.5423476099967957,0.2683866322040558,-0.6792665123939514,-1.7746237516403198,1.8923077583312988,0.4046550393104553,2.4565553665161133,0.2672293782234192,-0.6569908261299133,-1.7670066356658936,1.8850454092025757,0.4108891785144806,2.4516685009002686,-0.0011572539806365967,0.022275686264038086,0.0076171159744262695,-0.0072623491287231445,0.0062341392040252686,-0.0048868656158447266
1769718745.7173085,goal2.png,0.5334967374801636,0.26563015580177307,-0.6802661418914795,-1.7753204107284546,1.8886425495147705,0.4063816964626312,2.4552528858184814,0.2729242146015167,-0.6610443592071533,-1.7609837055206299,1.8847029209136963,0.41123682260513306,2.4462692737579346,0.007294058799743652,0.019221782684326172,0.014336705207824707,-0.003939628601074219,0.004855126142501831,-0.008983612060546875
1769718745.817014,goal2.png,0.5421473979949951,0.2681746482849121,-0.6829016208648682,-1.7725939750671387,1.8864010572433472,0.4092442989349365,2.451814651489258,0.27637380361557007,-0.6632275581359863,-1.7567148208618164,1.8854293823242188,0.40800371766090393,2.4425292015075684,0.008199155330657959,0.019674062728881836,0.015879154205322266,-0.000971674919128418,-0.0012405812740325928,-0.009285449981689453
1769718745.9174695,goal2.png,0.5467525720596313,0.2729305326938629,-0.6872333884239197,-1.769019603729248,1.8858556747436523,0.4095623195171356,2.4476797580718994,0.27700525522232056,-0.6636015176773071,-1.753286361694336,1.886702537536621,0.4057471752166748,2.4390387535095215,0.004074722528457642,0.02363187074661255,0.01573324203491211,0.00084686279296875,-0.0038151443004608154,-0.00864100456237793
1769718746.01902,goal2.png,0.5466639995574951,0.27638378739356995,-0.6900201439857483,-1.7656874656677246,1.8858556747436523,0.4079265594482422,2.444105386734009,0.2759202718734741,-0.6635414361953735,-1.7531065940856934,1.8876605033874512,0.404893696308136,2.4379475116729736,-0.0004635155200958252,0.026478707790374756,0.01258087158203125,0.0018048286437988281,-0.003032863140106201,-0.006157875061035156
1769718746.117668,goal2.png,0.5498269200325012,0.27680790424346924,-0.690504789352417,-1.762385606765747,1.8864312171936035,0.40594246983528137,2.4409399032592773,0.2749904990196228,-0.6627819538116455,-1.7547802925109863,1.886771559715271,0.4065615236759186,2.440124034881592,-0.0018174052238464355,0.027722835540771484,0.007605314254760742,0.00034034252166748047,0.000619053840637207,-0.0008158683776855469
1769718746.2205093,goal2.png,0.547527015209198,0.27617180347442627,-0.6908380389213562,-1.761325478553772,1.8868554830551147,0.4053366780281067,2.4399099349975586,0.27639639377593994,-0.6622748374938965,-1.7553627490997314,1.8838766813278198,0.4105886220932007,2.4423999786376953,0.00022459030151367188,0.028563201427459717,0.005962729454040527,-0.002978801727294922,0.005251944065093994,0.0024900436401367188
1769718746.319518,goal2.png,0.5438524484634399,0.27611109614372253,-0.6908380389213562,-1.7615981101989746,1.8865827322006226,0.40633624792099,2.440757989883423,0.2779046297073364,-0.6611502766609192,-1.7562360763549805,1.8812251091003418,0.41534870862960815,2.4448580741882324,0.0017935335636138916,0.02968776226043701,0.005362033843994141,-0.005357623100280762,0.009012460708618164,0.00410008430480957
1769718746.4180057,goal2.png,0.5463217496871948,0.27695930004119873,-0.6902928352355957,-1.7619616985321045,1.88470458984375,0.41010764241218567,2.442742109298706,0.27768152952194214,-0.6606088280677795,-1.7577900886535645,1.8787668943405151,0.4197329878807068,2.44739031791687,0.0007222294807434082,0.029684007167816162,0.004171609878540039,-0.005937695503234863,0.009625345468521118,0.0046482086181640625
1769718746.5168793,goal2.png,0.545574426651001,0.2775348126888275,-0.6898081302642822,-1.7628703117370605,1.8819481134414673,0.4139547049999237,2.444923162460327,0.27591732144355774,-0.6597074270248413,-1.759739637374878,1.875819206237793,0.4212098717689514,2.4488539695739746,-0.0016174912452697754,0.030100703239440918,0.003130674362182617,-0.006128907203674316,0.00725516676902771,0.003930807113647461
1769718746.617464,goal2.png,0.5488480925559998,0.2774136960506439,-0.6890812516212463,-1.7639912366867065,1.8790702819824219,0.41760486364364624,2.4472708702087402,0.27375680208206177,-0.6597173810005188,-1.761606216430664,1.8733186721801758,0.41882503032684326,2.449193239212036,-0.0036568939685821533,0.02936387062072754,0.0023850202560424805,-0.005751609802246094,0.0012201666831970215,0.0019223690032958984
1769718746.7174706,goal2.png,0.5458382368087769,0.27674731612205505,-0.6883541345596313,-1.7652937173843384,1.87667715549469,0.4191194176673889,2.4484219551086426,0.2718273103237152,-0.6602896451950073,-1.7641410827636719,1.8721745014190674,0.41821151971817017,2.4514381885528564,-0.004920005798339844,0.028064489364624023,0.001152634620666504,-0.004502654075622559,-0.00090789794921875,0.003016233444213867
1769718746.8219612,goal2.png,0.5447152256965637,0.27502062916755676,-0.688172459602356,-1.7672322988510132,1.874465823173523,0.41864991188049316,2.449103593826294,0.27017202973365784,-0.6607087254524231,-1.7662063837051392,1.871664047241211,0.4170788824558258,2.453629970550537,-0.004848599433898926,0.02746373414993286,0.0010259151458740234,-0.0028017759323120117,-0.0015710294246673584,0.004526376724243164
1769718746.9139285,goal2.png,0.5472685694694519,0.2737787365913391,-0.6882632970809937,-1.7683532238006592,1.8736480474472046,0.41839247941970825,2.4499669075012207,0.27163437008857727,-0.6620963215827942,-1.7672231197357178,1.8728381395339966,0.4159708023071289,2.4562830924987793,-0.002144366502761841,0.026166975498199463,0.0011301040649414062,-0.0008099079132080078,-0.0024216771125793457,0.006316184997558594
1769718747.0134106,goal2.png,0.5468689799308777,0.27202174067497253,-0.688444972038269,-1.7700798511505127,1.8727997541427612,0.41751399636268616,2.4519054889678955,0.27459025382995605,-0.6651395559310913,-1.7666175365447998,1.875766634941101,0.4138377904891968,2.4575862884521484,0.0025685131549835205,0.023305416107177734,0.0034623146057128906,0.0029668807983398438,-0.00367620587348938,0.00568079948425293
1769718747.1145406,goal2.png,0.5435986518859863,0.2722034454345703,-0.6889296770095825,-1.77141273021698,1.872890830039978,0.4164083003997803,2.454495429992676,0.27785927057266235,-0.6692901849746704,-1.7652254104614258,1.8773550987243652,0.41287535429000854,2.4589972496032715,0.005655825138092041,0.01963949203491211,0.006187319755554199,0.004464268684387207,-0.0035329461097717285,0.004501819610595703
1769718747.2189338,goal2.png,0.5353438258171082,0.27517202496528625,-0.692261815071106,-1.77141273021698,1.8747689723968506,0.4140455424785614,2.456979513168335,0.28014159202575684,-0.6737659573554993,-1.7631757259368896,1.880976676940918,0.40956276655197144,2.4579434394836426,0.004969567060470581,0.01849585771560669,0.008237004280090332,0.006207704544067383,-0.004482775926589966,0.0009639263153076172
1769718747.318434,goal2.png,0.5434206128120422,0.2775650918483734,-0.6963815689086914,-1.7709583044052124,1.876374363899231,0.41266727447509766,2.458085060119629,0.2814852297306061,-0.6767303943634033,-1.7606960535049438,1.882323145866394,0.4070151746273041,2.454650402069092,0.003920137882232666,0.019651174545288086,0.010262250900268555,0.005948781967163086,-0.005652099847793579,-0.0034346580505371094
1769718747.4195068,goal2.png,0.5475561618804932,0.279837042093277,-0.7008041739463806,-1.7695345878601074,1.8791308403015137,0.40980470180511475,2.4574942588806152,0.2846795320510864,-0.6776193976402283,-1.7583317756652832,1.8841698169708252,0.4054874777793884,2.4521615505218506,0.004842489957809448,0.023184776306152344,0.011202812194824219,0.0050389766693115234,-0.004317224025726318,-0.0053327083587646484
1769718747.5207186,goal2.png,0.5447967648506165,0.28110936284065247,-0.7027125954627991,-1.7676564455032349,1.8810393810272217,0.407472163438797,2.4551923274993896,0.2861403822898865,-0.6776127815246582,-1.7552528381347656,1.8835467100143433,0.40502822399139404,2.4488301277160645,0.005031019449234009,0.02509981393814087,0.012403607368469238,0.002507328987121582,-0.002443939447402954,-0.006362199783325195
1769718747.619739,goal2.png,0.514978289604187,0.28207871317863464,-0.7042877674102783,-1.765596628189087,1.8824025392532349,0.4057304561138153,2.4529354572296143,0.28780168294906616,-0.6753302812576294,-1.7519197463989258,1.8796833753585815,0.40821126103401184,2.4464824199676514,0.0057229697704315186,0.028957486152648926,0.013676881790161133,-0.0027191638946533203,0.002480804920196533,-0.006453037261962891
1769718747.7190282,goal2.png,0.5189565420150757,0.2837144136428833,-0.7050146460533142,-1.7632641792297363,1.882159948348999,0.40600302815437317,2.45011830329895,0.29540422558784485,-0.6730048656463623,-1.7452013492584229,1.8742495775222778,0.41458195447921753,2.44146728515625,0.011689811944961548,0.032009780406951904,0.018062829971313477,-0.007910370826721191,0.00857892632484436,-0.008651018142700195
1769718747.8133652,goal2.png,0.5186477899551392,0.2840476930141449,-0.7040756344795227,-1.761295199394226,1.8809788227081299,0.4073813259601593,2.448437213897705,0.30488482117652893,-0.6693395972251892,-1.7369565963745117,1.8680453300476074,0.4172736406326294,2.4349091053009033,0.020837128162384033,0.034736037254333496,0.024338603019714355,-0.012933492660522461,0.009892314672470093,-0.013528108596801758
1769718747.912198,goal2.png,0.5074692964553833,0.28707683086395264,-0.7018038034439087,-1.7558729648590088,1.8765864372253418,0.41219770908355713,2.4439237117767334,0.3080955743789673,-0.6638367772102356,-1.7301604747772217,1.8645497560501099,0.4092913269996643,2.422166347503662,0.02101874351501465,0.037967026233673096,0.02571249008178711,-0.012036681175231934,-0.0029063820838928223,-0.02175736427307129
1769718748.013636,goal2.png,0.5068894624710083,0.2956494987010956,-0.6991986036300659,-1.748208999633789,1.8708915710449219,0.4160902500152588,2.4387285709381104,0.3005043864250183,-0.65959632396698,-1.7325162887573242,1.8677222728729248,0.3972269296646118,2.414930820465088,0.0048548877239227295,0.03960227966308594,0.015692710876464844,-0.0031692981719970703,-0.018863320350646973,-0.02379775047302246
1769718748.1133668,goal2.png,0.5002869367599487,0.2991330623626709,-0.6961997151374817,-1.7421506643295288,1.866923213005066,0.412394642829895,2.427823543548584,0.28691035509109497,-0.6567403078079224,-1.742659091949463,1.8836193084716797,0.37339743971824646,2.414121150970459,-0.012222707271575928,0.039459407329559326,-0.000508427619934082,0.01669609546661377,-0.03899720311164856,-0.013702392578125
1769718748.2150033,goal2.png,0.5017713904380798,0.29577064514160156,-0.6900505423545837,-1.740696668624878,1.8671958446502686,0.4040643274784088,2.4197354316711426,0.2682250440120697,-0.65497887134552,-1.7578380107879639,1.904688835144043,0.34724968671798706,2.417241096496582,-0.02754560112953186,0.03507167100906372,-0.017141342163085938,0.037492990493774414,-0.05681464076042175,-0.002494335174560547
1769718748.31823,goal2.png,0.4989323318004608,0.2795947790145874,-0.6833863258361816,-1.7481787204742432,1.883280873298645,0.37510526180267334,2.4162821769714355,0.24734678864479065,-0.6539544463157654,-1.7753652334213257,1.9242069721221924,0.31950074434280396,2.424067974090576,-0.03224799036979675,0.02943187952041626,-0.02718651294708252,0.04092609882354736,-0.055604517459869385,0.007785797119140625
1769718748.4129455,goal2.png,0.5111435651779175,0.2699619233608246,-0.6815687417984009,-1.75520658493042,1.8950340747833252,0.36086806654930115,2.416797161102295,0.23478887975215912,-0.6528420448303223,-1.7872833013534546,1.9376455545425415,0.3023696541786194,2.429718494415283,-0.035173043608665466,0.028726696968078613,-0.03207671642303467,0.04261147975921631,-0.05849841237068176,0.012921333312988281
1769718748.5149865,goal2.png,0.4854899048805237,0.2526348829269409,-0.6792059540748596,-1.7706249952316284,1.91339111328125,0.33492299914360046,2.42132568359375,0.23148095607757568,-0.6509726047515869,-1.793168544769287,1.9429140090942383,0.30377036333084106,2.437626361846924,-0.021153926849365234,0.028233349323272705,-0.02254354953765869,0.02952289581298828,-0.0311526358127594,0.016300678253173828
1769718748.6144168,goal2.png,0.5030031204223633,0.23748894035816193,-0.6783274412155151,-1.7842261791229248,1.9288095235824585,0.3146122694015503,2.4272477626800537,0.23656122386455536,-0.6484075784683228,-1.789501428604126,1.9390331506729126,0.3210802674293518,2.440861940383911,-0.0009277164936065674,0.029919862747192383,-0.005275249481201172,0.010223627090454102,0.006467998027801514,0.013614177703857422
1769718748.7138615,goal2.png,0.5076342821121216,0.2292495220899582,-0.6779943704605103,-1.7934348583221436,1.937049150466919,0.3084023892879486,2.434093952178955,0.2434532344341278,-0.646622896194458,-1.7778534889221191,1.9296538829803467,0.3356257677078247,2.433101177215576,0.014203712344169617,0.031371474266052246,0.015581369400024414,-0.007395267486572266,0.0272233784198761,-0.0009927749633789062
1769718748.8136215,goal2.png,0.5115313529968262,0.2287345677614212,-0.677358090877533,-1.7946466207504272,1.937351942062378,0.31686896085739136,2.4385013580322266,0.2571917772293091,-0.6490683555603027,-1.7646138668060303,1.9362614154815674,0.330331027507782,2.4263997077941895,0.02845720946788788,0.028289735317230225,0.030032753944396973,-0.0010905265808105469,0.013462066650390625,-0.01210165023803711
1769718748.9145195,goal2.png,0.5052527189254761,0.23300576210021973,-0.6760556697845459,-1.7887094020843506,1.9318995475769043,0.33016714453697205,2.435441732406616,0.27025306224823,-0.6535555720329285,-1.7538385391235352,1.9530761241912842,0.31523793935775757,2.4254798889160156,0.037247300148010254,0.02250009775161743,0.03487086296081543,0.021176576614379883,-0.014929205179214478,-0.009961843490600586
1769718749.0188115,goal2.png,0.49562305212020874,0.2478487342596054,-0.6774793863296509,-1.7744418382644653,1.9368975162506104,0.3285616636276245,2.4278688430786133,0.28313949704170227,-0.6588642597198486,-1.7476539611816406,1.9738339185714722,0.29603302478790283,2.430487871170044,0.03529076278209686,0.018615126609802246,0.026787877082824707,0.036936402320861816,-0.03252863883972168,0.002619028091430664
1769718749.1136734,goal2.png,0.5009466409683228,0.25551262497901917,-0.6793575286865234,-1.7686561346054077,1.9452582597732544,0.322806179523468,2.4265058040618896,0.2942950129508972,-0.6621859669685364,-1.7435197830200195,1.987962245941162,0.2849884331226349,2.4342119693756104,0.03878238797187805,0.01717156171798706,0.025136351585388184,0.042703986167907715,-0.03781774640083313,0.007706165313720703
1769718749.2140043,goal2.png,0.5139976143836975,0.2689925730228424,-0.6832954287528992,-1.760961890220642,1.962070345878601,0.30762994289398193,2.4291107654571533,0.30632293224334717,-0.6625339984893799,-1.7387163639068604,1.995030403137207,0.28906530141830444,2.4353859424591064,0.03733035922050476,0.020761430263519287,0.02224552631378174,0.03296005725860596,-0.01856464147567749,0.006275177001953125
1769718749.3154416,goal2.png,0.5209343433380127,0.2800794541835785,-0.6876877546310425,-1.7551459074020386,1.9782764911651611,0.2939985394477844,2.4326248168945312,0.31960329413414,-0.6588844060897827,-1.7298152446746826,1.9973937273025513,0.3038966953754425,2.431349754333496,0.03952383995056152,0.028803348541259766,0.025330662727355957,0.019117236137390137,0.009898155927658081,-0.0012750625610351562
1769718749.4146724,goal2.png,0.5178307294845581,0.29280203580856323,-0.689474880695343,-1.7499054670333862,1.987606167793274,0.292483925819397,2.434018135070801,0.32861170172691345,-0.6542606949806213,-1.7215263843536377,1.994028925895691,0.319942444562912,2.42622709274292,0.03580966591835022,0.03521418571472168,0.028379082679748535,0.006422758102416992,0.027458518743515015,-0.007791042327880859
1769718749.5128343,goal2.png,0.5140622854232788,0.30428260564804077,-0.6888691186904907,-1.7433925867080688,1.992331862449646,0.3001478314399719,2.4325942993164062,0.3340737819671631,-0.6495323181152344,-1.7163500785827637,1.989938497543335,0.3345976769924164,2.421905279159546,0.029791176319122314,0.03933680057525635,0.027042508125305176,-0.002393364906311035,0.03444984555244446,-0.010689020156860352
1769718749.613945,goal2.png,0.5102052688598633,0.31479397416114807,-0.6857793927192688,-1.736122488975525,1.9918774366378784,0.31521809101104736,2.427884101867676,0.33383625745773315,-0.6448859572410583,-1.7154347896575928,1.9827589988708496,0.35018032789230347,2.4206128120422363,0.019042283296585083,0.04089343547821045,0.02068769931793213,-0.009118437767028809,0.034962236881256104,-0.007271289825439453
1769718749.7180018,goal2.png,0.5181959867477417,0.32242757081985474,-0.6802055835723877,-1.7287919521331787,1.9872732162475586,0.33595290780067444,2.422295093536377,0.33157554268836975,-0.6392598748207092,-1.7169212102890015,1.9733850955963135,0.36727651953697205,2.4210081100463867,0.009147971868515015,0.04094570875167847,0.011870741844177246,-0.013888120651245117,0.03132361173629761,-0.0012869834899902344
1769718749.8124166,goal2.png,0.5017147064208984,0.3233969211578369,-0.6771764159202576,-1.7270047664642334,1.9840925931930542,0.3447830379009247,2.4219164848327637,0.3279707729816437,-0.6342706680297852,-1.7177698612213135,1.9706140756607056,0.37566593289375305,2.4189209938049316,0.004573851823806763,0.04290574789047241,0.009234905242919922,-0.013478517532348633,0.03088289499282837,-0.0029954910278320312
1769718749.9188178,goal2.png,0.5001599192619324,0.32197317481040955,-0.6702699065208435,-1.7265503406524658,1.974368691444397,0.3662903308868408,2.420280694961548,0.32348209619522095,-0.6322987079620361,-1.7167189121246338,1.9851791858673096,0.36166542768478394,2.412128448486328,0.0015089213848114014,0.03797119855880737,0.009831428527832031,0.010810494422912598,-0.004624903202056885,-0.008152246475219727
1769718750.0172317,goal2.png,0.5036880970001221,0.32064029574394226,-0.6653928756713867,-1.7267624139785767,1.9715516567230225,0.3727424740791321,2.4197657108306885,0.3182436227798462,-0.6306822299957275,-1.71604585647583,2.003493309020996,0.3420063853263855,2.4055335521698,-0.0023966729640960693,0.03471064567565918,0.010716557502746582,0.03194165229797363,-0.030736088752746582,-0.014232158660888672
1769718750.1136265,goal2.png,0.49680015444755554,0.31642967462539673,-0.6603037714958191,-1.7263685464859009,1.9779736995697021,0.3680623471736908,2.414964437484741,0.3109965920448303,-0.6292068362236023,-1.7159258127212524,2.019916296005249,0.3216950297355652,2.3986449241638184,-0.005433082580566406,0.031096935272216797,0.010442733764648438,0.041942596435546875,-0.04636731743812561,-0.01631951332092285
1769718750.212016,goal2.png,0.4998765289783478,0.31137096881866455,-0.6585166454315186,-1.726035475730896,1.9915441274642944,0.35423412919044495,2.408618211746216,0.304437518119812,-0.6274763941764832,-1.7159476280212402,2.0304296016693115,0.30672019720077515,2.3929872512817383,-0.006933450698852539,0.0310402512550354,0.010087847709655762,0.03888547420501709,-0.0475139319896698,-0.01563096046447754
1769718750.314666,goal2.png,0.5023469924926758,0.3044947385787964,-0.6576381325721741,-1.7258535623550415,2.0086593627929688,0.33598318696022034,2.401423931121826,0.2984721064567566,-0.6265592575073242,-1.714745283126831,2.0377209186553955,0.2977229356765747,2.388108253479004,-0.006022632122039795,0.031078875064849854,0.01110827922821045,0.029061555862426758,-0.03826025128364563,-0.013315677642822266
1769718750.4142368,goal2.png,0.5066795349121094,0.2978910207748413,-0.656244695186615,-1.7257627248764038,2.02113938331604,0.3187622129917145,2.3955929279327393,0.296016663312912,-0.6251535415649414,-1.7119805812835693,2.0446579456329346,0.29380327463150024,2.384723424911499,-0.0018743574619293213,0.031091153621673584,0.013782143592834473,0.02351856231689453,-0.024958938360214233,-0.010869503021240234
1769718750.5148904,goal2.png,0.5046332478523254,0.29146915674209595,-0.6556691527366638,-1.7251871824264526,2.030257225036621,0.30805402994155884,2.3900341987609863,0.2929159104824066,-0.6218039989471436,-1.707033634185791,2.0483155250549316,0.29347118735313416,2.3785758018493652,0.001446753740310669,0.033865153789520264,0.01815354824066162,0.018058300018310547,-0.014582842588424683,-0.011458396911621094
1769718750.6146748,goal2.png,0.5117651224136353,0.28737980127334595,-0.6551542282104492,-1.7237029075622559,2.0371336936950684,0.3025711476802826,2.386399269104004,0.2873864471912384,-0.6169866323471069,-1.7031731605529785,2.0490245819091797,0.294464111328125,2.3722095489501953,6.645917892456055e-06,0.038167595863342285,0.020529747009277344,0.011890888214111328,-0.008107036352157593,-0.014189720153808594
1769718750.7141569,goal2.png,0.5122312307357788,0.2844415009021759,-0.6536092162132263,-1.7199163436889648,2.0419199466705322,0.29996609687805176,2.3820674419403076,0.28457069396972656,-0.6122109889984131,-1.698197841644287,2.049304723739624,0.2986881136894226,2.3655896186828613,0.00012919306755065918,0.04139822721481323,0.021718502044677734,0.007384777069091797,-0.0012779831886291504,-0.01647782325744629
1769718750.8129957,goal2.png,0.5079241394996643,0.2796856462955475,-0.6500348448753357,-1.7164630889892578,2.0437374114990234,0.29878470301628113,2.3760392665863037,0.2807731032371521,-0.6067726612091064,-1.6919907331466675,2.0492730140686035,0.3029923737049103,2.3571200370788574,0.0010874569416046143,0.04326218366622925,0.024472355842590332,0.005535602569580078,0.00420767068862915,-0.01891922950744629
1769718750.9143884,goal2.png,0.5046213865280151,0.27677759528160095,-0.644733726978302,-1.7124342918395996,2.0446157455444336,0.3014049530029297,2.3692994117736816,0.27810579538345337,-0.6000341176986694,-1.68593168258667,2.0478286743164062,0.30928894877433777,2.3471641540527344,0.001328200101852417,0.04469960927963257,0.026502609252929688,0.0032129287719726562,0.007883995771408081,-0.022135257720947266
1769718751.0135226,goal2.png,0.5041307210922241,0.2744148075580597,-0.6391903758049011,-1.7071635723114014,2.045100688934326,0.304888516664505,2.361271858215332,0.27196210622787476,-0.5944448709487915,-1.6831986904144287,2.0461840629577637,0.31195640563964844,2.3413186073303223,-0.0024527013301849365,0.04474550485610962,0.023964881896972656,0.0010833740234375,0.007067888975143433,-0.019953250885009766
1769718751.1142776,goal2.png,0.5104494094848633,0.27132508158683777,-0.6318899989128113,-1.7005901336669922,2.044767379760742,0.3098563551902771,2.3523359298706055,0.26390472054481506,-0.5919028520584106,-1.6863574981689453,2.044196605682373,0.31283193826675415,2.345583200454712,-0.007420361042022705,0.039987146854400635,0.014232635498046875,-0.0005707740783691406,0.0029755830764770508,-0.006752729415893555
1769718751.215325,goal2.png,0.5068677663803101,0.26666006445884705,-0.6259223818778992,-1.6959857940673828,2.043858528137207,0.31341567635536194,2.3452324867248535,0.2533353865146637,-0.5905193090438843,-1.6939961910247803,2.040735960006714,0.3133902847766876,2.356166362762451,-0.01332467794418335,0.03540307283401489,0.001989603042602539,-0.003122568130493164,-2.5391578674316406e-05,0.010933876037597656
1769718751.31578,goal2.png,0.5142426490783691,0.26048046350479126,-0.6219238638877869,-1.6953798532485962,2.042646884918213,0.3142336308956146,2.344808340072632,0.24663439393043518,-0.5900801420211792,-1.7001224756240845,2.035120725631714,0.31958431005477905,2.367374897003174,-0.013846069574356079,0.031843721866607666,-0.004742622375488281,-0.0075261592864990234,0.005350679159164429,0.022566556930541992
1769718751.414714,goal2.png,0.5190252065658569,0.2522713541984558,-0.6187130212783813,-1.699408769607544,2.040011405944824,0.3151271939277649,2.351245403289795,0.24093522131443024,-0.588874101638794,-1.702453851699829,2.0274434089660645,0.32622030377388,2.3715648651123047,-0.011336132884025574,0.029838919639587402,-0.0030450820922851562,-0.012567996978759766,0.011093109846115112,0.020319461822509766
1769718751.5135903,goal2.png,0.5109174251556396,0.24481958150863647,-0.6169560551643372,-1.7047704458236694,2.035649299621582,0.3198072612285614,2.3618323802948,0.23562990128993988,-0.5874378085136414,-1.7022745609283447,2.021104335784912,0.3264979124069214,2.371178150177002,-0.009189680218696594,0.0295182466506958,0.002495884895324707,-0.014544963836669922,0.006690651178359985,0.009345769882202148
1769718751.6137645,goal2.png,0.5137537717819214,0.2385794073343277,-0.6156231164932251,-1.7084356546401978,2.029409170150757,0.32529014348983765,2.3675878047943115,0.2300701141357422,-0.5858688950538635,-1.7017230987548828,2.018197536468506,0.3217344284057617,2.3716013431549072,-0.00850929319858551,0.029754221439361572,0.006712555885314941,-0.011211633682250977,-0.0035557150840759277,0.004013538360595703
1769718751.714998,goal2.png,0.5187312960624695,0.2331571727991104,-0.6148962378501892,-1.7094353437423706,2.0229268074035645,0.327107697725296,2.369374990463257,0.2242656946182251,-0.5850945115089417,-1.7016000747680664,2.019226551055908,0.315640926361084,2.3735098838806152,-0.008891478180885315,0.02980172634124756,0.0078352689743042,-0.00370025634765625,-0.011466771364212036,0.0041348934173583984
1769718751.8147295,goal2.png,0.522913932800293,0.22740168869495392,-0.613926887512207,-1.7095868587493896,2.0184133052825928,0.3253355622291565,2.3708443641662598,0.21977756917476654,-0.5844147205352783,-1.702358365058899,2.0204644203186035,0.31221213936805725,2.3750481605529785,-0.007624119520187378,0.02951216697692871,0.007228493690490723,0.002051115036010742,-0.013123422861099243,0.00420379638671875
1769718751.914752,goal2.png,0.5106459856033325,0.22185824811458588,-0.6126848459243774,-1.7097382545471191,2.0171713829040527,0.3214279115200043,2.3725709915161133,0.21488234400749207,-0.584941029548645,-1.7026474475860596,2.02103853225708,0.3108350336551666,2.37534236907959,-0.006975904107093811,0.027743816375732422,0.00709080696105957,0.0038671493530273438,-0.010592877864837646,0.0027713775634765625
1769718752.0150328,goal2.png,0.5117665529251099,0.21707217395305634,-0.6119579076766968,-1.7101926803588867,2.0171713829040527,0.31842902302742004,2.373600959777832,0.21115025877952576,-0.5847727656364441,-1.6998988389968872,2.0229170322418213,0.30573391914367676,2.3718249797821045,-0.005921915173530579,0.027185142040252686,0.010293841361999512,0.005745649337768555,-0.012695103883743286,-0.001775979995727539
1769718752.114391,goal2.png,0.5158313512802124,0.21134696900844574,-0.6116549372673035,-1.7105865478515625,2.017383575439453,0.3167780935764313,2.374009847640991,0.2079884111881256,-0.5837729573249817,-1.6938574314117432,2.026268243789673,0.2969590723514557,2.3647005558013916,-0.0033585578203201294,0.027881979942321777,0.016729116439819336,0.008884668350219727,-0.019819021224975586,-0.00930929183959961
1769718752.214646,goal2.png,0.522856593132019,0.20686379075050354,-0.6115943789482117,-1.710101842880249,2.0185647010803223,0.3131733536720276,2.372222661972046,0.2063627541065216,-0.5825760364532471,-1.6867890357971191,2.0339066982269287,0.28697800636291504,2.358325481414795,-0.0005010366439819336,0.0290183424949646,0.023312807083129883,0.015341997146606445,-0.02619534730911255,-0.013897180557250977
1769718752.3141956,goal2.png,0.5136514902114868,0.20262287557125092,-0.6117760539054871,-1.706951379776001,2.0213515758514404,0.3052065670490265,2.366558074951172,0.20566579699516296,-0.5821142196655273,-1.678733229637146,2.0416691303253174,0.2792874276638031,2.3522486686706543,0.0030429214239120483,0.029661834239959717,0.02821815013885498,0.020317554473876953,-0.02591913938522339,-0.014309406280517578
1769718752.412797,goal2.png,0.5053110122680664,0.2005327045917511,-0.6117154955863953,-1.701104998588562,2.027531385421753,0.29625535011291504,2.3604540824890137,0.20421066880226135,-0.5811030268669128,-1.6731970310211182,2.0463531017303467,0.2755865752696991,2.3468894958496094,0.003677964210510254,0.030612468719482422,0.027907967567443848,0.01882171630859375,-0.020668774843215942,-0.013564586639404297
1769718752.5138838,goal2.png,0.5233566761016846,0.19932101666927338,-0.6115338206291199,-1.6939258575439453,2.034044027328491,0.28812193870544434,2.3540170192718506,0.20376992225646973,-0.5783805847167969,-1.6716593503952026,2.045651912689209,0.2809728980064392,2.3440589904785156,0.00444890558719635,0.033153235912323,0.022266507148742676,0.011607885360717773,-0.007149040699005127,-0.009958028793334961
1769718752.6134531,goal2.png,0.5127396583557129,0.19747325778007507,-0.6104736328125,-1.6881704330444336,2.039799451828003,0.28276026248931885,2.3487462997436523,0.20106329023838043,-0.5750567317008972,-1.6714235544204712,2.0386271476745605,0.291951984167099,2.340574026107788,0.003590032458305359,0.03541690111160278,0.016746878623962402,-0.0011723041534423828,0.009191721677780151,-0.008172273635864258
1769718752.712787,goal2.png,0.5202433466911316,0.19635242223739624,-0.6079896688461304,-1.685050368309021,2.041041135787964,0.2837902307510376,2.346050262451172,0.19632083177566528,-0.5723750591278076,-1.6712496280670166,2.026607036590576,0.3062741160392761,2.3361926078796387,-3.159046173095703e-05,0.035614609718322754,0.013800740242004395,-0.014434099197387695,0.022483885288238525,-0.009857654571533203
1769718752.8149722,goal2.png,0.5078016519546509,0.19486813247203827,-0.6050209403038025,-1.6839901208877563,2.0386483669281006,0.28950023651123047,2.3423092365264893,0.19282735884189606,-0.5724418759346008,-1.6697998046875,2.011157751083374,0.3211353123188019,2.331709861755371,-0.002040773630142212,0.03257906436920166,0.014190316200256348,-0.027490615844726562,0.03163507580757141,-0.010599374771118164
1769718752.9147477,goal2.png,0.5144280195236206,0.1920813024044037,-0.6017192602157593,-1.683020830154419,2.030014991760254,0.3016927242279053,2.3376593589782715,0.18890058994293213,-0.5720210075378418,-1.6654363870620728,1.9952905178070068,0.3313407599925995,2.322840690612793,-0.0031807124614715576,0.02969825267791748,0.01758444309234619,-0.03472447395324707,0.029648035764694214,-0.014818668365478516
1769718753.0142303,goal2.png,0.5050284266471863,0.18983964622020721,-0.5997805595397949,-1.6819000244140625,2.016050338745117,0.3148091435432434,2.3331458568573,0.18268297612667084,-0.5743842720985413,-1.6623421907424927,1.9837443828582764,0.3320370614528656,2.3165347576141357,-0.007156670093536377,0.025396287441253662,0.019557833671569824,-0.03230595588684082,0.017227917909622192,-0.016611099243164062
1769718753.1140687,goal2.png,0.5144883990287781,0.185871422290802,-0.5992958545684814,-1.6791434288024902,2.0017223358154297,0.32662302255630493,2.3256638050079346,0.17305505275726318,-0.5792335867881775,-1.6626124382019043,1.9739015102386475,0.32442325353622437,2.3149678707122803,-0.012816369533538818,0.020062267780303955,0.016530990600585938,-0.027820825576782227,-0.0021997690200805664,-0.010695934295654297
1769718753.2136667,goal2.png,0.5090552568435669,0.1783590167760849,-0.5994775891304016,-1.6759929656982422,1.9874244928359985,0.3317120671272278,2.3196053504943848,0.16211771965026855,-0.5847021341323853,-1.6666607856750488,1.9656896591186523,0.3139810264110565,2.3174312114715576,-0.016241297125816345,0.014775454998016357,0.00933218002319336,-0.02173483371734619,-0.017731040716171265,-0.0021741390228271484
1769718753.3144217,goal2.png,0.5076942443847656,0.16996818780899048,-0.6011435389518738,-1.6744784116744995,1.9776705503463745,0.3285010755062103,2.3163034915924072,0.15054328739643097,-0.591443657875061,-1.6722326278686523,1.9551674127578735,0.30362391471862793,2.3218255043029785,-0.01942490041255951,0.009699881076812744,0.002245783805847168,-0.022503137588500977,-0.024877160787582397,0.005522012710571289
1769718753.4132328,goal2.png,0.5040322542190552,0.1606079488992691,-0.6050512194633484,-1.675750732421875,1.9689464569091797,0.3205797076225281,2.3169851303100586,0.1401006430387497,-0.5965499877929688,-1.6773136854171753,1.9459973573684692,0.29204991459846497,2.325666666030884,-0.02050730586051941,0.008501231670379639,-0.001562952995300293,-0.02294909954071045,-0.02852979302406311,0.008681535720825195
1769718753.5116012,goal2.png,0.5131633281707764,0.15027835965156555,-0.6106553077697754,-1.679234266281128,1.9586775302886963,0.31159812211990356,2.3200900554656982,0.131461501121521,-0.6027417182922363,-1.6825233697891235,1.939805507659912,0.2784004807472229,2.331446409225464,-0.018816858530044556,0.007913589477539062,-0.0032891035079956055,-0.01887202262878418,-0.033197641372680664,0.011356353759765625
1769718753.6142113,goal2.png,0.5133887529373169,0.13867659866809845,-0.618410050868988,-1.6831722259521484,1.9490445852279663,0.2988301217556,2.324436902999878,0.12444335967302322,-0.6077896356582642,-1.684239149093628,1.937995433807373,0.2619929313659668,2.3315491676330566,-0.014233238995075226,0.010620415210723877,-0.0010669231414794922,-0.011049151420593262,-0.03683719038963318,0.007112264633178711
1769718753.7127106,goal2.png,0.5146634578704834,0.13031597435474396,-0.6252257227897644,-1.6869285106658936,1.9419260025024414,0.2863498628139496,2.3290717601776123,0.11959771066904068,-0.6104356050491333,-1.6847033500671387,1.9419198036193848,0.2472715824842453,2.329556465148926,-0.010718263685703278,0.014790117740631104,0.002225160598754883,-6.198883056640625e-06,-0.039078280329704285,0.00048470497131347656
1769718753.8153715,goal2.png,0.5133023262023926,0.1230761930346489,-0.6302238702774048,-1.689109444618225,1.938563585281372,0.2720823585987091,2.3305559158325195,0.11684194207191467,-0.610782265663147,-1.6834208965301514,1.9472118616104126,0.2372491955757141,2.325010061264038,-0.006234250962734222,0.019441604614257812,0.0056885480880737305,0.008648276329040527,-0.034833163022994995,-0.005545854568481445
1769718753.9136415,goal2.png,0.513088583946228,0.1177750900387764,-0.6331924200057983,-1.689957618713379,1.9395633935928345,0.2559821903705597,2.33029842376709,0.11691385507583618,-0.6105976700782776,-1.6822514533996582,1.9534995555877686,0.2333579659461975,2.323270559310913,-0.0008612349629402161,0.022594749927520752,0.007706165313720703,0.013936161994934082,-0.022624224424362183,-0.007027864456176758
1769718754.0140452,goal2.png,0.5029268860816956,0.11565470695495605,-0.6342527866363525,-1.6898365020751953,1.9438951015472412,0.24465298652648926,2.3270270824432373,0.11871856451034546,-0.6119928956031799,-1.682523488998413,1.9574030637741089,0.23537617921829224,2.3262383937835693,0.0030638575553894043,0.022259891033172607,0.0073130130767822266,0.013507962226867676,-0.009276807308197021,-0.0007886886596679688
1769718754.1153026,goal2.png,0.5020852088928223,0.11562442779541016,-0.6341314911842346,-1.6890791654586792,1.949741244316101,0.23810991644859314,2.324300765991211,0.12251807749271393,-0.6137200593948364,-1.6824898719787598,1.957542896270752,0.24024638533592224,2.3301305770874023,0.006893649697303772,0.020411431789398193,0.006589293479919434,0.007801651954650879,0.0021364688873291016,0.005829811096191406
1769718754.2124288,goal2.png,0.4999546408653259,0.11710872501134872,-0.6353735327720642,-1.689109444618225,1.9545578956604004,0.2367316037416458,2.3254668712615967,0.12887023389339447,-0.6160411834716797,-1.6810193061828613,1.9563276767730713,0.24463757872581482,2.3338494300842285,0.011761508882045746,0.01933234930038452,0.00809013843536377,0.0017697811126708984,0.007905974984169006,0.008382558822631836
1769718754.3121974,goal2.png,0.5009615421295166,0.1204407811164856,-0.6384632587432861,-1.6890186071395874,1.9563148021697998,0.23926103115081787,2.3281779289245605,0.1386656016111374,-0.6196368932723999,-1.678562045097351,1.957491159439087,0.24903398752212524,2.338046073913574,0.018224820494651794,0.01882636547088623,0.010456562042236328,0.0011763572692871094,0.009772956371307373,0.009868144989013672
1769718754.414411,goal2.png,0.49860185384750366,0.12634776532649994,-0.6411895751953125,-1.6887156963348389,1.9562844038009644,0.24324439465999603,2.331979751586914,0.14860385656356812,-0.620479941368103,-1.6759346723556519,1.9590412378311157,0.2550751864910126,2.340057849884033,0.022256091237068176,0.020709633827209473,0.012781023979187012,0.002756834030151367,0.01183079183101654,0.00807809829711914
1769718754.5126886,goal2.png,0.5117984414100647,0.13610175251960754,-0.6446731686592102,-1.687231421470642,1.9566481113433838,0.2473943829536438,2.3360085487365723,0.1555396020412445,-0.6183989644050598,-1.6708991527557373,1.9574639797210693,0.2644285559654236,2.3390233516693115,0.019437849521636963,0.02627420425415039,0.016332268714904785,0.0008158683776855469,0.017034173011779785,0.003014802932739258
1769718754.61442,goal2.png,0.5151657462120056,0.1456436961889267,-0.6475206017494202,-1.6854743957519531,1.9577081203460693,0.2523471713066101,2.338810443878174,0.16369368135929108,-0.6183374524116516,-1.6687049865722656,1.9476040601730347,0.28410208225250244,2.342613935470581,0.01804998517036438,0.029183149337768555,0.0167694091796875,-0.010104060173034668,0.031754910945892334,0.0038034915924072266
1769718754.7123556,goal2.png,0.508284330368042,0.15255030989646912,-0.6473692059516907,-1.6821422576904297,1.9575566053390503,0.25973835587501526,2.3398101329803467,0.1742711067199707,-0.6216587424278259,-1.667904257774353,1.938407301902771,0.3049720525741577,2.3510684967041016,0.021720796823501587,0.025710463523864746,0.01423799991607666,-0.019149303436279297,0.045233696699142456,0.011258363723754883
1769718754.813177,goal2.png,0.520158052444458,0.16039589047431946,-0.6464906930923462,-1.6794464588165283,1.9514681100845337,0.27655038237571716,2.3410823345184326,0.1827099472284317,-0.623951256275177,-1.6656922101974487,1.9228254556655884,0.32397550344467163,2.3554985523223877,0.022314056754112244,0.02253943681716919,0.01375424861907959,-0.028642654418945312,0.04742512106895447,0.014416217803955078
1769718754.9126508,goal2.png,0.505939781665802,0.17014989256858826,-0.6477628946304321,-1.6778408288955688,1.9431378841400146,0.2951193153858185,2.348201036453247,0.18306738138198853,-0.6250512599945068,-1.665060043334961,1.908942699432373,0.3360777497291565,2.3584699630737305,0.012917488813400269,0.022711634635925293,0.01278078556060791,-0.0341951847076416,0.04095843434333801,0.010268926620483398
1769718755.0123193,goal2.png,0.5467332601547241,0.18044918775558472,-0.6503983736038208,-1.6759929656982422,1.9287794828414917,0.31549072265625,2.3533356189727783,0.17544984817504883,-0.6263198256492615,-1.6709904670715332,1.893575668334961,0.3395368754863739,2.368943214416504,-0.004999339580535889,0.024078547954559326,0.005002498626708984,-0.03520381450653076,0.0240461528301239,0.015607595443725586
1769718755.111231,goal2.png,0.5339282751083374,0.1832057386636734,-0.6520946621894836,-1.6747207641601562,1.9161779880523682,0.3292887210845947,2.35737943649292,0.16271668672561646,-0.6267460584640503,-1.6859545707702637,1.879023551940918,0.33250224590301514,2.393202304840088,-0.020489051938056946,0.02534860372543335,-0.011233806610107422,-0.037154436111450195,0.00321352481842041,0.03582286834716797
1769718755.2130327,goal2.png,0.49842244386672974,0.17863163352012634,-0.6531549692153931,-1.6768715381622314,1.9009712934494019,0.3360438346862793,2.3646798133850098,0.15234817564487457,-0.6305283904075623,-1.7014868259429932,1.86611807346344,0.33097824454307556,2.419776201248169,-0.02628345787525177,0.02262657880783081,-0.02461528778076172,-0.034853219985961914,-0.005065590143203735,0.05509638786315918
1769718755.3132215,goal2.png,0.5417207479476929,0.16706016659736633,-0.654184877872467,-1.687110185623169,1.885673999786377,0.33315086364746094,2.385869026184082,0.14663685858249664,-0.633614718914032,-1.7126083374023438,1.8507952690124512,0.338625967502594,2.433643341064453,-0.02042330801486969,0.02057015895843506,-0.025498151779174805,-0.03487873077392578,0.005475103855133057,0.047774314880371094
1769718755.4112587,goal2.png,0.5649064779281616,0.15730608999729156,-0.6560325622558594,-1.699378490447998,1.8727697134017944,0.33156055212020874,2.409451484680176,0.1545659899711609,-0.6392974257469177,-1.7152113914489746,1.8275010585784912,0.3740054965019226,2.4376747608184814,-0.0027401000261306763,0.01673513650894165,-0.015832901000976562,-0.04526865482330322,0.04244494438171387,0.028223276138305664
1769718755.5131514,goal2.png,0.5547747015953064,0.15030871331691742,-0.6591527462005615,-1.7124645709991455,1.85850191116333,0.33657389879226685,2.425278902053833,0.16540195047855377,-0.6435459852218628,-1.7141809463500977,1.8060166835784912,0.41987061500549316,2.4380109310150146,0.015093237161636353,0.01560676097869873,-0.0017163753509521484,-0.05248522758483887,0.08329671621322632,0.01273202896118164
1769718755.6122289,goal2.png,0.5752910375595093,0.1536407768726349,-0.6643629670143127,-1.7174930572509766,1.836812973022461,0.3638972342014313,2.434699773788452,0.16835026443004608,-0.6401414275169373,-1.726508378982544,1.7885242700576782,0.46369966864585876,2.4512839317321777,0.014709487557411194,0.02422153949737549,-0.009015321731567383,-0.048288702964782715,0.09980243444442749,0.016584157943725586
1769718755.7130454,goal2.png,0.5821903944015503,0.16218309104442596,-0.6698154807090759,-1.718765377998352,1.8161840438842773,0.4021559953689575,2.4370322227478027,0.1710534244775772,-0.637718141078949,-1.7402141094207764,1.7794175148010254,0.4941204786300659,2.4746346473693848,0.008870333433151245,0.03209733963012695,-0.021448731422424316,-0.03676652908325195,0.0919644832611084,0.03760242462158203
1769718755.8114574,goal2.png,0.5752591490745544,0.168180912733078,-0.6706939935684204,-1.7271864414215088,1.797282099723816,0.44348928332328796,2.446589231491089,0.17711542546749115,-0.634756326675415,-1.74721097946167,1.761746883392334,0.5130922794342041,2.487339735031128,0.008934512734413147,0.03593766689300537,-0.020024538040161133,-0.035535216331481934,0.06960299611091614,0.04075050354003906
1769718755.9114895,goal2.png,0.59201979637146,0.16978642344474792,-0.667967677116394,-1.7394546270370483,1.7860437631607056,0.47743144631385803,2.465991258621216,0.1884801685810089,-0.6341021656990051,-1.750399112701416,1.7376097440719604,0.5268341302871704,2.495931386947632,0.018693745136260986,0.033865511417388916,-0.010944485664367676,-0.04843401908874512,0.04940268397331238,0.029940128326416016
1769718756.0118515,goal2.png,0.5816845893859863,0.17420902848243713,-0.6648173928260803,-1.7474215030670166,1.768383502960205,0.5029221773147583,2.4814553260803223,0.1944667398929596,-0.6340934634208679,-1.7638723850250244,1.7158918380737305,0.503594696521759,2.515406370162964,0.02025771141052246,0.030723929405212402,-0.016450881958007812,-0.05249166488647461,0.0006725192070007324,0.0339510440826416
1769718756.1118457,goal2.png,0.5675088167190552,0.18444769084453583,-0.662787675857544,-1.7522681951522827,1.7477244138717651,0.5182650089263916,2.4919514656066895,0.19799098372459412,-0.6372044682502747,-1.7816318273544312,1.7032099962234497,0.474738210439682,2.5456268787384033,0.013543292880058289,0.025583207607269287,-0.029363632202148438,-0.04451441764831543,-0.043526798486709595,0.05367541313171387
1769718756.2136238,goal2.png,0.574917733669281,0.19438345730304718,-0.6619699001312256,-1.7646878957748413,1.725974678993225,0.5069509744644165,2.5093843936920166,0.19779226183891296,-0.6412925720214844,-1.8007259368896484,1.689864158630371,0.4474860429763794,2.577557325363159,0.0034088045358657837,0.02067732810974121,-0.03603804111480713,-0.036110520362854004,-0.05946493148803711,0.06817293167114258
1769718756.3146107,goal2.png,0.5743117928504944,0.19677653908729553,-0.663151204586029,-1.7790160179138184,1.7100716829299927,0.4845803380012512,2.5342390537261963,0.19369655847549438,-0.6435034871101379,-1.8222367763519287,1.6815897226333618,0.42271965742111206,2.608412265777588,-0.0030799806118011475,0.019647717475891113,-0.04322075843811035,-0.02848196029663086,-0.06186068058013916,0.0741732120513916
1769718756.4123297,goal2.png,0.5787072777748108,0.1964433491230011,-0.6661198139190674,-1.7961914539337158,1.6973185539245605,0.459407776594162,2.563319206237793,0.19086824357509613,-0.6457952857017517,-1.8457705974578857,1.687730073928833,0.4051916003227234,2.642155408859253,-0.005575105547904968,0.020324528217315674,-0.04957914352416992,-0.009588479995727539,-0.0542161762714386,0.07883620262145996
1769718756.5129776,goal2.png,0.5630652904510498,0.1951407492160797,-0.6698154807090759,-1.8166385889053345,1.6866861581802368,0.43441691994667053,2.5937323570251465,0.19813653826713562,-0.6482448577880859,-1.8608653545379639,1.7085270881652832,0.3928532898426056,2.6661298274993896,0.002995789051055908,0.02157062292098999,-0.044226765632629395,0.021840929985046387,-0.04156363010406494,0.07239747047424316
1769718756.611676,goal2.png,0.6175858378410339,0.19432289898395538,-0.6729960441589355,-1.8399330377578735,1.6876251697540283,0.41315191984176636,2.627962350845337,0.20882290601730347,-0.645106315612793,-1.8684346675872803,1.7296948432922363,0.37915170192718506,2.679302453994751,0.014500007033348083,0.027889728546142578,-0.02850162982940674,0.04206967353820801,-0.0340002179145813,0.05134010314941406
1769718756.7112463,goal2.png,0.6337262988090515,0.19586776196956635,-0.674601674079895,-1.8564422130584717,1.7018320560455322,0.3979756832122803,2.654649496078491,0.22509613633155823,-0.6478753089904785,-1.8635255098342896,1.7414588928222656,0.37665221095085144,2.6819028854370117,0.029228374361991882,0.026726365089416504,-0.007083296775817871,0.0396268367767334,-0.021323472261428833,0.027253389358520508
1769718756.8125103,goal2.png,0.7144697904586792,0.2039860486984253,-0.6744803786277771,-1.86689293384552,1.7202495336532593,0.38531365990638733,2.670795202255249,0.2275899350643158,-0.6513070464134216,-1.8602631092071533,1.744558334350586,0.3600235879421234,2.681544303894043,0.023603886365890503,0.02317333221435547,0.006629824638366699,0.02430880069732666,-0.025290071964263916,0.010749101638793945
1769718756.9131823,goal2.png,0.7191334962844849,0.22010132670402527,-0.6745107769966125,-1.8676501512527466,1.7349108457565308,0.37855854630470276,2.6784589290618896,0.2203463613986969,-0.6610015034675598,-1.863445520401001,1.7553209066390991,0.321898877620697,2.698164224624634,0.00024503469467163086,0.013509273529052734,0.0042046308517456055,0.02041006088256836,-0.05665966868400574,0.01970529556274414
1769718757.0123196,goal2.png,0.7037806510925293,0.22776523232460022,-0.677055299282074,-1.8664991855621338,1.7405753135681152,0.3665478229522705,2.680685520172119,0.20492301881313324,-0.6770968437194824,-1.8779873847961426,1.7897359132766724,0.263945996761322,2.7399046421051025,-0.02284221351146698,-4.1544437408447266e-05,-0.011488199234008789,0.04916059970855713,-0.10260182619094849,0.0592191219329834
1769718757.111218,goal2.png,0.6195151805877686,0.22228242456912994,-0.6824169754981995,-1.8668323755264282,1.7501780986785889,0.3364678621292114,2.69301438331604,0.19673028588294983,-0.6851152181625366,-1.8886730670928955,1.823026418685913,0.23222102224826813,2.76727557182312,-0.025552138686180115,-0.002698242664337158,-0.021840691566467285,0.07284832000732422,-0.1042468398809433,0.07426118850708008
1769718757.211676,goal2.png,0.6729960441589355,0.210195854306221,-0.6951092481613159,-1.8764045238494873,1.7765926122665405,0.29378652572631836,2.718520164489746,0.19948481023311615,-0.6846055388450623,-1.8834205865859985,1.8158224821090698,0.2617798447608948,2.761538505554199,-0.010711044073104858,0.010503709316253662,-0.0070160627365112305,0.0392298698425293,-0.032006680965423584,0.043018341064453125
1769718757.313206,goal2.png,0.6419199705123901,0.20116886496543884,-0.708467960357666,-1.8863706588745117,1.8085203170776367,0.2519381642341614,2.7526137828826904,0.21820873022079468,-0.6819942593574524,-1.8411362171173096,1.749310851097107,0.36141106486320496,2.7061660289764404,0.017039865255355835,0.026473701000213623,0.04523444175720215,-0.059209465980529785,0.10947290062904358,-0.04644775390625
1769718757.412679,goal2.png,0.6320295333862305,0.20065391063690186,-0.7103460431098938,-1.8864312171936035,1.8132154941558838,0.25778448581695557,2.7595202922821045,0.22694289684295654,-0.6793937683105469,-1.8049830198287964,1.6955671310424805,0.45609262585639954,2.660585641860962,0.026288986206054688,0.030952274799346924,0.08144819736480713,-0.11764836311340332,0.19830814003944397,-0.09893465042114258
1769718757.511213,goal2.png,0.6667846441268921,0.21201340854167938,-0.7089223265647888,-1.8624703884124756,1.7712914943695068,0.308356910943985,2.742511510848999,0.22346283495426178,-0.679513156414032,-1.781951665878296,1.6451144218444824,0.5083569288253784,2.6318416595458984,0.011449426412582397,0.029409170150756836,0.08051872253417969,-0.12617707252502441,0.20000000298023224,-0.11066985130310059
1769718757.6115184,goal2.png,0.6663469076156616,0.22373643517494202,-0.7087406516075134,-1.825181007385254,1.7176443338394165,0.36951640248298645,2.728667974472046,0.21616557240486145,-0.6644342541694641,-1.7605717182159424,1.5821869373321533,0.5635550618171692,2.590949058532715,-0.007570862770080566,0.044306397438049316,0.06460928916931152,-0.13545739650726318,0.19403865933418274,-0.13771891593933105
1769718757.7129085,goal2.png,0.631587028503418,0.22525101900100708,-0.7068625092506409,-1.7996448278427124,1.6674203872680664,0.41927093267440796,2.7080845832824707,0.204532191157341,-0.6371690034866333,-1.7383631467819214,1.511535406112671,0.5779479742050171,2.538383960723877,-0.020718827843666077,0.06969350576400757,0.061281681060791016,-0.1558849811553955,0.15867704153060913,-0.16970062255859375
1769718757.8135545,goal2.png,0.6628482937812805,0.21840497851371765,-0.7000165581703186,-1.7777436971664429,1.6115922927856445,0.4621642827987671,2.68276047706604,0.18699908256530762,-0.612587571144104,-1.7456293106079102,1.474554419517517,0.5689557194709778,2.5198349952697754,-0.031405895948410034,0.0874289870262146,0.032114386558532715,-0.13703787326812744,0.1067914366722107,-0.16292548179626465
1769718757.9115667,goal2.png,0.6226816773414612,0.2079542577266693,-0.6782971620559692,-1.756872534751892,1.5519474744796753,0.4900026023387909,2.634566068649292,0.15771956741809845,-0.5870294570922852,-1.7503904104232788,1.4380251169204712,0.5493015050888062,2.493649482727051,-0.05023469030857086,0.09126770496368408,0.006482124328613281,-0.1139223575592041,0.05929890275001526,-0.1409165859222412
1769718758.012309,goal2.png,0.6014994382858276,0.1934141218662262,-0.650640606880188,-1.7535101175308228,1.4959074258804321,0.5120096802711487,2.5869622230529785,0.13719044625759125,-0.5660614967346191,-1.746490240097046,1.4121791124343872,0.5455223321914673,2.468654155731201,-0.05622367560863495,0.08457911014556885,0.0070198774337768555,-0.08372831344604492,0.033512651920318604,-0.11830806732177734
1769718758.1114047,goal2.png,0.6173841953277588,0.17014989256858826,-0.6259527802467346,-1.7557215690612793,1.4561946392059326,0.5281553268432617,2.5320730209350586,0.13716068863868713,-0.5547202825546265,-1.7216455936431885,1.3871666193008423,0.5777814984321594,2.432157516479492,-0.03298920392990112,0.07123249769210815,0.03407597541809082,-0.06902801990509033,0.049626171588897705,-0.0999155044555664
1769718758.2116647,goal2.png,0.6786668300628662,0.14437144994735718,-0.6047180891036987,-1.7539039850234985,1.425175666809082,0.5493900179862976,2.478456497192383,0.15068356692790985,-0.5567308068275452,-1.6894134283065796,1.3688210248947144,0.6349447965621948,2.3988566398620605,0.006312116980552673,0.047987282276153564,0.06449055671691895,-0.056354641914367676,0.08555477857589722,-0.07959985733032227
1769718758.3117216,goal2.png,0.6532675623893738,0.13822221755981445,-0.5877243280410767,-1.737515926361084,1.3995790481567383,0.5702611804008484,2.446589231491089,0.16429880261421204,-0.5613893866539001,-1.6664527654647827,1.364337682723999,0.6873313188552856,2.374636173248291,0.026076585054397583,0.026334941387176514,0.07106316089630127,-0.03524136543273926,0.11707013845443726,-0.07195305824279785
1769718758.4111917,goal2.png,0.651194155216217,0.14921817183494568,-0.5833320021629333,-1.7110408544540405,1.3781322240829468,0.6108826994895935,2.416660785675049,0.17639170587062836,-0.5642351508140564,-1.6545764207839966,1.3668010234832764,0.7315882444381714,2.35941219329834,0.027173534035682678,0.019096851348876953,0.056464433670043945,-0.01133120059967041,0.12070554494857788,-0.057248592376708984
1769718758.5114846,goal2.png,0.6345868706703186,0.1627889722585678,-0.5869366526603699,-1.6860499382019043,1.369408130645752,0.6606674790382385,2.391230821609497,0.17214548587799072,-0.5536816716194153,-1.661761999130249,1.365341067314148,0.7619738578796387,2.35954213142395,0.009356513619422913,0.03325498104095459,0.024287939071655273,-0.004067063331604004,0.10130637884140015,-0.031688690185546875
1769718758.6120796,goal2.png,0.6565800309181213,0.17051343619823456,-0.5892994999885559,-1.671964168548584,1.3683782815933228,0.7088468670845032,2.370556354522705,0.15392126142978668,-0.5333167314529419,-1.6749516725540161,1.3560713529586792,0.7618107795715332,2.3564624786376953,-0.016592174768447876,0.055982768535614014,-0.002987504005432129,-0.012306928634643555,0.05296391248703003,-0.014093875885009766
1769718758.7118382,goal2.png,0.7463909387588501,0.171301007270813,-0.5848162770271301,-1.6707526445388794,1.3669848442077637,0.7460907697677612,2.361877918243408,0.1194712221622467,-0.503598153591156,-1.7305083274841309,1.3703711032867432,0.7101610898971558,2.4005892276763916,-0.051829785108566284,0.08121812343597412,-0.059755682945251465,0.003386259078979492,-0.03592967987060547,0.0387113094329834
1769718758.8111105,goal2.png,0.8154304027557373,0.16085028648376465,-0.5697914958000183,-1.6801127195358276,1.3601691722869873,0.754451334476471,2.3595757484436035,0.0692739263176918,-0.4804232716560364,-1.810004711151123,1.397053837776184,0.6081411838531494,2.4864163398742676,-0.09157636016607285,0.08936822414398193,-0.1298919916152954,0.03688466548919678,-0.14631015062332153,0.12684059143066406
1769718758.911944,goal2.png,0.7810403108596802,0.13158822059631348,-0.5433465242385864,-1.7175233364105225,1.3677119016647339,0.7230537533760071,2.388852834701538,0.049440935254096985,-0.46990031003952026,-1.8753976821899414,1.4178552627563477,0.566059947013855,2.5655813217163086,-0.08214728534221649,0.07344621419906616,-0.15787434577941895,0.05014336109161377,-0.1569938063621521,0.1767284870147705
1769718759.0175414,goal2.png,0.6701937913894653,0.08733171224594116,-0.5170531272888184,-1.760053277015686,1.387098789215088,0.6827502846717834,2.4179482460021973,0.05596990883350372,-0.4695795774459839,-1.8863961696624756,1.422050952911377,0.5914338231086731,2.5762760639190674,-0.03136180341243744,0.04747354984283447,-0.12634289264678955,0.03495216369628906,-0.09131646156311035,0.15832781791687012
1769718759.1142256,goal2.png,0.6069430112838745,0.058281704783439636,-0.5016344785690308,-1.801189661026001,1.407515525817871,0.6573202013969421,2.463522434234619,0.06457880139350891,-0.47063302993774414,-1.8384441137313843,1.4033474922180176,0.6095473766326904,2.5091795921325684,0.006297096610069275,0.03100144863128662,-0.0372544527053833,-0.004168033599853516,-0.04777282476425171,0.04565715789794922
1769718759.215951,goal2.png,0.6007617712020874,0.056433942168951035,-0.4954550564289093,-1.8461127281188965,1.4175422191619873,0.6363582015037537,2.5164122581481934,0.0697973221540451,-0.4737926125526428,-1.7988982200622559,1.4030860662460327,0.5824155807495117,2.4545416831970215,0.01336337998509407,0.02166244387626648,0.047214508056640625,-0.01445615291595459,-0.05394262075424194,-0.061870574951171875
1769718759.3118525,goal2.png,0.6293497085571289,0.06488540768623352,-0.4960305690765381,-1.8597137928009033,1.408969521522522,0.6032642126083374,2.5271811485290527,0.06643320620059967,-0.48351702094078064,-1.7980232238769531,1.4366428852081299,0.5128605961799622,2.457122802734375,0.00154779851436615,0.012513548135757446,0.061690568923950195,0.02767336368560791,-0.09040361642837524,-0.07005834579467773
1769718759.4116352,goal2.png,0.583327054977417,0.06849008798599243,-0.49669694900512695,-1.8215458393096924,1.4060009717941284,0.5860886573791504,2.47756290435791,0.061399463564157486,-0.48771926760673523,-1.8066959381103516,1.4642277956008911,0.4776788651943207,2.4766783714294434,-0.007090624421834946,0.008977681398391724,0.01484990119934082,0.058226823806762695,-0.10840979218482971,-0.0008845329284667969
1769718759.5113847,goal2.png,0.622414767742157,0.0654912143945694,-0.500241219997406,-1.8116706609725952,1.4275383949279785,0.5344863533973694,2.463522434234619,0.06906064599752426,-0.48815542459487915,-1.8037794828414917,1.4723033905029297,0.4830266237258911,2.484722852706909,0.0035694316029548645,0.012085795402526855,0.007891178131103516,0.04476499557495117,-0.05145972967147827,0.02120041847229004
1769718759.6112576,goal2.png,0.6004456281661987,0.06397663056850433,-0.5094195008277893,-1.8124886751174927,1.4528322219848633,0.4959549903869629,2.472973585128784,0.06353271752595901,-0.47978511452674866,-1.8033936023712158,1.4711792469024658,0.4816731810569763,2.4798717498779297,-0.0004439130425453186,0.02963438630104065,0.009095072746276855,0.01834702491760254,-0.014281809329986572,0.006898164749145508
1769718759.712046,goal2.png,0.6633133292198181,0.06782372295856476,-0.5137512683868408,-1.8125189542770386,1.4655245542526245,0.48715513944625854,2.4815311431884766,0.05084064230322838,-0.4826030731201172,-1.8245337009429932,1.4886385202407837,0.4639235734939575,2.516578435897827,-0.01698308065533638,0.031148195266723633,-0.01201474666595459,0.02311396598815918,-0.023231565952301025,0.035047292709350586
1769718759.8112113,goal2.png,0.639582633972168,0.06576383113861084,-0.5069053173065186,-1.8113980293273926,1.468826413154602,0.48388364911079407,2.4808948040008545,0.029189404100179672,-0.49053096771240234,-1.8515734672546387,1.5084943771362305,0.4219590425491333,2.5724518299102783,-0.03657442703843117,0.01637434959411621,-0.040175437927246094,0.03966796398162842,-0.06192460656166077,0.09155702590942383
1769718759.9113257,goal2.png,0.6746107339859009,0.05455582216382027,-0.5052695870399475,-1.8252112865447998,1.4831242561340332,0.4691314697265625,2.5067944526672363,0.007725592702627182,-0.4963621497154236,-1.8758292198181152,1.5200787782669067,0.4004499912261963,2.6188530921936035,-0.046830229461193085,0.008907437324523926,-0.05061793327331543,0.036954522132873535,-0.06868147850036621,0.11205863952636719
1769718760.0120797,goal2.png,0.6694341897964478,0.03628979250788689,-0.5117823481559753,-1.8472636938095093,1.5007238388061523,0.44042980670928955,2.548976182937622,-0.009525660425424576,-0.5009839534759521,-1.8961830139160156,1.5273126363754272,0.37322577834129333,2.654083728790283,-0.04581545293331146,0.010798394680023193,-0.04891932010650635,0.026588797569274902,-0.06720402836799622,0.10510754585266113
1769718760.1110842,goal2.png,0.6721975803375244,0.016448546200990677,-0.5174469947814941,-1.8708914518356323,1.5134767293930054,0.4154844284057617,2.5939748287200928,-0.018441006541252136,-0.5115438103675842,-1.9081262350082397,1.5540149211883545,0.3233793377876282,2.6755471229553223,-0.03488955274224281,0.005903184413909912,-0.03723478317260742,0.04053819179534912,-0.09210509061813354,0.08157229423522949
1769718760.2114613,goal2.png,0.6614306569099426,-0.002574770012870431,-0.5216575860977173,-1.891187071800232,1.5231095552444458,0.3837384879589081,2.637686014175415,-0.012811651453375816,-0.5341991186141968,-1.9073522090911865,1.6040863990783691,0.2638947069644928,2.6861894130706787,-0.010236881673336029,-0.012541532516479492,-0.01616513729095459,0.08097684383392334,-0.11984378099441528,0.04850339889526367
1769718760.3126526,goal2.png,0.6153548955917358,-0.012662023305892944,-0.5309572219848633,-1.9064239263534546,1.5454952716827393,0.34096622467041016,2.6637067794799805,0.016100425273180008,-0.5512551665306091,-1.8908977508544922,1.661505937576294,0.22959254682064056,2.665233612060547,0.028762448579072952,-0.02029794454574585,0.015526175498962402,0.11601066589355469,-0.11137367784976959,0.0015268325805664062
1769718760.4110918,goal2.png,0.5542775988578796,-0.01241968758404255,-0.5490414500236511,-1.9100589752197266,1.5856927633285522,0.2875766456127167,2.6806249618530273,0.05338050425052643,-0.557966947555542,-1.869581937789917,1.7184432744979858,0.22922518849372864,2.6315746307373047,0.06580018997192383,-0.00892549753189087,0.04047703742980957,0.1327505111694336,-0.05835145711898804,-0.049050331115722656
1769718760.511582,goal2.png,0.5522294044494629,0.008239414542913437,-0.5686100125312805,-1.9016680717468262,1.6393094062805176,0.24734899401664734,2.6683263778686523,0.09051094949245453,-0.5576030015945435,-1.83697509765625,1.7762324810028076,0.2520241141319275,2.5821008682250977,0.0822715312242508,0.01100701093673706,0.06469297409057617,0.13692307472229004,0.004675120115280151,-0.08622550964355469
1769718760.612401,goal2.png,0.5252085328102112,0.041681744158267975,-0.5788791179656982,-1.8833718299865723,1.6939561367034912,0.23495955765247345,2.6426689624786377,0.11849750578403473,-0.5545221567153931,-1.8071165084838867,1.8142096996307373,0.2849664092063904,2.5430173873901367,0.07681576162576675,0.024356961250305176,0.07625532150268555,0.1202535629272461,0.05000685155391693,-0.09965157508850098
1769718760.711355,goal2.png,0.5568618774414062,0.0779109001159668,-0.581635594367981,-1.8568662405014038,1.7489360570907593,0.24689456820487976,2.601229667663574,0.1312597692012787,-0.5536924600601196,-1.7900347709655762,1.829838752746582,0.3249209523200989,2.52018404006958,0.05334886908531189,0.027943134307861328,0.06683146953582764,0.08090269565582275,0.07802638411521912,-0.08104562759399414
1769718760.8111978,goal2.png,0.6056604385375977,0.1083846390247345,-0.5806965231895447,-1.827059030532837,1.794888973236084,0.2752326726913452,2.5603506565093994,0.12475845962762833,-0.5523804426193237,-1.791994333267212,1.829782247543335,0.3603900074958801,2.522150993347168,0.01637382060289383,0.028316080570220947,0.035064697265625,0.03489327430725098,0.08515733480453491,-0.038199663162231445
1769718760.911365,goal2.png,0.579608678817749,0.12404553592205048,-0.5800907015800476,-1.807157278060913,1.8186982870101929,0.3100835680961609,2.5330729484558105,0.11726271361112595,-0.5578979253768921,-1.8054555654525757,1.82100248336792,0.4124504327774048,2.5512216091156006,-0.00678282231092453,0.022192776203155518,0.0017017126083374023,0.0023041963577270508,0.1023668646812439,0.01814866065979004
1769718761.01221,goal2.png,0.5851833820343018,0.1257116049528122,-0.5793030858039856,-1.8023408651351929,1.8253324031829834,0.3461461663246155,2.5262722969055176,0.11849110573530197,-0.5651800632476807,-1.8117331266403198,1.8046969175338745,0.46753251552581787,2.5771937370300293,-0.007220499217510223,0.014123022556304932,-0.009392261505126953,-0.020635485649108887,0.12138634920120239,0.05092144012451172
1769718761.1120217,goal2.png,0.6127959489822388,0.11938059329986572,-0.5811811685562134,-1.8082174062728882,1.8221516609191895,0.3948555886745453,2.545083522796631,0.11669866740703583,-0.5679845809936523,-1.8129867315292358,1.7777812480926514,0.5041161179542542,2.590841770172119,-0.002681925892829895,0.013196587562561035,-0.004769325256347656,-0.044370412826538086,0.10926052927970886,0.04575824737548828
1769718761.2114203,goal2.png,0.6412185430526733,0.11804778128862381,-0.5871487855911255,-1.8140637874603271,1.8102167844772339,0.4435347616672516,2.5656216144561768,0.12214087694883347,-0.5679451823234558,-1.810387372970581,1.7319469451904297,0.5284138917922974,2.59311580657959,0.004093095660209656,0.019203603267669678,0.0036764144897460938,-0.0782698392868042,0.08487913012504578,0.027494192123413086
1769718761.3117435,goal2.png,0.7014001607894897,0.11835068464279175,-0.5919045209884644,-1.8170020580291748,1.7869826555252075,0.48629188537597656,2.584235906600952,0.13863037526607513,-0.563666820526123,-1.789690613746643,1.662111759185791,0.5554211139678955,2.5556721687316895,0.020279690623283386,0.02823770046234131,0.02731144428253174,-0.1248708963394165,0.06912922859191895,-0.028563737869262695
1769718761.4111545,goal2.png,0.6106709241867065,0.12219776958227158,-0.5924195051193237,-1.8160024881362915,1.7469066381454468,0.5170078873634338,2.589627981185913,0.1573580652475357,-0.5603854060173035,-1.7622127532958984,1.587813138961792,0.5859595537185669,2.4930081367492676,0.03516029566526413,0.032034099102020264,0.053789734840393066,-0.15909349918365479,0.06895166635513306,-0.09661984443664551
1769718761.5117965,goal2.png,0.6352766156196594,0.13337549567222595,-0.5913289785385132,-1.8026739358901978,1.6920175552368164,0.5429983735084534,2.565333604812622,0.1601536124944687,-0.5569231510162354,-1.7501299381256104,1.5347951650619507,0.6081756949424744,2.4496376514434814,0.026778116822242737,0.03440582752227783,0.0525439977645874,-0.15722239017486572,0.065177321434021,-0.11569595336914062
1769718761.6111944,goal2.png,0.6090366840362549,0.15124769508838654,-0.5883907079696655,-1.7798035144805908,1.6318576335906982,0.5703065991401672,2.5164272785186768,0.14271099865436554,-0.5479525923728943,-1.7455499172210693,1.4850960969924927,0.6171591281890869,2.4274613857269287,-0.008536696434020996,0.04043811559677124,0.034253597259521484,-0.14676153659820557,0.04685252904891968,-0.08896589279174805
1769718761.711098,goal2.png,0.609009325504303,0.16030505299568176,-0.5841194987297058,-1.7659602165222168,1.5757569074630737,0.5956761240959167,2.471428632736206,0.13319990038871765,-0.5437781810760498,-1.7394061088562012,1.4512062072753906,0.6280736923217773,2.427853584289551,-0.02710515260696411,0.040341317653656006,0.026554107666015625,-0.1245507001876831,0.032397568225860596,-0.04357504844665527
1769718761.8117788,goal2.png,0.6006524562835693,0.14855173230171204,-0.5787275433540344,-1.757841944694519,1.5196563005447388,0.6111097931861877,2.4409096240997314,0.13017907738685608,-0.5450103282928467,-1.727564811706543,1.415312647819519,0.6469720602035522,2.4322872161865234,-0.018372654914855957,0.033717215061187744,0.030277132987976074,-0.10434365272521973,0.0358622670173645,-0.008622407913208008
1769718761.911151,goal2.png,0.6501546502113342,0.13458718359470367,-0.5736385583877563,-1.7507232427597046,1.468977928161621,0.6221815347671509,2.4315645694732666,0.1287253350019455,-0.5447348952293396,-1.715078592300415,1.387336254119873,0.6665031909942627,2.42726731300354,-0.005861848592758179,0.028903663158416748,0.03564465045928955,-0.08164167404174805,0.044321656227111816,-0.0042972564697265625
1769718762.011291,goal2.png,0.7186790108680725,0.13210324943065643,-0.5713968873023987,-1.7408480644226074,1.4311432838439941,0.6400386095046997,2.431973457336426,0.1277070939540863,-0.5419304966926575,-1.7166962623596191,1.3764935731887817,0.6834005117416382,2.4295265674591064,-0.004396155476570129,0.02946639060974121,0.02415180206298828,-0.0546497106552124,0.04336190223693848,-0.002446889877319336
1769718762.1117578,goal2.png,0.7226465344429016,0.13346634805202484,-0.5718513131141663,-1.7303367853164673,1.4014267921447754,0.6578503251075745,2.4289140701293945,0.1287313848733902,-0.5399390459060669,-1.727065086364746,1.3786104917526245,0.7079147696495056,2.4362573623657227,-0.0047349631786346436,0.031912267208099365,0.0032716989517211914,-0.02281630039215088,0.05006444454193115,0.007343292236328125
1769718762.2112856,goal2.png,0.6831589937210083,0.12907402217388153,-0.5700034499168396,-1.7274589538574219,1.3838574886322021,0.6767979860305786,2.4296863079071045,0.12607470154762268,-0.5377318263053894,-1.737473487854004,1.3783845901489258,0.7306923270225525,2.444244384765625,-0.00299932062625885,0.032271623611450195,-0.010014533996582031,-0.005472898483276367,0.05389434099197388,0.014558076858520508
1769718762.3128412,goal2.png,0.7623882293701172,0.12674151360988617,-0.5676406621932983,-1.7320634126663208,1.380464792251587,0.698593020439148,2.434457302093506,0.12745440006256104,-0.5356923937797546,-1.7463011741638184,1.3833802938461304,0.736247181892395,2.4478819370269775,0.0007128864526748657,0.0319482684135437,-0.014237761497497559,0.002915501594543457,0.03765416145324707,0.01342463493347168
1769718762.4115245,goal2.png,0.7668922543525696,0.1282561719417572,-0.5665199160575867,-1.7405754327774048,1.3791319131851196,0.720645546913147,2.442060708999634,0.12642057240009308,-0.5327618718147278,-1.7678760290145874,1.4018901586532593,0.7220858931541443,2.4671928882598877,-0.0018355995416641235,0.03375804424285889,-0.027300596237182617,0.02275824546813965,0.0014403462409973145,0.025132179260253906
1769718762.5113752,goal2.png,0.7783796787261963,0.12955869734287262,-0.5643389821052551,-1.7482695579528809,1.3816765546798706,0.729551374912262,2.4468164443969727,0.11972694098949432,-0.5334963798522949,-1.8029708862304688,1.424497365951538,0.6926628947257996,2.5109810829162598,-0.009831756353378296,0.030842602252960205,-0.05470132827758789,0.04282081127166748,-0.0368884801864624,0.06416463851928711
1769718762.6114786,goal2.png,0.7745733261108398,0.12643860280513763,-0.5609765648841858,-1.7673536539077759,1.3967316150665283,0.7235838174819946,2.4616594314575195,0.11590003967285156,-0.5361747741699219,-1.8361685276031494,1.4525268077850342,0.6624370813369751,2.5577449798583984,-0.010538563132286072,0.024801790714263916,-0.06881487369537354,0.05579519271850586,-0.06114673614501953,0.0960855484008789
1769718762.71156,goal2.png,0.8041414022445679,0.12171310186386108,-0.5603403449058533,-1.796433925628662,1.4159971475601196,0.7016979455947876,2.4968738555908203,0.1195322573184967,-0.5364146828651428,-1.8561574220657349,1.4723302125930786,0.6463760137557983,2.5892367362976074,-0.00218084454536438,0.02392566204071045,-0.059723496437072754,0.056333065032958984,-0.05532193183898926,0.09236288070678711
1769718762.811719,goal2.png,0.8295257687568665,0.11895648390054703,-0.5620064735412598,-1.829058289527893,1.4423816204071045,0.672723650932312,2.5419938564300537,0.12861275672912598,-0.5309222936630249,-1.8560264110565186,1.4760472774505615,0.6476086974143982,2.589832305908203,0.009656272828578949,0.031084179878234863,-0.02696812152862549,0.03366565704345703,-0.02511495351791382,0.047838449478149414
1769718762.9123225,goal2.png,0.8477327823638916,0.11953207850456238,-0.5624911189079285,-1.8507169485092163,1.462374210357666,0.6540184020996094,2.574481964111328,0.136199951171875,-0.528602123260498,-1.8409854173660278,1.4683085680007935,0.6382061839103699,2.5713858604431152,0.016667872667312622,0.03388899564743042,0.009731531143188477,0.005934357643127441,-0.015812218189239502,-0.0030961036682128906
1769718763.0109866,goal2.png,0.8504120111465454,0.1256510317325592,-0.5600980520248413,-1.8566542863845825,1.4713102579116821,0.6498228907585144,2.583493709564209,0.14183051884174347,-0.535550594329834,-1.8299849033355713,1.4698235988616943,0.6181325912475586,2.5633225440979004,0.016179487109184265,0.024547457695007324,0.02666938304901123,-0.001486659049987793,-0.03169029951095581,-0.020171165466308594
1769718763.1112566,goal2.png,0.8439856767654419,0.13467802107334137,-0.5561298131942749,-1.850504994392395,1.4693412780761719,0.6418561935424805,2.575314998626709,0.14713835716247559,-0.5487986207008362,-1.8256970643997192,1.472357988357544,0.6072688102722168,2.5722808837890625,0.012460336089134216,0.007331192493438721,0.02480792999267578,0.0030167102813720703,-0.03458738327026367,-0.0030341148376464844
1769718763.2112124,goal2.png,0.8251497745513916,0.14094847440719604,-0.5583410859107971,-1.8419625759124756,1.4694929122924805,0.6251501441001892,2.5676662921905518,0.1546100229024887,-0.5574631690979004,-1.818307638168335,1.464159369468689,0.615147054195404,2.570964813232422,0.013661548495292664,0.0008779168128967285,0.023654937744140625,-0.005333542823791504,-0.010003089904785156,0.003298521041870117
1769718763.3115022,goal2.png,0.8304014801979065,0.14494697749614716,-0.5693673491477966,-1.835268259048462,1.4709771871566772,0.6132605671882629,2.570559024810791,0.15973235666751862,-0.5628695487976074,-1.806882619857788,1.4467898607254028,0.6300939321517944,2.558990955352783,0.01478537917137146,0.006497800350189209,0.028385639190673828,-0.024187326431274414,0.016833364963531494,-0.011568069458007812
1769718763.411525,goal2.png,0.84748375415802,0.15164151787757874,-0.5797877311706543,-1.8288159370422363,1.4659183025360107,0.6145025491714478,2.5700745582580566,0.16321934759616852,-0.5700520277023315,-1.7921562194824219,1.4293591976165771,0.63661128282547,2.539951801300049,0.011577829718589783,0.009735703468322754,0.03665971755981445,-0.036559104919433594,0.022108733654022217,-0.030122756958007812
1769718763.51189,goal2.png,0.8424445390701294,0.15909336507320404,-0.5847557187080383,-1.8190921545028687,1.452650547027588,0.6261952519416809,2.5605628490448,0.16219167411327362,-0.5728533267974854,-1.7844079732894897,1.4202330112457275,0.6286758780479431,2.5272955894470215,0.00309830904006958,0.011902391910552979,0.034684181213378906,-0.03241753578186035,0.002480626106262207,-0.03326725959777832
1769718763.6112733,goal2.png,0.8451250791549683,0.1627889722585678,-0.5908140540122986,-1.805460810661316,1.4365957975387573,0.6326020359992981,2.546764850616455,0.15136229991912842,-0.5737725496292114,-1.7951098680496216,1.4254872798919678,0.6043856739997864,2.54178524017334,-0.011426672339439392,0.017041504383087158,0.010350942611694336,-0.01110851764678955,-0.02821636199951172,-0.004979610443115234
1769718763.711652,goal2.png,0.8285251259803772,0.16178934276103973,-0.5963271260261536,-1.7972214221954346,1.4262357950210571,0.6294516324996948,2.5343451499938965,0.13939611613750458,-0.5717517137527466,-1.8096857070922852,1.4290270805358887,0.5772377848625183,2.563720703125,-0.022393226623535156,0.024575412273406982,-0.012464284896850586,0.002791285514831543,-0.052213847637176514,0.029375553131103516
1769718763.8113313,goal2.png,0.835893452167511,0.15503422915935516,-0.5973572134971619,-1.80025053024292,1.4261146783828735,0.6116248369216919,2.5402066707611084,0.13184987008571625,-0.5709431767463684,-1.8262778520584106,1.439713478088379,0.5544577240943909,2.5842957496643066,-0.023184359073638916,0.026414036750793457,-0.026027321815490723,0.013598799705505371,-0.057167112827301025,0.04408907890319824
1769718763.912442,goal2.png,0.840039849281311,0.14446230232715607,-0.5971450805664062,-1.8107013702392578,1.4281744956970215,0.5859372615814209,2.558260440826416,0.13720592856407166,-0.5723493099212646,-1.8318405151367188,1.4510947465896606,0.5502361059188843,2.5884547233581543,-0.007256373763084412,0.0247957706451416,-0.021139144897460938,0.02292025089263916,-0.03570115566253662,0.03019428253173828
1769718764.011292,goal2.png,0.83367919921875,0.13552623987197876,-0.597205638885498,-1.8250293731689453,1.435868740081787,0.5649146437644958,2.576193332672119,0.14106568694114685,-0.5790340900421143,-1.8284893035888672,1.4534106254577637,0.5550746917724609,2.5875632762908936,0.005539447069168091,0.01817154884338379,-0.003459930419921875,0.017541885375976562,-0.009839951992034912,0.011369943618774414
1769718764.1122494,goal2.png,0.8348891735076904,0.13616232573986053,-0.5970239043235779,-1.8316633701324463,1.4465315341949463,0.555024266242981,2.5853567123413086,0.1445215344429016,-0.5888745784759521,-1.8226795196533203,1.4510678052902222,0.5725816488265991,2.5860366821289062,0.008359208703041077,0.008149325847625732,0.008983850479125977,0.004536271095275879,0.017557382583618164,0.0006799697875976562
1769718764.2111478,goal2.png,0.8156422972679138,0.1416149139404297,-0.6001742482185364,-1.832541823387146,1.4515297412872314,0.5551454424858093,2.586477518081665,0.13737568259239197,-0.5938948392868042,-1.8194196224212646,1.44089674949646,0.5845280289649963,2.584784746170044,-0.00423923134803772,0.006279408931732178,0.013122200965881348,-0.010632991790771484,0.02938258647918701,-0.0016927719116210938
1769718764.3115396,goal2.png,0.8259062767028809,0.1438564956188202,-0.6068688035011292,-1.8300882577896118,1.4512571096420288,0.5666412711143494,2.5860989093780518,0.11793572455644608,-0.5973467826843262,-1.8302991390228271,1.4429610967636108,0.5571458339691162,2.599226951599121,-0.025920771062374115,0.009522020816802979,-0.00021088123321533203,-0.008296012878417969,-0.009495437145233154,0.013128042221069336
1769718764.411492,goal2.png,0.8229666948318481,0.13837362825870514,-0.6152293086051941,-1.8277859687805176,1.44504714012146,0.5775009393692017,2.5860836505889893,0.0873940959572792,-0.6083282232284546,-1.8591804504394531,1.4654300212860107,0.4956629276275635,2.645322561264038,-0.050979532301425934,0.006901085376739502,-0.03139448165893555,0.02038288116455078,-0.08183801174163818,0.05923891067504883
1769718764.5115674,goal2.png,0.7933183908462524,0.1234094500541687,-0.622287392616272,-1.8333295583724976,1.444714069366455,0.562415599822998,2.596928119659424,0.05817572772502899,-0.6211585998535156,-1.886453628540039,1.4935622215270996,0.4350253939628601,2.690816879272461,-0.06523372232913971,0.0011287927627563477,-0.053124070167541504,0.04884815216064453,-0.12739020586013794,0.09388875961303711
1769718764.6118565,goal2.png,0.6941759586334229,0.09805504977703094,-0.6286789774894714,-1.854624629020691,1.4590723514556885,0.5210518836975098,2.6252360343933105,0.03934883698821068,-0.6248735785484314,-1.8991738557815552,1.5133757591247559,0.3964492082595825,2.704164505004883,-0.05870621278882027,0.003805398941040039,-0.04454922676086426,0.05430340766906738,-0.12460267543792725,0.07892847061157227
1769718764.7114496,goal2.png,0.7127628326416016,0.06876277923583984,-0.6395841836929321,-1.8800699710845947,1.4830636978149414,0.4784008264541626,2.65371036529541,0.036697350442409515,-0.6226959228515625,-1.8933565616607666,1.530405879020691,0.35915884375572205,2.6870148181915283,-0.03206542879343033,0.01688826084136963,-0.013286590576171875,0.04734218120574951,-0.11924198269844055,0.033304452896118164
1769718764.8112164,goal2.png,0.7307645082473755,0.046376973390579224,-0.6490957736968994,-1.8954583406448364,1.5052070617675781,0.42894917726516724,2.6793222427368164,0.06223725527524948,-0.6214845180511475,-1.872875452041626,1.5640506744384766,0.33580106496810913,2.657545566558838,0.015860281884670258,0.027611255645751953,0.02258288860321045,0.05884361267089844,-0.0931481122970581,-0.021776676177978516
1769718764.9114087,goal2.png,0.7013422250747681,0.04134856164455414,-0.6491866111755371,-1.8963669538497925,1.522412896156311,0.3756202161312103,2.6886672973632812,0.10031651705503464,-0.6216293573379517,-1.8556318283081055,1.613731861114502,0.30601730942726135,2.643308639526367,0.0589679554104805,0.02755725383758545,0.04073512554168701,0.09131896495819092,-0.06960290670394897,-0.04535865783691406
1769718765.0113542,goal2.png,0.6459945440292358,0.060341596603393555,-0.6477932929992676,-1.882644772529602,1.5552796125411987,0.3442226052284241,2.664388418197632,0.1302194595336914,-0.6164978742599487,-1.8507046699523926,1.6680392026901245,0.27199095487594604,2.6386208534240723,0.06987786293029785,0.03129541873931885,0.03194010257720947,0.11275959014892578,-0.07223165035247803,-0.02576756477355957
1769718765.1116414,goal2.png,0.6368554830551147,0.09190580248832703,-0.6479750275611877,-1.8694071769714355,1.5989606380462646,0.3142184317111969,2.6501057147979736,0.1512758880853653,-0.6127127408981323,-1.8572111129760742,1.7275810241699219,0.24770565330982208,2.643878936767578,0.05937008559703827,0.03526228666305542,0.012196063995361328,0.12862038612365723,-0.06651277840137482,-0.006226778030395508
1769718765.2116435,goal2.png,0.5580050945281982,0.125257208943367,-0.6450669765472412,-1.8611980676651,1.6513959169387817,0.2816999852657318,2.642547845840454,0.17464184761047363,-0.6140554547309875,-1.8570013046264648,1.78261399269104,0.24935674667358398,2.639587640762329,0.04938463866710663,0.031011521816253662,0.004196763038635254,0.1312180757522583,-0.03234323859214783,-0.002960205078125
1769718765.3126526,goal2.png,0.5851068496704102,0.14676453173160553,-0.6400991082191467,-1.8621370792388916,1.7069514989852905,0.25851157307624817,2.64304780960083,0.2021988183259964,-0.6250087022781372,-1.8454561233520508,1.8265594244003296,0.2650052309036255,2.632716178894043,0.05543428659439087,0.015090405941009521,0.01668095588684082,0.11960792541503906,0.006493657827377319,-0.01033163070678711
1769718765.41176,goal2.png,0.5741150379180908,0.16842325031757355,-0.6397961378097534,-1.8615009784698486,1.7641122341156006,0.2535436153411865,2.6406548023223877,0.22821661829948425,-0.6359876990318298,-1.8322025537490845,1.8770067691802979,0.2726452648639679,2.6329948902130127,0.059793367981910706,0.003808438777923584,0.02929842472076416,0.11289453506469727,0.019101649522781372,-0.007659912109375
1769718765.5115201,goal2.png,0.5835478901863098,0.1959889680147171,-0.6471267938613892,-1.8542612791061401,1.8100652694702148,0.2617679238319397,2.635065793991089,0.25678756833076477,-0.6421383619308472,-1.8187892436981201,1.9255084991455078,0.2797749638557434,2.640174388885498,0.06079860031604767,0.004988431930541992,0.03547203540802002,0.11544322967529297,0.01800704002380371,0.00510859489440918
1769718765.611655,goal2.png,0.5844682455062866,0.2242816835641861,-0.657880425453186,-1.8429017066955566,1.8586535453796387,0.2687956690788269,2.63476300239563,0.28307685256004333,-0.6419984698295593,-1.8046451807022095,1.9636213779449463,0.2853090763092041,2.6440377235412598,0.05879516899585724,0.01588195562362671,0.03825652599334717,0.10496783256530762,0.016513407230377197,0.009274721145629883
1769718765.7117534,goal2.png,0.5882765054702759,0.2526954412460327,-0.6662106513977051,-1.8283917903900146,1.9112402200698853,0.27692902088165283,2.640291213989258,0.3036297857761383,-0.6391476988792419,-1.7952781915664673,1.9878381490707397,0.29807642102241516,2.6486494541168213,0.05093434453010559,0.027062952518463135,0.03311359882354736,0.07659792900085449,0.02114740014076233,0.008358240127563477
1769718765.8113132,goal2.png,0.6140235662460327,0.27608081698417664,-0.6686340570449829,-1.8166991472244263,1.949983835220337,0.28288137912750244,2.643850564956665,0.31185317039489746,-0.634080171585083,-1.7917885780334473,1.9921975135803223,0.3309784531593323,2.651172637939453,0.035772353410720825,0.0345538854598999,0.024910569190979004,0.04221367835998535,0.048097074031829834,0.007322072982788086
1769718765.9118996,goal2.png,0.6521704196929932,0.297466903924942,-0.6679373979568481,-1.806036353111267,1.9762166738510132,0.297239750623703,2.647909641265869,0.30911985039711,-0.6230579018592834,-1.7929599285125732,1.970360279083252,0.38430923223495483,2.6470727920532227,0.011652946472167969,0.0448794960975647,0.013076424598693848,-0.0058563947677612305,0.08706948161125183,-0.0008368492126464844
1769718766.0113158,goal2.png,0.6293131709098816,0.3094625771045685,-0.6629695296287537,-1.8009777069091797,1.9838804006576538,0.33169686794281006,2.6498332023620605,0.2977360188961029,-0.6109040975570679,-1.7972203493118286,1.9237329959869385,0.45579373836517334,2.6366095542907715,-0.011726558208465576,0.05206543207168579,0.0037573575973510742,-0.06014740467071533,0.12409687042236328,-0.013223648071289062
1769718766.1114733,goal2.png,0.6038392782211304,0.3077055811882019,-0.653791069984436,-1.80025053024292,1.9712789058685303,0.3734543025493622,2.646970510482788,0.27957767248153687,-0.5930334329605103,-1.8079228401184082,1.8703675270080566,0.5097529888153076,2.6258347034454346,-0.02812790870666504,0.06075763702392578,-0.007672309875488281,-0.10091137886047363,0.13629868626594543,-0.021135807037353516
1769718766.2117662,goal2.png,0.5861930847167969,0.2983454167842865,-0.642310380935669,-1.8024922609329224,1.9352619647979736,0.436158686876297,2.639155149459839,0.26797765493392944,-0.5802435874938965,-1.818033218383789,1.828521490097046,0.5433638095855713,2.6238465309143066,-0.030367761850357056,0.06206679344177246,-0.0155409574508667,-0.10674047470092773,0.10720512270927429,-0.015308618545532227
1769718766.3119636,goal2.png,0.5719352960586548,0.2835630178451538,-0.6256800889968872,-1.811004400253296,1.8839775323867798,0.4944252669811249,2.62984037399292,0.27057012915611267,-0.5783872604370117,-1.8213508129119873,1.7994433641433716,0.5649034976959229,2.629131317138672,-0.012992888689041138,0.04729282855987549,-0.010346412658691406,-0.0845341682434082,0.07047823071479797,-0.0007090568542480469
1769718766.4123518,goal2.png,0.5878196358680725,0.2735363245010376,-0.611503541469574,-1.819637417793274,1.8406298160552979,0.5316540598869324,2.6265387535095215,0.29194319248199463,-0.5875996351242065,-1.8020496368408203,1.776110053062439,0.6020959615707397,2.6212215423583984,0.01840686798095703,0.02390390634536743,0.017587780952453613,-0.06451976299285889,0.07044190168380737,-0.005317211151123047
1769718766.5113623,goal2.png,0.5900323390960693,0.2726275324821472,-0.6061418652534485,-1.8228484392166138,1.8109134435653687,0.5579928755760193,2.627189874649048,0.3144625127315521,-0.5961108803749084,-1.773136854171753,1.755477786064148,0.6556586027145386,2.5962107181549072,0.04183498024940491,0.010030984878540039,0.04971158504486084,-0.0554356575012207,0.09766572713851929,-0.030979156494140625
1769718766.6113198,goal2.png,0.5700007081031799,0.2884097099304199,-0.6088982820510864,-1.8110649585723877,1.7854983806610107,0.5920713543891907,2.6229491233825684,0.3305923342704773,-0.6043381094932556,-1.7484997510910034,1.7409303188323975,0.7094395160675049,2.5713329315185547,0.04218262434005737,0.0045601725578308105,0.06256520748138428,-0.04456806182861328,0.11736816167831421,-0.05161619186401367
1769718766.711748,goal2.png,0.5855542421340942,0.3125523030757904,-0.618410050868988,-1.7864375114440918,1.7619918584823608,0.6440069079399109,2.6026079654693604,0.3316167891025543,-0.6117604970932007,-1.7294113636016846,1.7118862867355347,0.7547236680984497,2.545466899871826,0.019064486026763916,0.0066495537757873535,0.05702614784240723,-0.05010557174682617,0.11071676015853882,-0.05714106559753418
1769718766.8114011,goal2.png,0.5764065980911255,0.32715314626693726,-0.6280429363250732,-1.7645364999771118,1.744937539100647,0.6913380026817322,2.580843210220337,0.32555538415908813,-0.6215605735778809,-1.7114853858947754,1.6708848476409912,0.7895120978355408,2.5176048278808594,-0.001597762107849121,0.006482362747192383,0.053051114082336426,-0.07405269145965576,0.0981740951538086,-0.06323838233947754
1769718766.9140892,goal2.png,0.5752675533294678,0.3289402723312378,-0.6348888874053955,-1.7429988384246826,1.7155239582061768,0.7396234273910522,2.5529747009277344,0.31688061356544495,-0.6298324465751648,-1.6924121379852295,1.6254254579544067,0.8129767179489136,2.4860575199127197,-0.012059658765792847,0.005056440830230713,0.050586700439453125,-0.09009850025177002,0.07335329055786133,-0.06691718101501465
1769718767.012336,goal2.png,0.5960415601730347,0.32545673847198486,-0.6424012184143066,-1.725096344947815,1.6815667152404785,0.7762312889099121,2.5250909328460693,0.3132754862308502,-0.6416549682617188,-1.667993187904358,1.5800459384918213,0.8281357884407043,2.453618288040161,-0.012181252241134644,0.0007462501525878906,0.05710315704345703,-0.10152077674865723,0.051904499530792236,-0.0714726448059082
1769718767.1116037,goal2.png,0.5517486333847046,0.3203374743461609,-0.6542757153511047,-1.7071030139923096,1.640945315361023,0.8030244708061218,2.495086669921875,0.30343523621559143,-0.6526256203651428,-1.6474547386169434,1.5372287034988403,0.839928150177002,2.4230103492736816,-0.016902238130569458,0.001650094985961914,0.05964827537536621,-0.10371661186218262,0.03690367937088013,-0.07207632064819336
1769718767.2116995,goal2.png,0.6021624803543091,0.3145517110824585,-0.6658170223236084,-1.6822330951690674,1.59220552444458,0.822986900806427,2.4597361087799072,0.2898860275745392,-0.6601905226707458,-1.6404902935028076,1.5103799104690552,0.8523096442222595,2.4024758338928223,-0.02466568350791931,0.005626499652862549,0.041742801666259766,-0.0818256139755249,0.02932274341583252,-0.05726027488708496
1769718767.3126636,goal2.png,0.5621055960655212,0.3048885464668274,-0.6768431663513184,-1.6629372835159302,1.55016028881073,0.8373149633407593,2.430807113647461,0.2713789939880371,-0.6642603874206543,-1.6408506631851196,1.492179036140442,0.8642618656158447,2.392817974090576,-0.03350955247879028,0.012582778930664062,0.022086620330810547,-0.057981252670288086,0.02694690227508545,-0.037989139556884766
1769718767.4124281,goal2.png,0.5609955191612244,0.29134804010391235,-0.6864457130432129,-1.653698205947876,1.5189292430877686,0.850325345993042,2.4093756675720215,0.25271880626678467,-0.6640346646308899,-1.6379497051239014,1.4730243682861328,0.8677523136138916,2.3800761699676514,-0.038629233837127686,0.022411048412322998,0.01574850082397461,-0.04590487480163574,0.01742696762084961,-0.029299497604370117
1769718767.511884,goal2.png,0.5759718418121338,0.2745056748390198,-0.6905352473258972,-1.650699257850647,1.4983307123184204,0.8605791926383972,2.396153211593628,0.23555146157741547,-0.6532449126243591,-1.6301970481872559,1.447608470916748,0.8618897199630737,2.36130428314209,-0.03895421326160431,0.037290334701538086,0.020502209663391113,-0.05072224140167236,0.0013105273246765137,-0.034848928451538086
1769718767.6115308,goal2.png,0.6221201419830322,0.2550279498100281,-0.6914135813713074,-1.645973801612854,1.4750059843063354,0.8636234998703003,2.3802649974823,0.22733309864997864,-0.6312969923019409,-1.6248047351837158,1.426413655281067,0.8523790836334229,2.346452236175537,-0.02769485116004944,0.060116589069366455,0.021169066429138184,-0.048592329025268555,-0.011244416236877441,-0.033812761306762695
1769718767.7121236,goal2.png,0.5924826860427856,0.23960931599140167,-0.6841738224029541,-1.6402485370635986,1.452014446258545,0.85979163646698,2.3637406826019287,0.2120564728975296,-0.5959622263908386,-1.6396695375442505,1.4321357011795044,0.840349555015564,2.3371665477752686,-0.02755284309387207,0.08821159601211548,0.0005789995193481445,-0.019878745079040527,-0.019442081451416016,-0.026574134826660156
1769718767.812235,goal2.png,0.6365980505943298,0.22694729268550873,-0.6632421016693115,-1.6378252506256104,1.4353234767913818,0.8512189984321594,2.35007905960083,0.18498671054840088,-0.5562022924423218,-1.6704254150390625,1.4610404968261719,0.8000154495239258,2.34512996673584,-0.04196058213710785,0.10703980922698975,-0.03260016441345215,0.02571702003479004,-0.05120354890823364,-0.004949092864990234
1769718767.9113555,goal2.png,0.6343088746070862,0.21222545206546783,-0.631587028503418,-1.6493362188339233,1.4388675689697266,0.8337708115577698,2.3427181243896484,0.15751729905605316,-0.5210256576538086,-1.7179994583129883,1.5074787139892578,0.7143106460571289,2.3921403884887695,-0.05470815300941467,0.11056137084960938,-0.06866323947906494,0.06861114501953125,-0.11946016550064087,0.049422264099121094
1769718768.0121124,goal2.png,0.6322128772735596,0.1880524456501007,-0.5946611166000366,-1.6742967367172241,1.464131236076355,0.798541247844696,2.3467774391174316,0.1387089341878891,-0.5012527108192444,-1.763866901397705,1.566504716873169,0.6197659373283386,2.4546053409576416,-0.04934351146221161,0.09340840578079224,-0.08957016468048096,0.10237348079681396,-0.17877531051635742,0.10782790184020996
1769718768.1115344,goal2.png,0.5715792775154114,0.15906308591365814,-0.5577352643013,-1.7166144847869873,1.5040256977081299,0.7431524991989136,2.366088390350342,0.13098475337028503,-0.4900429844856262,-1.79681396484375,1.6300663948059082,0.5473814010620117,2.5020580291748047,-0.028078332543373108,0.06769227981567383,-0.0801994800567627,0.12604069709777832,-0.19577109813690186,0.1359696388244629
1769718768.2111816,goal2.png,0.5517198443412781,0.14167547225952148,-0.5343196392059326,-1.7570844888687134,1.5554916858673096,0.6926860809326172,2.386474847793579,0.1270572692155838,-0.48621004819869995,-1.8096544742584229,1.6761800050735474,0.5061877369880676,2.5211994647979736,-0.014618203043937683,0.048109591007232666,-0.05256998538970947,0.12068831920623779,-0.18649834394454956,0.13472461700439453
1769718768.3122833,goal2.png,0.5205527544021606,0.13564737141132355,-0.521354615688324,-1.7937378883361816,1.6112289428710938,0.645218551158905,2.408224582672119,0.12511485815048218,-0.4902355670928955,-1.8109211921691895,1.7124196290969849,0.47667935490608215,2.521014928817749,-0.01053251326084137,0.031119048595428467,-0.017183303833007812,0.10119068622589111,-0.16853919625282288,0.11279034614562988
1769718768.4119391,goal2.png,0.5285394787788391,0.1304977536201477,-0.5145995020866394,-1.8079447746276855,1.6696317195892334,0.5937222838401794,2.432185411453247,0.13034646213054657,-0.5051053762435913,-1.8111793994903564,1.7635854482650757,0.4302394688129425,2.523082733154297,-0.00015129148960113525,0.009494125843048096,-0.0032346248626708984,0.09395372867584229,-0.16348281502723694,0.0908973217010498
1769718768.512653,goal2.png,0.5197457671165466,0.12640832364559174,-0.5151447653770447,-1.814457654953003,1.7077996730804443,0.5434073209762573,2.4515721797943115,0.14388205111026764,-0.526394248008728,-1.8103832006454468,1.8277928829193115,0.3774593472480774,2.530573606491089,0.017473727464675903,-0.01124948263168335,0.004074454307556152,0.11999320983886719,-0.16594797372817993,0.07900142669677734
1769718768.6116056,goal2.png,0.49207013845443726,0.1327393352985382,-0.5288063883781433,-1.8156086206436157,1.758750557899475,0.48412594199180603,2.466839551925659,0.1702873408794403,-0.5478131175041199,-1.8014745712280273,1.8875174522399902,0.3471505343914032,2.5319461822509766,0.0375480055809021,-0.019006729125976562,0.014134049415588379,0.12876689434051514,-0.13697540760040283,0.06510663032531738
1769718768.7116592,goal2.png,0.4765632748603821,0.15006637573242188,-0.5495564341545105,-1.8146090507507324,1.8150330781936646,0.4293278753757477,2.48325777053833,0.20377837121486664,-0.5638265013694763,-1.789121389389038,1.9293212890625,0.3390280306339264,2.5271902084350586,0.05371199548244476,-0.01427006721496582,0.025487661361694336,0.11428821086883545,-0.09029984474182129,0.043932437896728516
1769718768.812306,goal2.png,0.4837927222251892,0.17454221844673157,-0.5700034499168396,-1.8074297904968262,1.8710428476333618,0.38190576434135437,2.504507541656494,0.23969373106956482,-0.5720296502113342,-1.772566556930542,1.9550453424453735,0.3490346372127533,2.513227939605713,0.06515151262283325,-0.002026200294494629,0.03486323356628418,0.08400249481201172,-0.032871127128601074,0.00872039794921875
1769718768.911504,goal2.png,0.5236444473266602,0.20544005930423737,-0.5859976410865784,-1.7959492206573486,1.9230540990829468,0.3470246195793152,2.5241215229034424,0.27346107363700867,-0.5728012919425964,-1.7436703443527222,1.980006217956543,0.3596303462982178,2.483919382095337,0.0680210143327713,0.013196349143981934,0.052278876304626465,0.05695211887359619,0.012605726718902588,-0.04020214080810547
1769718769.0115721,goal2.png,0.505004346370697,0.23957903683185577,-0.5942067503929138,-1.7781375646591187,1.9520436525344849,0.35205304622650146,2.5076730251312256,0.30415078997612,-0.5678619146347046,-1.7016117572784424,2.008898973464966,0.369411826133728,2.4367308616638184,0.06457175314426422,0.02634483575820923,0.07652580738067627,0.05685532093048096,0.017358779907226562,-0.07094216346740723
1769718769.1120305,goal2.png,0.48848506808280945,0.2773531377315521,-0.59620600938797,-1.7482695579528809,1.981608510017395,0.36141327023506165,2.4733824729919434,0.3275146782398224,-0.5638225078582764,-1.6684273481369019,2.0312013626098633,0.3815261423587799,2.4016857147216797,0.050161540508270264,0.032383501529693604,0.079842209815979,0.04959285259246826,0.02011287212371826,-0.07169675827026367
1769718769.211679,goal2.png,0.4550405740737915,0.3040706217288971,-0.5943278670310974,-1.7131006717681885,2.006629705429077,0.37090981006622314,2.4372594356536865,0.3268546164035797,-0.5580644607543945,-1.6623516082763672,2.0350804328918457,0.39202696084976196,2.3936660289764404,0.022783994674682617,0.03626340627670288,0.05074906349182129,0.028450727462768555,0.02111715078353882,-0.043593406677246094
1769718769.312672,goal2.png,0.4825783371925354,0.32154908776283264,-0.590692937374115,-1.6845656633377075,2.0250167846679688,0.38264796137809753,2.409860372543335,0.3071395754814148,-0.5523600578308105,-1.6837527751922607,2.0233681201934814,0.3998562693595886,2.415102958679199,-0.014409512281417847,0.03833287954330444,0.0008128881454467773,-0.0016486644744873047,0.01720830798149109,0.005242586135864258
1769718769.4114525,goal2.png,0.48737114667892456,0.3220943212509155,-0.5855734944343567,-1.6811426877975464,2.0292274951934814,0.3911145329475403,2.4054224491119385,0.29118970036506653,-0.5501010417938232,-1.7069501876831055,2.004507541656494,0.40873175859451294,2.443826198577881,-0.030904620885849,0.03547245264053345,-0.025807499885559082,-0.024719953536987305,0.017617225646972656,0.03840374946594238
1769718769.5114124,goal2.png,0.49357178807258606,0.30594873428344727,-0.5804542303085327,-1.693410873413086,2.0187160968780518,0.40073221921920776,2.423370599746704,0.2891938090324402,-0.5526042580604553,-1.7164467573165894,1.9891357421875,0.4154209792613983,2.461249351501465,-0.01675492525100708,0.027849972248077393,-0.023035883903503418,-0.029580354690551758,0.014688760042190552,0.03787875175476074
1769718769.6117032,goal2.png,0.49267369508743286,0.29234766960144043,-0.578848659992218,-1.710374355316162,2.0043578147888184,0.408895879983902,2.4435298442840576,0.2916525900363922,-0.5573989152908325,-1.7152763605117798,1.9740195274353027,0.4208517074584961,2.4637863636016846,-0.0006950795650482178,0.021449744701385498,-0.004902005195617676,-0.030338287353515625,0.011955827474594116,0.020256519317626953
1769718769.7112412,goal2.png,0.5077904462814331,0.29089364409446716,-0.5804845094680786,-1.7185229063034058,1.9878183603286743,0.4156661927700043,2.456843137741089,0.2953282594680786,-0.5632409453392029,-1.7081904411315918,1.9712634086608887,0.42150676250457764,2.45664119720459,0.00443461537361145,0.017243564128875732,0.010332465171813965,-0.016554951667785645,0.005840569734573364,-0.00020194053649902344
1769718769.8116055,goal2.png,0.505666196346283,0.29571008682250977,-0.5835136771202087,-1.7186137437820435,1.9780644178390503,0.41907405853271484,2.459433078765869,0.30130183696746826,-0.5688154697418213,-1.6979703903198242,1.973282814025879,0.42325299978256226,2.4452919960021973,0.005591750144958496,0.014698207378387451,0.02064335346221924,-0.004781603813171387,0.004178941249847412,-0.014141082763671875
1769718769.911895,goal2.png,0.5017436742782593,0.2979212999343872,-0.588633120059967,-1.7133127450942993,1.9748836755752563,0.4215882420539856,2.4533746242523193,0.31552112102508545,-0.5761024951934814,-1.683396816253662,1.978940486907959,0.42562583088874817,2.434147834777832,0.017599821090698242,0.012530624866485596,0.029915928840637207,0.004056811332702637,0.004037588834762573,-0.019226789474487305
1769718770.0113168,goal2.png,0.5088514685630798,0.3026469051837921,-0.5949641466140747,-1.7045583724975586,1.975792407989502,0.4230574369430542,2.444483995437622,0.32715436816215515,-0.5853590965270996,-1.672274112701416,1.9807909727096558,0.42899590730667114,2.4265120029449463,0.024507462978363037,0.009605050086975098,0.03228425979614258,0.004998564720153809,0.005938470363616943,-0.01797199249267578
1769718770.1115198,goal2.png,0.49360716342926025,0.31615713238716125,-0.6005680561065674,-1.6918054819107056,1.978003740310669,0.42596542835235596,2.4349117279052734,0.33073264360427856,-0.5912983417510986,-1.663010835647583,1.9785401821136475,0.42888909578323364,2.414755344390869,0.01457551121711731,0.00926971435546875,0.02879464626312256,0.0005364418029785156,0.0029236674308776855,-0.020156383514404297
1769718770.211179,goal2.png,0.4933944046497345,0.3290918469429016,-0.6074442863464355,-1.6813850402832031,1.9790035486221313,0.42752546072006226,2.4249002933502197,0.3262137174606323,-0.5948821306228638,-1.6596825122833252,1.971224069595337,0.4287816286087036,2.403988838195801,-0.002878129482269287,0.012562155723571777,0.02170252799987793,-0.007779479026794434,0.0012561678886413574,-0.020911455154418945
1769718770.3119926,goal2.png,0.4854357838630676,0.3298793435096741,-0.6158655285835266,-1.6739331483840942,1.9765499830245972,0.428434282541275,2.4139950275421143,0.3182055950164795,-0.5983591079711914,-1.6617661714553833,1.9575814008712769,0.4276863634586334,2.399531841278076,-0.01167374849319458,0.017506420612335205,0.012166976928710938,-0.018968582153320312,-0.0007479190826416016,-0.014463186264038086
1769718770.4111774,goal2.png,0.5033572912216187,0.32327577471733093,-0.6226509809494019,-1.6706920862197876,1.9687342643737793,0.4282827377319336,2.40621018409729,0.31203973293304443,-0.6041088104248047,-1.666468858718872,1.943244457244873,0.4265134334564209,2.40201735496521,-0.011236041784286499,0.018542170524597168,0.004223227500915527,-0.02548980712890625,-0.0017693042755126953,-0.004192829132080078
1769718770.5113358,goal2.png,0.49681219458580017,0.3173081576824188,-0.6258618235588074,-1.671328067779541,1.956405520439148,0.42778298258781433,2.402923345565796,0.3086811900138855,-0.6110559701919556,-1.6696901321411133,1.9353867769241333,0.42463287711143494,2.405225992202759,-0.008626967668533325,0.014805853366851807,0.0016379356384277344,-0.02101874351501465,-0.0031501054763793945,0.0023026466369628906
1769718770.611356,goal2.png,0.49407172203063965,0.3141275942325592,-0.6299815773963928,-1.674023985862732,1.9451371431350708,0.42684391140937805,2.4033777713775635,0.30188244581222534,-0.6178249716758728,-1.6733014583587646,1.9298179149627686,0.42236199975013733,2.405022144317627,-0.012245148420333862,0.01215660572052002,0.0007225275039672852,-0.015319228172302246,-0.004481911659240723,0.0016443729400634766
1769718770.7114692,goal2.png,0.48889249563217163,0.3090384602546692,-0.6368578672409058,-1.676992654800415,1.9363220930099487,0.42511728405952454,2.404741048812866,0.29522162675857544,-0.624032735824585,-1.6779062747955322,1.9292097091674805,0.4170668125152588,2.405463457107544,-0.01381683349609375,0.0128251314163208,-0.0009136199951171875,-0.007112383842468262,-0.008050471544265747,0.0007224082946777344
1769718770.8108244,goal2.png,0.5104727745056152,0.3013745844364166,-0.6439462304115295,-1.6805065870285034,1.931960105895996,0.422088086605072,2.405467987060547,0.28908219933509827,-0.6300471425056458,-1.6824641227722168,1.9307773113250732,0.40779703855514526,2.4054999351501465,-0.01229238510131836,0.013899087905883789,-0.001957535743713379,-0.0011827945709228516,-0.014291048049926758,3.1948089599609375e-05
1769718770.9111903,goal2.png,0.5085463523864746,0.29501327872276306,-0.6508224606513977,-1.6839901208877563,1.9306575059890747,0.41545411944389343,2.40610408782959,0.2887815833091736,-0.6352831125259399,-1.6856427192687988,1.9346461296081543,0.40014734864234924,2.408485174179077,-0.0062316954135894775,0.015539348125457764,-0.0016525983810424805,0.00398862361907959,-0.01530677080154419,0.0023810863494873047
1769718771.0113575,goal2.png,0.5129774808883667,0.29204466938972473,-0.6571534872055054,-1.6874433755874634,1.9314452409744263,0.40801745653152466,2.407118797302246,0.29348981380462646,-0.6397397518157959,-1.6865639686584473,1.9389265775680542,0.3932318687438965,2.4135406017303467,0.0014451444149017334,0.017413735389709473,0.0008794069290161133,0.00748133659362793,-0.014785587787628174,0.006421804428100586
1769718771.1113956,goal2.png,0.5035134553909302,0.2921355366706848,-0.6623637080192566,-1.6897153854370117,1.9342926740646362,0.4004596471786499,2.4097390174865723,0.3019867539405823,-0.6423507928848267,-1.6870967149734497,1.945299506187439,0.3858119249343872,2.4202404022216797,0.009851217269897461,0.02001291513442993,0.0026186704635620117,0.011006832122802734,-0.014647722244262695,0.010501384735107422
1769718771.2112036,goal2.png,0.5101118087768555,0.29583120346069336,-0.6666347980499268,-1.6909269094467163,1.9391999244689941,0.3928866386413574,2.415524959564209,0.30698665976524353,-0.6438311338424683,-1.690319538116455,1.9492545127868652,0.37660467624664307,2.4282193183898926,0.011155456304550171,0.022803664207458496,0.0006073713302612305,0.010054588317871094,-0.016281962394714355,0.012694358825683594
1769718771.3117886,goal2.png,0.5128556489944458,0.30179867148399353,-0.6709968447685242,-1.6924415826797485,1.9446523189544678,0.38525310158729553,2.421765089035034,0.31253454089164734,-0.6441918015480042,-1.6941657066345215,1.9514834880828857,0.3721213936805725,2.435626268386841,0.010735869407653809,0.02680504322052002,-0.0017241239547729492,0.006831169128417969,-0.013131707906723022,0.01386117935180664
1769718771.411083,goal2.png,0.5185228586196899,0.3079479932785034,-0.6729354858398438,-1.6949254274368286,1.948317527770996,0.3776800334453583,2.4288835525512695,0.31747180223464966,-0.6432653665542603,-1.696225881576538,1.9551399946212769,0.36765435338020325,2.4375874996185303,0.00952380895614624,0.029670119285583496,-0.0013004541397094727,0.006822466850280762,-0.01002568006515503,0.008703947067260742
1769718771.5110335,goal2.png,0.5175603032112122,0.3134307861328125,-0.672874927520752,-1.6985605955123901,1.9514377117156982,0.3729090988636017,2.434018135070801,0.32311487197875977,-0.6435747146606445,-1.6982810497283936,1.958770751953125,0.3672478199005127,2.440358877182007,0.009684085845947266,0.029300212860107422,0.00027954578399658203,0.007333040237426758,-0.005661278963088989,0.006340742111206055
1769718771.61134,goal2.png,0.5292229056358337,0.3180049657821655,-0.672874927520752,-1.7008627653121948,1.9548001289367676,0.36960721015930176,2.4372594356536865,0.32724225521087646,-0.6445607542991638,-1.7003916501998901,1.960800051689148,0.3689259886741638,2.4429426193237305,0.009237289428710938,0.028314173221588135,0.0004711151123046875,0.005999922752380371,-0.0006812214851379395,0.005683183670043945
1769718771.7120125,goal2.png,0.5192511081695557,0.3229425251483917,-0.6730263829231262,-1.7031042575836182,1.9577686786651611,0.3685622215270996,2.4399402141571045,0.32808002829551697,-0.6447722911834717,-1.7032511234283447,1.9602547883987427,0.3726494312286377,2.4442965984344482,0.005137503147125244,0.02825409173965454,-0.0001468658447265625,0.002486109733581543,0.004087209701538086,0.00435638427734375
1769718771.811318,goal2.png,0.5162711143493652,0.32715314626693726,-0.673268735408783,-1.7055882215499878,1.9591623544692993,0.36974361538887024,2.4421515464782715,0.32580727338790894,-0.6441389322280884,-1.7077604532241821,1.9562879800796509,0.38151201605796814,2.4459285736083984,-0.0013458728790283203,0.02912980318069458,-0.002172231674194336,-0.0028743743896484375,0.0117684006690979,0.003777027130126953
1769718771.911264,goal2.png,0.5202795267105103,0.328364759683609,-0.6737534403800964,-1.709011197090149,1.9587986469268799,0.37433281540870667,2.444650650024414,0.3242031931877136,-0.6441254019737244,-1.713045358657837,1.9536044597625732,0.39212244749069214,2.448009967803955,-0.004161566495895386,0.02962803840637207,-0.004034161567687988,-0.005194187164306641,0.017789632081985474,0.0033593177795410156
1769718772.0122712,goal2.png,0.5269907712936401,0.32606253027915955,-0.673571765422821,-1.713403582572937,1.9566782712936401,0.3833143413066864,2.4465742111206055,0.3241156339645386,-0.6440374255180359,-1.716865062713623,1.9498097896575928,0.39878836274147034,2.44895339012146,-0.0019468963146209717,0.029534339904785156,-0.003461480140686035,-0.006868481636047363,0.015474021434783936,0.002379179000854492
1769718772.1112492,goal2.png,0.522262454032898,0.3247600793838501,-0.6734504699707031,-1.7174930572509766,1.9538308382034302,0.3910236358642578,2.4479827880859375,0.3242649435997009,-0.6428340673446655,-1.7189984321594238,1.947300672531128,0.4013696610927582,2.4490981101989746,-0.0004951357841491699,0.030616402626037598,-0.0015053749084472656,-0.006530165672302246,0.010346025228500366,0.0011153221130371094
1769718772.2114258,goal2.png,0.5236670970916748,0.3249720633029938,-0.6734504699707031,-1.7207343578338623,1.950862169265747,0.39641568064689636,2.449406385421753,0.3206799030303955,-0.6397057771682739,-1.720515251159668,1.9488191604614258,0.3975922763347626,2.4472270011901855,-0.004292160272598267,0.0337446928024292,0.00021910667419433594,-0.002043008804321289,0.001176595687866211,-0.002179384231567383
1769718772.3119056,goal2.png,0.5227336883544922,0.32469937205314636,-0.6724205613136292,-1.72330904006958,1.9493173360824585,0.39815741777420044,2.4493913650512695,0.31439125537872314,-0.6358407139778137,-1.7231190204620361,1.9540445804595947,0.39192667603492737,2.44608211517334,-0.010308116674423218,0.03657984733581543,0.0001900196075439453,0.0047272443771362305,-0.006230741739273071,-0.0033092498779296875
1769718772.4115033,goal2.png,0.5146045684814453,0.3208827078342438,-0.66978520154953,-1.725520372390747,1.9501655101776123,0.39602190256118774,2.4480433464050293,0.31222838163375854,-0.6344956159591675,-1.7256813049316406,1.959751844406128,0.3917245864868164,2.4474005699157715,-0.00865432620048523,0.03528958559036255,-0.0001609325408935547,0.009586334228515625,-0.004297316074371338,-0.0006427764892578125
1769718772.511525,goal2.png,0.5224299430847168,0.31591472029685974,-0.6659986972808838,-1.7281255722045898,1.9540125131607056,0.39334097504615784,2.447391986846924,0.31664010882377625,-0.6353453397750854,-1.728017807006836,1.9633052349090576,0.3954004645347595,2.453728199005127,0.0007253885269165039,0.03065335750579834,0.00010776519775390625,0.00929272174835205,0.0020594894886016846,0.006336212158203125
1769718772.611168,goal2.png,0.5287304520606995,0.3140367567539215,-0.6632118225097656,-1.7304277420043945,1.9583746194839478,0.393295556306839,2.449012517929077,0.3238014280796051,-0.6354999542236328,-1.724912405014038,1.9624156951904297,0.3997724652290344,2.456554412841797,0.009764671325683594,0.027711868286132812,0.005515336990356445,0.004041075706481934,0.006476908922195435,0.0075418949127197266
1769718772.7116547,goal2.png,0.5264818668365479,0.3177322745323181,-0.6630906462669373,-1.7319422960281372,1.9610404968261719,0.3962641954421997,2.4529201984405518,0.3288692831993103,-0.6331891417503357,-1.7201073169708252,1.9588136672973633,0.40118837356567383,2.4560110569000244,0.011137008666992188,0.029901504516601562,0.011834979057312012,-0.0022268295288085938,0.004924178123474121,0.0030908584594726562
1769718772.8109233,goal2.png,0.5204837918281555,0.3242146968841553,-0.6633633375167847,-1.7307608127593994,1.9609190225601196,0.3987632393836975,2.4553284645080566,0.3293665051460266,-0.628901481628418,-1.7146296501159668,1.9585795402526855,0.3981392979621887,2.4516422748565674,0.005151808261871338,0.0344618558883667,0.016131162643432617,-0.002339482307434082,-0.0006239414215087891,-0.003686189651489258
1769718772.9111683,goal2.png,0.5282948613166809,0.328879714012146,-0.6613944172859192,-1.7270653247833252,1.9596772193908691,0.39923280477523804,2.4551315307617188,0.3222355842590332,-0.6239778399467468,-1.715477466583252,1.9580917358398438,0.39483100175857544,2.4512014389038086,-0.006644129753112793,0.03741657733917236,0.011587858200073242,-0.0015854835510253906,-0.004401803016662598,-0.003930091857910156
1769718773.011513,goal2.png,0.5188811421394348,0.3276073932647705,-0.6578501462936401,-1.7239148616790771,1.9589197635650635,0.3974909782409668,2.4530868530273438,0.3126009702682495,-0.6204718947410583,-1.7215123176574707,1.9578373432159424,0.3948531746864319,2.455810546875,-0.015006422996520996,0.03737825155258179,0.0024025440216064453,-0.0010824203491210938,-0.002637803554534912,0.00272369384765625
1769718773.111827,goal2.png,0.5185179710388184,0.32145822048187256,-0.6534578204154968,-1.7241876125335693,1.958435297012329,0.3961884379386902,2.4529354572296143,0.30080491304397583,-0.6185873746871948,-1.7286262512207031,1.954511046409607,0.39782845973968506,2.4598793983459473,-0.02065330743789673,0.034870445728302,-0.004438638687133789,-0.003924250602722168,0.001640021800994873,0.006943941116333008
1769718773.212528,goal2.png,0.5157619714736938,0.3130066990852356,-0.6497622728347778,-1.7276711463928223,1.9575566053390503,0.3962036371231079,2.4554648399353027,0.2896854877471924,-0.6171157956123352,-1.7336421012878418,1.9508185386657715,0.39851370453834534,2.459660530090332,-0.023321211338043213,0.03264647722244263,-0.005970954895019531,-0.006738066673278809,0.0023100674152374268,0.004195690155029297
1769718773.312432,goal2.png,0.524061381816864,0.30155640840530396,-0.6477326154708862,-1.7333660125732422,1.954830527305603,0.3977333903312683,2.4579639434814453,0.28244590759277344,-0.6172354817390442,-1.735992193222046,1.950528621673584,0.395740270614624,2.45790696144104,-0.019110500812530518,0.03049713373184204,-0.002626180648803711,-0.004301905632019043,-0.001993119716644287,-5.698204040527344e-05
1769718773.4119422,goal2.png,0.5199507474899292,0.29140859842300415,-0.6462482810020447,-1.737818956375122,1.9524980783462524,0.3979453444480896,2.458327531814575,0.28125399351119995,-0.6171961426734924,-1.7341079711914062,1.9560176134109497,0.393047571182251,2.4547038078308105,-0.0101546049118042,0.029052138328552246,0.0037109851837158203,0.0035195350646972656,-0.004897773265838623,-0.0036237239837646484
1769718773.5118334,goal2.png,0.5206504464149475,0.2845020592212677,-0.6452789306640625,-1.7397879362106323,1.952467679977417,0.3963853418827057,2.4571006298065186,0.2865028977394104,-0.6139624118804932,-1.7253881692886353,1.9625904560089111,0.3931088149547577,2.4471168518066406,0.0020008385181427,0.031316518783569336,0.01439976692199707,0.01012277603149414,-0.003276526927947998,-0.00998377799987793
1769718773.6115098,goal2.png,0.5252405405044556,0.2831389009952545,-0.6451578140258789,-1.7387579679489136,1.9559816122055054,0.3941892385482788,2.453965425491333,0.2917823791503906,-0.6086007356643677,-1.7129583358764648,1.971448540687561,0.3917454481124878,2.435822010040283,0.008643478155136108,0.03655707836151123,0.02579963207244873,0.015466928482055664,-0.0024437904357910156,-0.018143415451049805
1769718773.7113287,goal2.png,0.5144823789596558,0.2876220643520355,-0.6425830721855164,-1.731972575187683,1.9625853300094604,0.39234134554862976,2.4465742111206055,0.29519933462142944,-0.6024588346481323,-1.7031641006469727,1.9792486429214478,0.39342251420021057,2.4282326698303223,0.007577270269393921,0.04012423753738403,0.02880847454071045,0.016663312911987305,0.0010811686515808105,-0.018341541290283203
1769718773.8116462,goal2.png,0.492983877658844,0.2928626239299774,-0.6361004710197449,-1.721945881843567,1.9707034826278687,0.39228078722953796,2.4377288818359375,0.2877501845359802,-0.5953154563903809,-1.7034435272216797,1.9745850563049316,0.403903067111969,2.4262754917144775,-0.005112439393997192,0.040785014629364014,0.018502354621887207,0.0038815736770629883,0.01162227988243103,-0.011453390121459961
1769718773.9115942,goal2.png,0.5063092708587646,0.2935895323753357,-0.6297088861465454,-1.7149485349655151,1.9756107330322266,0.39565834403038025,2.4310193061828613,0.274824857711792,-0.5879813432693481,-1.7073091268539429,1.9618289470672607,0.41826051473617554,2.4248790740966797,-0.0187646746635437,0.041727542877197266,0.007639408111572266,-0.01378178596496582,0.022602170705795288,-0.006140232086181641
1769718774.011954,goal2.png,0.5082623958587646,0.28734952211380005,-0.6255589723587036,-1.7137973308563232,1.972793698310852,0.4041249454021454,2.4279446601867676,0.26466014981269836,-0.5842509269714355,-1.7110748291015625,1.9520976543426514,0.42445847392082214,2.4269638061523438,-0.022689372301101685,0.041308045387268066,0.002722501754760742,-0.020696043968200684,0.020333528518676758,-0.0009808540344238281
1769718774.1118612,goal2.png,0.49994319677352905,0.27644434571266174,-0.6195610761642456,-1.7150999307632446,1.9631909132003784,0.41513609886169434,2.4262936115264893,0.2569162845611572,-0.5816137790679932,-1.7112104892730713,1.9466743469238281,0.424030601978302,2.427391529083252,-0.019528061151504517,0.03794729709625244,0.00388944149017334,-0.016516566276550293,0.008894503116607666,0.0010979175567626953
1769718774.2120526,goal2.png,0.5001261234283447,0.2655090391635895,-0.6122606992721558,-1.7166751623153687,1.9542551040649414,0.42108842730522156,2.4272477626800537,0.2484225034713745,-0.5788989067077637,-1.7110037803649902,1.9407179355621338,0.4228827655315399,2.4253182411193848,-0.017086535692214966,0.03336179256439209,0.005671381950378418,-0.013537168502807617,0.0017943382263183594,-0.0019295215606689453
1769718774.3118892,goal2.png,0.49343258142471313,0.25736045837402344,-0.6092921495437622,-1.717341661453247,1.9482569694519043,0.42245155572891235,2.4269752502441406,0.238856703042984,-0.576103687286377,-1.709886074066162,1.935415506362915,0.4194205105304718,2.4202003479003906,-0.01850375533103943,0.033188462257385254,0.007455587387084961,-0.012841463088989258,-0.0030310451984405518,-0.00677490234375
