timestamp,model_type,goal_image,similarity_score,curr_j0,curr_j1,curr_j2,curr_j3,curr_j4,curr_j5,cmd_j0,cmd_j1,cmd_j2,cmd_j3,cmd_j4,cmd_j5,step_diff_j0,step_diff_j1,step_diff_j2,step_diff_j3,step_diff_j4,step_diff_j5
1769651241.9343538,full,goal1.png,0.683827817440033,0.4957277476787567,0.02214362472295761,-2.434049129486084,1.5634280443191528,1.1550472974777222,2.649151563644409,0.2957277297973633,-0.1586017906665802,-2.489433526992798,1.6742382049560547,1.3335081338882446,2.849151611328125,-0.20000000298023224,-0.1807454228401184,-0.05538439750671387,0.11081016063690186,0.17846083641052246,0.20000000298023224
1769651241.9471693,full,goal1.png,0.6793512105941772,0.4956066310405731,0.02214362472295761,-2.434049129486084,1.5634583234786987,1.1550624370574951,2.6491665840148926,0.2956066131591797,-0.1587885618209839,-2.4885406494140625,1.6742018461227417,1.332069993019104,2.8491666316986084,-0.20000000298023224,-0.1809321939945221,-0.054491519927978516,0.11074352264404297,0.1770075559616089,0.20000000298023224
1769651242.024301,full,goal1.png,0.6812604665756226,0.4956066310405731,0.022022495046257973,-2.434049129486084,1.5634583234786987,1.1550624370574951,2.6491363048553467,0.2956066131591797,-0.1579759418964386,-2.4876534938812256,1.673986554145813,1.3306858539581299,2.8491363525390625,-0.20000000298023224,-0.17999844253063202,-0.0536043643951416,0.11052823066711426,0.17562341690063477,0.20000000298023224
1769651242.1230264,full,goal1.png,0.6402396559715271,0.4561058282852173,-0.00987512432038784,-2.465522527694702,1.6140460968017578,1.1819767951965332,2.6910452842712402,0.2846841812133789,-0.1580289900302887,-2.489934206008911,1.6757030487060547,1.3330433368682861,2.8567986488342285,-0.17142164707183838,-0.1481538712978363,-0.024411678314208984,0.061656951904296875,0.15106654167175293,0.16575336456298828
1769651242.2224016,full,goal1.png,0.623023509979248,0.4152722954750061,-0.050466395914554596,-2.4804866313934326,1.6605743169784546,1.2133592367172241,2.7296979427337646,0.2719067931175232,-0.15378627181053162,-2.4948461055755615,1.6794180870056152,1.3401625156402588,2.8600211143493652,-0.1433655023574829,-0.10331987589597702,-0.014359474182128906,0.018843770027160645,0.12680327892303467,0.13032317161560059
1769651242.3229387,full,goal1.png,0.6457614302635193,0.37316659092903137,-0.09284479171037674,-2.4849698543548584,1.6701165437698364,1.2451961040496826,2.766775131225586,0.256574422121048,-0.14777803421020508,-2.5018222332000732,1.6814007759094238,1.3490198850631714,2.8554768562316895,-0.1165921688079834,-0.05493324249982834,-0.016852378845214844,0.011284232139587402,0.10382378101348877,0.08870172500610352
1769651242.422782,full,goal1.png,0.6441961526870728,0.32830411195755005,-0.14100880920886993,-2.4902710914611816,1.6755387783050537,1.283348798751831,2.803534507751465,0.2404700219631195,-0.14455880224704742,-2.5059521198272705,1.676358938217163,1.356852412223816,2.8472485542297363,-0.08783408999443054,-0.0035499930381774902,-0.015681028366088867,0.000820159912109375,0.07350361347198486,0.043714046478271484
1769651242.5224807,full,goal1.png,0.6993222832679749,0.2856227457523346,-0.15188370645046234,-2.4972987174987793,1.677992343902588,1.3241065740585327,2.833326578140259,0.22182579338550568,-0.15121965110301971,-2.503520965576172,1.6676427125930786,1.3624041080474854,2.8419525623321533,-0.06379695236682892,0.000664055347442627,-0.006222248077392578,-0.010349631309509277,0.03829753398895264,0.008625984191894531
1769651242.622445,full,goal1.png,0.7283538579940796,0.24730342626571655,-0.15255022048950195,-2.502115249633789,1.6758111715316772,1.3529142141342163,2.849411725997925,0.1973818838596344,-0.16454166173934937,-2.497206211090088,1.656924843788147,1.366332769393921,2.843090534210205,-0.04992154240608215,-0.011991441249847412,0.004909038543701172,-0.018886327743530273,0.01341855525970459,-0.0063211917877197266
1769651242.7225502,full,goal1.png,0.7362973690032959,0.2249782532453537,-0.15103550255298615,-2.5025088787078857,1.6690561771392822,1.3595482110977173,2.8441104888916016,0.1725456267595291,-0.17733116447925568,-2.4884326457977295,1.6466310024261475,1.3683795928955078,2.8432648181915283,-0.052432626485824585,-0.02629566192626953,0.01407623291015625,-0.022425174713134766,0.008831381797790527,-0.0008456707000732422
1769651242.8231463,full,goal1.png,0.7428054213523865,0.20428894460201263,-0.16630272567272186,-2.498601198196411,1.659332513809204,1.363895058631897,2.843580484390259,0.14908848702907562,-0.19053161144256592,-2.480955123901367,1.633687138557434,1.3693794012069702,2.844865322113037,-0.05520045757293701,-0.024228885769844055,0.017646074295043945,-0.02564537525177002,0.005484342575073242,0.0012848377227783203
1769651242.9253118,full,goal1.png,0.7769296169281006,0.1809944361448288,-0.1824784278869629,-2.492936849594116,1.650032877922058,1.3665608167648315,2.8436713218688965,0.1297779381275177,-0.20337724685668945,-2.4758567810058594,1.621832251548767,1.3699673414230347,2.8483705520629883,-0.051216498017311096,-0.020898818969726562,0.017080068588256836,-0.028200626373291016,0.003406524658203125,0.004699230194091797
1769651243.0230594,full,goal1.png,0.7704697847366333,0.15467068552970886,-0.19371701776981354,-2.487060070037842,1.6377341747283936,1.368151068687439,2.8447163105010986,0.11182472854852676,-0.21390731632709503,-2.4714818000793457,1.6081911325454712,1.3701218366622925,2.8449010848999023,-0.0428459569811821,-0.020190298557281494,0.015578269958496094,-0.029543042182922363,0.0019707679748535156,0.00018477439880371094
1769651243.1221774,full,goal1.png,0.7662901878356934,0.13564737141132355,-0.20955945551395416,-2.482970714569092,1.6258901357650757,1.3692718744277954,2.8467459678649902,0.09027731418609619,-0.22503361105918884,-2.4672441482543945,1.592950701713562,1.369146466255188,2.838474750518799,-0.045370057225227356,-0.01547415554523468,0.015726566314697266,-0.03293943405151367,-0.00012540817260742188,-0.008271217346191406
1769651243.2235243,full,goal1.png,0.7767720222473145,0.11698751896619797,-0.22155511379241943,-2.4785478115081787,1.613318920135498,1.3698322772979736,2.8453071117401123,0.06760527193546295,-0.23478665947914124,-2.4628968238830566,1.575210452079773,1.3671292066574097,2.832400321960449,-0.049382247030735016,-0.013231545686721802,0.01565098762512207,-0.0381084680557251,-0.002703070640563965,-0.012906789779663086
1769651243.3217547,full,goal1.png,0.761591911315918,0.09687364846467972,-0.22840122878551483,-2.475034236907959,1.5990211963653564,1.3693325519561768,2.8410511016845703,0.04559164494276047,-0.24389059841632843,-2.45835542678833,1.5580378770828247,1.3656935691833496,2.8319380283355713,-0.05128200352191925,-0.015489369630813599,0.016678810119628906,-0.04098331928253174,-0.0036389827728271484,-0.009113073348999023
1769651243.4217079,full,goal1.png,0.7804396152496338,0.07373055070638657,-0.24248698353767395,-2.4697632789611816,1.5805734395980835,1.3670605421066284,2.835537910461426,0.022888697683811188,-0.2514358162879944,-2.4535837173461914,1.5426138639450073,1.3666759729385376,2.833289623260498,-0.05084185302257538,-0.008948832750320435,0.016179561614990234,-0.03795957565307617,-0.0003845691680908203,-0.0022482872009277344
1769651243.5217083,full,goal1.png,0.7836872339248657,0.05182948708534241,-0.25287705659866333,-2.464674234390259,1.5644580125808716,1.3658337593078613,2.833765983581543,-0.0006277859210968018,-0.25841599702835083,-2.449127435684204,1.5281360149383545,1.3673672676086426,2.8333537578582764,-0.05245727300643921,-0.0055389404296875,0.015546798706054688,-0.03632199764251709,0.00153350830078125,-0.00041222572326660156
1769651243.621621,full,goal1.png,0.7798886299133301,0.028110869228839874,-0.2592383623123169,-2.4598276615142822,1.5481610298156738,1.3659095764160156,2.8338112831115723,-0.02420281246304512,-0.2619532644748688,-2.446511745452881,1.5154826641082764,1.366215467453003,2.829054355621338,-0.052313681691884995,-0.00271490216255188,0.013315916061401367,-0.03267836570739746,0.0003058910369873047,-0.004756927490234375
1769651243.720708,full,goal1.png,0.7723853588104248,0.0036653184797614813,-0.2680230140686035,-2.45510196685791,1.5325909852981567,1.3663336038589478,2.833266019821167,-0.047860197722911835,-0.2619240880012512,-2.443394422531128,1.5055031776428223,1.363429069519043,2.8243019580841064,-0.05152551457285881,0.006098926067352295,0.011707544326782227,-0.027087807655334473,-0.002904534339904785,-0.008964061737060547
1769651243.8300986,full,goal1.png,0.7665085792541504,-0.01896275207400322,-0.27277886867523193,-2.452345609664917,1.520080327987671,1.36562180519104,2.830615520477295,-0.07314766943454742,-0.2577971816062927,-2.438244104385376,1.4932671785354614,1.3568607568740845,2.818014621734619,-0.054184917360544205,0.014981687068939209,0.014101505279541016,-0.026813149452209473,-0.008761048316955566,-0.012600898742675781
1769651243.92938,full,goal1.png,0.7747913599014282,-0.04019744694232941,-0.2735058069229126,-2.4497101306915283,1.510901927947998,1.3638496398925781,2.826692581176758,-0.10068455338478088,-0.25142863392829895,-2.430609703063965,1.478035807609558,1.3495534658432007,2.806626558303833,-0.06048710644245148,0.022077172994613647,0.019100427627563477,-0.03286612033843994,-0.014296174049377441,-0.020066022872924805
1769651244.0284767,full,goal1.png,0.770163893699646,-0.06667260825634003,-0.27235478162765503,-2.4448635578155518,1.4973310232162476,1.3578821420669556,2.8198466300964355,-0.12838074564933777,-0.2427787184715271,-2.4224367141723633,1.4596741199493408,1.3425723314285278,2.7883148193359375,-0.06170813739299774,0.02957606315612793,0.022426843643188477,-0.03765690326690674,-0.015309810638427734,-0.03153181076049805
1769651244.1226323,full,goal1.png,0.7620959877967834,-0.09193608909845352,-0.2672050893306732,-2.438199281692505,1.4840632677078247,1.3519903421401978,2.8106529712677,-0.15529794991016388,-0.23292411863803864,-2.4158880710601807,1.4410665035247803,1.3343119621276855,2.7671287059783936,-0.06336186081171036,0.03428097069263458,0.02231121063232422,-0.042996764183044434,-0.017678380012512207,-0.04352426528930664
1769651244.2222185,full,goal1.png,0.7383221387863159,-0.12010759860277176,-0.2595716118812561,-2.430626153945923,1.4660395383834839,1.3446294069290161,2.7929928302764893,-0.17915762960910797,-0.22342580556869507,-2.4113402366638184,1.4244803190231323,1.325817346572876,2.7514843940734863,-0.05905003100633621,0.036145806312561035,0.019285917282104492,-0.04155921936035156,-0.018812060356140137,-0.04150843620300293
1769651244.3218884,full,goal1.png,0.7527821660041809,-0.14749152958393097,-0.2503022849559784,-2.4244163036346436,1.4480763673782349,1.3366929292678833,2.7746360301971436,-0.20140023529529572,-0.2138548642396927,-2.408295154571533,1.4091238975524902,1.316968560218811,2.735050678253174,-0.053908705711364746,0.036447420716285706,0.01612114906311035,-0.03895246982574463,-0.019724369049072266,-0.03958535194396973
1769651244.4230068,full,goal1.png,0.7263414859771729,-0.17472398281097412,-0.2401241958141327,-2.4193575382232666,1.429446816444397,1.326999545097351,2.7550370693206787,-0.22389599680900574,-0.20656104385852814,-2.4059882164001465,1.3958227634429932,1.3084439039230347,2.7223281860351562,-0.049172013998031616,0.03356315195560455,0.013369321823120117,-0.03362405300140381,-0.018555641174316406,-0.03270888328552246
1769651244.5233727,full,goal1.png,0.7338037490844727,-0.19547401368618011,-0.23021863400936127,-2.415722608566284,1.4151188135147095,1.3191840648651123,2.7402849197387695,-0.24959859251976013,-0.19915145635604858,-2.402925968170166,1.3817691802978516,1.2995741367340088,2.7122879028320312,-0.05412457883358002,0.031067177653312683,0.012796640396118164,-0.03334963321685791,-0.019609928131103516,-0.02799701690673828
1769651244.6243277,full,goal1.png,0.7479838132858276,-0.21879880130290985,-0.22194893658161163,-2.412935733795166,1.4013662338256836,1.3107023239135742,2.7270171642303467,-0.27397745847702026,-0.18915167450904846,-2.397766590118408,1.367230772972107,1.2890208959579468,2.7020199298858643,-0.05517865717411041,0.03279726207256317,0.015169143676757812,-0.03413546085357666,-0.02168142795562744,-0.024997234344482422
1769651244.723615,full,goal1.png,0.7467724084854126,-0.24394108355045319,-0.21507269144058228,-2.4096639156341553,1.3864928483963013,1.3015846014022827,2.716445207595825,-0.2959500849246979,-0.1767721176147461,-2.389662981033325,1.352264165878296,1.275305151939392,2.6835336685180664,-0.05200900137424469,0.03830057382583618,0.020000934600830078,-0.03422868251800537,-0.026279449462890625,-0.03291153907775879
1769651244.8289156,full,goal1.png,0.6834526062011719,-0.26708418130874634,-0.20577308535575867,-2.4045448303222656,1.3728615045547485,1.2911338806152344,2.7050249576568604,-0.31549072265625,-0.16690531373023987,-2.3821558952331543,1.3410319089889526,1.2603237628936768,2.6650986671447754,-0.04840654134750366,0.0388677716255188,0.022388935089111328,-0.0318295955657959,-0.030810117721557617,-0.03992629051208496
1769651244.9216223,full,goal1.png,0.7420835494995117,-0.2880764603614807,-0.1943531036376953,-2.398728847503662,1.3587151765823364,1.2792896032333374,2.690091133117676,-0.3336494266986847,-0.15890899300575256,-2.3743534088134766,1.3304814100265503,1.2463701963424683,2.6502952575683594,-0.04557296633720398,0.03544411063194275,0.024375438690185547,-0.028233766555786133,-0.03291940689086914,-0.039795875549316406
1769651245.0198894,full,goal1.png,0.7372047901153564,-0.31049254536628723,-0.18372046947479248,-2.391761541366577,1.3451443910598755,1.2630077600479126,2.6698408126831055,-0.35427922010421753,-0.15044039487838745,-2.3682608604431152,1.3178201913833618,1.2316864728927612,2.639169216156006,-0.0437866747379303,0.03328007459640503,0.023500680923461914,-0.027324199676513672,-0.03132128715515137,-0.03067159652709961
1769651245.1193585,full,goal1.png,0.7275252342224121,-0.3305155038833618,-0.17393633723258972,-2.383946180343628,1.333754539489746,1.248558521270752,2.654240608215332,-0.3757110834121704,-0.13778507709503174,-2.3615660667419434,1.3049049377441406,1.2152280807495117,2.6249442100524902,-0.045195579528808594,0.03615126013755798,0.02238011360168457,-0.02884960174560547,-0.033330440521240234,-0.029296398162841797
1769651245.2204359,full,goal1.png,0.7206693887710571,-0.35150787234306335,-0.16569676995277405,-2.377281904220581,1.3213046789169312,1.234033465385437,2.641169786453247,-0.3965907394886017,-0.1255681812763214,-2.355062246322632,1.2943781614303589,1.199239730834961,2.6124491691589355,-0.04508286714553833,0.04012858867645264,0.02221965789794922,-0.026926517486572266,-0.034793734550476074,-0.028720617294311523
1769651245.3217032,full,goal1.png,0.7082424163818359,-0.3702585697174072,-0.1550644338130951,-2.3707692623138428,1.30985426902771,1.2195388078689575,2.62870454788208,-0.4148663580417633,-0.1165887862443924,-2.348451614379883,1.2869036197662354,1.1849939823150635,2.6009411811828613,-0.04460778832435608,0.0384756475687027,0.02231764793395996,-0.02295064926147461,-0.03454482555389404,-0.02776336669921875
1769651245.4239783,full,goal1.png,0.7547770738601685,-0.3926745653152466,-0.14122094213962555,-2.3648018836975098,1.297707200050354,1.2021209001541138,2.6150429248809814,-0.43436819314956665,-0.11199299991130829,-2.3432774543762207,1.278022050857544,1.1697485446929932,2.591980457305908,-0.04169362783432007,0.02922794222831726,0.021524429321289062,-0.01968514919281006,-0.032372355461120605,-0.023062467575073242
1769651245.5227795,full,goal1.png,0.743647575378418,-0.410698264837265,-0.13152751326560974,-2.35837984085083,1.29043710231781,1.1888682842254639,2.6044859886169434,-0.45433878898620605,-0.10616311430931091,-2.3387503623962402,1.2693390846252441,1.154031753540039,2.5831291675567627,-0.04364052414894104,0.025364398956298828,0.019629478454589844,-0.021098017692565918,-0.034836530685424805,-0.021356821060180664
1769651245.6218266,full,goal1.png,0.7411824464797974,-0.4292369782924652,-0.12555988132953644,-2.3529574871063232,1.282379388809204,1.1739948987960815,2.5953681468963623,-0.4721810221672058,-0.09281593561172485,-2.335092544555664,1.2596486806869507,1.1365602016448975,2.5688791275024414,-0.0429440438747406,0.032743945717811584,0.01786494255065918,-0.022730708122253418,-0.03743469715118408,-0.0264890193939209
1769651245.7215996,full,goal1.png,0.7427955865859985,-0.45074424147605896,-0.11883505433797836,-2.347717046737671,1.271868109703064,1.1570465564727783,2.5837814807891846,-0.4881856441497803,-0.07638594508171082,-2.3318381309509277,1.2487587928771973,1.1173875331878662,2.549964189529419,-0.037441402673721313,0.04244910925626755,0.015878915786743164,-0.0231093168258667,-0.03965902328491211,-0.033817291259765625
1769651245.8210053,full,goal1.png,0.7217745780944824,-0.4673139452934265,-0.1087176650762558,-2.3444457054138184,1.2635681629180908,1.1409008502960205,2.571301221847534,-0.5056270956993103,-0.06441698968410492,-2.3294906616210938,1.2390871047973633,1.098461389541626,2.5366828441619873,-0.03831315040588379,0.04430067539215088,0.01495504379272461,-0.02448105812072754,-0.04243946075439453,-0.034618377685546875
1769651245.9210021,full,goal1.png,0.7342656850814819,-0.483792781829834,-0.09305661916732788,-2.3416588306427,1.2529962062835693,1.122756004333496,2.554913282394409,-0.524671196937561,-0.05728432163596153,-2.329310655593872,1.2298259735107422,1.079534888267517,2.5288643836975098,-0.04087841510772705,0.03577229753136635,0.012348175048828125,-0.02317023277282715,-0.043221116065979004,-0.026048898696899414
1769651246.020648,full,goal1.png,0.7182608842849731,-0.5032705068588257,-0.0793951228260994,-2.339810848236084,1.241909384727478,1.102278709411621,2.5408880710601807,-0.5442522764205933,-0.05155991017818451,-2.3298704624176025,1.2230337858200073,1.0591671466827393,2.5213065147399902,-0.04098176956176758,0.027835212647914886,0.009940385818481445,-0.018875598907470703,-0.043111562728881836,-0.01958155632019043
1769651246.122807,full,goal1.png,0.7166306972503662,-0.5217183232307434,-0.07127668708562851,-2.3390233516693115,1.2335790395736694,1.0829675197601318,2.5319974422454834,-0.561882495880127,-0.04623683542013168,-2.3297529220581055,1.2193543910980225,1.039207935333252,2.5141594409942627,-0.040164172649383545,0.025039851665496826,0.009270429611206055,-0.014224648475646973,-0.04375958442687988,-0.017838001251220703
1769651246.2236726,full,goal1.png,0.7349146604537964,-0.5398631691932678,-0.06470341235399246,-2.3389627933502197,1.226975440979004,1.064943790435791,2.5237884521484375,-0.5793548822402954,-0.03643214330077171,-2.327423334121704,1.2131119966506958,1.0162123441696167,2.5034613609313965,-0.03949171304702759,0.02827126905322075,0.011539459228515625,-0.013863444328308105,-0.048731446266174316,-0.020327091217041016
1769651246.3229685,full,goal1.png,0.7376980781555176,-0.5570690035820007,-0.05849353224039078,-2.338871955871582,1.2217652797698975,1.0447694063186646,2.516730308532715,-0.5961946249008179,-0.02253640815615654,-2.3228602409362793,1.2036519050598145,0.9900038242340088,2.4882302284240723,-0.03912562131881714,0.03595712408423424,0.016011714935302734,-0.018113374710083008,-0.05476558208465576,-0.028500080108642578
1769651246.4232187,full,goal1.png,0.7432929277420044,-0.5762740969657898,-0.04964831471443176,-2.336902618408203,1.2142831087112427,1.0197027921676636,2.503931999206543,-0.614465057849884,-0.007800154387950897,-2.3185653686523438,1.1922681331634521,0.9604872465133667,2.4693045616149902,-0.03819096088409424,0.041848160326480865,0.018337249755859375,-0.022014975547790527,-0.059215545654296875,-0.034627437591552734
1769651246.5219204,full,goal1.png,0.7210590839385986,-0.5925711393356323,-0.036895595490932465,-2.333176851272583,1.2068313360214233,0.996574878692627,2.4915273189544678,-0.6349004507064819,0.002517547458410263,-2.318549156188965,1.1812219619750977,0.9337694644927979,2.453439712524414,-0.04232931137084961,0.03941314294934273,0.014627695083618164,-0.025609374046325684,-0.0628054141998291,-0.03808760643005371
1769651246.620348,full,goal1.png,0.72225022315979,-0.6099284291267395,-0.023112665861845016,-2.3296024799346924,1.1964107751846313,0.9682822227478027,2.4739580154418945,-0.6542699337005615,0.009705159813165665,-2.3183951377868652,1.1740400791168213,0.9086322784423828,2.443004846572876,-0.04434150457382202,0.03281782567501068,0.011207342147827148,-0.02237069606781006,-0.05964994430541992,-0.030953168869018555
1769651246.7211542,full,goal1.png,0.7262979745864868,-0.6317992806434631,-0.010692903771996498,-2.32845139503479,1.1851119995117188,0.9389292597770691,2.457085371017456,-0.6725817918777466,0.016086412593722343,-2.317988395690918,1.169998049736023,0.8829147815704346,2.4334933757781982,-0.04078251123428345,0.02677931636571884,0.01046299934387207,-0.0151139497756958,-0.05601447820663452,-0.023591995239257812
1769651246.82136,full,goal1.png,0.7264267206192017,-0.6510346531867981,-0.0020899479277431965,-2.3279669284820557,1.1779327392578125,0.9134991765022278,2.4460136890411377,-0.6893316507339478,0.022423166781663895,-2.3156704902648926,1.1675446033477783,0.8575899600982666,2.424574136734009,-0.03829699754714966,0.024513114243745804,0.012296438217163086,-0.01038813591003418,-0.05590921640396118,-0.021439552307128906
1769651246.9224665,full,goal1.png,0.7130910158157349,-0.6679072380065918,0.004786149598658085,-2.3273003101348877,1.1732678413391113,0.8898411989212036,2.4365627765655518,-0.7068366408348083,0.02864542230963707,-2.31306791305542,1.164327621459961,0.8336970806121826,2.413175106048584,-0.03892940282821655,0.02385927364230156,0.014232397079467773,-0.00894021987915039,-0.056144118309020996,-0.023387670516967773
1769651247.027423,full,goal1.png,0.7354981303215027,-0.6869608759880066,0.011814111843705177,-2.325331211090088,1.1691480875015259,0.8622452020645142,2.425384998321533,-0.723364531993866,0.03178850933909416,-2.3127498626708984,1.161043643951416,0.8146642446517944,2.4046621322631836,-0.036403656005859375,0.019974397495388985,0.012581348419189453,-0.008104443550109863,-0.04758095741271973,-0.02072286605834961
1769651247.1224785,full,goal1.png,0.7280564308166504,-0.7025915384292603,0.017811864614486694,-2.3232107162475586,1.1657553911209106,0.8402987122535706,2.4163124561309814,-0.7427144646644592,0.03077041730284691,-2.313810110092163,1.1557066440582275,0.7961205840110779,2.396623134613037,-0.040122926235198975,0.012958552688360214,0.009400606155395508,-0.010048747062683105,-0.044178128242492676,-0.019689321517944336
1769651247.2235727,full,goal1.png,0.7277700901031494,-0.7194338440895081,0.021628670394420624,-2.3223323822021484,1.1621204614639282,0.8211238980293274,2.407588481903076,-0.7622002363204956,0.03219112753868103,-2.315028429031372,1.1505504846572876,0.775504469871521,2.39027738571167,-0.04276639223098755,0.010562457144260406,0.007303953170776367,-0.011569976806640625,-0.045619428157806396,-0.01731109619140625
1769651247.321874,full,goal1.png,0.7544814348220825,-0.7383966445922852,0.022083058953285217,-2.322514057159424,1.157788634300232,0.8018127083778381,2.3993642330169678,-0.781644344329834,0.03726722300052643,-2.3128600120544434,1.1441435813903809,0.7527649998664856,2.3805882930755615,-0.04324769973754883,0.015184164047241211,0.009654045104980469,-0.013645052909851074,-0.04904770851135254,-0.01877593994140625
1769651247.421173,full,goal1.png,0.7371907234191895,-0.7591466307640076,0.022991837933659554,-2.322726249694824,1.1523361206054688,0.7789726257324219,2.3912458419799805,-0.7988221645355225,0.04443424940109253,-2.3055613040924072,1.137769341468811,0.7289240956306458,2.367246627807617,-0.03967553377151489,0.021442411467432976,0.017164945602416992,-0.014566779136657715,-0.05004853010177612,-0.02399921417236328
1769651247.5206964,full,goal1.png,0.7455531358718872,-0.7782608270645142,0.027293164283037186,-2.3213326930999756,1.1466715335845947,0.7567838430404663,2.3812949657440186,-0.8143963813781738,0.049022458493709564,-2.2936644554138184,1.1300294399261475,0.7053092122077942,2.352663516998291,-0.03613555431365967,0.02172929421067238,0.027668237686157227,-0.016642093658447266,-0.05147463083267212,-0.02863144874572754
1769651247.622913,full,goal1.png,0.7403762340545654,-0.7944366931915283,0.033745307475328445,-2.3163952827453613,1.1405525207519531,0.7350190877914429,2.3703746795654297,-0.8294671177864075,0.05136517435312271,-2.2812180519104004,1.1217867136001587,0.682985246181488,2.3409531116485596,-0.03503042459487915,0.017619866877794266,0.03517723083496094,-0.018765807151794434,-0.052033841609954834,-0.029421567916870117
1769651247.722193,full,goal1.png,0.7578062415122986,-0.8112790584564209,0.039349235594272614,-2.306368589401245,1.1321313381195068,0.7102251052856445,2.355577230453491,-0.8425308465957642,0.05124518275260925,-2.2714412212371826,1.1152483224868774,0.6624364256858826,2.3325324058532715,-0.03125178813934326,0.01189594715833664,0.0349273681640625,-0.016883015632629395,-0.04778867959976196,-0.023044824600219727
1769651247.8232925,full,goal1.png,0.7527573108673096,-0.8265159130096436,0.04213613271713257,-2.294403314590454,1.125133991241455,0.6874303221702576,2.3442327976226807,-0.8568925857543945,0.05205370485782623,-2.266559362411499,1.1125017404556274,0.6426436901092529,2.3271989822387695,-0.030376672744750977,0.009917572140693665,0.027843952178955078,-0.012632250785827637,-0.04478663206100464,-0.017033815383911133
1769651247.9238281,full,goal1.png,0.7334699630737305,-0.838996171951294,0.04289364814758301,-2.2863457202911377,1.118802785873413,0.6684070229530334,2.3354482650756836,-0.8710470199584961,0.05108072608709335,-2.2635741233825684,1.1131125688552856,0.6227241158485413,2.3258557319641113,-0.03205084800720215,0.008187077939510345,0.022771596908569336,-0.005690217018127441,-0.04568290710449219,-0.009592533111572266
1769651248.0230482,full,goal1.png,0.7346513271331787,-0.8544450998306274,0.043438736349344254,-2.280165910720825,1.1149559020996094,0.6465210914611816,2.3299803733825684,-0.8862192630767822,0.04907996207475662,-2.259026527404785,1.114943504333496,0.6008777618408203,2.322702407836914,-0.031774163246154785,0.005641225725412369,0.02113938331604004,-1.239776611328125e-05,-0.04564332962036133,-0.007277965545654297
1769651248.1215053,full,goal1.png,0.7376354932785034,-0.8688640594482422,0.043317604809999466,-2.275167942047119,1.1145014762878418,0.6263617873191833,2.3263907432556152,-0.9016554355621338,0.04724578931927681,-2.253690481185913,1.1150457859039307,0.5794352889060974,2.317908763885498,-0.0327913761138916,0.003928184509277344,0.021477460861206055,0.0005443096160888672,-0.04692649841308594,-0.008481979370117188
1769651248.22199,full,goal1.png,0.7633262872695923,-0.8839797377586365,0.042166568338871,-2.270533323287964,1.1149559020996094,0.6047484874725342,2.323498010635376,-0.9166869521141052,0.044268734753131866,-2.2475428581237793,1.1147345304489136,0.5602100491523743,2.3104970455169678,-0.03270721435546875,0.0021021664142608643,0.02299046516418457,-0.00022137165069580078,-0.04453843832015991,-0.013000965118408203
1769651248.3214853,full,goal1.png,0.7615749835968018,-0.8978837132453918,0.04074283689260483,-2.2655351161956787,1.1151375770568848,0.5854979157447815,2.318575620651245,-0.9306720495223999,0.04070198908448219,-2.240344524383545,1.1127631664276123,0.5433224439620972,2.3038082122802734,-0.03278833627700806,-4.084780812263489e-05,0.02519059181213379,-0.002374410629272461,-0.042175471782684326,-0.01476740837097168
1769651248.4212253,full,goal1.png,0.7612886428833008,-0.9141202569007874,0.038137633353471756,-2.2599005699157715,1.1149559020996094,0.5643844604492188,2.311638593673706,-0.9440015554428101,0.03603740781545639,-2.23358154296875,1.1102056503295898,0.5285135507583618,2.2978997230529785,-0.029881298542022705,-0.0021002255380153656,0.026319026947021484,-0.004750251770019531,-0.035870909690856934,-0.013738870620727539
1769651248.5229464,full,goal1.png,0.7717975974082947,-0.9280242323875427,0.034532953053712845,-2.253539562225342,1.1137138605117798,0.5476330518722534,2.3052773475646973,-0.9559131860733032,0.030307302251458168,-2.225428581237793,1.1075439453125,0.5132256150245667,2.2925901412963867,-0.027888953685760498,-0.004225650802254677,0.028110980987548828,-0.006169915199279785,-0.03440743684768677,-0.012687206268310547
1769651248.6226618,full,goal1.png,0.7709929943084717,-0.940322756767273,0.03017106093466282,-2.2466025352478027,1.1112298965454102,0.5333958268165588,2.300279140472412,-0.9651165008544922,0.022176606580615044,-2.216207981109619,1.1048357486724854,0.4980883002281189,2.2896840572357178,-0.02479374408721924,-0.007994454354047775,0.030394554138183594,-0.006394147872924805,-0.03530752658843994,-0.010595083236694336
1769651248.7222843,full,goal1.png,0.762910008430481,-0.9534997344017029,0.023688487708568573,-2.2381510734558105,1.1082007884979248,0.5166897773742676,2.2939937114715576,-0.9734913110733032,0.011542505584657192,-2.204805612564087,1.102405309677124,0.48389506340026855,2.2875852584838867,-0.019991576671600342,-0.01214598212391138,0.03334546089172363,-0.005795478820800781,-0.03279471397399902,-0.0064084529876708984
1769651248.8220706,full,goal1.png,0.7563226222991943,-0.9627993702888489,0.016206437721848488,-2.2293663024902344,1.1058682203292847,0.501589298248291,2.2907068729400635,-0.9835244417190552,0.0007643159478902817,-2.1926815509796143,1.0993294715881348,0.4724852442741394,2.2866735458374023,-0.0207250714302063,-0.015442121773958206,0.03668475151062012,-0.006538748741149902,-0.02910405397415161,-0.004033327102661133
1769651248.9210851,full,goal1.png,0.7580475807189941,-0.9720081686973572,0.006603705231100321,-2.218188762664795,1.103535771369934,0.4873368442058563,2.288813591003418,-0.9952349066734314,-0.007181771565228701,-2.180882692337036,1.0950945615768433,0.4599543809890747,2.2834906578063965,-0.02322673797607422,-0.013785476796329021,0.03730607032775879,-0.00844120979309082,-0.027382463216781616,-0.005322933197021484
1769651249.0207624,full,goal1.png,0.7603878974914551,-0.9822468161582947,-0.0049072797410190105,-2.205587148666382,1.100567102432251,0.47502321004867554,2.286526679992676,-1.00634765625,-0.01372925378382206,-2.1708993911743164,1.090022325515747,0.44765543937683105,2.2796621322631836,-0.024100840091705322,-0.008821973577141762,0.03468775749206543,-0.010544776916503906,-0.027367770671844482,-0.0068645477294921875
1769651249.1199574,full,goal1.png,0.7605228424072266,-0.9932125210762024,-0.013509934768080711,-2.195439338684082,1.0968714952468872,0.46277013421058655,2.2843000888824463,-1.0163977146148682,-0.02143312245607376,-2.161363124847412,1.0856199264526367,0.4338637888431549,2.275907516479492,-0.02318519353866577,-0.00792318768799305,0.03407621383666992,-0.011251568794250488,-0.02890634536743164,-0.008392572402954102
1769651249.2213485,full,goal1.png,0.7744895219802856,-1.0040570497512817,-0.021052850410342216,-2.1842615604400635,1.0924185514450073,0.4502747058868408,2.2800440788269043,-1.0248584747314453,-0.032303810119628906,-2.149554491043091,1.079784631729126,0.42047521471977234,2.2755751609802246,-0.020801424980163574,-0.01125095970928669,0.034707069396972656,-0.012633919715881348,-0.02979949116706848,-0.0044689178466796875
1769651249.3225238,full,goal1.png,0.7733245491981506,-1.0136898756027222,-0.029170984402298927,-2.174931764602661,1.087965726852417,0.43838512897491455,2.277181625366211,-1.0315361022949219,-0.045706212520599365,-2.1379833221435547,1.071710228919983,0.4106934666633606,2.2809247970581055,-0.017846226692199707,-0.016535228118300438,0.036948442459106445,-0.016255497932434082,-0.027691662311553955,0.0037431716918945312
1769651249.422327,full,goal1.png,0.7684599161148071,-1.0228986740112305,-0.03943993151187897,-2.162996768951416,1.0812106132507324,0.4240115284919739,2.2778632640838623,-1.0372525453567505,-0.060994796454906464,-2.1266727447509766,1.0646781921386719,0.4029023051261902,2.288788318634033,-0.01435387134552002,-0.021554864943027496,0.03632402420043945,-0.016532421112060547,-0.02110922336578369,0.010925054550170898
1769651249.521667,full,goal1.png,0.7785229682922363,-1.0292901992797852,-0.05231408402323723,-2.151304006576538,1.0741221904754639,0.4147270619869232,2.281816244125366,-1.0427066087722778,-0.07938522100448608,-2.114792823791504,1.0596232414245605,0.397171288728714,2.2981410026550293,-0.013416409492492676,-0.027071136981248856,0.03651118278503418,-0.01449894905090332,-0.01755577325820923,0.016324758529663086
1769651249.6213613,full,goal1.png,0.7755670547485352,-1.0358636379241943,-0.06821739673614502,-2.1413381099700928,1.0675185918807983,0.4058060944080353,2.288919687271118,-1.0502161979675293,-0.09732936322689056,-2.1039130687713623,1.0580723285675049,0.39087381958961487,2.303884744644165,-0.014352560043334961,-0.029111966490745544,0.03742504119873047,-0.009446263313293457,-0.01493227481842041,0.014965057373046875
1769651249.7219188,full,goal1.png,0.7482929229736328,-1.0423157215118408,-0.08584725856781006,-2.1274642944335938,1.0622174739837646,0.3989601135253906,2.2963109016418457,-1.0577325820922852,-0.11442751437425613,-2.093294858932495,1.057178020477295,0.3845297396183014,2.3075077533721924,-0.015416860580444336,-0.028580255806446075,0.03416943550109863,-0.0050394535064697266,-0.014430373907089233,0.01119685173034668
1769651249.820981,full,goal1.png,0.7220836281776428,-1.048737645149231,-0.10250778496265411,-2.1177103519439697,1.0596730709075928,0.3925079107284546,2.302793502807617,-1.0662709474563599,-0.12886245548725128,-2.0837643146514893,1.0525400638580322,0.3748645484447479,2.305542469024658,-0.017533302307128906,-0.026354670524597168,0.03394603729248047,-0.007133007049560547,-0.017643362283706665,0.0027489662170410156
1769651249.9216828,full,goal1.png,0.7811768054962158,-1.0561895370483398,-0.12074360996484756,-2.1067750453948975,1.0575828552246094,0.3866010010242462,2.3060953617095947,-1.0717885494232178,-0.14380332827568054,-2.074573040008545,1.0452289581298828,0.36724844574928284,2.308002471923828,-0.01559901237487793,-0.023059718310832977,0.03220200538635254,-0.012353897094726562,-0.01935255527496338,0.0019071102142333984
1769651250.0218718,full,goal1.png,0.7844215631484985,-1.0639139413833618,-0.13658635318279266,-2.0975661277770996,1.053584337234497,0.37810415029525757,2.306110382080078,-1.076026201248169,-0.1586761176586151,-2.0655622482299805,1.038379430770874,0.36000511050224304,2.3107049465179443,-0.012112259864807129,-0.02208976447582245,0.03200387954711914,-0.015204906463623047,-0.018099039793014526,0.004594564437866211
1769651250.1215236,full,goal1.png,0.7937495708465576,-1.0704569816589355,-0.15200483798980713,-2.0881452560424805,1.0472229719161987,0.3695012331008911,2.308291435241699,-1.079781413078308,-0.17490538954734802,-2.0570201873779297,1.0325700044631958,0.35643094778060913,2.3148388862609863,-0.009324431419372559,-0.022900551557540894,0.03112506866455078,-0.01465296745300293,-0.013070285320281982,0.006547451019287109
1769651250.2228584,full,goal1.png,0.7804030179977417,-1.0744554996490479,-0.16845354437828064,-2.0781188011169434,1.041134238243103,0.3633367419242859,2.3108813762664795,-1.0847736597061157,-0.19184187054634094,-2.0479109287261963,1.0234363079071045,0.35615259408950806,2.318664073944092,-0.010318160057067871,-0.023388326168060303,0.03020787239074707,-0.017697930335998535,-0.007184147834777832,0.007782697677612305
1769651250.3229141,full,goal1.png,0.8037052154541016,-1.0784237384796143,-0.1843264102935791,-2.069455146789551,1.0354394912719727,0.35921710729599,2.3143043518066406,-1.0911251306533813,-0.2104802131652832,-2.0364394187927246,1.0127785205841064,0.35552191734313965,2.3230652809143066,-0.01270139217376709,-0.0261538028717041,0.03301572799682617,-0.02266097068786621,-0.003695189952850342,0.008760929107666016
1769651250.4222555,full,goal1.png,0.8045740127563477,-1.0837551355361938,-0.20141088962554932,-2.060822010040283,1.0251097679138184,0.35665738582611084,2.3180150985717773,-1.0982427597045898,-0.22957979142665863,-2.0230488777160645,1.0036733150482178,0.3521486520767212,2.326322078704834,-0.014487624168395996,-0.028168901801109314,0.03777313232421875,-0.021436452865600586,-0.0045087337493896484,0.00830698013305664
1769651250.5200548,full,goal1.png,0.8186365962028503,-1.0903284549713135,-0.21952559053897858,-2.0490989685058594,1.015628457069397,0.3551580011844635,2.3215138912200928,-1.1049046516418457,-0.24937325716018677,-2.010845899581909,0.9962995648384094,0.3483649492263794,2.3330330848693848,-0.014576196670532227,-0.02984766662120819,0.038253068923950195,-0.01932889223098755,-0.0067930519580841064,0.011519193649291992
1769651250.6192272,full,goal1.png,0.8181955814361572,-1.0969927310943604,-0.23812495172023773,-2.036588430404663,1.007086157798767,0.3527497947216034,2.325406312942505,-1.1087039709091187,-0.27027350664138794,-1.997687816619873,0.9900321960449219,0.34621462225914,2.339057207107544,-0.0117112398147583,-0.03214855492115021,0.03890061378479004,-0.017053961753845215,-0.006535172462463379,0.013650894165039062
1769651250.7214198,full,goal1.png,0.8235492706298828,-1.1031723022460938,-0.2606015205383301,-2.022745132446289,0.9981803297996521,0.3489481210708618,2.3320858478546143,-1.1110608577728271,-0.29105615615844727,-1.9852509498596191,0.9837868213653564,0.3479498028755188,2.345245361328125,-0.007888555526733398,-0.030454635620117188,0.03749418258666992,-0.014393508434295654,-0.0009983181953430176,0.013159513473510742
1769651250.8217933,full,goal1.png,0.8245630860328674,-1.1069284677505493,-0.28195735812187195,-2.0105373859405518,0.992303729057312,0.3470548689365387,2.3378865718841553,-1.1133918762207031,-0.310678631067276,-1.9743616580963135,0.9756244421005249,0.35034894943237305,2.3516147136688232,-0.006463408470153809,-0.028721272945404053,0.03617572784423828,-0.01667928695678711,0.0032940804958343506,0.013728141784667969
1769651250.921453,full,goal1.png,0.8266658186912537,-1.1099576950073242,-0.30270737409591675,-1.9994202852249146,0.9859727025032043,0.348614901304245,2.3440208435058594,-1.118220329284668,-0.32846134901046753,-1.9647588729858398,0.9662707448005676,0.3514053225517273,2.35736083984375,-0.00826263427734375,-0.02575397491455078,0.03466141223907471,-0.01970195770263672,0.0027904212474823,0.013339996337890625
1769651251.0255432,full,goal1.png,0.8275071382522583,-1.1125930547714233,-0.32282117009162903,-1.9866975545883179,0.9779452681541443,0.35049304366111755,2.3499579429626465,-1.1256357431411743,-0.3456798195838928,-1.953622817993164,0.9550068378448486,0.35000407695770264,2.363422155380249,-0.013042688369750977,-0.022858649492263794,0.03307473659515381,-0.022938430309295654,-0.000488966703414917,0.013464212417602539
1769651251.1235557,full,goal1.png,0.8464770317077637,-1.1177427768707275,-0.34214746952056885,-1.9771254062652588,0.9676763415336609,0.351053386926651,2.3560919761657715,-1.1343650817871094,-0.3634534776210785,-1.9390113353729248,0.9406911134719849,0.34541743993759155,2.370203733444214,-0.016622304916381836,-0.021306008100509644,0.038114070892333984,-0.026985228061676025,-0.005635946989059448,0.014111757278442383
1769651251.2218583,full,goal1.png,0.8415708541870117,-1.1244069337844849,-0.35686931014060974,-1.9640392065048218,0.9575890898704529,0.3494327962398529,2.3623170852661133,-1.1430246829986572,-0.3809078335762024,-1.9260447025299072,0.9255671501159668,0.3421497344970703,2.3825223445892334,-0.018617749214172363,-0.02403852343559265,0.03799450397491455,-0.032021939754486084,-0.007283061742782593,0.020205259323120117
1769651251.320517,full,goal1.png,0.8309506177902222,-1.132888674736023,-0.3747718632221222,-1.9530432224273682,0.944169819355011,0.3460249602794647,2.3699960708618164,-1.1516482830047607,-0.39737236499786377,-1.9144291877746582,0.9111665487289429,0.34026962518692017,2.3934781551361084,-0.018759608268737793,-0.022600501775741577,0.03861403465270996,-0.033003270626068115,-0.005755335092544556,0.023482084274291992
1769651251.420428,full,goal1.png,0.8446890711784363,-1.142006516456604,-0.39721816778182983,-1.9372612237930298,0.9282968044281006,0.3433592617511749,2.381416082382202,-1.1605751514434814,-0.41392314434051514,-1.9027388095855713,0.8940787315368652,0.33880919218063354,2.403743028640747,-0.01856863498687744,-0.016704976558685303,0.034522414207458496,-0.03421807289123535,-0.004550069570541382,0.022326946258544922
1769651251.5230258,full,goal1.png,0.8440139889717102,-1.1503368616104126,-0.4137272834777832,-1.9269012212753296,0.9136961102485657,0.340738981962204,2.3918213844299316,-1.1728296279907227,-0.4289973974227905,-1.8908966779708862,0.871844470500946,0.3344365954399109,2.4094724655151367,-0.02249276638031006,-0.015270113945007324,0.03600454330444336,-0.04185163974761963,-0.006302386522293091,0.017651081085205078
1769651251.619821,full,goal1.png,0.8447745442390442,-1.15933358669281,-0.4287218153476715,-1.915269136428833,0.8978533148765564,0.338800311088562,2.400575876235962,-1.1841593980789185,-0.4440372586250305,-1.8798868656158447,0.8468735218048096,0.33039936423301697,2.4182417392730713,-0.0248258113861084,-0.015315443277359009,0.03538227081298828,-0.050979793071746826,-0.008400946855545044,0.017665863037109375
1769651251.7192686,full,goal1.png,0.8469065427780151,-1.1712080240249634,-0.44838136434555054,-1.9026070833206177,0.8738924860954285,0.33448371291160583,2.4090726375579834,-1.1942696571350098,-0.4587936997413635,-1.8696930408477783,0.8251168727874756,0.3262215554714203,2.4275057315826416,-0.023061633110046387,-0.010412335395812988,0.032914042472839355,-0.04877561330795288,-0.008262157440185547,0.018433094024658203
1769651251.824708,full,goal1.png,0.8562782406806946,-1.1826887130737305,-0.46286094188690186,-1.8920655250549316,0.8510523438453674,0.3308486342430115,2.4172515869140625,-1.2042343616485596,-0.4755159616470337,-1.859692096710205,0.8068112730979919,0.3211502432823181,2.4388914108276367,-0.0215456485748291,-0.012655019760131836,0.03237342834472656,-0.04424107074737549,-0.00969839096069336,0.02163982391357422
1769651251.925524,full,goal1.png,0.8649430274963379,-1.1926850080490112,-0.47585606575012207,-1.8808574676513672,0.830090343952179,0.32674410939216614,2.4265663623809814,-1.214629888534546,-0.4936861991882324,-1.8475017547607422,0.7882444262504578,0.3144868314266205,2.451988458633423,-0.021944880485534668,-0.01783013343811035,0.033355712890625,-0.04184591770172119,-0.012257277965545654,0.025422096252441406
1769651252.0227249,full,goal1.png,0.8528339266777039,-1.2014696598052979,-0.4902145266532898,-1.8723455667495728,0.8135509490966797,0.32236698269844055,2.436335563659668,-1.2247987985610962,-0.512609601020813,-1.8348605632781982,0.7721751928329468,0.3094993829727173,2.467543125152588,-0.02332913875579834,-0.022395074367523193,0.03748500347137451,-0.04137575626373291,-0.012867599725723267,0.031207561492919922
1769651252.1208935,full,goal1.png,0.8712136745452881,-1.2124656438827515,-0.5100557804107666,-1.8601984977722168,0.7933461666107178,0.315324068069458,2.4505574703216553,-1.2344156503677368,-0.530464231967926,-1.8213763236999512,0.7565675973892212,0.3037298023700714,2.4826385974884033,-0.02195000648498535,-0.020408451557159424,0.038822174072265625,-0.03677856922149658,-0.011594265699386597,0.03208112716674805
1769651252.2196121,full,goal1.png,0.8769822716712952,-1.2226134538650513,-0.5297757387161255,-1.8465670347213745,0.7759888172149658,0.3100835680961609,2.4647340774536133,-1.2426297664642334,-0.5494791865348816,-1.8089238405227661,0.7389627695083618,0.3039013147354126,2.50441312789917,-0.02001631259918213,-0.019703447818756104,0.0376431941986084,-0.037026047706604004,-0.006182253360748291,0.03967905044555664
1769651252.3193061,full,goal1.png,0.8788695931434631,-1.2327309846878052,-0.5492838621139526,-1.8340867757797241,0.7608125805854797,0.3062516450881958,2.4808948040008545,-1.2493183612823486,-0.5701488256454468,-1.7947077751159668,0.7180573344230652,0.30808722972869873,2.5295355319976807,-0.016587376594543457,-0.02086496353149414,0.039379000663757324,-0.04275524616241455,0.0018355846405029297,0.04864072799682617
1769651252.4191754,full,goal1.png,0.8869433403015137,-1.241303563117981,-0.5699428915977478,-1.819304347038269,0.7404564023017883,0.3056609034538269,2.5038108825683594,-1.254189372062683,-0.5921794176101685,-1.7787561416625977,0.6965634822845459,0.3145277202129364,2.553469657897949,-0.012885808944702148,-0.022236526012420654,0.04054820537567139,-0.04389292001724243,0.008866816759109497,0.049658775329589844
1769651252.5218775,full,goal1.png,0.8923336267471313,-1.2481192350387573,-0.5905718207359314,-1.805733561515808,0.720069944858551,0.3085841238498688,2.5279383659362793,-1.258681058883667,-0.615376889705658,-1.760735034942627,0.6762510538101196,0.31940245628356934,2.5737924575805664,-0.010561823844909668,-0.024805068969726562,0.04499852657318115,-0.043818891048431396,0.010818332433700562,0.04585409164428711
1769651252.6228962,full,goal1.png,0.8903264999389648,-1.2527236938476562,-0.61117023229599,-1.7902846336364746,0.7015615701675415,0.3143395781517029,2.5486881732940674,-1.262690782546997,-0.6383330821990967,-1.7404131889343262,0.6581008434295654,0.3203921914100647,2.58636474609375,-0.00996708869934082,-0.02716284990310669,0.04987144470214844,-0.043460726737976074,0.006052613258361816,0.03767657279968262
1769651252.7229407,full,goal1.png,0.8974152207374573,-1.2575098276138306,-0.6314659118652344,-1.7721699476242065,0.6814477443695068,0.3175201714038849,2.5685296058654785,-1.2672901153564453,-0.6592072248458862,-1.7189359664916992,0.6395186185836792,0.31686753034591675,2.594169855117798,-0.009780287742614746,-0.027741312980651855,0.053233981132507324,-0.04192912578582764,-0.0006526410579681396,0.025640249252319336
1769651252.824169,full,goal1.png,0.8842268586158752,-1.2621747255325317,-0.6566990613937378,-1.753449559211731,0.6619699001312256,0.3194740414619446,2.5822367668151855,-1.2717809677124023,-0.6798732280731201,-1.6975650787353516,0.6209316253662109,0.3132811486721039,2.601869583129883,-0.009606242179870605,-0.023174166679382324,0.055884480476379395,-0.04103827476501465,-0.006192892789840698,0.019632816314697266
1769651252.921848,full,goal1.png,0.8831459283828735,-1.2659308910369873,-0.6807507872581482,-1.7326692342758179,0.6440067887306213,0.3163236379623413,2.5920815467834473,-1.2759482860565186,-0.7016536593437195,-1.674471139907837,0.6027719378471375,0.3120214343070984,2.6131789684295654,-0.01001739501953125,-0.02090287208557129,0.05819809436798096,-0.04123485088348389,-0.00430220365524292,0.021097421646118164
1769651253.019305,full,goal1.png,0.892447829246521,-1.2700506448745728,-0.700592041015625,-1.711071252822876,0.6258922219276428,0.3140820562839508,2.6001996994018555,-1.2804616689682007,-0.722859263420105,-1.6523568630218506,0.5848404169082642,0.31356680393218994,2.627106189727783,-0.01041102409362793,-0.02226722240447998,0.05871438980102539,-0.04105180501937866,-0.0005152523517608643,0.026906490325927734
1769651253.119063,full,goal1.png,0.8914680480957031,-1.2753517627716064,-0.7237654328346252,-1.6853835582733154,0.605657160282135,0.3125523626804352,2.6129374504089355,-1.2849599123001099,-0.7442253232002258,-1.6296521425247192,0.5673195719718933,0.3143711984157562,2.6413047313690186,-0.009608149528503418,-0.020459890365600586,0.05573141574859619,-0.0383375883102417,0.001818835735321045,0.028367280960083008
1769651253.220923,full,goal1.png,0.8937732577323914,-1.2803195714950562,-0.7438186407089233,-1.6647547483444214,0.587633490562439,0.31379434466362,2.625781297683716,-1.288981318473816,-0.76613849401474,-1.6068710088729858,0.5507115125656128,0.3136264979839325,2.6550416946411133,-0.008661746978759766,-0.02231985330581665,0.05788373947143555,-0.03692197799682617,-0.0001678466796875,0.02926039695739746
1769651253.322158,full,goal1.png,0.8939460515975952,-1.2846513986587524,-0.7633571028709412,-1.6422780752182007,0.5717303156852722,0.3139912188053131,2.6395187377929688,-1.2922887802124023,-0.7878468632698059,-1.583802342414856,0.5352495908737183,0.3132804036140442,2.666574001312256,-0.007637381553649902,-0.024489760398864746,0.05847573280334473,-0.036480724811553955,-0.0007108151912689209,0.02705526351928711
1769651253.4216805,full,goal1.png,0.8902547955513,-1.2881954908370972,-0.7858336567878723,-1.62089204788208,0.5547365546226501,0.31367313861846924,2.6517415046691895,-1.2957028150558472,-0.8088244199752808,-1.5614736080169678,0.5202852487564087,0.314860463142395,2.678110361099243,-0.00750732421875,-0.022990763187408447,0.059418439865112305,-0.034451305866241455,0.0011873245239257812,0.02636885643005371
1769651253.5247293,full,goal1.png,0.8895283937454224,-1.2914973497390747,-0.813247799873352,-1.5975369215011597,0.5391663312911987,0.31379425525665283,2.664797306060791,-1.2984333038330078,-0.8300449252128601,-1.538092851638794,0.5064054727554321,0.3166099786758423,2.6904690265655518,-0.0069359540939331055,-0.016797125339508057,0.05944406986236572,-0.0327608585357666,0.002815723419189453,0.025671720504760742
1769651253.6209033,full,goal1.png,0.8810057640075684,-1.2943447828292847,-0.8343008160591125,-1.5753631591796875,0.5240203738212585,0.3151574730873108,2.6756417751312256,-1.300121545791626,-0.8523237705230713,-1.5144069194793701,0.4949759244918823,0.3192308843135834,2.703339099884033,-0.005776762962341309,-0.01802295446395874,0.06095623970031738,-0.02904444932937622,0.004073411226272583,0.027697324752807617
1769651253.719282,full,goal1.png,0.8881626129150391,-1.2972527742385864,-0.8543237447738647,-1.5514931678771973,0.5112069249153137,0.3164750933647156,2.688318967819214,-1.3017125129699707,-0.875662088394165,-1.4895844459533691,0.4849212169647217,0.320647269487381,2.716533660888672,-0.004459738731384277,-0.021338343620300293,0.061908721923828125,-0.02628570795059204,0.004172176122665405,0.028214693069458008
1769651253.8201385,full,goal1.png,0.881338357925415,-1.2997972965240479,-0.876467227935791,-1.5267446041107178,0.4971514940261841,0.31871670484542847,2.701798915863037,-1.3043808937072754,-0.8987933397293091,-1.463783621788025,0.4746151566505432,0.32181015610694885,2.7299742698669434,-0.004583597183227539,-0.022326111793518066,0.06296098232269287,-0.02253633737564087,0.0030934512615203857,0.02817535400390625
1769651253.9193916,full,goal1.png,0.8778095245361328,-1.301766276359558,-0.8998525738716125,-1.5013600587844849,0.4873672127723694,0.3205948770046234,2.715066909790039,-1.306428074836731,-0.9216325283050537,-1.4387366771697998,0.4661538898944855,0.3247317969799042,2.7440147399902344,-0.0046617984771728516,-0.021779954433441162,0.06262338161468506,-0.02121332287788391,0.004136919975280762,0.028947830200195312
1769651254.0207307,full,goal1.png,0.8671841621398926,-1.3033112287521362,-0.923874020576477,-1.4782471656799316,0.47776463627815247,0.3212915360927582,2.727698564529419,-1.3082596063613892,-0.943816065788269,-1.4139654636383057,0.45945852994918823,0.32855769991874695,2.75671124458313,-0.00494837760925293,-0.019942045211791992,0.06428170204162598,-0.018306106328964233,0.0072661638259887695,0.029012680053710938
1769651254.1219115,full,goal1.png,0.8642570972442627,-1.3052802085876465,-0.9504401087760925,-1.4514086246490479,0.46846503019332886,0.325017511844635,2.7419660091400146,-1.3087916374206543,-0.966291069984436,-1.3894789218902588,0.456989586353302,0.3338114619255066,2.7669315338134766,-0.0035114288330078125,-0.015850961208343506,0.06192970275878906,-0.011475443840026855,0.008793950080871582,0.024965524673461914
1769651254.2232533,full,goal1.png,0.8601136207580566,-1.3072794675827026,-0.9725228548049927,-1.4283260107040405,0.4626792371273041,0.3285313546657562,2.754173755645752,-1.3090295791625977,-0.9887173175811768,-1.3645416498184204,0.45454514026641846,0.3407852053642273,2.7764103412628174,-0.0017501115798950195,-0.016194462776184082,0.06378436088562012,-0.00813409686088562,0.01225385069847107,0.02223658561706543
1769651254.3226526,full,goal1.png,0.8575769066810608,-1.308279037475586,-0.9928185343742371,-1.40372896194458,0.45922598242759705,0.3333325684070587,2.764397382736206,-1.30870521068573,-1.0113588571548462,-1.339691162109375,0.45336657762527466,0.3481596112251282,2.785839796066284,-0.00042617321014404297,-0.01854032278060913,0.06403779983520508,-0.005859404802322388,0.014827042818069458,0.021442413330078125
1769651254.420864,full,goal1.png,0.8550620079040527,-1.3084911108016968,-1.011660099029541,-1.3793742656707764,0.4564087986946106,0.34001198410987854,2.7741966247558594,-1.3076833486557007,-1.034436583518982,-1.3144071102142334,0.45323964953422546,0.3567550778388977,2.793830394744873,0.0008077621459960938,-0.022776484489440918,0.06496715545654297,-0.003169149160385132,0.016743093729019165,0.019633769989013672
1769651254.5211577,full,goal1.png,0.8590726852416992,-1.308279037475586,-1.0371962785720825,-1.3512027263641357,0.4546215236186981,0.34834223985671997,2.7838902473449707,-1.3061840534210205,-1.05861234664917,-1.2891923189163208,0.45393800735473633,0.36507880687713623,2.7992465496063232,0.0020949840545654297,-0.021416068077087402,0.06201040744781494,-0.000683516263961792,0.01673656702041626,0.015356302261352539
1769651254.6217308,full,goal1.png,0.8360538482666016,-1.3074915409088135,-1.0631564855575562,-1.3283928632736206,0.45410656929016113,0.35511255264282227,2.7909328937530518,-1.3051369190216064,-1.0834228992462158,-1.264794111251831,0.4538893699645996,0.37407079339027405,2.8061106204986572,0.0023546218872070312,-0.020266413688659668,0.06359875202178955,-0.00021719932556152344,0.018958240747451782,0.015177726745605469
1769651254.7372253,full,goal1.png,0.8372306823730469,-1.3064918518066406,-1.0884804725646973,-1.303735375404358,0.45413684844970703,0.3630490005016327,2.798172950744629,-1.3047564029693604,-1.1083827018737793,-1.2425051927566528,0.45269471406936646,0.3835383355617523,2.814112901687622,0.0017354488372802734,-0.01990222930908203,0.06123018264770508,-0.0014421343803405762,0.02048933506011963,0.015939950942993164
1769651254.8359995,full,goal1.png,0.8244414329528809,-1.3055225610733032,-1.1123201847076416,-1.2803195714950562,0.45416712760925293,0.3706977367401123,2.8048219680786133,-1.3038097620010376,-1.1320964097976685,-1.222049593925476,0.4505752921104431,0.3941100239753723,2.8214077949523926,0.001712799072265625,-0.019776225090026855,0.05826997756958008,-0.0035918354988098145,0.02341228723526001,0.016585826873779297
1769651254.936321,full,goal1.png,0.8080314993858337,-1.304825782775879,-1.1325249671936035,-1.260054349899292,0.45359161496162415,0.37872514128685,2.8116679191589355,-1.3016904592514038,-1.1536494493484497,-1.2030296325683594,0.45013126730918884,0.4034375548362732,2.8251893520355225,0.0031353235244750977,-0.02112448215484619,0.05702471733093262,-0.0034603476524353027,0.024712413549423218,0.013521432876586914
1769651255.0213876,full,goal1.png,0.8094469308853149,-1.3039170503616333,-1.153032660484314,-1.240182876586914,0.4520164728164673,0.38853970170021057,2.818816900253296,-1.2985103130340576,-1.1734614372253418,-1.1840704679489136,0.4514206349849701,0.412881076335907,2.827862501144409,0.005406737327575684,-0.020428776741027832,0.05611240863800049,-0.0005958378314971924,0.02434137463569641,0.009045600891113281
1769651255.1199048,full,goal1.png,0.7923566102981567,-1.3020389080047607,-1.1804167032241821,-1.2153129577636719,0.4510168433189392,0.4010351300239563,2.824647903442383,-1.2952256202697754,-1.1949669122695923,-1.1635345220565796,0.453849732875824,0.4237889349460602,2.8348865509033203,0.0068132877349853516,-0.014550209045410156,0.051778435707092285,0.0028328895568847656,0.022753804922103882,0.0102386474609375
1769651255.2194383,full,goal1.png,0.7046403884887695,-1.2993732690811157,-1.2068614959716797,-1.1969561576843262,0.4515317976474762,0.41089513897895813,2.82857084274292,-1.293165683746338,-1.2132607698440552,-1.1461880207061768,0.45256611704826355,0.43616023659706116,2.841139316558838,0.006207585334777832,-0.006399273872375488,0.050768136978149414,0.0010343194007873535,0.025265097618103027,0.012568473815917969
1769651255.321053,full,goal1.png,0.6818176507949829,-1.2960411310195923,-1.2291260957717896,-1.1763273477554321,0.4524708688259125,0.42225465178489685,2.8342959880828857,-1.292403221130371,-1.2289866209030151,-1.1309576034545898,0.4523555040359497,0.44153279066085815,2.8464012145996094,0.0036379098892211914,0.00013947486877441406,0.045369744300842285,-0.00011536478996276855,0.019278138875961304,0.012105226516723633
1769651255.4207907,full,goal1.png,0.686569333076477,-1.2936784029006958,-1.2455745935440063,-1.1590912342071533,0.4524102807044983,0.431963175535202,2.8402786254882812,-1.2922024726867676,-1.2433013916015625,-1.114328145980835,0.4557152986526489,0.43810752034187317,2.847194194793701,0.0014759302139282227,0.0022732019424438477,0.04476308822631836,0.0033050179481506348,0.006144344806671143,0.006915569305419922
1769651255.521274,full,goal1.png,0.6823204159736633,-1.2929816246032715,-1.2605388164520264,-1.1416734457015991,0.45274341106414795,0.4369613826274872,2.8446104526519775,-1.2896289825439453,-1.2565215826034546,-1.0972555875778198,0.46066007018089294,0.43726497888565063,2.847587823867798,0.003352642059326172,0.004017233848571777,0.0444178581237793,0.007916659116744995,0.00030359625816345215,0.0029773712158203125
1769651255.6213305,full,goal1.png,0.6835494041442871,-1.292678713798523,-1.2725343704223633,-1.1258306503295898,0.4553788900375366,0.43705230951309204,2.84576153755188,-1.2866171598434448,-1.2684812545776367,-1.080374836921692,0.4652014970779419,0.4376370310783386,2.8452305793762207,0.006061553955078125,0.0040531158447265625,0.04545581340789795,0.009822607040405273,0.000584721565246582,-0.0005309581756591797
1769651255.722102,full,goal1.png,0.683903694152832,-1.2909823656082153,-1.285862922668457,-1.1092609167099,0.4594985246658325,0.4368098974227905,2.8461554050445557,-1.2841050624847412,-1.2808146476745605,-1.0630394220352173,0.4689606726169586,0.4377472400665283,2.8411765098571777,0.006877303123474121,0.005048274993896484,0.04622149467468262,0.009462147951126099,0.000937342643737793,-0.00497889518737793
1769651255.821612,full,goal1.png,0.6874297261238098,-1.2873473167419434,-1.30182683467865,-1.0919036865234375,0.46404239535331726,0.43694618344306946,2.845201015472412,-1.2823545932769775,-1.2918057441711426,-1.0470343828201294,0.47253015637397766,0.4366055727005005,2.8337016105651855,0.00499272346496582,0.010021090507507324,0.044869303703308105,0.0084877610206604,-0.0003406107425689697,-0.011499404907226562
1769651255.9214816,full,goal1.png,0.6870099902153015,-1.2844393253326416,-1.314700722694397,-1.0746372938156128,0.4678894877433777,0.43668878078460693,2.8415205478668213,-1.2803643941879272,-1.3001362085342407,-1.0331915616989136,0.47781676054000854,0.43445414304733276,2.825209379196167,0.0040749311447143555,0.01456451416015625,0.04144573211669922,0.00992727279663086,-0.00223463773727417,-0.016311168670654297
1769651256.0213192,full,goal1.png,0.6888082027435303,-1.2827732563018799,-1.3238792419433594,-1.0594003200531006,0.4712214767932892,0.4358556866645813,2.8353562355041504,-1.2780163288116455,-1.3064424991607666,-1.0237740278244019,0.48511675000190735,0.43559378385543823,2.817523956298828,0.004756927490234375,0.017436742782592773,0.03562629222869873,0.013895273208618164,-0.0002619028091430664,-0.017832279205322266
1769651256.1205425,full,goal1.png,0.70197993516922,-1.2813798189163208,-1.329513669013977,-1.0457689762115479,0.4764317274093628,0.43479546904563904,2.8271167278289795,-1.2758946418762207,-1.3141130208969116,-1.015229344367981,0.4933730363845825,0.43888893723487854,2.812915563583374,0.005485177040100098,0.01540064811706543,0.030539631843566895,0.016941308975219727,0.004093468189239502,-0.014201164245605469
1769651256.2210371,full,goal1.png,0.6696256399154663,-1.2787141799926758,-1.3336938619613647,-1.0335613489151,0.48436832427978516,0.4361132085323334,2.8194074630737305,-1.272946834564209,-1.3229758739471436,-1.0066100358963013,0.5015632510185242,0.4435420036315918,2.811354160308838,0.005767345428466797,0.010717988014221191,0.026951313018798828,0.017194926738739014,0.007428795099258423,-0.008053302764892578
1769651256.320822,full,goal1.png,0.6760510802268982,-1.2757757902145386,-1.338631510734558,-1.024443507194519,0.4912748634815216,0.4381275773048401,2.815363645553589,-1.2699812650680542,-1.3307691812515259,-0.9987667798995972,0.5095652341842651,0.44042840600013733,2.80969500541687,0.005794525146484375,0.007862329483032227,0.025676727294921875,0.01829037070274353,0.002300828695297241,-0.00566864013671875
1769651256.4216957,full,goal1.png,0.6804823279380798,-1.2724437713623047,-1.345568299293518,-1.0167795419692993,0.49857521057128906,0.44052067399024963,2.8129703998565674,-1.266588807106018,-1.3377771377563477,-0.9920763969421387,0.5197510719299316,0.4316559135913849,2.8085126876831055,0.005854964256286621,0.00779116153717041,0.024703145027160645,0.021175861358642578,-0.008864760398864746,-0.004457712173461914
1769651256.5216208,full,goal1.png,0.6948978900909424,-1.2687783241271973,-1.3532322645187378,-1.0085704326629639,0.5084200501441956,0.4381427764892578,2.810713768005371,-1.2638678550720215,-1.343047857284546,-0.9863805770874023,0.5291873216629028,0.423167884349823,2.8082573413848877,0.004910469055175781,0.010184407234191895,0.022189855575561523,0.020767271518707275,-0.014974892139434814,-0.0024564266204833984
1769651256.6221173,full,goal1.png,0.6992143392562866,-1.2658703327178955,-1.358654499053955,-1.000997543334961,0.5183256268501282,0.4318269193172455,2.8094565868377686,-1.2608665227890015,-1.3470464944839478,-0.9800818562507629,0.5384045839309692,0.4195735454559326,2.808713436126709,0.005003809928894043,0.011608004570007324,0.020915687084197998,0.020078957080841064,-0.012253373861312866,-0.0007431507110595703
1769651256.7211466,full,goal1.png,0.6819261312484741,-1.263689398765564,-1.3630467653274536,-0.9941515922546387,0.5264437198638916,0.42582908272743225,2.808608293533325,-1.2590121030807495,-1.3497661352157593,-0.9748554229736328,0.5444077849388123,0.41824081540107727,2.809230089187622,0.004677295684814453,0.013280630111694336,0.01929616928100586,0.017964065074920654,-0.0075882673263549805,0.000621795654296875
1769651256.8208528,full,goal1.png,0.6807328462600708,-1.2612357139587402,-1.3672269582748413,-0.9889110326766968,0.5348953008651733,0.4221486449241638,2.8089566230773926,-1.2580089569091797,-1.352832317352295,-0.9716759920120239,0.5481795072555542,0.41973721981048584,2.811131238937378,0.003226757049560547,0.014394640922546387,0.01723504066467285,0.01328420639038086,-0.0024114251136779785,0.0021746158599853516
1769651256.92139,full,goal1.png,0.6627076864242554,-1.2585699558258057,-1.371922254562378,-0.9833979606628418,0.5422865152359009,0.42036139965057373,2.809441328048706,-1.257802963256836,-1.3561084270477295,-0.9688881635665894,0.5504706501960754,0.4228229522705078,2.811645269393921,0.0007669925689697266,0.015813827514648438,0.014509797096252441,0.00818413496017456,0.002461552619934082,0.0022039413452148438
1769651257.0208428,full,goal1.png,0.695509672164917,-1.2569040060043335,-1.3761026859283447,-0.979762852191925,0.546497106552124,0.4205583333969116,2.8103349208831787,-1.2571721076965332,-1.3594403266906738,-0.9653042554855347,0.5535061359405518,0.42909789085388184,2.8116719722747803,-0.00026810169219970703,0.0166623592376709,0.01445859670639038,0.007009029388427734,0.008539557456970215,0.0013370513916015625
1769651257.1202178,full,goal1.png,0.686081051826477,-1.2566009759902954,-1.3795559406280518,-0.9762187004089355,0.5494051575660706,0.4230876863002777,2.8112287521362305,-1.2564514875411987,-1.362228274345398,-0.9617000818252563,0.5567632913589478,0.43625640869140625,2.8092403411865234,0.0001494884490966797,0.01732766628265381,0.0145186185836792,0.007358133792877197,0.01316872239112854,-0.0019884109497070312
1769651257.2205172,full,goal1.png,0.6756632924079895,-1.2565404176712036,-1.3817065954208374,-0.9727351069450378,0.552010178565979,0.42787376046180725,2.8108954429626465,-1.2562432289123535,-1.364790678024292,-0.9578794240951538,0.5595611929893494,0.4411272704601288,2.806009292602539,0.00029718875885009766,0.01691591739654541,0.014855682849884033,0.007551014423370361,0.013253509998321533,-0.004886150360107422
1769651257.320849,full,goal1.png,0.6723069548606873,-1.2559345960617065,-1.384675145149231,-0.968887984752655,0.5553120374679565,0.43379589915275574,2.8094565868377686,-1.2561225891113281,-1.3672723770141602,-0.955402672290802,0.5616723299026489,0.4454977214336395,2.8030052185058594,-0.00018799304962158203,0.0174027681350708,0.013485312461853027,0.006360292434692383,0.011701822280883789,-0.00645136833190918
1769651257.421259,full,goal1.png,0.6578072309494019,-1.2546623945236206,-1.3882194757461548,-0.9656770825386047,0.5581898093223572,0.43893033266067505,2.8064727783203125,-1.2561626434326172,-1.3707951307296753,-0.9524540901184082,0.563501238822937,0.4488048553466797,2.8012471199035645,-0.001500248908996582,0.017424345016479492,0.013222992420196533,0.005311429500579834,0.009874522686004639,-0.005225658416748047
1769651257.521394,full,goal1.png,0.6746807098388672,-1.2536324262619019,-1.3915213346481323,-0.9631023406982422,0.5604918599128723,0.44354987144470215,2.803337574005127,-1.256539225578308,-1.3738564252853394,-0.9487757682800293,0.5650316476821899,0.4521285593509674,2.798142433166504,-0.00290679931640625,0.01766490936279297,0.01432657241821289,0.004539787769317627,0.008578687906265259,-0.005195140838623047
1769651257.6212175,full,goal1.png,0.685641884803772,-1.2531780004501343,-1.393671989440918,-0.9598307609558105,0.5628546476364136,0.4471697509288788,2.8012020587921143,-1.2569278478622437,-1.3763540983200073,-0.9457926750183105,0.5657098293304443,0.457990825176239,2.795443058013916,-0.003749847412109375,0.017317891120910645,0.0140380859375,0.0028551816940307617,0.01082107424736023,-0.005759000778198242
1769651257.7210674,full,goal1.png,0.6807827949523926,-1.2537838220596313,-1.3962466716766357,-0.9566197991371155,0.5643389821052551,0.4507139027118683,2.798809051513672,-1.2567421197891235,-1.377862811088562,-0.9445149898529053,0.566045880317688,0.4658326208591461,2.793966054916382,-0.0029582977294921875,0.01838386058807373,0.012104809284210205,0.0017068982124328613,0.015118718147277832,-0.004842996597290039
1769651257.8209362,full,goal1.png,0.6706322431564331,-1.2542988061904907,-1.3990033864974976,-0.953863263130188,0.5651871562004089,0.45639368891716003,2.796128034591675,-1.2567713260650635,-1.3808094263076782,-0.9414787292480469,0.5668254494667053,0.4704642593860626,2.793485164642334,-0.002472519874572754,0.018193960189819336,0.012384533882141113,0.0016382932662963867,0.014070570468902588,-0.0026428699493408203
1769651257.9206975,full,goal1.png,0.6871340274810791,-1.2544806003570557,-1.400578498840332,-0.9515610337257385,0.565792977809906,0.4632851183414459,2.794325590133667,-1.2575374841690063,-1.38468599319458,-0.936143159866333,0.5679723024368286,0.46949565410614014,2.7908143997192383,-0.0030568838119506836,0.015892505645751953,0.015417873859405518,0.0021793246269226074,0.006210535764694214,-0.003511190414428711
1769651258.0207744,full,goal1.png,0.6792600154876709,-1.2546926736831665,-1.4033350944519043,-0.9482895731925964,0.5667320489883423,0.46716243028640747,2.793356418609619,-1.257804274559021,-1.3884124755859375,-0.9304406642913818,0.5691968202590942,0.4689928889274597,2.7872982025146484,-0.003111600875854492,0.014922618865966797,0.0178489089012146,0.002464771270751953,0.001830458641052246,-0.006058216094970703
1769651258.1201363,full,goal1.png,0.6789214611053467,-1.2546623945236206,-1.4081817865371704,-0.9435336589813232,0.5677619576454163,0.4679500162601471,2.791750907897949,-1.257511019706726,-1.391818881034851,-0.9249382019042969,0.5697178840637207,0.47082456946372986,2.7830772399902344,-0.0028486251831054688,0.016362905502319336,0.018595457077026367,0.0019559264183044434,0.0028745532035827637,-0.008673667907714844
1769651258.2207878,full,goal1.png,0.674953818321228,-1.2546017169952393,-1.4123317003250122,-0.9377478957176208,0.5687010288238525,0.468646764755249,2.7882068157196045,-1.2574505805969238,-1.3955276012420654,-0.9199535846710205,0.5695412755012512,0.47173959016799927,2.77833890914917,-0.0028488636016845703,0.016804099082946777,0.017794311046600342,0.0008402466773986816,0.003092825412750244,-0.00986790657043457
1769651258.320779,full,goal1.png,0.6706211566925049,-1.2553287744522095,-1.4159365892410278,-0.9330223798751831,0.5692765116691589,0.4700099229812622,2.783935546875,-1.2573540210723877,-1.398285150527954,-0.916562557220459,0.5694628953933716,0.4734364449977875,2.7744569778442383,-0.0020252466201782227,0.01765143871307373,0.01645982265472412,0.00018638372421264648,0.0034265220165252686,-0.009478569030761719
1769651258.4206882,full,goal1.png,0.6846237182617188,-1.2550561428070068,-1.4190868139266968,-0.9284483194351196,0.5693372488021851,0.4714335799217224,2.7797553539276123,-1.2572777271270752,-1.3995367288589478,-0.9163777828216553,0.569882869720459,0.47660234570503235,2.7727890014648438,-0.0022215843200683594,0.019550085067749023,0.012070536613464355,0.0005456209182739258,0.0051687657833099365,-0.006966352462768555
1769651258.5223613,full,goal1.png,0.6760404109954834,-1.2547229528427124,-1.4219342470169067,-0.9246920347213745,0.5694280862808228,0.47353893518447876,2.775862693786621,-1.2561272382736206,-1.400820016860962,-0.915661633014679,0.572050929069519,0.48164963722229004,2.7710485458374023,-0.0014042854309082031,0.021114230155944824,0.009030401706695557,0.002622842788696289,0.00811070203781128,-0.00481414794921875
1769651258.624772,full,goal1.png,0.6795060038566589,-1.2547229528427124,-1.423448920249939,-0.9232077598571777,0.5701247453689575,0.4759925603866577,2.773742437362671,-1.2542097568511963,-1.4023363590240479,-0.9149232506752014,0.5754538774490356,0.4888724684715271,2.7692127227783203,0.0005131959915161133,0.021112561225891113,0.008284509181976318,0.005329132080078125,0.012879908084869385,-0.004529714584350586
1769651258.7244883,full,goal1.png,0.684630274772644,-1.2539958953857422,-1.4246304035186768,-0.9224202036857605,0.5716090202331543,0.4802182912826538,2.7718188762664795,-1.2518014907836914,-1.4036186933517456,-0.9141820669174194,0.5782292485237122,0.49508902430534363,2.767230987548828,0.0021944046020507812,0.021011710166931152,0.008238136768341064,0.006620228290557861,0.01487073302268982,-0.004587888717651367
1769651258.821406,full,goal1.png,0.6879615783691406,-1.252632737159729,-1.4262357950210571,-0.9214508533477783,0.5745170712471008,0.4873066246509552,2.7692742347717285,-1.2497364282608032,-1.405292272567749,-0.9128968119621277,0.579585075378418,0.49825185537338257,2.7669427394866943,0.0028963088989257812,0.020943522453308105,0.008554041385650635,0.005068004131317139,0.010945230722427368,-0.0023314952850341797
1769651258.9213936,full,goal1.png,0.6850988864898682,-1.250603199005127,-1.428053379058838,-0.9201785922050476,0.5767284631729126,0.4930317997932434,2.7676384449005127,-1.2485322952270508,-1.407846212387085,-0.9109746813774109,0.5797762274742126,0.4995434582233429,2.7675886154174805,0.002070903778076172,0.02020716667175293,0.009203910827636719,0.003047764301300049,0.006511658430099487,-4.982948303222656e-05
1769651259.022312,full,goal1.png,0.6903631687164307,-1.2486947774887085,-1.4301737546920776,-0.9186033606529236,0.5781521797180176,0.49616700410842896,2.767380952835083,-1.2469239234924316,-1.4103758335113525,-0.9093326330184937,0.5809575915336609,0.5011379718780518,2.7689454555511475,0.0017708539962768555,0.019797921180725098,0.009270727634429932,0.0028054118156433105,0.004970967769622803,0.0015645027160644531
1769651259.1218307,full,goal1.png,0.6858543157577515,-1.2474528551101685,-1.4332331418991089,-0.9166344404220581,0.5789093971252441,0.4981359541416168,2.7681081295013428,-1.244482159614563,-1.4125266075134277,-0.9081047773361206,0.584754467010498,0.50165855884552,2.7700979709625244,0.0029706954956054688,0.020706534385681152,0.0085296630859375,0.005845069885253906,0.0035226047039031982,0.0019898414611816406
1769651259.2214384,full,goal1.png,0.6923553943634033,-1.2456656694412231,-1.436353325843811,-0.9147562980651855,0.5801211595535278,0.4997868835926056,2.7693347930908203,-1.2424815893173218,-1.412708044052124,-0.908259391784668,0.5882741212844849,0.49883127212524414,2.772376537322998,0.003184080123901367,0.02364528179168701,0.006496906280517578,0.008152961730957031,-0.0009556114673614502,0.0030417442321777344
1769651259.320467,full,goal1.png,0.6894301772117615,-1.2439693212509155,-1.439018964767456,-0.9136961102485657,0.5829685926437378,0.5001201033592224,2.770334482192993,-1.243030309677124,-1.4109506607055664,-0.9084902405738831,0.5891236066818237,0.4881976246833801,2.7744598388671875,0.0009390115737915039,0.02806830406188965,0.005205869674682617,0.0061550140380859375,-0.011922478675842285,0.004125356674194336
1769651259.4204001,full,goal1.png,0.698769748210907,-1.2424849271774292,-1.4403518438339233,-0.9134537577629089,0.5859372019767761,0.49742409586906433,2.7723641395568848,-1.2444539070129395,-1.406508207321167,-0.9075984954833984,0.5865911841392517,0.47206902503967285,2.776665687561035,-0.001968979835510254,0.03384363651275635,0.005855262279510498,0.0006539821624755859,-0.02535507082939148,0.004301548004150391
1769651259.5204537,full,goal1.png,0.6982372999191284,-1.2421820163726807,-1.4398974180221558,-0.9133326411247253,0.586997389793396,0.48709455132484436,2.7746360301971436,-1.2462447881698608,-1.4019588232040405,-0.9072932004928589,0.5837130546569824,0.4539496898651123,2.780038356781006,-0.004062771797180176,0.037938594818115234,0.006039440631866455,-0.0032843351364135742,-0.033144861459732056,0.005402326583862305
1769651259.620822,full,goal1.png,0.699357271194458,-1.2427878379821777,-1.438079833984375,-0.9131508469581604,0.5860583186149597,0.47305426001548767,2.776801824569702,-1.247460961341858,-1.3980491161346436,-0.9076554775238037,0.5816423892974854,0.4377824366092682,2.784712553024292,-0.004673123359680176,0.040030717849731445,0.0054953694343566895,-0.004415929317474365,-0.03527182340621948,0.007910728454589844
1769651259.7205951,full,goal1.png,0.7024827003479004,-1.2439086437225342,-1.4353233575820923,-0.9131811261177063,0.5837258100509644,0.4557878077030182,2.7807700634002686,-1.2486097812652588,-1.3950426578521729,-0.9079552888870239,0.5804601311683655,0.4244447350502014,2.7898752689361572,-0.004701137542724609,0.040280699729919434,0.005225837230682373,-0.003265678882598877,-0.03134307265281677,0.009105205535888672
1769651259.8202937,full,goal1.png,0.7095013856887817,-1.2459383010864258,-1.4324456453323364,-0.9133326411247253,0.5819992423057556,0.4402177631855011,2.7855260372161865,-1.2508156299591064,-1.3934876918792725,-0.9054121971130371,0.5788602828979492,0.40880098938941956,2.7925753593444824,-0.004877328872680664,0.038957953453063965,0.007920444011688232,-0.0031389594078063965,-0.03141677379608154,0.0070493221282958984
1769651259.9200728,full,goal1.png,0.6993244886398315,-1.2480889558792114,-1.4299616813659668,-0.9133931994438171,0.5806058049201965,0.42646524310112,2.789494037628174,-1.2538832426071167,-1.3942691087722778,-0.901220977306366,0.5770719647407532,0.39218416810035706,2.7945685386657715,-0.0057942867279052734,0.035692572593688965,0.012172222137451172,-0.0035338401794433594,-0.03428107500076294,0.005074501037597656
1769651260.020916,full,goal1.png,0.6894139647483826,-1.2500276565551758,-1.4287803173065186,-0.9116665720939636,0.579060971736908,0.4093351364135742,2.792205333709717,-1.2563698291778564,-1.3968689441680908,-0.8968262672424316,0.5755628347396851,0.3752102255821228,2.7961604595184326,-0.006342172622680664,0.031911373138427734,0.014840304851531982,-0.0034981369972229004,-0.034124910831451416,0.00395512580871582
1769651260.1203773,full,goal1.png,0.6899152994155884,-1.2524510622024536,-1.4286288022994995,-0.9090008735656738,0.5778492093086243,0.3935227394104004,2.7948105335235596,-1.2582263946533203,-1.4001924991607666,-0.8934909105300903,0.5741271376609802,0.3624725043773651,2.7974612712860107,-0.005775332450866699,0.02843630313873291,0.015509963035583496,-0.003722071647644043,-0.03105023503303528,0.002650737762451172
1769651260.2203,full,goal1.png,0.6827778220176697,-1.2549349069595337,-1.429113507270813,-0.9053961038589478,0.5762437582015991,0.3783312737941742,2.79579496383667,-1.2597765922546387,-1.404223918914795,-0.8901258707046509,0.5733785629272461,0.35588181018829346,2.7977170944213867,-0.0048416852951049805,0.024889588356018066,0.015270233154296875,-0.0028651952743530273,-0.022449463605880737,0.0019221305847167969
1769651260.3210783,full,goal1.png,0.6816750764846802,-1.2566616535186768,-1.4308098554611206,-0.9017308354377747,0.575092613697052,0.36654770374298096,2.797703266143799,-1.2601550817489624,-1.4064428806304932,-0.8883369565010071,0.5728569030761719,0.35654139518737793,2.8000130653381348,-0.0034934282302856445,0.02436697483062744,0.013393878936767578,-0.002235710620880127,-0.010006308555603027,0.0023097991943359375
1769651260.424749,full,goal1.png,0.698962926864624,-1.257812738418579,-1.433505892753601,-0.8980352282524109,0.5742748379707336,0.3603530526161194,2.798051595687866,-1.2598145008087158,-1.4060784578323364,-0.8881688117980957,0.5733472108840942,0.3560483157634735,2.800816774368286,-0.0020017623901367188,0.02742743492126465,0.009866416454315186,-0.0009276270866394043,-0.004304736852645874,0.002765178680419922
1769651260.5201392,full,goal1.png,0.6954915523529053,-1.258297324180603,-1.4350810050964355,-0.8957632780075073,0.5737901329994202,0.3587324023246765,2.7994906902313232,-1.2597811222076416,-1.405385971069336,-0.886521577835083,0.5725706219673157,0.3511546850204468,2.7995107173919678,-0.0014837980270385742,0.02969503402709961,0.009241700172424316,-0.0012195110321044922,-0.007577717304229736,2.002716064453125e-05
1769651260.6201785,full,goal1.png,0.6976394653320312,-1.2583882808685303,-1.4356262683868408,-0.8946728110313416,0.5737295746803284,0.3567785620689392,2.79999041557312,-1.2604092359542847,-1.4042689800262451,-0.8858119249343872,0.5717340707778931,0.34799429774284363,2.7945146560668945,-0.0020209550857543945,0.0313572883605957,0.008860886096954346,-0.0019955039024353027,-0.008784264326095581,-0.005475759506225586
1769651260.7208865,full,goal1.png,0.7048509120941162,-1.258479118347168,-1.435595989227295,-0.8933096528053284,0.5731843113899231,0.3524165749549866,2.7979001998901367,-1.2611984014511108,-1.403114676475525,-0.886995255947113,0.5720577836036682,0.3451216220855713,2.790024757385254,-0.002719283103942871,0.03248131275177002,0.006314396858215332,-0.0011265277862548828,-0.007294952869415283,-0.007875442504882812
1769651260.8207943,full,goal1.png,0.7052044868469238,-1.2588425874710083,-1.4352930784225464,-0.8927038311958313,0.5726692080497742,0.3491753041744232,2.7945377826690674,-1.2622296810150146,-1.4022014141082764,-0.8887811303138733,0.5735728144645691,0.3401349186897278,2.7865827083587646,-0.0033870935440063477,0.03309166431427002,0.003922700881958008,0.0009036064147949219,-0.009040385484695435,-0.007955074310302734
1769651260.9191425,full,goal1.png,0.6977503299713135,-1.2594788074493408,-1.4348993301391602,-0.8928552269935608,0.5727602243423462,0.34593409299850464,2.7910239696502686,-1.2633517980575562,-1.4031120538711548,-0.8880915641784668,0.5741961002349854,0.33367595076560974,2.7861125469207764,-0.003872990608215332,0.03178727626800537,0.004763662815093994,0.0014358758926391602,-0.012258142232894897,-0.0049114227294921875
1769651261.019958,full,goal1.png,0.6976462006568909,-1.2603269815444946,-1.4344751834869385,-0.8931884765625,0.5733357667922974,0.34108734130859375,2.7875099182128906,-1.264291763305664,-1.404039740562439,-0.8870359659194946,0.5730482339859009,0.3265659213066101,2.7861084938049316,-0.003964781761169434,0.03043544292449951,0.006152510643005371,-0.0002875328063964844,-0.014521420001983643,-0.0014014244079589844
1769651261.1203384,full,goal1.png,0.6968193054199219,-1.2611448764801025,-1.4344751834869385,-0.8931581377983093,0.5736992955207825,0.3349835276603699,2.7868285179138184,-1.2652077674865723,-1.4051179885864258,-0.8855843544006348,0.5707598328590393,0.32097071409225464,2.7879528999328613,-0.0040628910064697266,0.029357194900512695,0.0075737833976745605,-0.002939462661743164,-0.014012813568115234,0.0011243820190429688
1769651261.2201643,full,goal1.png,0.6958072185516357,-1.2624473571777344,-1.4345660209655762,-0.892612874507904,0.5731843113899231,0.3283344507217407,2.7872979640960693,-1.2660309076309204,-1.4065344333648682,-0.8843972682952881,0.569394052028656,0.315865159034729,2.788978099822998,-0.003583550453186035,0.028031587600708008,0.008215606212615967,-0.00379025936126709,-0.012469291687011719,0.001680135726928711
1769651261.320916,full,goal1.png,0.6974184513092041,-1.263689398765564,-1.4349901676177979,-0.8911891579627991,0.5717605948448181,0.32282131910324097,2.788297653198242,-1.2664586305618286,-1.4080073833465576,-0.883064866065979,0.5678845643997192,0.3146429657936096,2.7877817153930664,-0.0027692317962646484,0.026982784271240234,0.008124291896820068,-0.003876030445098877,-0.008178353309631348,-0.0005159378051757812
1769651261.4213169,full,goal1.png,0.6910922527313232,-1.2640225887298584,-1.4356869459152222,-0.8901289701461792,0.5706093907356262,0.3188379108905792,2.7886459827423096,-1.2669494152069092,-1.410426378250122,-0.8800052404403687,0.5668920278549194,0.3110024333000183,2.7855591773986816,-0.0029268264770507812,0.025260567665100098,0.010123729705810547,-0.003717362880706787,-0.007835477590560913,-0.0030868053436279297
1769651261.5221248,full,goal1.png,0.696793794631958,-1.2645071744918823,-1.436989426612854,-0.888311505317688,0.569246232509613,0.31620246171951294,2.7876462936401367,-1.267775535583496,-1.4126416444778442,-0.8763943910598755,0.5657052397727966,0.30402109026908875,2.783916473388672,-0.0032683610916137695,0.024347782135009766,0.0119171142578125,-0.0035409927368164062,-0.012181371450424194,-0.0037298202514648438
1769651261.6208413,full,goal1.png,0.6870188117027283,-1.264901041984558,-1.4387463331222534,-0.8857972025871277,0.5680649280548096,0.31182533502578735,2.785813808441162,-1.2687406539916992,-1.414225697517395,-0.873464047908783,0.5663607716560364,0.29945915937423706,2.7822794914245605,-0.0038396120071411133,0.0245206356048584,0.012333154678344727,-0.0017041563987731934,-0.012366175651550293,-0.0035343170166015625
1769651261.7329845,full,goal1.png,0.6747348308563232,-1.2656583786010742,-1.4405335187911987,-0.8825257420539856,0.5672772526741028,0.3060546815395355,2.7842233180999756,-1.268749475479126,-1.4144213199615479,-0.8726419806480408,0.5690307021141052,0.2989223897457123,2.7809975147247314,-0.003091096878051758,0.02611219882965088,0.009883761405944824,0.0017534494400024414,-0.007132291793823242,-0.0032258033752441406
1769651261.82285,full,goal1.png,0.671841025352478,-1.2663853168487549,-1.4416544437408447,-0.8805567622184753,0.5673985481262207,0.302510529756546,2.7833147048950195,-1.2683151960372925,-1.413952350616455,-0.8718762397766113,0.5718629360198975,0.30102214217185974,2.7803127765655518,-0.0019298791885375977,0.02770209312438965,0.008680522441864014,0.004464387893676758,-0.0014883875846862793,-0.0030019283294677734
1769651261.9233117,full,goal1.png,0.668676495552063,-1.266506552696228,-1.442169427871704,-0.8792844414710999,0.5689131617546082,0.30145034193992615,2.7823755741119385,-1.2670953273773193,-1.412473440170288,-0.8728225231170654,0.5753588676452637,0.3053557872772217,2.779534339904785,-0.0005887746810913086,0.029695987701416016,0.006461918354034424,0.006445705890655518,0.0039054453372955322,-0.0028412342071533203
1769651262.0211062,full,goal1.png,0.6844890713691711,-1.266324758529663,-1.4422602653503418,-0.8787391781806946,0.5714879035949707,0.30232876539230347,2.781618356704712,-1.266389012336731,-1.4117151498794556,-0.8725504875183105,0.5781453251838684,0.30911317467689514,2.7774951457977295,-6.42538070678711e-05,0.03054511547088623,0.006188690662384033,0.006657421588897705,0.006784409284591675,-0.004123210906982422
1769651262.1232588,full,goal1.png,0.681796133518219,-1.2657794952392578,-1.4419269561767578,-0.8787391781806946,0.5743353962898254,0.3052671253681183,2.77974009513855,-1.2657063007354736,-1.4103026390075684,-0.8739125728607178,0.5813252925872803,0.312138170003891,2.774446487426758,7.319450378417969e-05,0.03162431716918945,0.004826605319976807,0.006989896297454834,0.006871044635772705,-0.005293607711791992
1769651262.2206857,full,goal1.png,0.6717944145202637,-1.2653250694274902,-1.4415333271026611,-0.8788604140281677,0.5770615339279175,0.3084023892879486,2.7777559757232666,-1.2658740282058716,-1.40888249874115,-0.8750869035720825,0.5846397280693054,0.3127727210521698,2.7696280479431152,-0.0005489587783813477,0.03265082836151123,0.003773510456085205,0.0075781941413879395,0.004370331764221191,-0.008127927780151367
1769651262.3216126,full,goal1.png,0.671322226524353,-1.264931321144104,-1.4408667087554932,-0.8792844414710999,0.580060601234436,0.3115072548389435,2.7747724056243896,-1.2663452625274658,-1.4073596000671387,-0.8760069012641907,0.5870233774185181,0.31191807985305786,2.7645416259765625,-0.0014139413833618164,0.03350710868835449,0.0032775402069091797,0.006962776184082031,0.0004108250141143799,-0.010230779647827148
1769651262.4211373,full,goal1.png,0.6688026189804077,-1.264901041984558,-1.4401096105575562,-0.8798903226852417,0.5827867388725281,0.3124312162399292,2.771576404571533,-1.2660404443740845,-1.4063620567321777,-0.8757905960083008,0.5876567363739014,0.3106451630592346,2.7601072788238525,-0.0011394023895263672,0.03374755382537842,0.004099726676940918,0.004869997501373291,-0.00178605318069458,-0.011469125747680664
1769651262.5214663,full,goal1.png,0.6660469770431519,-1.264931321144104,-1.4394429922103882,-0.8803446888923645,0.5848162770271301,0.3122645616531372,2.766835927963257,-1.2652993202209473,-1.4057930707931519,-0.8753241300582886,0.5882529020309448,0.3076481819152832,2.756934642791748,-0.0003679990768432617,0.03364992141723633,0.005020558834075928,0.0034366250038146973,-0.004616379737854004,-0.009901285171508789
1769651262.6246493,full,goal1.png,0.6799004077911377,-1.2646889686584473,-1.4388675689697266,-0.8804355263710022,0.586209774017334,0.31065911054611206,2.7625041007995605,-1.2649421691894531,-1.404046654701233,-0.8768501281738281,0.5904093384742737,0.3055589199066162,2.753511428833008,-0.0002532005310058594,0.03482091426849365,0.0035853981971740723,0.004199564456939697,-0.00510019063949585,-0.008992671966552734
1769651262.7205963,full,goal1.png,0.6813558340072632,-1.2644768953323364,-1.4382011890411377,-0.880647599697113,0.5873306393623352,0.3086598217487335,2.7589597702026367,-1.2654387950897217,-1.4023553133010864,-0.8788835406303406,0.5924689769744873,0.3040659725666046,2.751901626586914,-0.0009618997573852539,0.03584587574005127,0.001764059066772461,0.0051383376121521,-0.004593849182128906,-0.007058143615722656
1769651262.8259237,full,goal1.png,0.6881183385848999,-1.2643557786941528,-1.4372923374176025,-0.8815866708755493,0.5892693400382996,0.3063121736049652,2.7554914951324463,-1.2663488388061523,-1.4028273820877075,-0.8797299265861511,0.5930144786834717,0.3027804493904114,2.7512946128845215,-0.0019930601119995117,0.03446495532989502,0.0018567442893981934,0.003745138645172119,-0.003531724214553833,-0.004196882247924805
1769651262.921727,full,goal1.png,0.6819535493850708,-1.2645374536514282,-1.436050295829773,-0.8827983140945435,0.5909959077835083,0.30482789874076843,2.753643751144409,-1.2678889036178589,-1.403917670249939,-0.8801735639572144,0.5933777689933777,0.2983696460723877,2.751077175140381,-0.003351449966430664,0.032132625579833984,0.0026247501373291016,0.0023818612098693848,-0.006458252668380737,-0.0025665760040283203
1769651263.021263,full,goal1.png,0.6776961088180542,-1.265385627746582,-1.4355354309082031,-0.8835253715515137,0.5919046998023987,0.3029043674468994,2.752235174179077,-1.2685807943344116,-1.4051730632781982,-0.8790878057479858,0.5945852994918823,0.2923690378665924,2.7489795684814453,-0.00319516658782959,0.030362367630004883,0.004437565803527832,0.0026805996894836426,-0.010535329580307007,-0.003255605697631836
1769651263.1216557,full,goal1.png,0.6826758980751038,-1.2661429643630981,-1.4357777833938599,-0.8835859298706055,0.5926620364189148,0.2987240254878998,2.750750780105591,-1.2691868543624878,-1.4069840908050537,-0.8755301237106323,0.5948944091796875,0.28451982140541077,2.747649908065796,-0.0030438899993896484,0.028793692588806152,0.008055806159973145,0.002232372760772705,-0.014204204082489014,-0.003100872039794922
1769651263.2212925,full,goal1.png,0.6825817823410034,-1.2670214176177979,-1.4361108541488647,-0.8829801082611084,0.5937827825546265,0.29271113872528076,2.749281644821167,-1.269706130027771,-1.4085320234298706,-0.8707212209701538,0.5953419804573059,0.27663204073905945,2.745716094970703,-0.0026847124099731445,0.02757883071899414,0.01225888729095459,0.0015591979026794434,-0.016079097986221313,-0.003565549850463867
1769651263.3207662,full,goal1.png,0.6775206327438354,-1.267596960067749,-1.4368380308151245,-0.8810110688209534,0.5942674875259399,0.2858499586582184,2.7480244636535645,-1.2708332538604736,-1.4094325304031372,-0.8686026930809021,0.596493124961853,0.2697604298591614,2.7445898056030273,-0.0032362937927246094,0.027405500411987305,0.01240837574005127,0.002225637435913086,-0.016089528799057007,-0.0034346580505371094
1769651263.4215086,full,goal1.png,0.6780021786689758,-1.2681725025177002,-1.438079833984375,-0.8781636953353882,0.5949035286903381,0.27851930260658264,2.7460858821868896,-1.2722289562225342,-1.409063458442688,-0.8690575361251831,0.596886157989502,0.26264792680740356,2.7443459033966064,-0.004056453704833984,0.02901637554168701,0.009106159210205078,0.0019826292991638184,-0.015871375799179077,-0.0017399787902832031
1769651263.5272157,full,goal1.png,0.6799911260604858,-1.269202470779419,-1.4385039806365967,-0.8764370679855347,0.595660924911499,0.2711887061595917,2.7449042797088623,-1.2735246419906616,-1.407883882522583,-0.8710676431655884,0.5978995561599731,0.2548896372318268,2.7452497482299805,-0.004322171211242676,0.030620098114013672,0.005369424819946289,0.002238631248474121,-0.016299068927764893,0.00034546852111816406
1769651263.6225815,full,goal1.png,0.6760299205780029,-1.2702929973602295,-1.4384737014770508,-0.8759220242500305,0.596297025680542,0.26444870233535767,2.7447075843811035,-1.2746243476867676,-1.4068818092346191,-0.8718860149383545,0.5986624360084534,0.24512633681297302,2.746250867843628,-0.004331350326538086,0.03159189224243164,0.004036009311676025,0.002365410327911377,-0.019322365522384644,0.001543283462524414
1769651263.7219632,full,goal1.png,0.6721559762954712,-1.2714440822601318,-1.4381709098815918,-0.8762855529785156,0.5972966551780701,0.25554290413856506,2.7457070350646973,-1.2750427722930908,-1.4054031372070312,-0.8729460835456848,0.6007203459739685,0.23851892352104187,2.7465248107910156,-0.0035986900329589844,0.03276777267456055,0.0033394694328308105,0.0034236907958984375,-0.017023980617523193,0.0008177757263183594
1769651263.826289,full,goal1.png,0.6729795932769775,-1.2721407413482666,-1.4376559257507324,-0.8767399191856384,0.598326563835144,0.24792444705963135,2.7462069988250732,-1.2757298946380615,-1.4032984972000122,-0.8753006458282471,0.6028246283531189,0.23381441831588745,2.7472994327545166,-0.003589153289794922,0.034357428550720215,0.0014392733573913574,0.0044980645179748535,-0.014110028743743896,0.0010924339294433594
1769651263.9277802,full,goal1.png,0.6768444180488586,-1.2730798721313477,-1.4360805749893188,-0.8777698278427124,0.5998713970184326,0.2409118413925171,2.746767520904541,-1.276517391204834,-1.4008557796478271,-0.8787456750869751,0.6060228943824768,0.22960472106933594,2.749519109725952,-0.003437519073486328,0.0352247953414917,-0.0009758472442626953,0.0061514973640441895,-0.011307120323181152,0.002751588821411133
1769651264.0263355,full,goal1.png,0.6705062389373779,-1.2739886045455933,-1.434323787689209,-0.8796176910400391,0.6022644639015198,0.23536844551563263,2.7482516765594482,-1.2784157991409302,-1.3997966051101685,-0.8797621726989746,0.604618489742279,0.22322475910186768,2.7527360916137695,-0.004427194595336914,0.03452718257904053,-0.00014448165893554688,0.0023540258407592773,-0.012143686413764954,0.004484415054321289
1769651264.1260712,full,goal1.png,0.6613240242004395,-1.2750791311264038,-1.4324456453323364,-0.8817380666732788,0.6041123270988464,0.230900377035141,2.7499027252197266,-1.281624674797058,-1.4021990299224854,-0.8772499561309814,0.5991182327270508,0.217608243227005,2.757094383239746,-0.006545543670654297,0.030246615409851074,0.004488110542297363,-0.004994094371795654,-0.013292133808135986,0.007191658020019531
1769651264.2269094,full,goal1.png,0.6612406969070435,-1.2766542434692383,-1.431748867034912,-0.882253110408783,0.6033853888511658,0.22529636323451996,2.7531135082244873,-1.2851653099060059,-1.4079172611236572,-0.8714467287063599,0.5918238759040833,0.21619391441345215,2.7631776332855225,-0.008511066436767578,0.023831605911254883,0.010806381702423096,-0.01156151294708252,-0.00910244882106781,0.010064125061035156
1769651264.3261762,full,goal1.png,0.6714726686477661,-1.2791684865951538,-1.432142734527588,-0.8812231421470642,0.5999321341514587,0.220237597823143,2.757384777069092,-1.2879574298858643,-1.4136970043182373,-0.8655133247375488,0.5860805511474609,0.21476268768310547,2.768153667449951,-0.00878894329071045,0.018445730209350586,0.01570981740951538,-0.013851583003997803,-0.005474910140037537,0.010768890380859375
1769651264.4234533,full,goal1.png,0.6667919754981995,-1.2823189496994019,-1.4349901676177979,-0.8775880932807922,0.5933889746665955,0.21726900339126587,2.7622313499450684,-1.2899787425994873,-1.4195799827575684,-0.8589167594909668,0.583041250705719,0.21127060055732727,2.7716689109802246,-0.007659792900085449,0.015410184860229492,0.01867133378982544,-0.010347723960876465,-0.005998402833938599,0.00943756103515625
1769651264.5242429,full,goal1.png,0.6471188068389893,-1.2846816778182983,-1.4393521547317505,-0.8720447421073914,0.5875729322433472,0.21551209688186646,2.7662904262542725,-1.2915408611297607,-1.4215595722198486,-0.855136513710022,0.5829578638076782,0.2051718831062317,2.771530866622925,-0.006859183311462402,0.017792582511901855,0.016908228397369385,-0.004615068435668945,-0.010340213775634766,0.005240440368652344
1769651264.6252475,full,goal1.png,0.6525462865829468,-1.2873170375823975,-1.443623423576355,-0.8657439947128296,0.5842407941818237,0.21211935579776764,2.769895315170288,-1.2909801006317139,-1.4202158451080322,-0.8534793257713318,0.583566427230835,0.2031262069940567,2.7708239555358887,-0.0036630630493164062,0.023407578468322754,0.012264668941497803,-0.0006743669509887695,-0.008993148803710938,0.0009286403656005859
1769651264.7238576,full,goal1.png,0.6558971405029297,-1.2887104749679565,-1.4458953142166138,-0.8611698746681213,0.5832714438438416,0.20737870037555695,2.771394729614258,-1.288624882698059,-1.4178433418273926,-0.8515722751617432,0.5837777256965637,0.20629456639289856,2.7699830532073975,8.559226989746094e-05,0.02805197238922119,0.009597599506378174,0.000506281852722168,-0.0010841339826583862,-0.0014116764068603516
1769651264.824466,full,goal1.png,0.646504819393158,-1.288589358329773,-1.4463496208190918,-0.8586556315422058,0.5832411646842957,0.2060912847518921,2.7713797092437744,-1.285904049873352,-1.415945053100586,-0.8499957323074341,0.5823057889938354,0.213272824883461,2.771845817565918,0.0026853084564208984,0.03040456771850586,0.008659899234771729,-0.0009353756904602051,0.007181540131568909,0.0004661083221435547
1769651264.9244354,full,goal1.png,0.6417560577392578,-1.2874988317489624,-1.4459558725357056,-0.8571712970733643,0.583150327205658,0.20748469233512878,2.7712886333465576,-1.284250259399414,-1.414009690284729,-0.8489758968353271,0.5820099115371704,0.2154209017753601,2.7729597091674805,0.00324857234954834,0.03194618225097656,0.00819540023803711,-0.0011404156684875488,0.007936209440231323,0.0016710758209228516
1769651265.026485,full,goal1.png,0.6293907761573792,-1.2859538793563843,-1.445319652557373,-0.8557475805282593,0.5824839472770691,0.21174071729183197,2.771970272064209,-1.2837846279144287,-1.4112608432769775,-0.8487420678138733,0.5823096632957458,0.21385785937309265,2.7729408740997314,0.0021692514419555664,0.03405880928039551,0.007005512714385986,-0.0001742839813232422,0.002117142081260681,0.0009706020355224609
1769651265.122087,full,goal1.png,0.6316792964935303,-1.2845301628112793,-1.4444109201431274,-0.8552023768424988,0.5821506977081299,0.21367940306663513,2.7725155353546143,-1.283435344696045,-1.4110393524169922,-0.8462133407592773,0.5827548503875732,0.21520459651947021,2.7743160724639893,0.001094818115234375,0.033371567726135254,0.008989036083221436,0.0006041526794433594,0.001525193452835083,0.001800537109375
1769651265.2246003,full,goal1.png,0.6354657411575317,-1.2840758562088013,-1.4433809518814087,-0.8545965552330017,0.5821809768676758,0.21392172574996948,2.7728488445281982,-1.2829809188842773,-1.4127781391143799,-0.8425526022911072,0.5829886198043823,0.21685680747032166,2.776308536529541,0.0010949373245239258,0.03060281276702881,0.012043952941894531,0.000807642936706543,0.002935081720352173,0.0034596920013427734
1769651265.3258936,full,goal1.png,0.6320037245750427,-1.283560872077942,-1.4432295560836792,-0.8528092503547668,0.5823020935058594,0.21517887711524963,2.7742269039154053,-1.282705307006836,-1.4142011404037476,-0.8396655321121216,0.583547830581665,0.21853408217430115,2.776707410812378,0.000855565071105957,0.02902841567993164,0.013143718242645264,0.001245737075805664,0.0033552050590515137,0.0024805068969726562
1769651265.425183,full,goal1.png,0.6139805316925049,-1.2832579612731934,-1.4438050985336304,-0.8504161834716797,0.5824233889579773,0.21667830646038055,2.775696277618408,-1.2843455076217651,-1.4143562316894531,-0.8384351134300232,0.5828564167022705,0.22048170864582062,2.773237466812134,-0.0010875463485717773,0.029448866844177246,0.011981070041656494,0.0004330277442932129,0.0038034021854400635,-0.002458810806274414
1769651265.5244222,full,goal1.png,0.6058440208435059,-1.283348798751831,-1.44468355178833,-0.8479928374290466,0.5826050639152527,0.21825344860553741,2.7755751609802246,-1.286543607711792,-1.414376139640808,-0.8359223008155823,0.5823281407356262,0.21951761841773987,2.768266201019287,-0.0031948089599609375,0.030307412147521973,0.012070536613464355,-0.00027692317962646484,0.0012641698122024536,-0.0073089599609375
1769651265.6251886,full,goal1.png,0.5903557538986206,-1.2840758562088013,-1.4452893733978271,-0.8461450934410095,0.5824839472770691,0.21996502578258514,2.7732274532318115,-1.2888060808181763,-1.4135936498641968,-0.8333436250686646,0.5824495553970337,0.21632127463817596,2.7623462677001953,-0.004730224609375,0.03169572353363037,0.01280146837234497,-3.439188003540039e-05,-0.0036437511444091797,-0.010881185531616211
1769651265.7372358,full,goal1.png,0.5906280279159546,-1.2855298519134521,-1.4457740783691406,-0.8437217473983765,0.5823323726654053,0.21932882070541382,2.7684714794158936,-1.2916892766952515,-1.4137698411941528,-0.8312585353851318,0.5830897688865662,0.2103811353445053,2.757979393005371,-0.006159424781799316,0.03200423717498779,0.012463212013244629,0.0007573962211608887,-0.008947685360908508,-0.010492086410522461
1769651265.8251536,full,goal1.png,0.6003801226615906,-1.2872262001037598,-1.4457740783691406,-0.8416012525558472,0.5823626518249512,0.21687522530555725,2.7643215656280518,-1.2944155931472778,-1.4141337871551514,-0.8303806781768799,0.5839006900787354,0.20656412839889526,2.7545011043548584,-0.007189393043518066,0.03164029121398926,0.011220574378967285,0.0015380382537841797,-0.010311096906661987,-0.00982046127319336
1769651265.932114,full,goal1.png,0.6034538745880127,-1.2895889282226562,-1.4458649158477783,-0.8395110964775085,0.5825445055961609,0.21208903193473816,2.7596566677093506,-1.2962490320205688,-1.4160057306289673,-0.8296939134597778,0.5845979452133179,0.20236533880233765,2.7529008388519287,-0.006660103797912598,0.029859185218811035,0.009817183017730713,0.0020534396171569824,-0.009723693132400513,-0.006755828857421875
1769651266.033138,full,goal1.png,0.5865735411643982,-1.29204261302948,-1.4460467100143433,-0.8379056453704834,0.5829685926437378,0.20763617753982544,2.755657911300659,-1.297513484954834,-1.417737603187561,-0.8290215730667114,0.5869244337081909,0.1988793909549713,2.7514843940734863,-0.005470871925354004,0.028309106826782227,0.008884072303771973,0.003955841064453125,-0.008756786584854126,-0.0041735172271728516
1769651266.123797,full,goal1.png,0.593284010887146,-1.293466329574585,-1.4466828107833862,-0.836754560470581,0.5836652517318726,0.2043343335390091,2.7534165382385254,-1.2985566854476929,-1.4196572303771973,-0.8279151916503906,0.5890169143676758,0.1934981495141983,2.749145030975342,-0.00509035587310791,0.027025580406188965,0.00883936882019043,0.005351662635803223,-0.010836184024810791,-0.004271507263183594
1769651266.2310073,full,goal1.png,0.5977897047996521,-1.2946174144744873,-1.4475916624069214,-0.8358457684516907,0.5857250690460205,0.20030547678470612,2.751326322555542,-1.299916386604309,-1.4208601713180542,-0.828508734703064,0.5907949209213257,0.18985101580619812,2.7458999156951904,-0.005298972129821777,0.026731491088867188,0.007337033748626709,0.005069851875305176,-0.010454460978507996,-0.0054264068603515625
1769651266.3252285,full,goal1.png,0.5926603078842163,-1.2957382202148438,-1.4486517906188965,-0.8346947431564331,0.587633490562439,0.19618584215641022,2.749508857727051,-1.3012490272521973,-1.4220178127288818,-0.8287537693977356,0.5912889242172241,0.18597106635570526,2.741635322570801,-0.005510807037353516,0.02663397789001465,0.00594097375869751,0.0036554336547851562,-0.010214775800704956,-0.00787353515625
1769651266.422616,full,goal1.png,0.5857261419296265,-1.297858715057373,-1.4497727155685425,-0.8343614935874939,0.5895419120788574,0.191717728972435,2.745798110961914,-1.3028744459152222,-1.4248075485229492,-0.8263942003250122,0.5911294221878052,0.18003658950328827,2.738290309906006,-0.005015730857849121,0.02496516704559326,0.00796729326248169,0.001587510108947754,-0.011681139469146729,-0.007507801055908203
1769651266.5237818,full,goal1.png,0.5835317373275757,-1.298949122428894,-1.4507722854614258,-0.8336344957351685,0.5902386903762817,0.18694671988487244,2.741814613342285,-1.3048774003982544,-1.4279173612594604,-0.8228214979171753,0.5923780202865601,0.17121213674545288,2.7359769344329834,-0.0059282779693603516,0.022854924201965332,0.010812997817993164,0.0021393299102783203,-0.015734583139419556,-0.005837678909301758
1769651266.6249871,full,goal1.png,0.5827099084854126,-1.3000093698501587,-1.4524383544921875,-0.8317866921424866,0.5906323790550232,0.18076719343662262,2.7386341094970703,-1.3059746026992798,-1.429862380027771,-0.8198847770690918,0.5942135453224182,0.16245363652706146,2.7348079681396484,-0.005965232849121094,0.022575974464416504,0.011901915073394775,0.0035811662673950195,-0.018313556909561157,-0.003826141357421875
1769651266.723084,full,goal1.png,0.5864431262016296,-1.3015846014022827,-1.454801082611084,-0.8287574648857117,0.5917532444000244,0.17152811586856842,2.7366044521331787,-1.3069000244140625,-1.4305533170700073,-0.8186594843864441,0.5982290506362915,0.15296919643878937,2.732409954071045,-0.005315423011779785,0.02424776554107666,0.010097980499267578,0.00647580623626709,-0.018558919429779053,-0.004194498062133789
1769651266.823243,full,goal1.png,0.5959707498550415,-1.3030688762664795,-1.4566489458084106,-0.8263643980026245,0.5943886041641235,0.16306154429912567,2.735044479370117,-1.30769681930542,-1.4327685832977295,-0.8150924444198608,0.5992615222930908,0.14303404092788696,2.732388496398926,-0.00462794303894043,0.023880362510681152,0.011271953582763672,0.004872918128967285,-0.02002750337123871,-0.0026559829711914062
1769651266.923234,full,goal1.png,0.5942461490631104,-1.3036746978759766,-1.4575879573822021,-0.8242440223693848,0.5969633460044861,0.1548827439546585,2.733196496963501,-1.3078322410583496,-1.4372066259384155,-0.8085952401161194,0.5995382070541382,0.13255159556865692,2.733719825744629,-0.004157543182373047,0.02038133144378662,0.01564878225326538,0.0025748610496520996,-0.022331148386001587,0.0005233287811279297
1769651267.0327408,full,goal1.png,0.5828146934509277,-1.3044017553329468,-1.4593145847320557,-0.8207906484603882,0.5984174013137817,0.14458343386650085,2.7330148220062256,-1.3079183101654053,-1.4406402111053467,-0.8030763268470764,0.5991817712783813,0.12295486778020859,2.7344346046447754,-0.003516554832458496,0.018674373626708984,0.017714321613311768,0.0007643699645996094,-0.021628566086292267,0.0014197826385498047
1769651267.1353443,full,goal1.png,0.6087947487831116,-1.3051286935806274,-1.4627678394317627,-0.8149140477180481,0.5988414883613586,0.1345871388912201,2.7340447902679443,-1.3081653118133545,-1.4444116353988647,-0.7988398671150208,0.5994213819503784,0.11450309306383133,2.736111879348755,-0.0030366182327270508,0.01835620403289795,0.016074180603027344,0.0005798935890197754,-0.020084045827388763,0.002067089080810547
1769651267.2242072,full,goal1.png,0.6088427305221558,-1.3053710460662842,-1.4651305675506592,-0.8097644448280334,0.5988414883613586,0.1259084790945053,2.7347869873046875,-1.308181643486023,-1.4489507675170898,-0.7946503758430481,0.59914231300354,0.10924258083105087,2.737778663635254,-0.0028105974197387695,0.016179800033569336,0.015114068984985352,0.0003008246421813965,-0.016665898263454437,0.0029916763305664062
1769651267.3243344,full,goal1.png,0.5793728828430176,-1.3058557510375977,-1.4684324264526367,-0.8040998578071594,0.5988717675209045,0.1173509806394577,2.736377239227295,-1.3085837364196777,-1.4541879892349243,-0.7906883358955383,0.5984610915184021,0.1019877940416336,2.7410969734191895,-0.002727985382080078,0.014244437217712402,0.013411521911621094,-0.0004106760025024414,-0.015363186597824097,0.004719734191894531
1769651267.4234452,full,goal1.png,0.5845035314559937,-1.3061586618423462,-1.4720674753189087,-0.799344003200531,0.5987809300422668,0.10999006032943726,2.738861083984375,-1.309531807899475,-1.4592812061309814,-0.7864767909049988,0.5971702337265015,0.08983750641345978,2.745955467224121,-0.0033731460571289062,0.012786269187927246,0.012867212295532227,-0.0016106963157653809,-0.020152553915977478,0.007094383239746094
1769651267.523697,full,goal1.png,0.577898383140564,-1.3066130876541138,-1.475429892539978,-0.7953757643699646,0.5984477996826172,0.1018112525343895,2.742011547088623,-1.3108248710632324,-1.4636545181274414,-0.7843021154403687,0.5945364236831665,0.08105307072401047,2.7512528896331787,-0.004211783409118652,0.011775374412536621,0.011073648929595947,-0.003911375999450684,-0.02075818181037903,0.009241342544555664
1769651267.6243002,full,goal1.png,0.5284572839736938,-1.307794451713562,-1.4787923097610474,-0.7914984226226807,0.5974480509757996,0.09213300049304962,2.7469642162323,-1.3107168674468994,-1.4668660163879395,-0.7869717478752136,0.5891014933586121,0.08195264637470245,2.757230281829834,-0.0029224157333374023,0.01192629337310791,0.004526674747467041,-0.0083465576171875,-0.010180354118347168,0.01026606559753418
1769651267.724129,full,goal1.png,0.5663071870803833,-1.30861234664917,-1.4827302694320679,-0.788408637046814,0.5942674875259399,0.08558986335992813,2.751659631729126,-1.308791160583496,-1.4674293994903564,-0.7951956391334534,0.5831615924835205,0.08838070929050446,2.7633845806121826,-0.00017881393432617188,0.015300869941711426,-0.006787002086639404,-0.011105895042419434,0.0027908459305763245,0.01172494888305664
1769651267.826181,full,goal1.png,0.5691540241241455,-1.30861234664917,-1.48475980758667,-0.7901049852371216,0.5889966487884521,0.08555961400270462,2.7571725845336914,-1.3052273988723755,-1.464823603630066,-0.8065711855888367,0.5788979530334473,0.09429788589477539,2.7702956199645996,0.0033849477767944336,0.019936203956604004,-0.016466200351715088,-0.010098695755004883,0.00873827189207077,0.013123035430908203
1769651267.9259617,full,goal1.png,0.5664851069450378,-1.3074308633804321,-1.4850324392318726,-0.7959210276603699,0.5836955308914185,0.08933096379041672,2.7629432678222656,-1.3024834394454956,-1.4622522592544556,-0.8138605356216431,0.5763200521469116,0.097959965467453,2.7764546871185303,0.0049474239349365234,0.022780179977416992,-0.017939507961273193,-0.007375478744506836,0.008629001677036285,0.013511419296264648
1769651268.0260966,full,goal1.png,0.5584855079650879,-1.3046441078186035,-1.4837905168533325,-0.803827166557312,0.5794243216514587,0.09438972920179367,2.7699406147003174,-1.3006696701049805,-1.4596010446548462,-0.8185177445411682,0.5727578401565552,0.10500308871269226,2.781080484390259,0.003974437713623047,0.024189472198486328,-0.014690577983856201,-0.0066664814949035645,0.01061335951089859,0.011139869689941406
1769651268.1237395,full,goal1.png,0.5760709643363953,-1.302765965461731,-1.4820033311843872,-0.8101885318756104,0.5767890214920044,0.0989789292216301,2.7753782272338867,-1.2998836040496826,-1.4580152034759521,-0.8205914497375488,0.5685888528823853,0.11141829192638397,2.784034252166748,0.00288236141204834,0.02398812770843506,-0.010402917861938477,-0.00820016860961914,0.012439362704753876,0.008656024932861328
1769651268.2237842,full,goal1.png,0.5835028290748596,-1.3012816905975342,-1.4800949096679688,-0.8151261210441589,0.5734266042709351,0.10500703752040863,2.7805278301239014,-1.2988141775131226,-1.4584842920303345,-0.8207215070724487,0.564892053604126,0.11572745442390442,2.7867231369018555,0.002467513084411621,0.021610617637634277,-0.005595386028289795,-0.008534550666809082,0.010720416903495789,0.0061953067779541016
1769651268.3260694,full,goal1.png,0.580003559589386,-1.3001306056976318,-1.4791557788848877,-0.8178220987319946,0.5698825120925903,0.11055044084787369,2.7840113639831543,-1.298206090927124,-1.4599754810333252,-0.8218691945075989,0.5621194839477539,0.11839798092842102,2.7895750999450684,0.0019245147705078125,0.0191802978515625,-0.004047095775604248,-0.007763028144836426,0.007847540080547333,0.0055637359619140625
1769651268.4263012,full,goal1.png,0.5839575529098511,-1.2993429899215698,-1.479034662246704,-0.8193669319152832,0.5660051107406616,0.11506393551826477,2.786919355392456,-1.2983551025390625,-1.461315631866455,-0.8225805759429932,0.5598786473274231,0.12023268640041351,2.7906336784362793,0.0009878873825073242,0.017719030380249023,-0.003213644027709961,-0.006126463413238525,0.005168750882148743,0.003714323043823242
1769651268.5264323,full,goal1.png,0.5729517936706543,-1.2989188432693481,-1.479337453842163,-0.8202454447746277,0.5630667805671692,0.11769938468933105,2.7890398502349854,-1.2987825870513916,-1.4610875844955444,-0.824280858039856,0.5580822229385376,0.12040852755308151,2.7913095951080322,0.00013625621795654297,0.018249869346618652,-0.0040354132652282715,-0.004984557628631592,0.0027091428637504578,0.002269744873046875
1769651268.6258917,full,goal1.png,0.5790297389030457,-1.2988582849502563,-1.4797313213348389,-0.8211239576339722,0.5605524182319641,0.11945626139640808,2.790342330932617,-1.2993395328521729,-1.4630074501037598,-0.8233538269996643,0.5563294291496277,0.12097044289112091,2.7916650772094727,-0.0004812479019165039,0.0167238712310791,-0.0022298693656921387,-0.004222989082336426,0.0015141814947128296,0.0013227462768554688
1769651268.7301228,full,goal1.png,0.5888148546218872,-1.2989795207977295,-1.479882836341858,-0.8219115138053894,0.5582806468009949,0.12028937041759491,2.7911148071289062,-1.3000433444976807,-1.4661089181900024,-0.8213052749633789,0.5561690926551819,0.11764492839574814,2.7932350635528564,-0.0010638236999511719,0.013773918151855469,0.000606238842010498,-0.0021115541458129883,-0.0026444420218467712,0.0021202564239501953
1769651268.825884,full,goal1.png,0.5877542495727539,-1.2992521524429321,-1.4808522462844849,-0.8216994404792786,0.5564934015274048,0.1203802153468132,2.7916600704193115,-1.3013077974319458,-1.4694933891296387,-0.8183729648590088,0.5564772486686707,0.11267422884702682,2.794490337371826,-0.002055644989013672,0.011358857154846191,0.0033264756202697754,-1.615285873413086e-05,-0.007705986499786377,0.0028302669525146484
1769651268.9283404,full,goal1.png,0.585935115814209,-1.2997064590454102,-1.482669711112976,-0.8204575181007385,0.5560389757156372,0.11829004436731339,2.7931747436523438,-1.3027950525283813,-1.471745491027832,-0.8164463639259338,0.5576386451721191,0.11030107736587524,2.7943220138549805,-0.0030885934829711914,0.010924220085144043,0.0040111541748046875,0.0015996694564819336,-0.007988967001438141,0.0011472702026367188
1769651269.027474,full,goal1.png,0.5895265340805054,-1.300706148147583,-1.484881043434143,-0.8185188174247742,0.5560389757156372,0.11494280397891998,2.7943105697631836,-1.3041523694992065,-1.473399043083191,-0.8157351016998291,0.5579519271850586,0.1090557724237442,2.7942705154418945,-0.003446221351623535,0.011482000350952148,0.0027837157249450684,0.0019129514694213867,-0.005887031555175781,-4.00543212890625e-05
1769651269.1267369,full,goal1.png,0.5884414315223694,-1.3018572330474854,-1.4865167140960693,-0.8168527483940125,0.5564327836036682,0.11265575885772705,2.794386386871338,-1.3053405284881592,-1.4757413864135742,-0.814723551273346,0.5577875375747681,0.10899040848016739,2.794279098510742,-0.003483295440673828,0.010775327682495117,0.002129197120666504,0.0013547539710998535,-0.003665350377559662,-0.00010728836059570312
1769651269.228194,full,goal1.png,0.589423656463623,-1.3028870820999146,-1.4878193140029907,-0.8157320022583008,0.5567055344581604,0.11141375452280045,2.794416666030884,-1.3059505224227905,-1.478150486946106,-0.8129457235336304,0.5584738254547119,0.10531481355428696,2.794487476348877,-0.0030634403228759766,0.009668827056884766,0.00278627872467041,0.0017682909965515137,-0.006098940968513489,7.081031799316406e-05
1769651269.3263855,full,goal1.png,0.5923937559127808,-1.3037959337234497,-1.4895459413528442,-0.8144294023513794,0.556826651096344,0.1100657656788826,2.794219732284546,-1.3058189153671265,-1.4804933071136475,-0.8108324408531189,0.5578799247741699,0.10376902669668198,2.7944304943084717,-0.002022981643676758,0.009052634239196777,0.003596961498260498,0.0010532736778259277,-0.0062967389822006226,0.00021076202392578125
1769651269.4267554,full,goal1.png,0.5902872085571289,-1.3042502403259277,-1.491060495376587,-0.8126421570777893,0.557129442691803,0.1080513745546341,2.794325590133667,-1.3049958944320679,-1.4813331365585327,-0.8093137145042419,0.5565268993377686,0.10272413492202759,2.7951560020446777,-0.0007456541061401367,0.0097273588180542,0.0033284425735473633,-0.0006025433540344238,-0.005327239632606506,0.0008304119110107422
1769651269.5276887,full,goal1.png,0.5750731229782104,-1.3042805194854736,-1.492605447769165,-0.8105217218399048,0.5569174885749817,0.1066882461309433,2.794386386871338,-1.3035266399383545,-1.481306552886963,-0.809611976146698,0.5572811365127563,0.09976726770401001,2.796630382537842,0.0007538795471191406,0.011298894882202148,0.0009097456932067871,0.0003636479377746582,-0.006920978426933289,0.0022439956665039062
1769651269.6259732,full,goal1.png,0.5756881237030029,-1.3038867712020874,-1.493605136871338,-0.809037446975708,0.5564327836036682,0.10490097105503082,2.795264720916748,-1.3013062477111816,-1.4789197444915771,-0.8120285272598267,0.5588635206222534,0.09758760035037994,2.797571897506714,0.0025805234909057617,0.014685392379760742,-0.0029910802841186523,0.002430737018585205,-0.007313370704650879,0.0023071765899658203
1769651269.7254672,full,goal1.png,0.5725873708724976,-1.302947759628296,-1.4935141801834106,-0.808885931968689,0.5566751956939697,0.10222017765045166,2.7965521812438965,-1.2989826202392578,-1.4757587909698486,-0.8145334720611572,0.5602750778198242,0.09874162822961807,2.797187328338623,0.003965139389038086,0.01775538921356201,-0.005647540092468262,0.003599882125854492,-0.0034785494208335876,0.0006351470947265625
1769651269.8270013,full,goal1.png,0.5725041031837463,-1.3012816905975342,-1.4924540519714355,-0.8101885318756104,0.5576444268226624,0.10097821801900864,2.797067165374756,-1.2965755462646484,-1.4722788333892822,-0.8159952163696289,0.5610788464546204,0.10368192195892334,2.796247720718384,0.004706144332885742,0.02017521858215332,-0.005806684494018555,0.003434419631958008,0.0027037039399147034,-0.0008194446563720703
1769651269.9271078,full,goal1.png,0.5777231454849243,-1.299767017364502,-1.4908485412597656,-0.8119151592254639,0.5589470267295837,0.1013568639755249,2.7969307899475098,-1.2940653562545776,-1.4702895879745483,-0.8162640333175659,0.561583399772644,0.10664504766464233,2.7955212593078613,0.005701661109924316,0.020558953285217285,-0.004348874092102051,0.0026363730430603027,0.005288183689117432,-0.0014095306396484375
1769651270.0254567,full,goal1.png,0.5741130709648132,-1.297858715057373,-1.4892733097076416,-0.8131268620491028,0.5597043633460999,0.10373475402593613,2.7961583137512207,-1.292580485343933,-1.468104600906372,-0.8165001273155212,0.5623652338981628,0.10657384991645813,2.7938177585601807,0.005278229713439941,0.02116870880126953,-0.003373265266418457,0.0026608705520629883,0.002839095890522003,-0.002340555191040039
