timestamp,model_type,goal_image,similarity_score,curr_j0,curr_j1,curr_j2,curr_j3,curr_j4,curr_j5,cmd_j0,cmd_j1,cmd_j2,cmd_j3,cmd_j4,cmd_j5,step_diff_j0,step_diff_j1,step_diff_j2,step_diff_j3,step_diff_j4,step_diff_j5
1769651439.0764291,full,goal16.png,0.5101534724235535,0.26805344223976135,-1.2974950075149536,-1.8467488288879395,1.8960942029953003,1.4050315618515015,2.9386062622070312,0.2328772246837616,-1.1831271648406982,-1.8343615531921387,1.7771694660186768,1.3802381753921509,2.8930253982543945,-0.035176217555999756,0.11436784267425537,0.012387275695800781,-0.11892473697662354,-0.024793386459350586,-0.04558086395263672
1769651439.0914485,full,goal16.png,0.5002381205558777,0.26805344223976135,-1.2974950075149536,-1.8467791080474854,1.8960641622543335,1.4050164222717285,2.938591241836548,0.23123949766159058,-1.1805949211120605,-1.8352713584899902,1.7753570079803467,1.3802114725112915,2.893057346343994,-0.036813944578170776,0.11690008640289307,0.011507749557495117,-0.12070715427398682,-0.02480494976043701,-0.04553389549255371
1769651439.1629386,full,goal16.png,0.4839925467967987,0.26802316308021545,-1.2974647283554077,-1.8467791080474854,1.8960942029953003,1.4050012826919556,2.9386062622070312,0.230136901140213,-1.179341435432434,-1.8362370729446411,1.7742533683776855,1.3802485466003418,2.8932394981384277,-0.03788626194000244,0.11812329292297363,0.010542035102844238,-0.12184083461761475,-0.02475273609161377,-0.045366764068603516
1769651439.2700958,full,goal16.png,0.5099798440933228,0.2459706813097,-1.2676271200180054,-1.8420231342315674,1.8414781093597412,1.3877348899841309,2.9083750247955322,0.22822657227516174,-1.1742970943450928,-1.8341894149780273,1.7724502086639404,1.3799145221710205,2.892423629760742,-0.01774410903453827,0.0933300256729126,0.007833719253540039,-0.06902790069580078,-0.007820367813110352,-0.01595139503479004
1769651439.3657722,full,goal16.png,0.5463402271270752,0.23191522061824799,-1.23875892162323,-1.8402057886123657,1.7963128089904785,1.3830244541168213,2.8986663818359375,0.22145065665245056,-1.1613866090774536,-1.833184003829956,1.7604591846466064,1.3811877965927124,2.8923563957214355,-0.010464563965797424,0.07737231254577637,0.007021784782409668,-0.03585362434387207,-0.0018366575241088867,-0.006309986114501953
1769651439.463081,full,goal16.png,0.5314070582389832,0.22709877789020538,-1.2109509706497192,-1.8395090103149414,1.7761383056640625,1.3814492225646973,2.894728422164917,0.20725852251052856,-1.1364634037017822,-1.834517002105713,1.7454633712768555,1.3819403648376465,2.889848232269287,-0.01984025537967682,0.07448756694793701,0.004992008209228516,-0.03067493438720703,0.0004911422729492188,-0.004880189895629883
1769651439.5611596,full,goal16.png,0.576378345489502,0.2257356196641922,-1.1940783262252808,-1.8339656591415405,1.7628097534179688,1.381676435470581,2.893259286880493,0.19594085216522217,-1.1155091524124146,-1.8380634784698486,1.7303880453109741,1.382770299911499,2.888831377029419,-0.029794767498970032,0.07856917381286621,-0.0040978193283081055,-0.03242170810699463,0.0010938644409179688,-0.004427909851074219
1769651439.6664455,full,goal16.png,0.5349595546722412,0.21174071729183197,-1.17569100856781,-1.8357831239700317,1.749178409576416,1.3823732137680054,2.8913204669952393,0.1886594593524933,-1.0989021062850952,-1.8417623043060303,1.7217261791229248,1.3837313652038574,2.893691062927246,-0.023081257939338684,0.07678890228271484,-0.005979180335998535,-0.02745223045349121,0.0013581514358520508,0.002370595932006836
1769651439.7640862,full,goal16.png,0.5764058828353882,0.1956254243850708,-1.1541838645935059,-1.8370553255081177,1.7353047132492065,1.3828426599502563,2.8904571533203125,0.18195222318172455,-1.0845531225204468,-1.8488543033599854,1.7119081020355225,1.385048270225525,2.8976967334747314,-0.013673201203346252,0.06963074207305908,-0.011798977851867676,-0.023396611213684082,0.0022056102752685547,0.007239580154418945
1769651439.8638906,full,goal16.png,0.5874060988426208,0.1911725252866745,-1.1340093612670898,-1.8417809009552002,1.724460244178772,1.383872628211975,2.8929715156555176,0.1735648810863495,-1.0668100118637085,-1.8599357604980469,1.7032747268676758,1.3857276439666748,2.9026882648468018,-0.017607644200325012,0.06719934940338135,-0.01815485954284668,-0.02118551731109619,0.001855015754699707,0.00971674919128418
1769651439.9644217,full,goal16.png,0.6049792170524597,0.18777982890605927,-1.120256781578064,-1.8480817079544067,1.713888168334961,1.3847965002059937,2.896742820739746,0.16824176907539368,-1.050808310508728,-1.8742833137512207,1.692458152770996,1.3863437175750732,2.905703067779541,-0.01953805983066559,0.06944847106933594,-0.026201605796813965,-0.021430015563964844,0.0015472173690795898,0.008960247039794922
1769651440.0645046,full,goal16.png,0.6105276346206665,0.17557205259799957,-1.1041110754013062,-1.8575326204299927,1.7061638832092285,1.3854477405548096,2.900696039199829,0.16120421886444092,-1.036279320716858,-1.887715220451355,1.6817588806152344,1.386613130569458,2.9106385707855225,-0.014367833733558655,0.06783175468444824,-0.030182600021362305,-0.02440500259399414,0.0011653900146484375,0.00994253158569336
1769651440.1625032,full,goal16.png,0.6029675006866455,0.16678747534751892,-1.087480902671814,-1.8717397451400757,1.6952284574508667,1.3857961893081665,2.904982328414917,0.15307612717151642,-1.0255482196807861,-1.8981282711029053,1.673964023590088,1.388580083847046,2.918623208999634,-0.013711348176002502,0.06193268299102783,-0.02638852596282959,-0.02126443386077881,0.0027838945388793945,0.013640880584716797
1769651440.2612278,full,goal16.png,0.6057244539260864,0.16493962705135345,-1.073304295539856,-1.8839170932769775,1.6842023134231567,1.386553406715393,2.9105255603790283,0.1466551423072815,-1.0140966176986694,-1.9069442749023438,1.6664179563522339,1.390904188156128,2.9292774200439453,-0.01828448474407196,0.05920767784118652,-0.02302718162536621,-0.01778435707092285,0.004350781440734863,0.018751859664916992
1769651440.3618133,full,goal16.png,0.6057696342468262,0.15742722153663635,-1.0591579675674438,-1.895427942276001,1.6761443614959717,1.3883861303329468,2.918053150177002,0.14099633693695068,-1.003310203552246,-1.9175318479537964,1.6555440425872803,1.3953107595443726,2.9366273880004883,-0.01643088459968567,0.055847764015197754,-0.02210390567779541,-0.020600318908691406,0.006924629211425781,0.018574237823486328
1769651440.462615,full,goal16.png,0.554195761680603,0.1457042694091797,-1.047283411026001,-1.905151605606079,1.6680262088775635,1.391142725944519,2.9267168045043945,0.13495206832885742,-0.9949143528938293,-1.9278531074523926,1.6412053108215332,1.3998247385025024,2.947521686553955,-0.010752201080322266,0.05236905813217163,-0.022701501846313477,-0.026820898056030273,0.008682012557983398,0.020804882049560547
1769651440.5637748,full,goal16.png,0.5692137479782104,0.14188745617866516,-1.0368328094482422,-1.9153902530670166,1.6571210622787476,1.3949897289276123,2.935319662094116,0.12878228724002838,-0.9845900535583496,-1.938504934310913,1.6282422542572021,1.403939127922058,2.9606568813323975,-0.01310516893863678,0.05224275588989258,-0.023114681243896484,-0.02887880802154541,0.0089493989944458,0.02533721923828125
1769651440.662182,full,goal16.png,0.6048199534416199,0.14010025560855865,-1.0266244411468506,-1.9254169464111328,1.6458828449249268,1.3985490798950195,2.9447858333587646,0.12123265862464905,-0.9749767780303955,-1.9493800401687622,1.6179592609405518,1.4067498445510864,2.97263240814209,-0.018867596983909607,0.05164766311645508,-0.023963093757629395,-0.027923583984375,0.008200764656066895,0.027846574783325195
1769651440.7620804,full,goal16.png,0.5828478932380676,0.13086122274398804,-1.018294095993042,-1.9345349073410034,1.6325544118881226,1.4022749662399292,2.957235813140869,0.11091281473636627,-0.9618405103683472,-1.9599655866622925,1.6066226959228516,1.408921718597412,2.9841408729553223,-0.019948408007621765,0.056453585624694824,-0.025430679321289062,-0.025931715965270996,0.00664675235748291,0.026905059814453125
1769651440.862931,full,goal16.png,0.5751581192016602,0.12080425024032593,-1.0065407752990723,-1.9471362829208374,1.62089204788208,1.4056828022003174,2.9695191383361816,0.10078545659780502,-0.9478564262390137,-1.969186782836914,1.5973930358886719,1.4104562997817993,2.994887590408325,-0.020018793642520905,0.058684349060058594,-0.02205049991607666,-0.023499011993408203,0.004773497581481934,0.025368452072143555
1769651440.9639547,full,goal16.png,0.5642391443252563,0.11374622583389282,-0.9939393997192383,-1.9577990770339966,1.6100473403930664,1.4082424640655518,2.9814693927764893,0.09236427396535873,-0.9336943626403809,-1.9793741703033447,1.591032862663269,1.410405158996582,3.0071163177490234,-0.021381951868534088,0.06024503707885742,-0.021575093269348145,-0.019014477729797363,0.0021626949310302734,0.02564692497253418
1769651441.0635426,full,goal16.png,0.5922449827194214,0.10544624924659729,-0.9818528890609741,-1.9661294221878052,1.6007781028747559,1.4092572927474976,2.992116928100586,0.08421840518712997,-0.9208495616912842,-1.9901535511016846,1.5862140655517578,1.4109091758728027,3.0177156925201416,-0.021227844059467316,0.06100332736968994,-0.024024128913879395,-0.014564037322998047,0.0016518831253051758,0.025598764419555664
1769651441.1641512,full,goal16.png,0.568982720375061,0.09326889365911484,-0.9673733115196228,-1.9773979187011719,1.5935382843017578,1.4104992151260376,3.0043246746063232,0.07153740525245667,-0.9106448292732239,-2.0024943351745605,1.5800806283950806,1.4106627702713013,3.0315937995910645,-0.021731488406658173,0.056728482246398926,-0.025096416473388672,-0.013457655906677246,0.00016355514526367188,0.02726912498474121
1769651441.2640927,full,goal16.png,0.5486013293266296,0.08521125465631485,-0.9550747275352478,-1.9876365661621094,1.5877221822738647,1.4102721214294434,3.015881061553955,0.05479806661605835,-0.9006296992301941,-2.0157930850982666,1.5712149143218994,1.4111295938491821,3.0464365482330322,-0.0304131880402565,0.05444502830505371,-0.028156518936157227,-0.016507267951965332,0.0008574724197387695,0.03055548667907715
1769651441.362745,full,goal16.png,0.5564323663711548,0.07612362504005432,-0.9439576864242554,-1.9995414018630981,1.581512451171875,1.4101660251617432,3.028043270111084,0.034101877361536026,-0.886890172958374,-2.029036521911621,1.560166835784912,1.4118223190307617,3.060518503189087,-0.042021747678518295,0.05706751346588135,-0.02949512004852295,-0.02134561538696289,0.0016562938690185547,0.03247523307800293
1769651441.462293,full,goal16.png,0.5352600812911987,0.056645918637514114,-0.9320226311683655,-2.013263702392578,1.5722432136535645,1.410862684249878,3.0433709621429443,0.015680421143770218,-0.869971752166748,-2.0409445762634277,1.5456022024154663,1.4123897552490234,3.074237108230591,-0.040965497493743896,0.06205087900161743,-0.02768087387084961,-0.026641011238098145,0.0015270709991455078,0.030866146087646484
1769651441.562716,full,goal16.png,0.5245406627655029,0.03692587837576866,-0.9184517860412598,-2.0254409313201904,1.5625193119049072,1.4115291833877563,3.0575172901153564,0.0009278096258640289,-0.8513333797454834,-2.0519261360168457,1.5272204875946045,1.413405418395996,3.087124824523926,-0.03599806874990463,0.06711840629577637,-0.026485204696655273,-0.035298824310302734,0.001876235008239746,0.029607534408569336
1769651441.6622343,full,goal16.png,0.5301631689071655,0.020265277475118637,-0.9018215537071228,-2.0382847785949707,1.5476460456848145,1.4119077920913696,3.0706186294555664,-0.012814253568649292,-0.8343766331672668,-2.06398868560791,1.509265422821045,1.4142699241638184,3.099090814590454,-0.03307953104376793,0.06744492053985596,-0.025703907012939453,-0.03838062286376953,0.0023621320724487305,0.028472185134887695
1769651441.7626529,full,goal16.png,0.5192696452140808,0.0049072797410190105,-0.8841915726661682,-2.0494322776794434,1.5312581062316895,1.412437915802002,3.084174156188965,-0.027484789490699768,-0.8175415992736816,-2.0737602710723877,1.4932754039764404,1.4147107601165771,3.1085267066955566,-0.032392069697380066,0.06664997339248657,-0.024327993392944336,-0.03798270225524902,0.0022728443145751953,0.024352550506591797
1769651441.86218,full,goal16.png,0.5325015187263489,-0.010905107483267784,-0.8651682138442993,-2.0619730949401855,1.5135071277618408,1.4137859344482422,3.0957608222961426,-0.041031137108802795,-0.8001569509506226,-2.079885959625244,1.4778236150741577,1.4137413501739502,3.114449977874756,-0.03012602962553501,0.06501126289367676,-0.017912864685058594,-0.035683512687683105,-4.458427429199219e-05,0.01868915557861328
1769651441.9623446,full,goal16.png,0.5648261308670044,-0.024294137954711914,-0.850052535533905,-2.0702426433563232,1.497209906578064,1.4139978885650635,3.105726957321167,-0.05536475032567978,-0.7841764092445374,-2.0850443840026855,1.4602868556976318,1.4116411209106445,3.1248199939727783,-0.031070612370967865,0.06587612628936768,-0.014801740646362305,-0.03692305088043213,-0.0023567676544189453,0.019093036651611328
1769651442.0612614,full,goal16.png,0.5649700164794922,-0.03744090721011162,-0.8329073786735535,-2.077512741088867,1.4813369512557983,1.4134981632232666,3.1132848262786865,-0.07036998867988586,-0.7707107067108154,-2.091362953186035,1.4419828653335571,1.410309910774231,3.135362148284912,-0.032929081469774246,0.06219667196273804,-0.013850212097167969,-0.03935408592224121,-0.0031882524490356445,0.022077322006225586
1769651442.1627936,full,goal16.png,0.5867515206336975,-0.052829187363386154,-0.8160044550895691,-2.084237575531006,1.4638584852218628,1.4117109775543213,3.1227056980133057,-0.08456487208604813,-0.7599897980690002,-2.100494146347046,1.4248130321502686,1.4078651666641235,3.1403634548187256,-0.03173568472266197,0.05601465702056885,-0.01625657081604004,-0.03904545307159424,-0.003845810890197754,0.017657756805419922
1769651442.2633605,full,goal16.png,0.5839096903800964,-0.0680963397026062,-0.8020398020744324,-2.091447114944458,1.4456833600997925,1.4098479747772217,3.132777690887451,-0.09996241331100464,-0.7479760050773621,-2.1121363639831543,1.4106521606445312,1.4014177322387695,3.139260768890381,-0.03186607360839844,0.05406379699707031,-0.02068924903869629,-0.03503119945526123,-0.008430242538452148,0.0064830780029296875
1769651442.3631585,full,goal16.png,0.598351240158081,-0.0813642367720604,-0.7892869114875793,-2.0995049476623535,1.4292954206466675,1.4080759286880493,3.1375486850738525,-0.11990299820899963,-0.7354996204376221,-2.12237286567688,1.3982460498809814,1.3931584358215332,3.1351680755615234,-0.03853876143693924,0.053787291049957275,-0.022867918014526367,-0.031049370765686035,-0.014917492866516113,-0.0023806095123291016
1769651442.462328,full,goal16.png,0.5758044719696045,-0.097752146422863,-0.7766551971435547,-2.110076904296875,1.4148763418197632,1.4024567604064941,3.138200044631958,-0.14469416439533234,-0.7255964279174805,-2.129574775695801,1.3858896493911743,1.3852028846740723,3.1287119388580322,-0.04694201797246933,0.05105876922607422,-0.01949787139892578,-0.028986692428588867,-0.017253875732421875,-0.009488105773925781
1769651442.565436,full,goal16.png,0.5735100507736206,-0.1181991919875145,-0.7650231122970581,-2.12019419670105,1.4012752771377563,1.394626259803772,3.134852647781372,-0.166778564453125,-0.7151436805725098,-2.1309118270874023,1.3765597343444824,1.3774875402450562,3.1198344230651855,-0.048579372465610504,0.04987943172454834,-0.010717630386352539,-0.024715542793273926,-0.01713871955871582,-0.015018224716186523
1769651442.6659138,full,goal16.png,0.5813812613487244,-0.14010033011436462,-0.7541786432266235,-2.1263434886932373,1.3894615173339844,1.3874015808105469,3.129324436187744,-0.18251219391822815,-0.7041515111923218,-2.1331162452697754,1.3694738149642944,1.3704814910888672,3.114107608795166,-0.042411863803863525,0.05002713203430176,-0.006772756576538086,-0.01998770236968994,-0.016920089721679688,-0.015216827392578125
1769651442.7649422,full,goal16.png,0.5963468551635742,-0.16133496165275574,-0.7426676154136658,-2.1297059059143066,1.379919409751892,1.380086064338684,3.1223723888397217,-0.19131281971931458,-0.6896370649337769,-2.1388919353485107,1.366883635520935,1.3638854026794434,3.113823652267456,-0.029977858066558838,0.053030550479888916,-0.009186029434204102,-0.013035774230957031,-0.016200661659240723,-0.008548736572265625
1769651442.8641407,full,goal16.png,0.583627462387085,-0.17681415379047394,-0.7330953478813171,-2.13303804397583,1.3734370470046997,1.3730887174606323,3.116586685180664,-0.20252984762191772,-0.6734574437141418,-2.146916389465332,1.3597766160964966,1.35890531539917,3.1147429943084717,-0.025715693831443787,0.05963790416717529,-0.013878345489501953,-0.013660430908203125,-0.014183402061462402,-0.0018436908721923828
1769651442.965212,full,goal16.png,0.5990999937057495,-0.18835535645484924,-0.7190701365470886,-2.139096260070801,1.3684691190719604,1.3656065464019775,3.1151630878448486,-0.2134464532136917,-0.6530426740646362,-2.1533570289611816,1.3471713066101074,1.356460452079773,3.110711097717285,-0.025091096758842468,0.06602746248245239,-0.01426076889038086,-0.021297812461853027,-0.00914609432220459,-0.0044519901275634766
1769651443.0629532,full,goal16.png,0.6187756061553955,-0.1999874711036682,-0.7022582292556763,-2.146548271179199,1.3608355522155762,1.3609416484832764,3.11413311958313,-0.22662094235420227,-0.6313149929046631,-2.159005880355835,1.3311251401901245,1.3525638580322266,3.1033897399902344,-0.026633471250534058,0.07094323635101318,-0.012457609176635742,-0.02971041202545166,-0.008377790451049805,-0.010743379592895508
1769651443.162109,full,goal16.png,0.6022006869316101,-0.21180135011672974,-0.6841738224029541,-2.151940107345581,1.348749041557312,1.357427716255188,3.1108312606811523,-0.24014419317245483,-0.6129211187362671,-2.1625893115997314,1.3145593404769897,1.3476673364639282,3.100255012512207,-0.028342843055725098,0.07125270366668701,-0.01064920425415039,-0.034189701080322266,-0.009760379791259766,-0.010576248168945312
1769651443.2637045,full,goal16.png,0.6242533922195435,-0.22428160905838013,-0.6615155339241028,-2.1578471660614014,1.3340271711349487,1.352687120437622,3.1055150032043457,-0.252839058637619,-0.599634051322937,-2.171217918395996,1.2999186515808105,1.343221664428711,3.1105539798736572,-0.02855744957923889,0.06188148260116577,-0.013370752334594727,-0.034108519554138184,-0.009465456008911133,0.0050389766693115234
1769651443.3644307,full,goal16.png,0.6298245191574097,-0.23730716109275818,-0.6414926052093506,-2.162996768951416,1.3186389207839966,1.3490369319915771,3.1035914421081543,-0.26123976707458496,-0.5855967998504639,-2.180060863494873,1.2878799438476562,1.3415887355804443,3.1149587631225586,-0.023932605981826782,0.05589580535888672,-0.01706409454345703,-0.030758976936340332,-0.0074481964111328125,0.011367321014404297
1769651443.4620998,full,goal16.png,0.6396743059158325,-0.24951480329036713,-0.6283760070800781,-2.17114520072937,1.3037654161453247,1.3450686931610107,3.1086199283599854,-0.26793989539146423,-0.5697157382965088,-2.1914095878601074,1.281075358390808,1.3390228748321533,3.1134252548217773,-0.018425092101097107,0.058660268783569336,-0.020264387130737305,-0.0226900577545166,-0.006045818328857422,0.004805326461791992
1769651443.5636015,full,goal16.png,0.6355526447296143,-0.25902652740478516,-0.611503541469574,-2.1801116466522217,1.291254997253418,1.3420848846435547,3.112724542617798,-0.27612847089767456,-0.5531264543533325,-2.2007131576538086,1.273956298828125,1.335463285446167,3.1053431034088135,-0.017101943492889404,0.058377087116241455,-0.020601511001586914,-0.01729869842529297,-0.006621599197387695,-0.007381439208984375
1769651443.664421,full,goal16.png,0.6381345391273499,-0.2663874626159668,-0.5957213044166565,-2.190713882446289,1.2839243412017822,1.3395403623580933,3.1122398376464844,-0.285683810710907,-0.5394629836082458,-2.207192897796631,1.2702488899230957,1.3328204154968262,3.1002745628356934,-0.019296348094940186,0.056258320808410645,-0.016479015350341797,-0.013675451278686523,-0.00671994686126709,-0.011965274810791016
1769651443.7651525,full,goal16.png,0.6529483795166016,-0.27459657192230225,-0.5816658735275269,-2.199801445007324,1.2766845226287842,1.3360719680786133,3.1073172092437744,-0.2944413423538208,-0.5252459049224854,-2.2096614837646484,1.2677984237670898,1.3296380043029785,3.0922646522521973,-0.019844770431518555,0.056419968605041504,-0.009860038757324219,-0.008886098861694336,-0.006433963775634766,-0.015052556991577148
1769651443.8625214,full,goal16.png,0.6588561534881592,-0.2827753722667694,-0.5672772526741028,-2.2057690620422363,1.2722922563552856,1.3333607912063599,3.1021525859832764,-0.30290788412094116,-0.5096802115440369,-2.213954210281372,1.2651599645614624,1.324910044670105,3.0815553665161133,-0.020132511854171753,0.05759704113006592,-0.008185148239135742,-0.007132291793823242,-0.008450746536254883,-0.020597219467163086
1769651443.9642372,full,goal16.png,0.6683962941169739,-0.29225674271583557,-0.5514042377471924,-2.209646463394165,1.2691720724105835,1.3298923969268799,3.09362530708313,-0.31045791506767273,-0.4897221326828003,-2.2169320583343506,1.2596150636672974,1.3175137042999268,3.0637948513031006,-0.018201172351837158,0.06168210506439209,-0.007285594940185547,-0.009557008743286133,-0.012378692626953125,-0.029830455780029297
1769651444.063383,full,goal16.png,0.6721373796463013,-0.3008294105529785,-0.5365308523178101,-2.2138569355010986,1.26620352268219,1.325469732284546,3.082538604736328,-0.3189689815044403,-0.4694557189941406,-2.218183994293213,1.2536557912826538,1.308354377746582,3.044394016265869,-0.018139570951461792,0.06707513332366943,-0.004327058792114258,-0.012547731399536133,-0.017115354537963867,-0.038144588470458984
1769651444.1623645,full,goal16.png,0.6405179500579834,-0.3084932267665863,-0.5164473652839661,-2.216946840286255,1.2611750364303589,1.3176090717315674,3.0670745372772217,-0.32995739579200745,-0.4511415660381317,-2.218423843383789,1.245893955230713,1.299520492553711,3.0266172885894775,-0.021464169025421143,0.06530579924583435,-0.0014770030975341797,-0.015281081199645996,-0.018088579177856445,-0.04045724868774414
1769651444.2632842,full,goal16.png,0.6862039566040039,-0.3180655241012573,-0.4950006604194641,-2.219430685043335,1.2545714378356934,1.308597207069397,3.0468242168426514,-0.34061193466186523,-0.43286991119384766,-2.2199926376342773,1.2392512559890747,1.2887920141220093,3.009626865386963,-0.02254641056060791,0.062130749225616455,-0.0005619525909423828,-0.015320181846618652,-0.019805192947387695,-0.03719735145568848
1769651444.3630276,full,goal16.png,0.6911972761154175,-0.32821333408355713,-0.47721922397613525,-2.220400094985962,1.2474831342697144,1.300387978553772,3.030012369155884,-0.35021600127220154,-0.4143432378768921,-2.223325252532959,1.2379333972930908,1.2768592834472656,2.991961717605591,-0.02200266718864441,0.06287598609924316,-0.0029251575469970703,-0.009549736976623535,-0.023528695106506348,-0.03805065155029297
1769651444.464128,full,goal16.png,0.7199649810791016,-0.33823996782302856,-0.4583473205566406,-2.2223992347717285,1.2418488264083862,1.2894525527954102,3.0137455463409424,-0.36098331212997437,-0.3964841365814209,-2.229081153869629,1.243872880935669,1.2621099948883057,2.977703094482422,-0.0227433443069458,0.06186318397521973,-0.006681919097900391,0.002024054527282715,-0.027342557907104492,-0.03604245185852051
1769651444.5645378,full,goal16.png,0.7269138097763062,-0.34835749864578247,-0.4399298131465912,-2.226064443588257,1.2403039932250977,1.2773661613464355,2.9966304302215576,-0.3724701404571533,-0.3820632994174957,-2.23561692237854,1.24931001663208,1.249092698097229,2.9643824100494385,-0.02411264181137085,0.05786651372909546,-0.009552478790283203,0.009006023406982422,-0.028273463249206543,-0.03224802017211914
1769651444.6636612,full,goal16.png,0.7210878133773804,-0.35914140939712524,-0.42314815521240234,-2.231062889099121,1.2426667213439941,1.2638105154037476,2.9819843769073486,-0.3830975294113159,-0.37002018094062805,-2.2416539192199707,1.2520831823349,1.2377296686172485,2.9486007690429688,-0.023956120014190674,0.05312797427177429,-0.01059103012084961,0.009416460990905762,-0.026080846786499023,-0.03338360786437988
1769651444.7636213,full,goal16.png,0.7412039041519165,-0.3700162172317505,-0.406124085187912,-2.236757516860962,1.2466652393341064,1.251057505607605,2.967716932296753,-0.3922891914844513,-0.35640987753868103,-2.244317054748535,1.2523366212844849,1.2255184650421143,2.93017315864563,-0.022272974252700806,0.04971420764923096,-0.007559537887573242,0.005671381950378418,-0.025539040565490723,-0.03754377365112305
1769651444.863707,full,goal16.png,0.7239190340042114,-0.3805274963378906,-0.39249274134635925,-2.242422342300415,1.249967098236084,1.2392891645431519,2.9513440132141113,-0.3991096615791321,-0.34217166900634766,-2.244204044342041,1.2544984817504883,1.2123459577560425,2.909965753555298,-0.018582165241241455,0.0503210723400116,-0.0017817020416259766,0.004531383514404297,-0.026943206787109375,-0.04137825965881348
1769651444.965778,full,goal16.png,0.7381762862205505,-0.39013010263442993,-0.3793763220310211,-2.2459967136383057,1.251663327217102,1.2272329330444336,2.9326236248016357,-0.40905460715293884,-0.3252902626991272,-2.243363618850708,1.2554036378860474,1.1975839138031006,2.8899192810058594,-0.01892450451850891,0.05408605933189392,0.0026330947875976562,0.0037403106689453125,-0.029649019241333008,-0.04270434379577637
1769651445.0629165,full,goal16.png,0.737510621547699,-0.3974304497241974,-0.3638061285018921,-2.2470264434814453,1.2532992362976074,1.2142831087112427,2.9135549068450928,-0.41953110694885254,-0.3089234530925751,-2.2421584129333496,1.2565677165985107,1.1810311079025269,2.8700292110443115,-0.02210065722465515,0.05488267540931702,0.004868030548095703,0.0032684803009033203,-0.03325200080871582,-0.04352569580078125
1769651445.1623867,full,goal16.png,0.7527760863304138,-0.4073055684566498,-0.3481754958629608,-2.247087001800537,1.2546017169952393,1.1988948583602905,2.8935015201568604,-0.4302770495414734,-0.2907874882221222,-2.2411327362060547,1.2563554048538208,1.1636890172958374,2.8505842685699463,-0.02297148108482361,0.05738800764083862,0.005954265594482422,0.001753687858581543,-0.035205841064453125,-0.04291725158691406
1769651445.2675858,full,goal16.png,0.7257741689682007,-0.41848328709602356,-0.33075761795043945,-2.246541976928711,1.2559043169021606,1.181249737739563,2.8724334239959717,-0.43820613622665405,-0.2733650207519531,-2.241288185119629,1.2555134296417236,1.1484880447387695,2.8321096897125244,-0.019722849130630493,0.05739259719848633,0.005253791809082031,-0.0003908872604370117,-0.03276169300079346,-0.040323734283447266
1769651445.3683558,full,goal16.png,0.7444765567779541,-0.4276314973831177,-0.31297633051872253,-2.246178388595581,1.2562072277069092,1.1660584211349487,2.854818820953369,-0.44664642214775085,-0.25714054703712463,-2.240224838256836,1.2525523900985718,1.1335266828536987,2.813021183013916,-0.01901492476463318,0.0558357834815979,0.005953550338745117,-0.0036548376083374023,-0.03253173828125,-0.041797637939453125
1769651445.4654486,full,goal16.png,0.7352380156517029,-0.4363252818584442,-0.2972849905490875,-2.246208667755127,1.2558740377426147,1.1520180702209473,2.837718963623047,-0.45476311445236206,-0.24330759048461914,-2.238340139389038,1.2506784200668335,1.1184449195861816,2.7959420680999756,-0.018437832593917847,0.053977400064468384,0.007868528366088867,-0.00519561767578125,-0.033573150634765625,-0.04177689552307129
1769651445.5649378,full,goal16.png,0.7261883616447449,-0.4452008605003357,-0.2796854078769684,-2.2454817295074463,1.2535717487335205,1.1350847482681274,2.8170902729034424,-0.4636959135532379,-0.23050251603126526,-2.236030101776123,1.2487521171569824,1.102083444595337,2.77948260307312,-0.01849505305290222,0.049182891845703125,0.009451627731323242,-0.004819631576538086,-0.03300130367279053,-0.037607669830322266
1769651445.6625805,full,goal16.png,0.7461008429527283,-0.45265263319015503,-0.2635095715522766,-2.244300365447998,1.2516330480575562,1.1203023195266724,2.7997632026672363,-0.47194552421569824,-0.21957889199256897,-2.232914686203003,1.2472608089447021,1.085183024406433,2.7633259296417236,-0.019292891025543213,0.04393067955970764,0.011385679244995117,-0.004372239112854004,-0.03511929512023926,-0.036437273025512695
1769651445.7623954,full,goal16.png,0.7288137078285217,-0.4619522988796234,-0.2507869601249695,-2.2423312664031982,1.2497246265411377,1.1043990850448608,2.783132791519165,-0.4807833433151245,-0.2091161161661148,-2.229886293411255,1.2477611303329468,1.067785382270813,2.7456982135772705,-0.0188310444355011,0.041670843958854675,0.01244497299194336,-0.001963496208190918,-0.03661370277404785,-0.03743457794189453
1769651445.862815,full,goal16.png,0.7625693678855896,-0.47028258442878723,-0.2395789623260498,-2.239847421646118,1.2483009099960327,1.0878444910049438,2.7667298316955566,-0.48970460891723633,-0.19963900744915009,-2.2281265258789062,1.2472217082977295,1.0506548881530762,2.7279582023620605,-0.019422024488449097,0.03993995487689972,0.011720895767211914,-0.0010792016983032227,-0.037189602851867676,-0.038771629333496094
1769651445.9669888,full,goal16.png,0.7479993104934692,-0.4792490005493164,-0.22664424777030945,-2.237333297729492,1.2480283975601196,1.068715214729309,2.7476003170013428,-0.4985162615776062,-0.1917906403541565,-2.2273807525634766,1.2459502220153809,1.0346359014511108,2.712069511413574,-0.019267261028289795,0.034853607416152954,0.009952545166015625,-0.0020781755447387695,-0.03407931327819824,-0.035530805587768555
1769651446.0646393,full,goal16.png,0.7655044198036194,-0.4886697828769684,-0.21713250875473022,-2.2359397411346436,1.2475134134292603,1.052781581878662,2.7313032150268555,-0.5065087080001831,-0.18514062464237213,-2.226463794708252,1.2424763441085815,1.0189824104309082,2.6973819732666016,-0.01783892512321472,0.03199188411235809,0.009475946426391602,-0.005037069320678711,-0.033799171447753906,-0.033921241760253906
1769651446.1636894,full,goal16.png,0.7622998952865601,-0.496545672416687,-0.21064993739128113,-2.2350614070892334,1.2459381818771362,1.0372872352600098,2.715596914291382,-0.5139378309249878,-0.17737995088100433,-2.2245216369628906,1.240995168685913,1.0034663677215576,2.6830697059631348,-0.01739215850830078,0.033269986510276794,0.010539770126342773,-0.0049430131912231445,-0.03382086753845215,-0.03252720832824707
1769651446.2628112,full,goal16.png,0.7529602646827698,-0.504815399646759,-0.20168359577655792,-2.2340919971466064,1.2435147762298584,1.0204904079437256,2.6994967460632324,-0.520667314529419,-0.17015251517295837,-2.221133232116699,1.2395415306091309,0.9867475628852844,2.667499303817749,-0.015851914882659912,0.03153108060359955,0.012958765029907227,-0.003973245620727539,-0.03374284505844116,-0.0319974422454834
1769651446.3624983,full,goal16.png,0.7501763105392456,-0.5123580694198608,-0.1942015439271927,-2.2325470447540283,1.2419699430465698,1.0056018829345703,2.6854867935180664,-0.5271800756454468,-0.16207948327064514,-2.2186384201049805,1.2398229837417603,0.9702608585357666,2.652085542678833,-0.014822006225585938,0.032122060656547546,0.013908624649047852,-0.0021469593048095703,-0.03534102439880371,-0.0334012508392334
1769651446.4629395,full,goal16.png,0.7509568929672241,-0.518992006778717,-0.18814322352409363,-2.23012375831604,1.2410005331039429,0.989471435546875,2.670325517654419,-0.5350279808044434,-0.1538659632205963,-2.2184340953826904,1.2395713329315186,0.9540723562240601,2.636871099472046,-0.01603597402572632,0.034277260303497314,0.01168966293334961,-0.0014292001724243164,-0.03539907932281494,-0.03345441818237305
1769651446.562369,full,goal16.png,0.7584935426712036,-0.5255351066589355,-0.17920701205730438,-2.2281546592712402,1.2407280206680298,0.9731591939926147,2.655043363571167,-0.5428352355957031,-0.14446526765823364,-2.2184488773345947,1.2395285367965698,0.936073899269104,2.6171703338623047,-0.017300128936767578,0.03474174439907074,0.009705781936645508,-0.001199483871459961,-0.03708529472351074,-0.037873029708862305
1769651446.661714,full,goal16.png,0.7623862028121948,-0.5338350534439087,-0.16981640458106995,-2.2271249294281006,1.240515947341919,0.955120325088501,2.6377921104431152,-0.5495947599411011,-0.13447259366512299,-2.2197630405426025,1.2392182350158691,0.9196518063545227,2.5985639095306396,-0.015759706497192383,0.03534381091594696,0.007361888885498047,-0.0012977123260498047,-0.03546851873397827,-0.039228200912475586
1769651446.7674387,full,goal16.png,0.7830018997192383,-0.5414080619812012,-0.1625160425901413,-2.2268824577331543,1.2404251098632812,0.9385658502578735,2.6205408573150635,-0.5534108877182007,-0.12418519705533981,-2.220008611679077,1.2392281293869019,0.906298041343689,2.5795083045959473,-0.012002825736999512,0.03833084553480148,0.0068738460540771484,-0.0011969804763793945,-0.03226780891418457,-0.04103255271911621
1769651446.8632116,full,goal16.png,0.7608062028884888,-0.5472241044044495,-0.15279248356819153,-2.2271552085876465,1.2402735948562622,0.923980176448822,2.6036531925201416,-0.5562109351158142,-0.11365148425102234,-2.2186365127563477,1.2397392988204956,0.8951283693313599,2.5619542598724365,-0.008986830711364746,0.03914099931716919,0.008518695831298828,-0.0005342960357666016,-0.028851807117462158,-0.04169893264770508
1769651446.964297,full,goal16.png,0.7391762733459473,-0.551767885684967,-0.1400699019432068,-2.2273671627044678,1.2402735948562622,0.9082889556884766,2.5825395584106445,-0.5579003095626831,-0.10367243736982346,-2.216154098510742,1.2408461570739746,0.8848210573196411,2.5453381538391113,-0.0061324238777160645,0.03639746457338333,0.011213064193725586,0.0005725622177124023,-0.02346789836883545,-0.0372014045715332
1769651447.0624015,full,goal16.png,0.7538991570472717,-0.554766833782196,-0.12958882749080658,-2.2268521785736084,1.2403948307037354,0.8968386054039001,2.5670299530029297,-0.5609060525894165,-0.0919007882475853,-2.2166662216186523,1.2418272495269775,0.8740150928497314,2.5301101207733154,-0.006139218807220459,0.03768803924322128,0.010185956954956055,0.0014324188232421875,-0.0228235125541687,-0.03691983222961426
1769651447.1619337,full,goal16.png,0.7519426345825195,-0.5568872094154358,-0.11971370130777359,-2.2255494594573975,1.2407582998275757,0.8856154680252075,2.5495970249176025,-0.5656595230102539,-0.07942548394203186,-2.2172322273254395,1.2448703050613403,0.8620525598526001,2.5154542922973633,-0.008772313594818115,0.04028821736574173,0.008317232131958008,0.0041120052337646484,-0.023562908172607422,-0.03414273262023926
1769651447.2616715,full,goal16.png,0.7516007423400879,-0.5600982308387756,-0.10771789401769638,-2.225428342819214,1.2417882680892944,0.8741044998168945,2.5323610305786133,-0.572509765625,-0.06538055837154388,-2.2179102897644043,1.2487564086914062,0.8505403399467468,2.502136707305908,-0.012411534786224365,0.042337335646152496,0.00751805305480957,0.006968140602111816,-0.023564159870147705,-0.030224323272705078
1769651447.3635495,full,goal16.png,0.7599567174911499,-0.5657021999359131,-0.0943896546959877,-2.2255191802978516,1.244150996208191,0.8628359436988831,2.518002510070801,-0.5791418552398682,-0.049959536641836166,-2.2178549766540527,1.2519798278808594,0.8392408490180969,2.4882123470306396,-0.013439655303955078,0.044430118054151535,0.007664203643798828,0.007828831672668457,-0.023595094680786133,-0.029790163040161133
1769651447.4625943,full,goal16.png,0.7524480819702148,-0.5716999769210815,-0.08081885427236557,-2.225761651992798,1.2470893859863281,0.8523398041725159,2.505143642425537,-0.5857017636299133,-0.037627212703228,-2.2150518894195557,1.252044916152954,0.8280089497566223,2.474246025085449,-0.014001786708831787,0.04319164156913757,0.010709762573242188,0.0049555301666259766,-0.024330854415893555,-0.03089761734008789
1769651447.5636215,full,goal16.png,0.7346944808959961,-0.577637255191803,-0.06706635653972626,-2.225731372833252,1.2500882148742676,0.8414346575737,2.4917242527008057,-0.5925448536872864,-0.03094574064016342,-2.2095346450805664,1.2535688877105713,0.8164377808570862,2.4608283042907715,-0.014907598495483398,0.036120615899562836,0.016196727752685547,0.003480672836303711,-0.02499687671661377,-0.03089594841003418
1769651447.6642697,full,goal16.png,0.7637864351272583,-0.5847558379173279,-0.05343499034643173,-2.223520040512085,1.2516027688980103,0.8287877440452576,2.476078510284424,-0.6003904938697815,-0.026509689167141914,-2.2051191329956055,1.2559537887573242,0.8069915175437927,2.449376106262207,-0.015634655952453613,0.026925301179289818,0.018400907516479492,0.004351019859313965,-0.021796226501464844,-0.026702404022216797
1769651447.7627857,full,goal16.png,0.7337119579315186,-0.5914503335952759,-0.044710904359817505,-2.2196426391601562,1.2530264854431152,0.8184581398963928,2.464082956314087,-0.6091498732566833,-0.02141566202044487,-2.2040019035339355,1.2588133811950684,0.7997554540634155,2.4391818046569824,-0.01769953966140747,0.023295242339372635,0.015640735626220703,0.005786895751953125,-0.018702685832977295,-0.024901151657104492
1769651447.8633041,full,goal16.png,0.7637228965759277,-0.5991747975349426,-0.0394703671336174,-2.2157652378082275,1.2552984952926636,0.8089465498924255,2.452450752258301,-0.6172630786895752,-0.014214053750038147,-2.204213857650757,1.261591911315918,0.7945922613143921,2.4288525581359863,-0.01808828115463257,0.025256313383579254,0.011551380157470703,0.0062934160232543945,-0.014354288578033447,-0.023598194122314453
1769651447.9621701,full,goal16.png,0.7498047947883606,-0.6070507168769836,-0.03395713493227959,-2.213735818862915,1.2580852508544922,0.8012220859527588,2.442272663116455,-0.6254032850265503,-0.007599318400025368,-2.202585220336914,1.2632890939712524,0.788734495639801,2.416975259780884,-0.01835256814956665,0.02635781653225422,0.011150598526000977,0.005203843116760254,-0.012487590312957764,-0.02529740333557129
1769651448.0619419,full,goal16.png,0.7474989891052246,-0.616077721118927,-0.027141300961375237,-2.212857246398926,1.261114478111267,0.795103132724762,2.4308526515960693,-0.6321537494659424,-0.0016692709177732468,-2.1982855796813965,1.2645213603973389,0.7823663949966431,2.4049415588378906,-0.01607602834701538,0.02547203004360199,0.014571666717529297,0.0034068822860717773,-0.012736737728118896,-0.02591109275817871
1769651448.1639106,full,goal16.png,0.7560213208198547,-0.6241657137870789,-0.020871154963970184,-2.2110397815704346,1.2628108263015747,0.7889689803123474,2.4186904430389404,-0.6388391256332397,0.003418147563934326,-2.1926984786987305,1.2659350633621216,0.7740458250045776,2.3929786682128906,-0.014673411846160889,0.02428930252790451,0.0183413028717041,0.003124237060546875,-0.014923155307769775,-0.025711774826049805
1769651448.261785,full,goal16.png,0.7451474070549011,-0.630829930305481,-0.014206885360181332,-2.2079195976257324,1.2642648220062256,0.7830469012260437,2.4074673652648926,-0.6442353129386902,0.00976348202675581,-2.186361312866211,1.2690587043762207,0.7665327787399292,2.380551815032959,-0.013405382633209229,0.02397036738693714,0.021558284759521484,0.004793882369995117,-0.016514122486114502,-0.026915550231933594
1769651448.3661342,full,goal16.png,0.7491743564605713,-0.6376456022262573,-0.00766374496743083,-2.2031335830688477,1.2659915685653687,0.7747923135757446,2.3946688175201416,-0.6495233774185181,0.016489170491695404,-2.181314468383789,1.2703460454940796,0.760287880897522,2.3691649436950684,-0.011877775192260742,0.02415291592478752,0.021819114685058594,0.0043544769287109375,-0.014504432678222656,-0.025503873825073242
1769651448.4630165,full,goal16.png,0.766034722328186,-0.6429163813591003,-0.002271643141284585,-2.198286771774292,1.2682936191558838,0.7678554654121399,2.382915735244751,-0.6549046039581299,0.021180415526032448,-2.17580246925354,1.269558310508728,0.7543871998786926,2.357558488845825,-0.011988222599029541,0.02345205843448639,0.022484302520751953,0.0012646913528442383,-0.013468265533447266,-0.02535724639892578
1769651448.5639088,full,goal16.png,0.7592344880104065,-0.6481872200965881,0.0039078048430383205,-2.1933796405792236,1.269353985786438,0.7615850567817688,2.3720710277557373,-0.660227358341217,0.02586066722869873,-2.1698532104492188,1.26884925365448,0.747735321521759,2.3452136516571045,-0.012040138244628906,0.021952861919999123,0.023526430130004883,-0.0005047321319580078,-0.013849735260009766,-0.026857376098632812
1769651448.6628397,full,goal16.png,0.731238842010498,-0.6536700129508972,0.010057120583951473,-2.187593698501587,1.2693842649459839,0.7551328539848328,2.360529899597168,-0.6669997572898865,0.030649453401565552,-2.1652274131774902,1.2700737714767456,0.7423856258392334,2.3347034454345703,-0.013329744338989258,0.020592331886291504,0.02236628532409668,0.0006895065307617188,-0.012747228145599365,-0.025826454162597656
1769651448.7628016,full,goal16.png,0.7508235573768616,-0.659576952457428,0.015146096237003803,-2.1810810565948486,1.269293189048767,0.7484080791473389,2.347655773162842,-0.6749937534332275,0.03569657355546951,-2.1620044708251953,1.2747724056243896,0.7362287044525146,2.325622320175171,-0.01541680097579956,0.020550478249788284,0.01907658576965332,0.005479216575622559,-0.012179374694824219,-0.0220334529876709
1769651448.862424,full,goal16.png,0.7239850759506226,-0.6664532423019409,0.019386857748031616,-2.176809787750244,1.2705352306365967,0.7432584166526794,2.3370838165283203,-0.6857941746711731,0.039964161813259125,-2.1598422527313232,1.282272458076477,0.7284051775932312,2.318547487258911,-0.019340932369232178,0.02057730406522751,0.0169675350189209,0.011737227439880371,-0.014853239059448242,-0.01853632926940918
1769651448.963287,full,goal16.png,0.7278138399124146,-0.6739959120750427,0.024142876267433167,-2.1738109588623047,1.2742915153503418,0.7373969554901123,2.328889846801758,-0.6956206560134888,0.04294294863939285,-2.156036615371704,1.289032220840454,0.718660831451416,2.3091118335723877,-0.021624743938446045,0.018800072371959686,0.017774343490600586,0.014740705490112305,-0.01873612403869629,-0.019778013229370117
1769651449.0628777,full,goal16.png,0.7146924734115601,-0.6853251457214355,0.028504768386483192,-2.170842409133911,1.281803846359253,0.7283093929290771,2.3192873001098633,-0.7048468589782715,0.04353506118059158,-2.150191307067871,1.2940187454223633,0.7078922986984253,2.297072172164917,-0.019521713256835938,0.01503029279410839,0.02065110206604004,0.012214899063110352,-0.020417094230651855,-0.02221512794494629
1769651449.1616178,full,goal16.png,0.7133366465568542,-0.694321870803833,0.03189761936664581,-2.1666619777679443,1.2881650924682617,0.7191914916038513,2.30989670753479,-0.7125609517097473,0.04062797129154205,-2.143852710723877,1.299238920211792,0.697232723236084,2.285318374633789,-0.018239080905914307,0.00873035192489624,0.022809267044067383,0.011073827743530273,-0.021958768367767334,-0.024578332901000977
1769651449.2633,full,goal16.png,0.7097550630569458,-0.7032276391983032,0.03329091891646385,-2.1613306999206543,1.2930421829223633,0.7085135579109192,2.298158645629883,-0.7184591889381409,0.03692716732621193,-2.137570381164551,1.3056883811950684,0.6868104338645935,2.274381637573242,-0.015231549739837646,0.0036362484097480774,0.023760318756103516,0.012646198272705078,-0.021703124046325684,-0.023777008056640625
1769651449.3631468,full,goal16.png,0.7140864133834839,-0.7108309268951416,0.032352007925510406,-2.155393600463867,1.297707200050354,0.6987898945808411,2.2875564098358154,-0.7238519191741943,0.034528546035289764,-2.1323750019073486,1.3121861219406128,0.6765192151069641,2.2645721435546875,-0.013020992279052734,0.002176538109779358,0.023018598556518555,0.014478921890258789,-0.022270679473876953,-0.02298426628112793
1769651449.464412,full,goal16.png,0.727676272392273,-0.7172831296920776,0.02929241582751274,-2.1500015258789062,1.3044320344924927,0.687915027141571,2.27634859085083,-0.7287238240242004,0.03468815237283707,-2.128725290298462,1.319574236869812,0.666847825050354,2.2544798851013184,-0.011440694332122803,0.0053957365453243256,0.021276235580444336,0.015142202377319336,-0.02106720209121704,-0.02186870574951172
1769651449.5626166,full,goal16.png,0.7382904887199402,-0.7224933505058289,0.026444952934980392,-2.14566969871521,1.3117625713348389,0.6778581142425537,2.266321897506714,-0.7335278987884521,0.03675142675638199,-2.126013994216919,1.3264172077178955,0.6575188636779785,2.244781017303467,-0.011034548282623291,0.010306473821401596,0.019655704498291016,0.01465463638305664,-0.020339250564575195,-0.02154088020324707
1769651449.6615925,full,goal16.png,0.734177827835083,-0.7272189259529114,0.025445478036999702,-2.1417014598846436,1.3182450532913208,0.6685433983802795,2.2567343711853027,-0.738985002040863,0.041365236043930054,-2.122945785522461,1.3296838998794556,0.6482776403427124,2.235325813293457,-0.01176607608795166,0.01591975800693035,0.018755674362182617,0.011438846588134766,-0.02026575803756714,-0.021408557891845703
1769651449.7631922,full,goal16.png,0.7225202918052673,-0.7330349683761597,0.026626648381352425,-2.1379151344299316,1.3243943452835083,0.6581077575683594,2.2460262775421143,-0.7454431056976318,0.045951537787914276,-2.118929624557495,1.3294121026992798,0.6397089958190918,2.2272555828094482,-0.012408137321472168,0.01932488940656185,0.018985509872436523,0.005017757415771484,-0.018398761749267578,-0.018770694732666016
1769651449.866163,full,goal16.png,0.7324990034103394,-0.738669216632843,0.0301101952791214,-2.134340524673462,1.327453851699829,0.6494593620300293,2.2372870445251465,-0.751512348651886,0.047461457550525665,-2.1147420406341553,1.3279547691345215,0.6328829526901245,2.2216687202453613,-0.012843132019042969,0.017351262271404266,0.01959848403930664,0.0005009174346923828,-0.016576409339904785,-0.015618324279785156
1769651449.9642055,full,goal16.png,0.721698522567749,-0.7441824078559875,0.03459351882338524,-2.1303420066833496,1.3280900716781616,0.6414017677307129,2.229501962661743,-0.7574090957641602,0.0453106090426445,-2.108217239379883,1.328594446182251,0.6254476308822632,2.213953971862793,-0.013226687908172607,0.010717090219259262,0.022124767303466797,0.0005043745040893555,-0.015954136848449707,-0.015547990798950195
1769651450.06282,full,goal16.png,0.7242549657821655,-0.7501196265220642,0.03719872236251831,-2.126070737838745,1.3279081583023071,0.6344345808029175,2.222989320755005,-0.7635418772697449,0.043423183262348175,-2.103388786315918,1.3345911502838135,0.616620659828186,2.2033841609954834,-0.013422250747680664,0.0062244608998298645,0.02268195152282715,0.006682991981506348,-0.017813920974731445,-0.019605159759521484
1769651450.1646116,full,goal16.png,0.718486487865448,-0.7563597559928894,0.036562636494636536,-2.1205880641937256,1.329089641571045,0.6260437369346619,2.2146286964416504,-0.7700712084770203,0.04276098683476448,-2.0997629165649414,1.345095157623291,0.6068847179412842,2.1915454864501953,-0.01371145248413086,0.006198350340127945,0.02082514762878418,0.016005516052246094,-0.019159018993377686,-0.023083209991455078
1769651450.2623131,full,goal16.png,0.7231560945510864,-0.7626605033874512,0.035472165793180466,-2.116286516189575,1.3345118761062622,0.6175922751426697,2.2045717239379883,-0.7750242352485657,0.04170595481991768,-2.0962467193603516,1.354852318763733,0.599370002746582,2.1831367015838623,-0.012363731861114502,0.006233789026737213,0.020039796829223633,0.020340442657470703,-0.018222272396087646,-0.021435022354125977
1769651450.362013,full,goal16.png,0.7190783023834229,-0.7688400149345398,0.03468451648950577,-2.111894130706787,1.3440841436386108,0.608580470085144,2.1943178176879883,-0.7806850671768188,0.04034308344125748,-2.09233021736145,1.362503170967102,0.5921187400817871,2.1754112243652344,-0.011845052242279053,0.005658566951751709,0.019563913345336914,0.01841902732849121,-0.016461730003356934,-0.018906593322753906
1769651450.4645684,full,goal16.png,0.7209780216217041,-0.7741107940673828,0.03341204673051834,-2.107774496078491,1.3527778387069702,0.6001290082931519,2.1848971843719482,-0.787362813949585,0.03886422887444496,-2.088125467300415,1.3690927028656006,0.5861937999725342,2.1652841567993164,-0.013252019882202148,0.0054521821439266205,0.019649028778076172,0.01631486415863037,-0.013935208320617676,-0.019613027572631836
1769651450.5642583,full,goal16.png,0.7298281788825989,-0.780108630657196,0.03213987872004509,-2.104048490524292,1.3608052730560303,0.5926316976547241,2.17630934715271,-0.794173002243042,0.03694089502096176,-2.082767963409424,1.373829960823059,0.5807398557662964,2.1533687114715576,-0.014064371585845947,0.004801016300916672,0.021280527114868164,0.013024687767028809,-0.011891841888427734,-0.022940635681152344
1769651450.6637812,full,goal16.png,0.7262561321258545,-0.7863184809684753,0.030807146802544594,-2.1001410484313965,1.3676209449768066,0.5870125889778137,2.167388439178467,-0.8000584840774536,0.0350310355424881,-2.0773205757141113,1.376772403717041,0.575936496257782,2.1432793140411377,-0.013740003108978271,0.004223888739943504,0.022820472717285156,0.009151458740234375,-0.011076092720031738,-0.0241091251373291
1769651450.7636912,full,goal16.png,0.7312565445899963,-0.7932250499725342,0.028565334156155586,-2.0953245162963867,1.3728009462356567,0.581105649471283,2.1551806926727295,-0.807665228843689,0.03400507569313049,-2.0720419883728027,1.3835041522979736,0.568000316619873,2.1319332122802734,-0.014440178871154785,0.005439741536974907,0.023282527923583984,0.010703206062316895,-0.013105332851409912,-0.023247480392456055
1769651450.8631113,full,goal16.png,0.7229378819465637,-0.799344003200531,0.026111694052815437,-2.090447425842285,1.376799464225769,0.5755167603492737,2.144472599029541,-0.8144978284835815,0.03323756158351898,-2.0667972564697266,1.3928232192993164,0.5607240796089172,2.1215128898620605,-0.015153825283050537,0.007125867530703545,0.023650169372558594,0.016023755073547363,-0.014792680740356445,-0.02295970916748047
1769651450.9650643,full,goal16.png,0.7203059196472168,-0.806614100933075,0.024657830595970154,-2.0846314430236816,1.3828880786895752,0.5689888596534729,2.133915662765503,-0.8212761878967285,0.03071284294128418,-2.0608768463134766,1.4019285440444946,0.5543155670166016,2.112206220626831,-0.014662086963653564,0.006055012345314026,0.023754596710205078,0.019040465354919434,-0.014673292636871338,-0.021709442138671875
1769651451.0630453,full,goal16.png,0.7122701406478882,-0.8132177591323853,0.023991312831640244,-2.079118490219116,1.3911274671554565,0.5620671510696411,2.123934507369995,-0.8281474709510803,0.02715814858675003,-2.0532960891723633,1.413625955581665,0.5492455959320068,2.1032848358154297,-0.014929711818695068,0.003166835755109787,0.02582240104675293,0.022498488426208496,-0.012821555137634277,-0.02064967155456543
1769651451.1615388,full,goal16.png,0.7188398838043213,-0.8205180764198303,0.02174980193376541,-2.07193922996521,1.4014267921447754,0.5551756620407104,2.114377498626709,-0.8356609344482422,0.022631123661994934,-2.044930934906006,1.4264404773712158,0.5438977479934692,2.092400312423706,-0.015142858028411865,0.0008813217282295227,0.0270082950592041,0.02501368522644043,-0.011277914047241211,-0.02197718620300293
1769651451.2635088,full,goal16.png,0.734813928604126,-0.8274246454238892,0.018205687403678894,-2.065577745437622,1.4123620986938477,0.5494656562805176,2.1049113273620605,-0.8420827984809875,0.018120530992746353,-2.037238836288452,1.437874674797058,0.5398985743522644,2.080810546875,-0.014658153057098389,-8.51564109325409e-05,0.028338909149169922,0.02551257610321045,-0.009567081928253174,-0.024100780487060547
1769651451.362997,full,goal16.png,0.7354966402053833,-0.8342706561088562,0.014449446462094784,-2.059004545211792,1.4243274927139282,0.544921875,2.094309091567993,-0.8480280041694641,0.012962155044078827,-2.030660629272461,1.4467902183532715,0.5364019870758057,2.0694684982299805,-0.01375734806060791,-0.0014872914180159569,0.028343915939331055,0.02246272563934326,-0.008519887924194336,-0.024840593338012695
1769651451.4639165,full,goal16.png,0.7421008348464966,-0.8402078747749329,0.010450945235788822,-2.051461935043335,1.4345358610153198,0.541301965713501,2.083540201187134,-0.8530639410018921,0.008296376094222069,-2.0258066654205322,1.4561078548431396,0.5329925417900085,2.0592713356018066,-0.012856066226959229,-0.0021545691415667534,0.025655269622802734,0.021571993827819824,-0.008309423923492432,-0.02426886558532715
1769651451.5636284,full,goal16.png,0.7512952089309692,-0.8469327092170715,0.00463488744571805,-2.0437676906585693,1.445168375968933,0.5369551181793213,2.0715901851654053,-0.8576085567474365,0.0024419601541012526,-2.0205752849578857,1.4666277170181274,0.529908299446106,2.0487217903137207,-0.01067584753036499,-0.0021929272916167974,0.023192405700683594,0.021459341049194336,-0.007046818733215332,-0.02286839485168457
1769651451.6621523,full,goal16.png,0.7451046705245972,-0.8522034883499146,-0.0009693428874015808,-2.0387089252471924,1.4550435543060303,0.5331079959869385,2.0619571208953857,-0.8629166483879089,-0.0035753713455051184,-2.0157833099365234,1.478947639465332,0.5250305533409119,2.0385799407958984,-0.010713160037994385,-0.0026060284581035376,0.022925615310668945,0.023904085159301758,-0.008077442646026611,-0.023377180099487305
1769651451.7637258,full,goal16.png,0.7492578029632568,-0.8565352559089661,-0.0064217085018754005,-2.0336198806762695,1.4654033184051514,0.5300030708312988,2.0508856773376465,-0.8698300123214722,-0.009820131585001945,-2.0110433101654053,1.489650011062622,0.5163824558258057,2.0302586555480957,-0.013294756412506104,-0.003398423083126545,0.022576570510864258,0.024246692657470703,-0.013620615005493164,-0.02062702178955078
1769651451.8628013,full,goal16.png,0.7597129344940186,-0.8625330328941345,-0.01260145753622055,-2.0282278060913086,1.4777019023895264,0.5248686075210571,2.0409648418426514,-0.8779781460762024,-0.013265269808471203,-2.00844407081604,1.500888705253601,0.5064296126365662,2.0222268104553223,-0.015445113182067871,-0.0006638122722506523,0.019783735275268555,0.023186802864074707,-0.018438994884490967,-0.0187380313873291
1769651451.9633286,full,goal16.png,0.7589222192764282,-0.8694396018981934,-0.019114164635539055,-2.023714303970337,1.4879406690597534,0.5169472098350525,2.0320136547088623,-0.8862931728363037,-0.017403744161128998,-2.0050575733184814,1.5140693187713623,0.49732261896133423,2.011976957321167,-0.01685357093811035,0.001710420474410057,0.01865673065185547,0.026128649711608887,-0.01962459087371826,-0.020036697387695312
1769651452.0663207,full,goal16.png,0.7520599961280823,-0.8773458003997803,-0.024112140759825706,-2.020230770111084,1.4994819164276123,0.5074809789657593,2.0226686000823975,-0.8940685987472534,-0.02393442951142788,-1.9985980987548828,1.5238263607025146,0.48972398042678833,2.0019590854644775,-0.016722798347473145,0.00017771124839782715,0.021632671356201172,0.024344444274902344,-0.017756998538970947,-0.020709514617919922
1769651452.164669,full,goal16.png,0.7687959671020508,-0.8854337334632874,-0.028474334627389908,-2.0160505771636963,1.512355923652649,0.49875691533088684,2.013399124145508,-0.9008499979972839,-0.030526157468557358,-1.9925336837768555,1.5278884172439575,0.48371922969818115,1.9938063621520996,-0.015416264533996582,-0.00205182284116745,0.02351689338684082,0.015532493591308594,-0.015037685632705688,-0.019592761993408203
1769651452.2633686,full,goal16.png,0.7810853719711304,-0.8924311995506287,-0.03362387418746948,-2.0112643241882324,1.5205953121185303,0.49089616537094116,2.003811836242676,-0.9054682850837708,-0.03541623055934906,-1.986675500869751,1.5290043354034424,0.4785013198852539,1.988195538520813,-0.01303708553314209,-0.0017923563718795776,0.024588823318481445,0.00840902328491211,-0.012394845485687256,-0.015616297721862793
1769651452.3625288,full,goal16.png,0.7789678573608398,-0.8993680477142334,-0.040227580815553665,-2.0062057971954346,1.52556312084198,0.4852770268917084,1.996344804763794,-0.9084585309028625,-0.04211434721946716,-1.9788155555725098,1.5305737257003784,0.4752173125743866,1.9849333763122559,-0.00909048318862915,-0.001886766403913498,0.027390241622924805,0.0050106048583984375,-0.010059714317321777,-0.011411428451538086
1769651452.4628894,full,goal16.png,0.7835907936096191,-0.9045479893684387,-0.04674028605222702,-1.9994808435440063,1.5282288789749146,0.4800516366958618,1.9902713298797607,-0.9111266732215881,-0.050558432936668396,-1.9680395126342773,1.536009430885315,0.47312694787979126,1.9803526401519775,-0.006578683853149414,-0.0038181468844413757,0.031441330909729004,0.007780551910400391,-0.006924688816070557,-0.009918689727783203
1769651452.5643823,full,goal16.png,0.7883132696151733,-0.9074862599372864,-0.053252995014190674,-1.9906659126281738,1.5309550762176514,0.4768255650997162,1.9861971139907837,-0.9139115810394287,-0.05797138437628746,-1.9573683738708496,1.5417945384979248,0.47193098068237305,1.9752702713012695,-0.006425321102142334,-0.0047183893620967865,0.03329753875732422,0.010839462280273438,-0.00489458441734314,-0.01092684268951416
1769651452.663914,full,goal16.png,0.7853931784629822,-0.9101519584655762,-0.06109873577952385,-1.9813358783721924,1.535650372505188,0.4744779169559479,1.9818804264068604,-0.9179828763008118,-0.0644596591591835,-1.948166847229004,1.5476751327514648,0.4688938856124878,1.9685919284820557,-0.007830917835235596,-0.0033609233796596527,0.03316903114318848,0.012024760246276855,-0.005584031343460083,-0.013288497924804688
1769651452.7635336,full,goal16.png,0.7818843126296997,-0.9136355519294739,-0.06930787116289139,-1.9706428050994873,1.5409817695617676,0.4719182848930359,1.9764430522918701,-0.9204511642456055,-0.0688754990696907,-1.9398555755615234,1.5525531768798828,0.4667750298976898,1.9606313705444336,-0.006815612316131592,0.0004323720932006836,0.030787229537963867,0.011571407318115234,-0.005143254995346069,-0.015811681747436523
1769651452.8643136,full,goal16.png,0.7831541895866394,-0.9168767929077148,-0.07530561834573746,-1.961403727531433,1.5461314916610718,0.46929800510406494,1.970036268234253,-0.9235601425170898,-0.07379867881536484,-1.9309842586517334,1.5589203834533691,0.4641546607017517,1.9519882202148438,-0.006683349609375,0.0015069395303726196,0.030419468879699707,0.012788891792297363,-0.005143344402313232,-0.01804804801940918
1769651452.966017,full,goal16.png,0.7860243916511536,-0.9195122122764587,-0.08036446571350098,-1.953891396522522,1.5518262386322021,0.4672684669494629,1.9625844955444336,-0.9262973070144653,-0.07976502925157547,-1.920821189880371,1.5627418756484985,0.4636629819869995,1.945488691329956,-0.006785094738006592,0.0005994364619255066,0.03307020664215088,0.010915637016296387,-0.003605484962463379,-0.01709580421447754
1769651453.0644472,full,goal16.png,0.7767267227172852,-0.9225413799285889,-0.08521118015050888,-1.9443494081497192,1.5574606657028198,0.46572360396385193,1.9548600912094116,-0.9287317991256714,-0.08734121173620224,-1.9102470874786377,1.5681736469268799,0.4633209705352783,1.940055012702942,-0.0061904191970825195,-0.0021300315856933594,0.03410232067108154,0.010712981224060059,-0.0024026334285736084,-0.014805078506469727
1769651453.163476,full,goal16.png,0.7775139212608337,-0.9258735179901123,-0.09078497439622879,-1.9330506324768066,1.562882900238037,0.4644967317581177,1.9476051330566406,-0.9312708377838135,-0.09593382477760315,-1.899629831314087,1.5727880001068115,0.4610048532485962,1.9345121383666992,-0.005397319793701172,-0.005148850381374359,0.03342080116271973,0.009905099868774414,-0.0034918785095214844,-0.013092994689941406
1769651453.2632284,full,goal16.png,0.7735360860824585,-0.9280545115470886,-0.09747938066720963,-1.923932671546936,1.5674872398376465,0.46333047747612,1.9415618181228638,-0.9340026378631592,-0.10616569221019745,-1.8890948295593262,1.5780876874923706,0.4583054780960083,1.9286892414093018,-0.005948126316070557,-0.008686311542987823,0.03483784198760986,0.010600447654724121,-0.005024999380111694,-0.012872576713562012
1769651453.3663154,full,goal16.png,0.7609536647796631,-0.9307807683944702,-0.10723336786031723,-1.9132698774337769,1.5719401836395264,0.4609071910381317,1.9358367919921875,-0.936161994934082,-0.11618602275848389,-1.8791520595550537,1.5833485126495361,0.4548443853855133,1.9231030941009521,-0.005381226539611816,-0.008952654898166656,0.034117817878723145,0.011408329010009766,-0.006062805652618408,-0.012733697891235352
1769651453.4654236,full,goal16.png,0.7754932641983032,-0.93344646692276,-0.11862322688102722,-1.9026979207992554,1.5766657590866089,0.4579083025455475,1.930172085762024,-0.9387907981872559,-0.1267530918121338,-1.8690452575683594,1.5874391794204712,0.45301568508148193,1.9184257984161377,-0.00534433126449585,-0.008129864931106567,0.033652663230895996,0.010773420333862305,-0.004892617464065552,-0.01174628734588623
1769651453.563902,full,goal16.png,0.7669111490249634,-0.9353246092796326,-0.127892404794693,-1.8930652141571045,1.5816335678100586,0.455272912979126,1.9250224828720093,-0.9404970407485962,-0.1387624740600586,-1.857635259628296,1.5908195972442627,0.4540192484855652,1.9174247980117798,-0.005172431468963623,-0.0108700692653656,0.035429954528808594,0.009186029434204102,-0.001253664493560791,-0.007597684860229492
1769651453.6638784,full,goal16.png,0.7780615091323853,-0.9377782344818115,-0.1381007879972458,-1.881887435913086,1.5860259532928467,0.4543035626411438,1.9210845232009888,-0.9410200119018555,-0.15202641487121582,-1.8454293012619019,1.5951554775238037,0.4562569260597229,1.9184626340866089,-0.0032417774200439453,-0.013925626873970032,0.03645813465118408,0.009129524230957031,0.0019533634185791016,-0.002621889114379883
1769651453.7632484,full,goal16.png,0.782282829284668,-0.9392625689506531,-0.15115663409233093,-1.8713458776474,1.5902971029281616,0.45457616448402405,1.9195698499679565,-0.9423494935035706,-0.1643482744693756,-1.8347247838974,1.5998722314834595,0.4584570527076721,1.9193487167358398,-0.0030869245529174805,-0.013191640377044678,0.03662109375,0.009575128555297852,0.0038808882236480713,-0.00022113323211669922
1769651453.8632975,full,goal16.png,0.7795237898826599,-0.9403530359268188,-0.1664539873600006,-1.8599863052368164,1.5946894884109497,0.45615139603614807,1.9192063808441162,-0.9450111389160156,-0.17622065544128418,-1.8250601291656494,1.6046854257583618,0.4579140543937683,1.9181889295578003,-0.004658102989196777,-0.00976666808128357,0.03492617607116699,0.00999593734741211,0.0017626583576202393,-0.001017451286315918
1769651453.9643042,full,goal16.png,0.769641637802124,-0.9418373703956604,-0.17769257724285126,-1.848323941230774,1.59914231300354,0.4573478698730469,1.9191306829452515,-0.9466610550880432,-0.1886940896511078,-1.8159810304641724,1.6073377132415771,0.45720964670181274,1.918769359588623,-0.0048236846923828125,-0.01100151240825653,0.03234291076660156,0.00819540023803711,-0.00013822317123413086,-0.00036132335662841797
1769651454.0635684,full,goal16.png,0.7602018117904663,-0.9440487027168274,-0.18941539525985718,-1.8390848636627197,1.6031408309936523,0.4575144946575165,1.9189034700393677,-0.9475843906402588,-0.20071911811828613,-1.8064723014831543,1.610762596130371,0.4569196105003357,1.920032024383545,-0.0035356879234313965,-0.011303722858428955,0.03261256217956543,0.00762176513671875,-0.0005948841571807861,0.001128554344177246
1769651454.167045,full,goal16.png,0.762385368347168,-0.9456844329833984,-0.20334957540035248,-1.828603982925415,1.606745719909668,0.45727214217185974,1.9191761016845703,-0.948850691318512,-0.21174806356430054,-1.7969024181365967,1.6136589050292969,0.4563996195793152,1.9216229915618896,-0.0031662583351135254,-0.008398488163948059,0.03170156478881836,0.006913185119628906,-0.0008725225925445557,0.002446889877319336
1769651454.2645605,full,goal16.png,0.7665687203407288,-0.9465326070785522,-0.21531495451927185,-1.8200010061264038,1.610168695449829,0.4568631947040558,1.919948697090149,-0.9511556625366211,-0.22216081619262695,-1.7891933917999268,1.616929292678833,0.45919984579086304,1.9234440326690674,-0.004623055458068848,-0.0068458616733551025,0.03080761432647705,0.006760597229003906,0.002336651086807251,0.003495335578918457
1769651454.3660538,full,goal16.png,0.7668317556381226,-0.9480774998664856,-0.22446314990520477,-1.8113677501678467,1.6132583618164062,0.4569540321826935,1.9215238094329834,-0.9534960389137268,-0.2323940098285675,-1.7830126285552979,1.6227247714996338,0.46236100792884827,1.9242545366287231,-0.005418539047241211,-0.007930859923362732,0.028355121612548828,0.009466409683227539,0.005406975746154785,0.002730727195739746
1769651454.4648063,full,goal16.png,0.7722923755645752,-0.9508037567138672,-0.23500478267669678,-1.8020378351211548,1.6172568798065186,0.4589836299419403,1.9231595993041992,-0.9562872052192688,-0.24237483739852905,-1.7763011455535889,1.6308157444000244,0.46399053931236267,1.9233784675598145,-0.005483448505401611,-0.007370054721832275,0.025736689567565918,0.01355886459350586,0.005006909370422363,0.00021886825561523438
1769651454.5652375,full,goal16.png,0.7922470569610596,-0.953227162361145,-0.24745483696460724,-1.7954341173171997,1.622618556022644,0.4612555205821991,1.923674464225769,-0.959801435470581,-0.2510809600353241,-1.7676013708114624,1.64060378074646,0.46220988035202026,1.9182896614074707,-0.006574273109436035,-0.003626123070716858,0.027832746505737305,0.017985224723815918,0.000954359769821167,-0.00538480281829834
1769651454.6654484,full,goal16.png,0.7904090285301208,-0.9554990530014038,-0.2589658200740814,-1.789072871208191,1.6296464204788208,0.4627549350261688,1.922447681427002,-0.9644469618797302,-0.25843632221221924,-1.758988857269287,1.6504340171813965,0.45818275213241577,1.9096555709838867,-0.008947908878326416,0.0005294978618621826,0.03008401393890381,0.020787596702575684,-0.004572182893753052,-0.012792110443115234
1769651454.7633846,full,goal16.png,0.7973646521568298,-0.9596793055534363,-0.26708394289016724,-1.7803184986114502,1.6396123170852661,0.4615129828453064,1.9179644584655762,-0.9668127298355103,-0.2650964856147766,-1.7500327825546265,1.6578384637832642,0.45517033338546753,1.901010274887085,-0.007133424282073975,0.001987457275390625,0.03028571605682373,0.018226146697998047,-0.006342649459838867,-0.01695418357849121
1769651454.8658292,full,goal16.png,0.8031365871429443,-0.9633749127388,-0.2742631733417511,-1.7717459201812744,1.6490029096603394,0.4588927924633026,1.9106186628341675,-0.9681946039199829,-0.2723006010055542,-1.7422828674316406,1.6620430946350098,0.4576199948787689,1.8966169357299805,-0.004819691181182861,0.0019625723361968994,0.02946305274963379,0.01304018497467041,-0.0012727975845336914,-0.014001727104187012
1769651454.9667315,full,goal16.png,0.8021084070205688,-0.9656771421432495,-0.2831083834171295,-1.7641123533248901,1.6556973457336426,0.45704495906829834,1.9032880067825317,-0.968899130821228,-0.2819868326187134,-1.733232855796814,1.667710304260254,0.4610742926597595,1.8927242755889893,-0.0032219886779785156,0.0011215507984161377,0.030879497528076172,0.012012958526611328,0.004029333591461182,-0.01056373119354248
1769651455.0651193,full,goal16.png,0.8044604063034058,-0.9669494032859802,-0.29146894812583923,-1.7558729648590088,1.6609379053115845,0.4580293595790863,1.8983049392700195,-0.9713088274002075,-0.29017940163612366,-1.7263069152832031,1.6771842241287231,0.46008583903312683,1.8868296146392822,-0.004359424114227295,0.0012895464897155762,0.029566049575805664,0.016246318817138672,0.0020564794540405273,-0.011475324630737305
1769651455.1663277,full,goal16.png,0.8061884641647339,-0.9687366485595703,-0.299587219953537,-1.7464520931243896,1.6677535772323608,0.45999839901924133,1.8935492038726807,-0.9738990068435669,-0.29795631766319275,-1.7196977138519287,1.6872529983520508,0.458063006401062,1.8811331987380981,-0.005162358283996582,0.0016309022903442383,0.026754379272460938,0.01949942111968994,-0.0019353926181793213,-0.01241600513458252
1769651455.2651305,full,goal16.png,0.8090160489082336,-0.9707055687904358,-0.3093109428882599,-1.7391821146011353,1.6762959957122803,0.4596045911312103,1.887914776802063,-0.9767552614212036,-0.30529776215553284,-1.714354395866394,1.6972543001174927,0.4570913314819336,1.8761589527130127,-0.006049692630767822,0.004013180732727051,0.02482771873474121,0.020958304405212402,-0.0025132596492767334,-0.011755824089050293
1769651455.3667548,full,goal16.png,0.8071089386940002,-0.973068356513977,-0.31718680262565613,-1.7334266901016235,1.6853532791137695,0.4585898220539093,1.8827804327011108,-0.9791569709777832,-0.3142390251159668,-1.707796335220337,1.7040510177612305,0.4568935036659241,1.8715598583221436,-0.006088614463806152,0.002947777509689331,0.02563035488128662,0.018697738647460938,-0.0016963183879852295,-0.011220574378967285
1769651455.4659708,full,goal16.png,0.8005415201187134,-0.9763398766517639,-0.3240025043487549,-1.727095603942871,1.6956523656845093,0.45778703689575195,1.8774641752243042,-0.9816142916679382,-0.32418134808540344,-1.7008240222930908,1.7107044458389282,0.4568120539188385,1.8664867877960205,-0.005274415016174316,-0.00017884373664855957,0.026271581649780273,0.015052080154418945,-0.0009749829769134521,-0.010977387428283691
1769651455.5658646,full,goal16.png,0.8250864744186401,-0.9784603118896484,-0.33299925923347473,-1.7207343578338623,1.7031347751617432,0.4570751488208771,1.8728749752044678,-0.983100175857544,-0.3339346945285797,-1.6909477710723877,1.7173843383789062,0.45503610372543335,1.858824610710144,-0.004639863967895508,-0.0009354352951049805,0.02978658676147461,0.014249563217163086,-0.0020390450954437256,-0.01405036449432373
1769651455.6668756,full,goal16.png,0.8236199617385864,-0.9804292917251587,-0.3432682156562805,-1.7131613492965698,1.7095263004302979,0.4565451443195343,1.8676494359970093,-0.9844605922698975,-0.34250155091285706,-1.6791609525680542,1.7242933511734009,0.4510083794593811,1.8495368957519531,-0.0040313005447387695,0.0007666647434234619,0.034000396728515625,0.014767050743103027,-0.005536764860153198,-0.018112540245056152
1769651455.7656925,full,goal16.png,0.8253810405731201,-0.9824285507202148,-0.35159847140312195,-1.7045280933380127,1.7151302099227905,0.45509111881256104,1.860833764076233,-0.9856466054916382,-0.3518221974372864,-1.6668905019760132,1.7266998291015625,0.44872695207595825,1.8431471586227417,-0.00321805477142334,-0.0002237260341644287,0.03763759136199951,0.011569619178771973,-0.006364166736602783,-0.01768660545349121
1769651455.8660886,full,goal16.png,0.826742947101593,-0.9840643405914307,-0.3593532145023346,-1.692138671875,1.7220367193222046,0.45197105407714844,1.8517159223556519,-0.9880281686782837,-0.3607936501502991,-1.6554032564163208,1.7322046756744385,0.4475385546684265,1.8355523347854614,-0.003963828086853027,-0.0014404356479644775,0.0367354154586792,0.010167956352233887,-0.004432499408721924,-0.01616358757019043
1769651455.966198,full,goal16.png,0.8246762752532959,-0.9851851463317871,-0.3680167496204376,-1.679840087890625,1.7263381481170654,0.4496991038322449,1.8444762229919434,-0.9920213222503662,-0.37080490589141846,-1.6423583030700684,1.7438549995422363,0.4421689510345459,1.8249235153198242,-0.0068361759185791016,-0.002788156270980835,0.03748178482055664,0.0175168514251709,-0.007530152797698975,-0.01955270767211914
1769651456.0684345,full,goal16.png,0.8332549333572388,-0.9879114031791687,-0.3798002600669861,-1.6691772937774658,1.7328206300735474,0.44745752215385437,1.8366307020187378,-0.9971165657043457,-0.37982577085494995,-1.6294257640838623,1.7592315673828125,0.43614381551742554,1.8113425970077515,-0.009205162525177002,-2.5510787963867188e-05,0.039751529693603516,0.026410937309265137,-0.011313706636428833,-0.025288105010986328
1769651456.1664064,full,goal16.png,0.832339882850647,-0.9913949966430664,-0.39143237471580505,-1.6552128791809082,1.7437256574630737,0.4417930245399475,1.8257557153701782,-1.0011287927627563,-0.38955941796302795,-1.615569829940796,1.7747077941894531,0.4322895407676697,1.7982819080352783,-0.009733796119689941,0.0018729567527770996,0.039643049240112305,0.030982136726379395,-0.009503483772277832,-0.027473807334899902
1769651456.2684066,full,goal16.png,0.8228753805160522,-0.9960599541664124,-0.3998536467552185,-1.64315664768219,1.758144736289978,0.4369916617870331,1.8131089210510254,-1.0039551258087158,-0.399553120136261,-1.6015946865081787,1.7883695363998413,0.4323376715183258,1.7863686084747314,-0.007895171642303467,0.00030052661895751953,0.04156196117401123,0.03022480010986328,-0.004653990268707275,-0.026740312576293945
1769651456.3638783,full,goal16.png,0.8236271142959595,-0.999785840511322,-0.4088200032711029,-1.6294647455215454,1.7706249952316284,0.4342048466205597,1.8010526895523071,-1.005881905555725,-0.4110034704208374,-1.5872418880462646,1.8033199310302734,0.43301111459732056,1.7732563018798828,-0.006096065044403076,-0.002183467149734497,0.04222285747528076,0.03269493579864502,-0.0011937320232391357,-0.027796387672424316
1769651456.467167,full,goal16.png,0.8276054263114929,-1.0025423765182495,-0.4204823970794678,-1.6167722940444946,1.786558747291565,0.4331749379634857,1.7887845039367676,-1.0075247287750244,-0.42202043533325195,-1.5726914405822754,1.8231546878814697,0.43296298384666443,1.7580689191818237,-0.004982352256774902,-0.0015380382537841797,0.04408085346221924,0.036595940589904785,-0.00021195411682128906,-0.030715584754943848
1769651456.5654898,full,goal16.png,0.8378766179084778,-1.0048446655273438,-0.43338683247566223,-1.6001722812652588,1.8027043342590332,0.43326568603515625,1.7738505601882935,-1.009657382965088,-0.4340705871582031,-1.5554146766662598,1.844606876373291,0.43053534626960754,1.7427449226379395,-0.004812717437744141,-0.0006837546825408936,0.04475760459899902,0.04190254211425781,-0.002730339765548706,-0.031105637550354004
1769651456.6640522,full,goal16.png,0.8360093832015991,-1.0069650411605835,-0.4445948302745819,-1.5863895416259766,1.8212125301361084,0.43249332904815674,1.7603251934051514,-1.0122261047363281,-0.4448188543319702,-1.53721284866333,1.8653578758239746,0.4299946427345276,1.7282676696777344,-0.005261063575744629,-0.00022402405738830566,0.049176692962646484,0.04414534568786621,-0.0024986863136291504,-0.03205752372741699
1769651456.7660928,full,goal16.png,0.8436781764030457,-1.0090248584747314,-0.4557725489139557,-1.5695774555206299,1.842326045036316,0.4317662715911865,1.7451488971710205,-1.0158494710922241,-0.45405805110931396,-1.5191786289215088,1.884608507156372,0.4313027858734131,1.7148360013961792,-0.006824612617492676,0.0017144978046417236,0.050398826599121094,0.04228246212005615,-0.0004634857177734375,-0.03031289577484131
1769651456.8684814,full,goal16.png,0.8472268581390381,-1.0118420124053955,-0.46667760610580444,-1.550796389579773,1.8628942966461182,0.4306304454803467,1.730320930480957,-1.0182712078094482,-0.46277961134910583,-1.5016621351242065,1.903095006942749,0.4371010959148407,1.7041151523590088,-0.006429195404052734,0.0038979947566986084,0.049134254455566406,0.04020071029663086,0.0064706504344940186,-0.026205778121948242
1769651456.9652395,full,goal16.png,0.8442097306251526,-1.0149924755096436,-0.4761893153190613,-1.5340147018432617,1.8813118934631348,0.43338683247566223,1.7176287174224854,-1.0214712619781494,-0.47264689207077026,-1.482845425605774,1.925486445426941,0.4419229030609131,1.6908470392227173,-0.006478786468505859,0.0035424232482910156,0.05116927623748779,0.04417455196380615,0.008536070585250854,-0.026781678199768066
1769651457.0673652,full,goal16.png,0.8153476119041443,-1.0177489519119263,-0.4842167794704437,-1.5162636041641235,1.9015164375305176,0.4375520348548889,1.7058299779891968,-1.024419903755188,-0.4843433201313019,-1.4632648229599,1.9502902030944824,0.44576433300971985,1.6750144958496094,-0.006670951843261719,-0.0001265406608581543,0.05299878120422363,0.048773765563964844,0.008212298154830933,-0.030815482139587402
1769651457.16694,full,goal16.png,0.8172240257263184,-1.020838737487793,-0.4937889277935028,-1.4963617324829102,1.9243566989898682,0.44136884808540344,1.6918047666549683,-1.028031587600708,-0.4990379810333252,-1.442441701889038,1.9724379777908325,0.4512568712234497,1.6573988199234009,-0.007192850112915039,-0.005249053239822388,0.05392003059387207,0.048081278800964355,0.009888023138046265,-0.03440594673156738
1769651457.2654052,full,goal16.png,0.8237797021865845,-1.0235953330993652,-0.506390392780304,-1.4783985614776611,1.947227120399475,0.4465639591217041,1.6760377883911133,-1.0316641330718994,-0.5166202187538147,-1.4215126037597656,1.9925720691680908,0.4566171169281006,1.6393393278121948,-0.00806879997253418,-0.010229825973510742,0.05688595771789551,0.04534494876861572,0.010053157806396484,-0.03669846057891846
1769651457.3668296,full,goal16.png,0.8333629369735718,-1.0268669128417969,-0.5228388905525208,-1.4578001499176025,1.9681893587112427,0.4512743353843689,1.6589076519012451,-1.033987045288086,-0.5310633182525635,-1.4018981456756592,2.011380195617676,0.462785542011261,1.6250056028366089,-0.0071201324462890625,-0.008224427700042725,0.05590200424194336,0.043190836906433105,0.01151120662689209,-0.03390204906463623
1769651457.4675567,full,goal16.png,0.838100790977478,-1.030774474143982,-0.53937828540802,-1.4362322092056274,1.989787220954895,0.4571206569671631,1.642095685005188,-1.0369784832000732,-0.5441553592681885,-1.3807644844055176,2.033522605895996,0.4684220850467682,1.6099510192871094,-0.006204009056091309,-0.004777073860168457,0.05546772480010986,0.043735384941101074,0.011301428079605103,-0.03214466571807861
1769651457.5686338,full,goal16.png,0.8310818672180176,-1.033137321472168,-0.5550089478492737,-1.4164214134216309,2.0095982551574707,0.4623914957046509,1.627767562866211,-1.041266679763794,-0.5586960911750793,-1.3585602045059204,2.0566599369049072,0.4726223051548004,1.5943689346313477,-0.008129358291625977,-0.003687143325805664,0.05786120891571045,0.04706168174743652,0.010230809450149536,-0.03339862823486328
1769651457.6662667,full,goal16.png,0.8291155099868774,-1.0358939170837402,-0.5691856741905212,-1.3971859216690063,2.0301363468170166,0.46704137325286865,1.61321222782135,-1.0463287830352783,-0.5748822093009949,-1.3360047340393066,2.084498882293701,0.477202445268631,1.5731648206710815,-0.010434865951538086,-0.005696535110473633,0.06118118762969971,0.05436253547668457,0.010161072015762329,-0.040047407150268555
1769651457.7666237,full,goal16.png,0.8131107091903687,-1.0404679775238037,-0.5840892195701599,-1.373952031135559,2.0550968647003174,0.47346314787864685,1.5942798852920532,-1.0499749183654785,-0.5912115573883057,-1.314354658126831,2.1129488945007324,0.4838101267814636,1.5516510009765625,-0.009506940841674805,-0.007122337818145752,0.05959737300872803,0.05785202980041504,0.010346978902816772,-0.04262888431549072
1769651457.8667378,full,goal16.png,0.8295576572418213,-1.0454357862472534,-0.5994170308113098,-1.3514753580093384,2.081965923309326,0.4781735837459564,1.5750595331192017,-1.0521748065948486,-0.6067619919776917,-1.2934260368347168,2.138118028640747,0.4936976730823517,1.532796859741211,-0.006739020347595215,-0.007344961166381836,0.05804932117462158,0.0561521053314209,0.015524089336395264,-0.04226267337799072
1769651457.9699218,full,goal16.png,0.8474055528640747,-1.0488284826278687,-0.6143812537193298,-1.3304224014282227,2.108471393585205,0.48550423979759216,1.5550063848495483,-1.0536880493164062,-0.6205466389656067,-1.2750190496444702,2.1577558517456055,0.5036731958389282,1.5178097486495972,-0.004859566688537598,-0.0061653852462768555,0.05540335178375244,0.04928445816040039,0.01816895604133606,-0.03719663619995117
1769651458.0686634,full,goal16.png,0.8362417221069336,-1.0512216091156006,-0.6305873990058899,-1.3083699941635132,2.1338560581207275,0.49437978863716125,1.5361343622207642,-1.055882453918457,-0.632190465927124,-1.2590620517730713,2.174910306930542,0.512211799621582,1.5040605068206787,-0.004660844802856445,-0.0016030669212341309,0.049307942390441895,0.04105424880981445,0.017832010984420776,-0.03207385540008545
1769651458.1683066,full,goal16.png,0.8264247179031372,-1.0526453256607056,-0.6454002261161804,-1.2914063930511475,2.153485059738159,0.503240168094635,1.5206704139709473,-1.0601623058319092,-0.6448996663093567,-1.2417058944702148,2.1975512504577637,0.5211436748504639,1.485792636871338,-0.007516980171203613,0.0005005598068237305,0.04970049858093262,0.04406619071960449,0.017903506755828857,-0.034877777099609375
1769651458.272452,full,goal16.png,0.8523533940315247,-1.0552504062652588,-0.660334050655365,-1.2739582061767578,2.174022912979126,0.5122823715209961,1.5053274631500244,-1.064475417137146,-0.6593034267425537,-1.2213056087493896,2.2245705127716064,0.5290781855583191,1.465025782585144,-0.009225010871887207,0.0010306239128112793,0.052652597427368164,0.05054759979248047,0.016795814037322998,-0.04030168056488037
1769651458.3680916,full,goal16.png,0.8467387557029724,-1.059279203414917,-0.6719055771827698,-1.257237195968628,2.194167137145996,0.5199461579322815,1.4886366128921509,-1.0674288272857666,-0.6750622987747192,-1.1977534294128418,2.2546846866607666,0.5359752774238586,1.4439136981964111,-0.00814962387084961,-0.003156721591949463,0.05948376655578613,0.06051754951477051,0.01602911949157715,-0.044722914695739746
1769651458.468111,full,goal16.png,0.8477780222892761,-1.0636110305786133,-0.6872636675834656,-1.2358207702636719,2.223126173019409,0.528458297252655,1.4669475555419922,-1.0696957111358643,-0.6895461678504944,-1.175994634628296,2.2789840698242188,0.5406277775764465,1.4266529083251953,-0.0060846805572509766,-0.0022825002670288086,0.05982613563537598,0.05585789680480957,0.012169480323791504,-0.040294647216796875
1769651458.5696416,full,goal16.png,0.855744481086731,-1.0666402578353882,-0.703348696231842,-1.2134350538253784,2.2500555515289307,0.5349407196044922,1.4475303888320923,-1.0725717544555664,-0.7060894966125488,-1.1556355953216553,2.299215793609619,0.5472602248191833,1.4114362001419067,-0.005931496620178223,-0.002740800380706787,0.057799458503723145,0.04916024208068848,0.012319505214691162,-0.03609418869018555
1769651458.6675973,full,goal16.png,0.8696101307868958,-1.0690332651138306,-0.7185854911804199,-1.1934725046157837,2.273289680480957,0.5398479104042053,1.430960774421692,-1.0766929388046265,-0.726029634475708,-1.1350343227386475,2.317814826965332,0.5552564859390259,1.3931056261062622,-0.0076596736907958984,-0.007444143295288086,0.05843818187713623,0.044525146484375,0.015408575534820557,-0.03785514831542969
1769651458.7684183,full,goal16.png,0.8643860816955566,-1.0719109773635864,-0.7343071103096008,-1.1706020832061768,2.294978618621826,0.5473300218582153,1.4133611917495728,-1.0823806524276733,-0.7500268816947937,-1.1105122566223145,2.3398663997650146,0.5646556615829468,1.3680473566055298,-0.010469675064086914,-0.01571977138519287,0.060089826583862305,0.04488778114318848,0.017325639724731445,-0.04531383514404297
1769651458.8690956,full,goal16.png,0.8614981174468994,-1.0756672620773315,-0.7499679923057556,-1.1498825550079346,2.316092014312744,0.5555392503738403,1.3935500383377075,-1.0886143445968628,-0.7774193286895752,-1.080901861190796,2.3631253242492676,0.5741176605224609,1.339513897895813,-0.01294708251953125,-0.02745133638381958,0.06898069381713867,0.04703330993652344,0.018578410148620605,-0.05403614044189453
1769651458.967953,full,goal16.png,0.8600466847419739,-1.0813318490982056,-0.7755950093269348,-1.1244977712631226,2.3377208709716797,0.5640966296195984,1.3693318367004395,-1.0953474044799805,-0.807243824005127,-1.0446604490280151,2.3888468742370605,0.5856932401657104,1.309289574623108,-0.014015555381774902,-0.03164881467819214,0.07983732223510742,0.05112600326538086,0.02159661054611206,-0.06004226207733154
1769651459.066251,full,goal16.png,0.8680599927902222,-1.0875416994094849,-0.8058869242668152,-1.0977802276611328,2.3614089488983154,0.5743202567100525,1.3416600227355957,-1.1018908023834229,-0.8320060968399048,-1.0127763748168945,2.4116361141204834,0.5967166423797607,1.2830333709716797,-0.014349102973937988,-0.0261191725730896,0.08500385284423828,0.05022716522216797,0.022396385669708252,-0.058626651763916016
1769651459.1679003,full,goal16.png,0.8743585348129272,-1.0945390462875366,-0.8372088670730591,-1.062308430671692,2.385824203491211,0.5861644744873047,1.3125191926956177,-1.10833740234375,-0.8540480136871338,-0.9817230105400085,2.433157444000244,0.6085895895957947,1.2590694427490234,-0.013798356056213379,-0.016839146614074707,0.08058542013168335,0.0473332405090332,0.02242511510848999,-0.05344974994659424
1769651459.2682955,full,goal16.png,0.8613713979721069,-1.1006883382797241,-0.8620784878730774,-1.0313197374343872,2.4082705974578857,0.5964332818984985,1.2871042490005493,-1.113473892211914,-0.8737102150917053,-0.9542475938796997,2.4537272453308105,0.6197367310523987,1.2380295991897583,-0.012785553932189941,-0.01163172721862793,0.0770721435546875,0.045456647872924805,0.023303449153900146,-0.049074649810791016
1769651459.3678188,full,goal16.png,0.8487491607666016,-1.1068376302719116,-0.8800719380378723,-0.9998160600662231,2.4294750690460205,0.6079896688461304,1.2625527381896973,-1.1182821989059448,-0.8927682638168335,-0.9270312786102295,2.476602077484131,0.631094217300415,1.2174619436264038,-0.011444568634033203,-0.012696325778961182,0.07278478145599365,0.04712700843811035,0.023104548454284668,-0.04509079456329346
1769651459.4680815,full,goal16.png,0.8612692356109619,-1.1125022172927856,-0.9017912745475769,-0.9691607356071472,2.452072858810425,0.6194703578948975,1.2401971817016602,-1.1218847036361694,-0.9110398888587952,-0.8991509675979614,2.498865842819214,0.6435245275497437,1.197191834449768,-0.009382486343383789,-0.009248614311218262,0.07000976800918579,0.04679298400878906,0.02405416965484619,-0.04300534725189209
1769651459.5684898,full,goal16.png,0.843550980091095,-1.1169854402542114,-0.9242981672286987,-0.9434428215026855,2.474095106124878,0.6310873627662659,1.2198864221572876,-1.1239969730377197,-0.9297537803649902,-0.8696863651275635,2.519841194152832,0.6564506888389587,1.1782269477844238,-0.007011532783508301,-0.005455613136291504,0.07375645637512207,0.0457460880279541,0.02536332607269287,-0.04165947437286377
1769651459.6699305,full,goal16.png,0.8534783124923706,-1.1203175783157349,-0.9461688995361328,-0.9158468246459961,2.4956326484680176,0.6430526375770569,1.200348138809204,-1.1253554821014404,-0.949360728263855,-0.8408453464508057,2.5376193523406982,0.6680679321289062,1.1609816551208496,-0.005037903785705566,-0.003191828727722168,0.07500147819519043,0.041986703872680664,0.025015294551849365,-0.03936648368835449
1769651459.7723868,full,goal16.png,0.8411226868629456,-1.123104453086853,-0.9657677412033081,-0.8850096464157104,2.5162010192871094,0.6554874777793884,1.1807341575622559,-1.1262528896331787,-0.9694756865501404,-0.81291663646698,2.5525074005126953,0.6782872080802917,1.1458057165145874,-0.0031484365463256836,-0.0037079453468322754,0.07209300994873047,0.03630638122558594,0.02279973030090332,-0.03492844104766846
1769651459.8685546,full,goal16.png,0.8328858017921448,-1.1244069337844849,-0.9818226099014282,-0.8573530912399292,2.533860921859741,0.6669681668281555,1.163710117340088,-1.127194881439209,-0.9898353219032288,-0.7857373356819153,2.5662200450897217,0.6883313655853271,1.1300926208496094,-0.002787947654724121,-0.008012712001800537,0.07161575555801392,0.03235912322998047,0.02136319875717163,-0.033617496490478516
1769651459.969455,full,goal16.png,0.8287791609764099,-1.125133991241455,-1.0020272731781006,-0.8296359777450562,2.549764394760132,0.6775703430175781,1.1481399536132812,-1.127537727355957,-1.0090079307556152,-0.7606824636459351,2.5807912349700928,0.6983621716499329,1.1142785549163818,-0.002403736114501953,-0.0069806575775146484,0.0689535140991211,0.031026840209960938,0.020791828632354736,-0.033861398696899414
1769651460.0690923,full,goal16.png,0.8174370527267456,-1.1260427236557007,-1.0196268558502197,-0.8047056794166565,2.5630929470062256,0.687127411365509,1.1336755752563477,-1.128865361213684,-1.0266941785812378,-0.7381035089492798,2.5963096618652344,0.7089425921440125,1.0976018905639648,-0.0028226375579833984,-0.007067322731018066,0.06660217046737671,0.03321671485900879,0.021815180778503418,-0.03607368469238281
1769651460.1683462,full,goal16.png,0.822982668876648,-1.1271029710769653,-1.040376901626587,-0.7766856551170349,2.578693151473999,0.698244571685791,1.1165001392364502,-1.1301953792572021,-1.0424978733062744,-0.7160931825637817,2.611130952835083,0.7202032804489136,1.082098364830017,-0.0030924081802368164,-0.0021209716796875,0.060592472553253174,0.032437801361083984,0.02195870876312256,-0.034401774406433105
1769651460.2673364,full,goal16.png,0.8339353203773499,-1.1275875568389893,-1.0615206956863403,-0.7546936869621277,2.5939908027648926,0.7085286974906921,1.100793719291687,-1.131465196609497,-1.0578510761260986,-0.6930110454559326,2.623323440551758,0.7322307825088501,1.0674424171447754,-0.0038776397705078125,0.0036696195602416992,0.06168264150619507,0.029332637786865234,0.02370208501815796,-0.03335130214691162
1769651460.369073,full,goal16.png,0.8227920532226562,-1.128647804260254,-1.0805742740631104,-0.7328228950500488,2.6088032722473145,0.7197216153144836,1.085693120956421,-1.1327276229858398,-1.0729520320892334,-0.6702277064323425,2.6320385932922363,0.7441474199295044,1.0547068119049072,-0.0040798187255859375,0.007622241973876953,0.0625951886177063,0.023235321044921875,0.024425804615020752,-0.030986309051513672
1769651460.470217,full,goal16.png,0.8363112211227417,-1.1304349899291992,-1.0973864793777466,-0.7090436816215515,2.6204657554626465,0.7320050001144409,1.0708045959472656,-1.134945273399353,-1.0869126319885254,-0.6524802446365356,2.6391918659210205,0.7537909150123596,1.0430265665054321,-0.004510283470153809,0.010473847389221191,0.05656343698501587,0.018726110458374023,0.0217859148979187,-0.027778029441833496
1769651460.5685003,full,goal16.png,0.8385553359985352,-1.1321617364883423,-1.1107450723648071,-0.687294065952301,2.6293413639068604,0.7428949475288391,1.0586423873901367,-1.1365323066711426,-1.099661946296692,-0.6349591016769409,2.647122383117676,0.7629539370536804,1.0332019329071045,-0.004370570182800293,0.011083126068115234,0.05233496427536011,0.01778101921081543,0.02005898952484131,-0.025440454483032227
1769651460.6715925,full,goal16.png,0.8306570053100586,-1.133646011352539,-1.1220439672470093,-0.6685433387756348,2.6380956172943115,0.7532244324684143,1.0466468334197998,-1.136674404144287,-1.1097466945648193,-0.6188242435455322,2.654296636581421,0.7704893946647644,1.0261332988739014,-0.003028392791748047,0.012297272682189941,0.04971909523010254,0.016201019287109375,0.017264962196350098,-0.020513534545898438
1769651460.7688797,full,goal16.png,0.8318032026290894,-1.135705828666687,-1.1347969770431519,-0.6506105065345764,2.6459715366363525,0.7626604437828064,1.0362718105316162,-1.1362813711166382,-1.1173310279846191,-0.6065076589584351,2.659268856048584,0.7763532400131226,1.021873950958252,-0.0005755424499511719,0.017465949058532715,0.04410284757614136,0.013297319412231445,0.013692796230316162,-0.014397859573364258
1769651460.8677042,full,goal16.png,0.8303412199020386,-1.1362813711166382,-1.1431574821472168,-0.6350707411766052,2.6519391536712646,0.7691126465797424,1.029728651046753,-1.135903000831604,-1.1231393814086914,-0.5985721349716187,2.662247657775879,0.7804861664772034,1.0200378894805908,0.0003783702850341797,0.02001810073852539,0.03649860620498657,0.010308504104614258,0.011373519897460938,-0.00969076156616211
1769651460.9674094,full,goal16.png,0.8351891040802002,-1.1361299753189087,-1.1505789756774902,-0.6226510405540466,2.6573007106781006,0.7748983502388,1.0242459774017334,-1.1360926628112793,-1.1282525062561035,-0.5930978059768677,2.6641106605529785,0.7832412719726562,1.018449306488037,3.731250762939453e-05,0.02232646942138672,0.029553234577178955,0.00680994987487793,0.008342921733856201,-0.005796670913696289
1769651461.0684633,full,goal16.png,0.8360621929168701,-1.1354331970214844,-1.1608781814575195,-0.6128061413764954,2.660632848739624,0.7790787220001221,1.0210349559783936,-1.1363893747329712,-1.1338313817977905,-0.5865530967712402,2.6672651767730713,0.7861205339431763,1.0156733989715576,-0.0009561777114868164,0.027046799659729004,0.026253044605255127,0.006632328033447266,0.007041811943054199,-0.0053615570068359375
1769651461.1709902,full,goal16.png,0.837817907333374,-1.1350091695785522,-1.1683604717254639,-0.6070204377174377,2.6636013984680176,0.7818048596382141,1.0195204019546509,-1.1363694667816162,-1.139801025390625,-0.5799569487571716,2.6715283393859863,0.7889107465744019,1.0119693279266357,-0.0013602972030639648,0.028559446334838867,0.027063488960266113,0.00792694091796875,0.007105886936187744,-0.007551074028015137
1769651461.2689948,full,goal16.png,0.8374267220497131,-1.1356452703475952,-1.172389268875122,-0.6008105278015137,2.666691541671753,0.7848796248435974,1.0166881084442139,-1.1361083984375,-1.145423173904419,-0.5737674832344055,2.6743648052215576,0.7914093136787415,1.0089714527130127,-0.00046312808990478516,0.026966094970703125,0.027043044567108154,0.0076732635498046875,0.006529688835144043,-0.007716655731201172
1769651461.3676176,full,goal16.png,0.8320009112358093,-1.1361602544784546,-1.1762059926986694,-0.5936919450759888,2.670053482055664,0.7881661653518677,1.0132802724838257,-1.1361324787139893,-1.1487705707550049,-0.5706523060798645,2.675014019012451,0.793466329574585,1.0088013410568237,2.777576446533203e-05,0.02743542194366455,0.023039638996124268,0.004960536956787109,0.005300164222717285,-0.004478931427001953
1769651461.468198,full,goal16.png,0.8353409767150879,-1.1360996961593628,-1.1835063695907593,-0.5882393717765808,2.6724467277526855,0.7909530997276306,1.0104327201843262,-1.136063575744629,-1.1516551971435547,-0.5674931406974792,2.675454616546631,0.7944386005401611,1.0086731910705566,3.612041473388672e-05,0.03185117244720459,0.020746231079101562,0.0030078887939453125,0.0034855008125305176,-0.0017595291137695312
1769651461.5699728,full,goal16.png,0.8266984224319458,-1.1352818012237549,-1.1913217306137085,-0.5846650004386902,2.673840284347534,0.7927404046058655,1.0092816352844238,-1.135162115097046,-1.1556553840637207,-0.5623660087585449,2.6760668754577637,0.7957733273506165,1.0078105926513672,0.00011968612670898438,0.03566634654998779,0.022298991680145264,0.002226591110229492,0.0030329227447509766,-0.0014710426330566406
1769651461.6798022,full,goal16.png,0.822170615196228,-1.1350091695785522,-1.1945629119873047,-0.5813631415367126,2.6743853092193604,0.7939066290855408,1.0087212324142456,-1.1336692571640015,-1.1599116325378418,-0.5566692352294922,2.6765027046203613,0.7970792651176453,1.0074573755264282,0.0013399124145507812,0.03465127944946289,0.02469390630722046,0.0021173954010009766,0.003172636032104492,-0.0012638568878173828
1769651461.7787802,full,goal16.png,0.8241807222366333,-1.135069727897644,-1.195713996887207,-0.5763952136039734,2.674870014190674,0.7949365973472595,1.0081759691238403,-1.1329265832901,-1.163567304611206,-0.5522016882896423,2.677624225616455,0.7978547215461731,1.0067461729049683,0.0021431446075439453,0.03214669227600098,0.024193525314331055,0.00275421142578125,0.0029181241989135742,-0.0014297962188720703
1769651461.878614,full,goal16.png,0.8282248973846436,-1.1342518329620361,-1.1992278099060059,-0.5713365077972412,2.6752941608428955,0.796011745929718,1.0078883171081543,-1.1332041025161743,-1.1667696237564087,-0.5483560562133789,2.678629159927368,0.7992559671401978,1.0052248239517212,0.0010477304458618164,0.03245818614959717,0.022980451583862305,0.0033349990844726562,0.0032442212104797363,-0.0026634931564331055
1769651461.978428,full,goal16.png,0.8224331736564636,-1.1331007480621338,-1.2062859535217285,-0.5666109323501587,2.6761727333068848,0.7967842817306519,1.0074187517166138,-1.1333332061767578,-1.1689422130584717,-0.5464890003204346,2.6795461177825928,0.7990108728408813,1.0045726299285889,-0.00023245811462402344,0.037343740463256836,0.02012193202972412,0.003373384475708008,0.002226591110229492,-0.0028461217880249023
1769651462.0710046,full,goal16.png,0.819373369216919,-1.1324646472930908,-1.2114962339401245,-0.5629456043243408,2.6771721839904785,0.7977234125137329,1.0065099000930786,-1.132498025894165,-1.1697221994400024,-0.547687292098999,2.6784822940826416,0.7969748377799988,1.0068283081054688,-3.337860107421875e-05,0.04177403450012207,0.015258312225341797,0.001310110092163086,-0.0007485747337341309,0.0003184080123901367
1769651462.1690629,full,goal16.png,0.8122657537460327,-1.1327675580978394,-1.2125260829925537,-0.5606130957603455,2.6777782440185547,0.7979505062103271,1.0062525272369385,-1.131348967552185,-1.1699413061141968,-0.5502719879150391,2.676802635192871,0.7941024899482727,1.0104610919952393,0.0014185905456542969,0.042584776878356934,0.010341107845306396,-0.0009756088256835938,-0.0038480162620544434,0.004208564758300781
1769651462.269545,full,goal16.png,0.8151201009750366,-1.132676601409912,-1.2121928930282593,-0.5600981712341309,2.6775660514831543,0.7967086434364319,1.007494330406189,-1.1314327716827393,-1.1708097457885742,-0.5525952577590942,2.676180124282837,0.791805624961853,1.0120186805725098,0.0012438297271728516,0.04138314723968506,0.007502913475036621,-0.0013859272003173828,-0.004903018474578857,0.004524350166320801
1769651462.3697486,full,goal16.png,0.8209731578826904,-1.1315861940383911,-1.2131924629211426,-0.5613400936126709,2.676990509033203,0.7949819564819336,1.0093421936035156,-1.131121039390564,-1.1706457138061523,-0.5561035871505737,2.6758363246917725,0.7888261079788208,1.0133620500564575,0.00046515464782714844,0.042546749114990234,0.005236506462097168,-0.001154184341430664,-0.006155848503112793,0.0040198564529418945
1769651462.4685578,full,goal16.png,0.8235040307044983,-1.1305865049362183,-1.214464783668518,-0.5636120438575745,2.676384925842285,0.7925888895988464,1.011614203453064,-1.1300885677337646,-1.1698602437973022,-0.5603283643722534,2.6750049591064453,0.7853989005088806,1.0154081583023071,0.0004979372024536133,0.04460453987121582,0.003283679485321045,-0.0013799667358398438,-0.00718998908996582,0.003793954849243164
1769651462.5779712,full,goal16.png,0.8129557967185974,-1.130828857421875,-1.21416175365448,-0.5662474632263184,2.6758999824523926,0.7901049256324768,1.0135225057601929,-1.1283490657806396,-1.1679706573486328,-0.5647109746932983,2.6737751960754395,0.7815437912940979,1.0184720754623413,0.0024797916412353516,0.04619109630584717,0.0015364885330200195,-0.002124786376953125,-0.008561134338378906,0.0049495697021484375
1769651462.6796267,full,goal16.png,0.8096842169761658,-1.1308894157409668,-1.2131621837615967,-0.5694887042045593,2.6752336025238037,0.7868030667304993,1.0161882638931274,-1.1273961067199707,-1.1665254831314087,-0.5674185752868652,2.672616958618164,0.777901828289032,1.0204157829284668,0.0034933090209960938,0.04663670063018799,0.002070128917694092,-0.0026166439056396484,-0.008901238441467285,0.0042275190353393555
1769651462.7705672,full,goal16.png,0.8133962750434875,-1.130041241645813,-1.2103450298309326,-0.5728511214256287,2.6744461059570312,0.783016562461853,1.0191872119903564,-1.1266969442367554,-1.1648081541061401,-0.5693516135215759,2.6724491119384766,0.7748199701309204,1.0217468738555908,0.003344297409057617,0.04553687572479248,0.0034995079040527344,-0.0019969940185546875,-0.008196592330932617,0.002559661865234375
1769651462.86907,full,goal16.png,0.8134458065032959,-1.1284964084625244,-1.2054983377456665,-0.5749412178993225,2.673567533493042,0.7800328135490417,1.020716905593872,-1.1261203289031982,-1.1627681255340576,-0.5730292797088623,2.6726138591766357,0.7725054025650024,1.0234524011611938,0.002376079559326172,0.04273021221160889,0.001911938190460205,-0.00095367431640625,-0.007527410984039307,0.0027354955673217773
1769651462.9709818,full,goal16.png,0.8258640170097351,-1.1277693510055542,-1.1993794441223145,-0.5768798589706421,2.673204183578491,0.7774429321289062,1.0218528509140015,-1.1256736516952515,-1.1620615720748901,-0.5743966102600098,2.673327922821045,0.7726448178291321,1.0237321853637695,0.0020956993103027344,0.037317872047424316,0.0024832487106323242,0.00012373924255371094,-0.00479811429977417,0.0018793344497680664
1769651463.0677104,full,goal16.png,0.8197492361068726,-1.1274361610412598,-1.1951384544372559,-0.5790912508964539,2.673234224319458,0.7752770185470581,1.0233826637268066,-1.1253573894500732,-1.1622469425201416,-0.5729434490203857,2.6744604110717773,0.7747187614440918,1.0228643417358398,0.0020787715911865234,0.03289151191711426,0.006147801876068115,0.001226186752319336,-0.0005582571029663086,-0.0005183219909667969
1769651463.179002,full,goal16.png,0.8224947452545166,-1.1271635293960571,-1.1937147378921509,-0.579909086227417,2.673598051071167,0.7748983502388,1.0237915515899658,-1.1250157356262207,-1.163820505142212,-0.5676958560943604,2.675841808319092,0.7781074643135071,1.0205285549163818,0.0021477937698364258,0.029894232749938965,0.01221323013305664,0.0022437572479248047,0.0032091140747070312,-0.0032629966735839844
1769651463.2684848,full,goal16.png,0.8206053972244263,-1.1263456344604492,-1.192896842956543,-0.5791820883750916,2.6740825176239014,0.7755799293518066,1.0232311487197876,-1.1249722242355347,-1.1648250818252563,-0.5638759732246399,2.6762568950653076,0.7808250188827515,1.0182560682296753,0.0013734102249145508,0.02807176113128662,0.01530611515045166,0.00217437744140625,0.005245089530944824,-0.004975080490112305
1769651463.3693917,full,goal16.png,0.8146182894706726,-1.1257095336914062,-1.1921699047088623,-0.5760923027992249,2.6749002933502197,0.7781093120574951,1.0210047960281372,-1.125697374343872,-1.165697455406189,-0.5602267980575562,2.677103281021118,0.7834389209747314,1.0165302753448486,1.2159347534179688e-05,0.02647244930267334,0.0158655047416687,0.0022029876708984375,0.005329608917236328,-0.004474520683288574
1769651463.4714258,full,goal16.png,0.8194729089736938,-1.1254671812057495,-1.1918365955352783,-0.5725482106208801,2.675536632537842,0.7802146077156067,1.0192627906799316,-1.1266889572143555,-1.1660678386688232,-0.5583193898200989,2.677971124649048,0.7851349711418152,1.0155975818634033,-0.001221776008605957,0.025768756866455078,0.01422882080078125,0.0024344921112060547,0.004920363426208496,-0.0036652088165283203
1769651463.5806513,full,goal16.png,0.8260986804962158,-1.1255580186843872,-1.1918971538543701,-0.569579541683197,2.6762633323669434,0.7820623517036438,1.0179603099822998,-1.1275949478149414,-1.1667957305908203,-0.5559799671173096,2.6788992881774902,0.787033200263977,1.014686107635498,-0.0020369291305541992,0.025101423263549805,0.013599574565887451,0.002635955810546875,0.004970848560333252,-0.003274202346801758
1769651463.669024,full,goal16.png,0.828558087348938,-1.1256489753723145,-1.1915035247802734,-0.5677923560142517,2.6766271591186523,0.7831073999404907,1.0173393487930298,-1.1276488304138184,-1.1669895648956299,-0.5550930500030518,2.6791248321533203,0.7880819439888,1.0147011280059814,-0.0019998550415039062,0.024513959884643555,0.012699306011199951,0.0024976730346679688,0.004974544048309326,-0.00263822078704834
1769651463.767279,full,goal16.png,0.8236186504364014,-1.1261335611343384,-1.1904128789901733,-0.5648540258407593,2.677354097366333,0.7851067185401917,1.0162791013717651,-1.127232313156128,-1.1673858165740967,-0.5535451769828796,2.6799378395080566,0.7898993492126465,1.0148487091064453,-0.0010987520217895508,0.02302706241607666,0.011308848857879639,0.002583742141723633,0.004792630672454834,-0.0014303922653198242
1769651463.8671105,full,goal16.png,0.8262600898742676,-1.1268606185913086,-1.1895041465759277,-0.5627941489219666,2.677717685699463,0.7862730622291565,1.0159306526184082,-1.1269876956939697,-1.1687594652175903,-0.5487813353538513,2.6823315620422363,0.7928760647773743,1.013322114944458,-0.0001270771026611328,0.020744681358337402,0.014012813568115234,0.0046138763427734375,0.0066030025482177734,-0.0026085376739501953
1769651463.9662051,full,goal16.png,0.8272319436073303,-1.1270726919174194,-1.1896556615829468,-0.5607343316078186,2.6783840656280518,0.7885296940803528,1.0152491331100464,-1.1271693706512451,-1.1709423065185547,-0.5400475263595581,2.6850905418395996,0.7982879281044006,1.0102434158325195,-9.66787338256836e-05,0.01871335506439209,0.020686805248260498,0.0067064762115478516,0.009758234024047852,-0.0050057172775268555
1769651464.0656836,full,goal16.png,0.8301814794540405,-1.1269514560699463,-1.1897162199020386,-0.5567357540130615,2.6802618503570557,0.7913620471954346,1.013931393623352,-1.1272368431091309,-1.1734099388122559,-0.5290677547454834,2.6874263286590576,0.8052077293395996,1.0063012838363647,-0.0002853870391845703,0.016306281089782715,0.027667999267578125,0.007164478302001953,0.013845682144165039,-0.007630109786987305
1769651464.1668425,full,goal16.png,0.8168904185295105,-1.1270726919174194,-1.189443588256836,-0.5491930246353149,2.683624267578125,0.796738862991333,1.0108568668365479,-1.126621961593628,-1.1752686500549316,-0.5191155672073364,2.6893837451934814,0.8117841482162476,1.003577709197998,0.0004507303237915039,0.014174938201904297,0.030077457427978516,0.005759477615356445,0.01504528522491455,-0.007279157638549805
1769651464.2734542,full,goal16.png,0.8224273920059204,-1.1269211769104004,-1.1903523206710815,-0.53459233045578,2.687108278274536,0.8051146268844604,1.0067522525787354,-1.125969409942627,-1.176956057548523,-0.5103612542152405,2.69193696975708,0.8161789774894714,1.0004767179489136,0.0009517669677734375,0.013396263122558594,0.02423107624053955,0.004828691482543945,0.011064350605010986,-0.006275534629821777
1769651464.3689747,full,goal16.png,0.8284187316894531,-1.1268606185913086,-1.1915035247802734,-0.5282310247421265,2.6885318756103516,0.8093555569648743,1.004328966140747,-1.1252095699310303,-1.177897334098816,-0.5033930540084839,2.6943423748016357,0.818962812423706,0.9980124235153198,0.0016510486602783203,0.01360619068145752,0.024837970733642578,0.00581049919128418,0.009607255458831787,-0.006316542625427246
1769651464.4678748,full,goal16.png,0.8185659646987915,-1.1265274286270142,-1.1935936212539673,-0.5202036499977112,2.6913490295410156,0.8142626881599426,1.001330018043518,-1.1245648860931396,-1.1780258417129517,-0.4979751706123352,2.6955952644348145,0.8207290768623352,0.9968174695968628,0.0019625425338745117,0.015567779541015625,0.022228479385375977,0.004246234893798828,0.006466388702392578,-0.0045125484466552734
1769651464.567565,full,goal16.png,0.8091423511505127,-1.1261941194534302,-1.194441795349121,-0.5124792456626892,2.693742036819458,0.8169739842414856,0.9996487498283386,-1.1245131492614746,-1.177767276763916,-0.494894802570343,2.6960911750793457,0.8207356333732605,0.9968389272689819,0.0016809701919555664,0.016674518585205078,0.01758444309234619,0.0023491382598876953,0.0037616491317749023,-0.0028098225593566895
1769651465.2699704,full,goal16.png,0.8097673058509827,-1.125921607017517,-1.1943508386611938,-0.5058150291442871,2.6948931217193604,0.8188670873641968,0.9983614683151245,-1.1246107816696167,-1.177245855331421,-0.4917110502719879,2.695796489715576,0.8214883804321289,0.9977898001670837,0.0013108253479003906,0.01710498332977295,0.014103978872299194,0.0009033679962158203,0.002621293067932129,-0.0005716681480407715
