timestamp,model_type,goal_image,similarity_score,curr_j0,curr_j1,curr_j2,curr_j3,curr_j4,curr_j5,cmd_j0,cmd_j1,cmd_j2,cmd_j3,cmd_j4,cmd_j5,step_diff_j0,step_diff_j1,step_diff_j2,step_diff_j3,step_diff_j4,step_diff_j5
1769719587.3059175,full,goal16.png,0.6676986813545227,-0.06300728768110275,-1.36577308177948,-1.5662453174591064,1.6853532791137695,1.5120227336883545,2.7589144706726074,-0.068097785115242,-1.25706148147583,-1.5511988401412964,1.6027600765228271,1.4136333465576172,2.6289138793945312,-0.005090497434139252,0.1087116003036499,0.015046477317810059,-0.08259320259094238,-0.0983893871307373,-0.13000059127807617
1769719587.322783,full,goal16.png,0.6725521087646484,-0.06297700852155685,-1.36577308177948,-1.5662453174591064,1.6853835582733154,1.5119773149490356,2.758929491043091,-0.06869860738515854,-1.2570527791976929,-1.5506318807601929,1.6018884181976318,1.414812684059143,2.62900710105896,-0.005721598863601685,0.10872030258178711,0.015613436698913574,-0.0834951400756836,-0.09716463088989258,-0.12992238998413086
1769719587.3826249,full,goal16.png,0.6660879850387573,-0.06297700852155685,-1.3658033609390259,-1.5662453174591064,1.6853835582733154,1.5119924545288086,2.7589144706726074,-0.06874414533376694,-1.2571847438812256,-1.5497692823410034,1.6017260551452637,1.4156908988952637,2.62929105758667,-0.005767136812210083,0.10861861705780029,0.016476035118103027,-0.08365750312805176,-0.09630155563354492,-0.1296234130859375
1769719587.480852,full,goal16.png,0.6878262758255005,-0.06615765392780304,-1.3371472358703613,-1.5599446296691895,1.633493423461914,1.4898641109466553,2.713188648223877,-0.06821192800998688,-1.2549359798431396,-1.5511584281921387,1.603266954421997,1.4151065349578857,2.6306495666503906,-0.002054274082183838,0.08221125602722168,0.008786201477050781,-0.030226469039916992,-0.07475757598876953,-0.08253908157348633
1769719587.5795498,full,goal16.png,0.6901994943618774,-0.06900511682033539,-1.3084909915924072,-1.5580967664718628,1.6118953227996826,1.4582545757293701,2.6750965118408203,-0.06660382449626923,-1.2513673305511475,-1.5536777973175049,1.6098792552947998,1.412498116493225,2.6308774948120117,0.002401292324066162,0.057123661041259766,0.00441896915435791,-0.0020160675048828125,-0.04575645923614502,-0.044219017028808594
1769719587.6794214,full,goal16.png,0.6746399402618408,-0.07003502547740936,-1.2903462648391724,-1.5538256168365479,1.6069577932357788,1.422994613647461,2.640139579772949,-0.06523409485816956,-1.2435288429260254,-1.5608339309692383,1.6166560649871826,1.4081761837005615,2.631441593170166,0.004800930619239807,0.04681742191314697,-0.00700831413269043,0.009698271751403809,-0.014818429946899414,-0.008697986602783203
1769719587.782238,full,goal16.png,0.6671316623687744,-0.06897483766078949,-1.2856509685516357,-1.5564913749694824,1.609714150428772,1.4137253761291504,2.6328089237213135,-0.06680183857679367,-1.237109899520874,-1.5673539638519287,1.6173690557479858,1.4026124477386475,2.6301310062408447,0.002172999083995819,0.04854106903076172,-0.010862588882446289,0.007654905319213867,-0.01111292839050293,-0.00267791748046875
1769719587.8827915,full,goal16.png,0.6726917028427124,-0.06718756258487701,-1.2801681756973267,-1.5617319345474243,1.6140156984329224,1.4090149402618408,2.6320366859436035,-0.06892835348844528,-1.2305926084518433,-1.5731133222579956,1.6142371892929077,1.39797043800354,2.6280298233032227,-0.0017407909035682678,0.0495755672454834,-0.011381387710571289,0.00022149085998535156,-0.011044502258300781,-0.004006862640380859
1769719587.9833083,full,goal16.png,0.6787567734718323,-0.06758138537406921,-1.2735341787338257,-1.5674266815185547,1.615560531616211,1.4038046598434448,2.630643129348755,-0.06975578516721725,-1.2255147695541382,-1.5760804414749146,1.6126309633255005,1.395607590675354,2.622905731201172,-0.0021743997931480408,0.0480194091796875,-0.008653759956359863,-0.0029295682907104492,-0.00819706916809082,-0.007737398147583008
1769719588.0812607,full,goal16.png,0.6853042244911194,-0.0685204491019249,-1.2677180767059326,-1.5726672410964966,1.6145004034042358,1.3994275331497192,2.6277501583099365,-0.06930191814899445,-1.220313310623169,-1.5769894123077393,1.6115177869796753,1.3935950994491577,2.6154496669769287,-0.0007814690470695496,0.04740476608276367,-0.004322171211242676,-0.002982616424560547,-0.0058324337005615234,-0.012300491333007812
1769719588.1794047,full,goal16.png,0.691877007484436,-0.0685507282614708,-1.2643859386444092,-1.5769081115722656,1.6129857301712036,1.3963831663131714,2.6238274574279785,-0.06892877072095871,-1.2183113098144531,-1.5755763053894043,1.6059560775756836,1.3904447555541992,2.608828067779541,-0.00037804245948791504,0.046074628829956055,0.0013318061828613281,-0.0070296525955200195,-0.005938410758972168,-0.0149993896484375
1769719588.2811506,full,goal16.png,0.6867167949676514,-0.06824782490730286,-1.2592061758041382,-1.5781500339508057,1.6105624437332153,1.3935660123825073,2.6175873279571533,-0.07035385817289352,-1.2179639339447021,-1.5759183168411255,1.5965956449508667,1.3883695602416992,2.6010820865631104,-0.0021060332655906677,0.041242241859436035,0.0022317171096801758,-0.013966798782348633,-0.0051964521408081055,-0.01650524139404297
1769719588.3814533,full,goal16.png,0.6625303626060486,-0.06876277923583984,-1.25372314453125,-1.578059196472168,1.606230616569519,1.3905519247055054,2.6105141639709473,-0.07426416128873825,-1.2130688428878784,-1.5809423923492432,1.5863149166107178,1.3865498304367065,2.5946033000946045,-0.005501382052898407,0.04065430164337158,-0.0028831958770751953,-0.01991569995880127,-0.004002094268798828,-0.015910863876342773
1769719588.483303,full,goal16.png,0.6654691696166992,-0.07024707645177841,-1.2527841329574585,-1.5790890455245972,1.5977792739868164,1.3890222311019897,2.602592706680298,-0.07676383852958679,-1.2075612545013428,-1.5857316255569458,1.5778107643127441,1.3879753351211548,2.5843920707702637,-0.00651676207780838,0.04522287845611572,-0.006642580032348633,-0.019968509674072266,-0.001046895980834961,-0.01820063591003418
1769719588.5851097,full,goal16.png,0.676354169845581,-0.07273100316524506,-1.2501184940338135,-1.5829967260360718,1.5883584022521973,1.3877500295639038,2.594686508178711,-0.07666420936584473,-1.2023193836212158,-1.5881476402282715,1.5742297172546387,1.3894188404083252,2.573962688446045,-0.00393320620059967,0.047799110412597656,-0.005150914192199707,-0.014128684997558594,0.0016688108444213867,-0.020723819732666016
1769719588.6797683,full,goal16.png,0.6810374855995178,-0.07485146075487137,-1.2459684610366821,-1.5858138799667358,1.582330346107483,1.387553095817566,2.589794397354126,-0.07514242827892303,-1.1969226598739624,-1.5902533531188965,1.572967290878296,1.3894850015640259,2.5659310817718506,-0.00029096752405166626,0.04904580116271973,-0.0044394731521606445,-0.009363055229187012,0.001931905746459961,-0.02386331558227539
1769719588.782954,full,goal16.png,0.6764095425605774,-0.0756693109869957,-1.238456130027771,-1.5896912813186646,1.5762720108032227,1.3894766569137573,2.575754165649414,-0.0725230872631073,-1.1905022859573364,-1.5936170816421509,1.5726137161254883,1.3867106437683105,2.5620291233062744,0.003146223723888397,0.04795384407043457,-0.003925800323486328,-0.003658294677734375,-0.0027660131454467773,-0.013725042343139648
1769719588.880624,full,goal16.png,0.6679537296295166,-0.07421530038118362,-1.2325189113616943,-1.5920237302780151,1.574424147605896,1.3892948627471924,2.568544626235962,-0.06956285238265991,-1.1853439807891846,-1.5970516204833984,1.5710289478302002,1.3854129314422607,2.5565803050994873,0.004652447998523712,0.047174930572509766,-0.005027890205383301,-0.0033951997756958008,-0.0038819313049316406,-0.01196432113647461
1769719588.9812806,full,goal16.png,0.6696050763130188,-0.07230689376592636,-1.2249761819839478,-1.5945985317230225,1.573272943496704,1.3870683908462524,2.563349485397339,-0.06791923195123672,-1.18230402469635,-1.5992002487182617,1.5696814060211182,1.3853201866149902,2.545196056365967,0.004387661814689636,0.042672157287597656,-0.004601716995239258,-0.0035915374755859375,-0.001748204231262207,-0.01815342903137207
1769719589.0815635,full,goal16.png,0.6622281074523926,-0.07012587040662766,-1.220826268196106,-1.5973854064941406,1.5717886686325073,1.385478138923645,2.5567307472229004,-0.06675173342227936,-1.1820828914642334,-1.600281834602356,1.5685415267944336,1.3854401111602783,2.53365421295166,0.003374136984348297,0.03874337673187256,-0.002896428108215332,-0.0032471418380737305,-3.802776336669922e-05,-0.023076534271240234
1769719589.1830637,full,goal16.png,0.6731765270233154,-0.067702516913414,-1.2197356224060059,-1.5998088121414185,1.5706377029418945,1.3856446743011475,2.546022653579712,-0.06760047376155853,-1.1814630031585693,-1.6030840873718262,1.5674115419387817,1.3851344585418701,2.5269246101379395,0.00010204315185546875,0.03827261924743652,-0.003275275230407715,-0.003226161003112793,-0.0005102157592773438,-0.01909804344177246
1769719589.2856872,full,goal16.png,0.6859750747680664,-0.06685438007116318,-1.2181302309036255,-1.6016263961791992,1.5695774555206299,1.3858567476272583,2.5366320610046387,-0.07011359930038452,-1.1772286891937256,-1.6059809923171997,1.5675145387649536,1.3824000358581543,2.5213327407836914,-0.003259219229221344,0.0409015417098999,-0.004354596138000488,-0.0020629167556762695,-0.003456711769104004,-0.015299320220947266
1769719589.3828073,full,goal16.png,0.6895986199378967,-0.06761166453361511,-1.2171911001205444,-1.6045949459075928,1.5684868097305298,1.3843876123428345,2.5298922061920166,-0.07309570908546448,-1.1719927787780762,-1.6066755056381226,1.5694708824157715,1.378193736076355,2.511657238006592,-0.005484044551849365,0.04519832134246826,-0.002080559730529785,0.0009840726852416992,-0.006193876266479492,-0.018234968185424805
1769719589.4857867,full,goal16.png,0.6911153197288513,-0.06845980882644653,-1.2162823677062988,-1.606563925743103,1.5683656930923462,1.3833576440811157,2.5265297889709473,-0.07610617578029633,-1.164747953414917,-1.607743740081787,1.5709095001220703,1.3749444484710693,2.502925157546997,-0.0076463669538497925,0.051534414291381836,-0.001179814338684082,0.002543807029724121,-0.008413195610046387,-0.023604631423950195
1769719589.5933871,full,goal16.png,0.6795808672904968,-0.07191314548254013,-1.2081338167190552,-1.608593463897705,1.5693048238754272,1.3786624670028687,2.513988971710205,-0.08032000064849854,-1.1562920808792114,-1.6123918294906616,1.571685791015625,1.3736317157745361,2.497846841812134,-0.008406855165958405,0.05184173583984375,-0.003798365592956543,0.002380967140197754,-0.0050307512283325195,-0.01614212989807129
1769719589.693932,full,goal16.png,0.6898433566093445,-0.07500287145376205,-1.1995612382888794,-1.6099263429641724,1.5703346729278564,1.3763753175735474,2.5066733360290527,-0.0851779356598854,-1.1489460468292236,-1.6183792352676392,1.5722441673278809,1.3732715845108032,2.494004011154175,-0.010175064206123352,0.05061519145965576,-0.008452892303466797,0.001909494400024414,-0.0031037330627441406,-0.01266932487487793
1769719589.7936044,full,goal16.png,0.6741969585418701,-0.07854706048965454,-1.1928364038467407,-1.614288330078125,1.5711525678634644,1.3744971752166748,2.5004029273986816,-0.0898219421505928,-1.1450004577636719,-1.6244069337844849,1.57112717628479,1.3721857070922852,2.488023281097412,-0.011274881660938263,0.04783594608306885,-0.010118603706359863,-2.5391578674316406e-05,-0.0023114681243896484,-0.012379646301269531
1769719589.8990698,full,goal16.png,0.6795586943626404,-0.0827576145529747,-1.1870505809783936,-1.6192865371704102,1.571576714515686,1.3735884428024292,2.4953744411468506,-0.09259436279535294,-1.1425397396087646,-1.6289501190185547,1.5694788694381714,1.3696553707122803,2.478433609008789,-0.009836748242378235,0.044510841369628906,-0.009663581848144531,-0.0020978450775146484,-0.003933072090148926,-0.016940832138061523
1769719589.9862144,full,goal16.png,0.6777160167694092,-0.08730142563581467,-1.1802349090576172,-1.6239515542984009,1.5712738037109375,1.3721950054168701,2.490557909011841,-0.09305683523416519,-1.1398745775222778,-1.6307988166809082,1.573336124420166,1.3665094375610352,2.470961570739746,-0.005755409598350525,0.040360331535339355,-0.006847262382507324,0.0020623207092285156,-0.005685567855834961,-0.019596338272094727
1769719590.0829222,full,goal16.png,0.6991365551948547,-0.0907244086265564,-1.1761151552200317,-1.6290102005004883,1.5710314512252808,1.3692113161087036,2.4810311794281006,-0.09101055562496185,-1.137134075164795,-1.6310970783233643,1.5724236965179443,1.3649944067001343,2.4655449390411377,-0.00028614699840545654,0.038981080055236816,-0.0020868778228759766,0.0013922452926635742,-0.004216909408569336,-0.01548624038696289
1769719590.1830833,full,goal16.png,0.6885403990745544,-0.09130000323057175,-1.174630880355835,-1.6318576335906982,1.571940302848816,1.3666516542434692,2.4731099605560303,-0.09064878523349762,-1.1324169635772705,-1.6314054727554321,1.5657413005828857,1.365944504737854,2.4646873474121094,0.0006512179970741272,0.04221391677856445,0.0004521608352661133,-0.006199002265930176,-0.0007071495056152344,-0.008422613143920898
1769719590.2833128,full,goal16.png,0.6922533512115479,-0.0906335636973381,-1.17196524143219,-1.632857322692871,1.5711828470230103,1.3658488988876343,2.4679148197174072,-0.09267276525497437,-1.1277453899383545,-1.635429859161377,1.5536842346191406,1.3656131029129028,2.460024118423462,-0.002039201557636261,0.04421985149383545,-0.0025725364685058594,-0.01749861240386963,-0.0002357959747314453,-0.007890701293945312
1769719590.3794754,full,goal16.png,0.6797521114349365,-0.0902700200676918,-1.1698448657989502,-1.6332814693450928,1.5686384439468384,1.3658337593078613,2.4664759635925293,-0.09593009203672409,-1.1229219436645508,-1.6394425630569458,1.5445948839187622,1.3646864891052246,2.455080986022949,-0.005660071969032288,0.046922922134399414,-0.006161093711853027,-0.024043560028076172,-0.0011472702026367188,-0.011394977569580078
1769719590.4821463,full,goal16.png,0.6860239505767822,-0.09193608909845352,-1.164998173713684,-1.6375223398208618,1.55424964427948,1.3655459880828857,2.460402488708496,-0.09969896078109741,-1.1180486679077148,-1.642075538635254,1.5416141748428345,1.3638215065002441,2.4479708671569824,-0.00776287168264389,0.04694950580596924,-0.00455319881439209,-0.012635469436645508,-0.0017244815826416016,-0.012431621551513672
1769719590.5822716,full,goal16.png,0.6865407228469849,-0.0951470211148262,-1.1594244241714478,-1.640945315361023,1.5475248098373413,1.3649250268936157,2.4554495811462402,-0.104587621986866,-1.109674096107483,-1.6482558250427246,1.5421355962753296,1.3620498180389404,2.4453611373901367,-0.009440600872039795,0.049750328063964844,-0.00731050968170166,-0.005389213562011719,-0.002875208854675293,-0.010088443756103516
1769719590.6833994,full,goal16.png,0.6951391696929932,-0.09920615702867508,-1.1537597179412842,-1.644368290901184,1.5440109968185425,1.3631378412246704,2.4502696990966797,-0.11252652108669281,-1.0996252298355103,-1.6565742492675781,1.5425076484680176,1.3597872257232666,2.446518898010254,-0.01332036405801773,0.054134488105773926,-0.012205958366394043,-0.0015033483505249023,-0.0033506155014038086,-0.0037508010864257812
1769719590.7823691,full,goal16.png,0.6924139857292175,-0.10384082049131393,-1.1476105451583862,-1.6500024795532227,1.5434657335281372,1.3616838455200195,2.4477555751800537,-0.12187892198562622,-1.0890012979507446,-1.6654918193817139,1.5426795482635498,1.3576422929763794,2.4475104808807373,-0.018038101494312286,0.0586092472076416,-0.015489339828491211,-0.0007861852645874023,-0.004041552543640137,-0.00024509429931640625
1769719590.882593,full,goal16.png,0.686920166015625,-0.11126238107681274,-1.1375232934951782,-1.6575756072998047,1.5434051752090454,1.3600631952285767,2.447498083114624,-0.12887808680534363,-1.080796718597412,-1.6723473072052002,1.5401383638381958,1.357593297958374,2.4484927654266357,-0.017615705728530884,0.05672657489776611,-0.014771699905395508,-0.0032668113708496094,-0.0024698972702026367,0.0009946823120117188
1769719590.9800649,full,goal16.png,0.6892876625061035,-0.11710872501134872,-1.1288597583770752,-1.664057970046997,1.5434354543685913,1.359033226966858,2.447558641433716,-0.1342223584651947,-1.0739747285842896,-1.6781015396118164,1.5347809791564941,1.3588485717773438,2.4476475715637207,-0.017113633453845978,0.054885029792785645,-0.014043569564819336,-0.008654475212097168,-0.00018465518951416016,8.893013000488281e-05
1769719591.0799944,full,goal16.png,0.6991658806800842,-0.12498459219932556,-1.1200448274612427,-1.6711766719818115,1.5421934127807617,1.3584879636764526,2.4480433464050293,-0.13706456124782562,-1.0674551725387573,-1.6840265989303589,1.5280308723449707,1.357874870300293,2.4415225982666016,-0.012079969048500061,0.05258965492248535,-0.012849926948547363,-0.014162540435791016,-0.000613093376159668,-0.006520748138427734
1769719591.1777992,full,goal16.png,0.7085509300231934,-0.1305886059999466,-1.1125930547714233,-1.6771440505981445,1.5379526615142822,1.3586848974227905,2.447937250137329,-0.1397787183523178,-1.0586854219436646,-1.6914122104644775,1.521051287651062,1.3550348281860352,2.4324047565460205,-0.009190112352371216,0.05390763282775879,-0.014268159866333008,-0.016901373863220215,-0.003650069236755371,-0.015532493591308594
1769719591.282097,full,goal16.png,0.7040524482727051,-0.1353141814470291,-1.101839303970337,-1.6846868991851807,1.5287742614746094,1.3570339679718018,2.44183349609375,-0.14387956261634827,-1.0470168590545654,-1.7000107765197754,1.517342448234558,1.3534942865371704,2.4324429035186768,-0.008565381169319153,0.054822444915771484,-0.015323877334594727,-0.01143181324005127,-0.0035396814346313477,-0.009390592575073242
1769719591.3804877,full,goal16.png,0.6954262256622314,-0.1388886570930481,-1.09393310546875,-1.6927446126937866,1.5229278802871704,1.355246663093567,2.4359869956970215,-0.15171459317207336,-1.0345160961151123,-1.7080823183059692,1.516175627708435,1.3523156642913818,2.4383468627929688,-0.012825936079025269,0.059417009353637695,-0.015337705612182617,-0.0067522525787353516,-0.0029309988021850586,0.0023598670959472656
1769719591.483438,full,goal16.png,0.6929351091384888,-0.1433112621307373,-1.082482933998108,-1.7011959552764893,1.5192927122116089,1.3536715507507324,2.435199499130249,-0.16051892936229706,-1.0226725339889526,-1.717543125152588,1.5144671201705933,1.3517065048217773,2.4462902545928955,-0.017207667231559753,0.05981040000915527,-0.016347169876098633,-0.004825592041015625,-0.001965045928955078,0.011090755462646484
1769719591.5833683,full,goal16.png,0.7037274837493896,-0.1504601240158081,-1.0701539516448975,-1.7087082862854004,1.5171117782592773,1.3523083925247192,2.439349412918091,-0.170359268784523,-1.009171485900879,-1.7269132137298584,1.5116578340530396,1.3512036800384521,2.4502382278442383,-0.019899144768714905,0.060982465744018555,-0.018204927444458008,-0.005453944206237793,-0.0011047124862670898,0.010888814926147461
1769719591.6786735,full,goal16.png,0.7134569883346558,-0.1561550498008728,-1.0609755516052246,-1.7156150341033936,1.5162636041641235,1.3521872758865356,2.44271183013916,-0.17851820588111877,-0.9980200529098511,-1.7354533672332764,1.509683609008789,1.3500860929489136,2.450968027114868,-0.02236315608024597,0.06295549869537354,-0.019838333129882812,-0.006579995155334473,-0.0021011829376220703,0.008256196975708008
1769719591.77892,full,goal16.png,0.7095693349838257,-0.1654849499464035,-1.0498886108398438,-1.724944829940796,1.5140522718429565,1.3515511751174927,2.4473161697387695,-0.18925879895687103,-0.9874320030212402,-1.7418015003204346,1.5071159601211548,1.347799301147461,2.4456660747528076,-0.02377384901046753,0.062456607818603516,-0.016856670379638672,-0.006936311721801758,-0.0037518739700317383,-0.001650094985961914
1769719591.8794994,full,goal16.png,0.7027721405029297,-0.17360322177410126,-1.0371962785720825,-1.7332146167755127,1.511841058731079,1.3506877422332764,2.4493305683135986,-0.20103318989276886,-0.9804578423500061,-1.7467412948608398,1.5027453899383545,1.3428317308425903,2.4350666999816895,-0.027429968118667603,0.056738436222076416,-0.013526678085327148,-0.00909566879272461,-0.007856011390686035,-0.01426386833190918
1769719591.9808564,full,goal16.png,0.6955165863037109,-0.1836903989315033,-1.02553391456604,-1.7396667003631592,1.5089632272720337,1.3493247032165527,2.4474828243255615,-0.21456971764564514,-0.9735140800476074,-1.7504795789718628,1.4961986541748047,1.3380556106567383,2.424663543701172,-0.030879318714141846,0.05201983451843262,-0.010812878608703613,-0.012764573097229004,-0.011269092559814453,-0.02281928062438965
1769719592.0781069,full,goal16.png,0.7068169713020325,-0.19541344046592712,-1.0189908742904663,-1.7464218139648438,1.5050252676010132,1.344689965248108,2.439394950866699,-0.22439095377922058,-0.9659669399261475,-1.7545394897460938,1.4895682334899902,1.3344568014144897,2.4165971279144287,-0.028977513313293457,0.05302393436431885,-0.00811767578125,-0.01545703411102295,-0.010233163833618164,-0.022797822952270508
1769719592.1808975,full,goal16.png,0.705004096031189,-0.2084086537361145,-1.011690616607666,-1.751420021057129,1.4993606805801392,1.3404642343521118,2.4300498962402344,-0.23306311666965485,-0.9580792784690857,-1.7580766677856445,1.4791717529296875,1.3313146829605103,2.4077742099761963,-0.024654462933540344,0.05361133813858032,-0.006656646728515625,-0.02018892765045166,-0.009149551391601562,-0.022275686264038086
1769719592.2780998,full,goal16.png,0.7140936255455017,-0.21949553489685059,-1.0025423765182495,-1.7555397748947144,1.4931811094284058,1.3359204530715942,2.4215378761291504,-0.2426164448261261,-0.9522395133972168,-1.7614936828613281,1.4652085304260254,1.32901132106781,2.397120475769043,-0.023120909929275513,0.050302863121032715,-0.0059539079666137695,-0.02797257900238037,-0.00690913200378418,-0.024417400360107422
1769719592.3806007,full,goal16.png,0.7148218154907227,-0.22782579064369202,-0.9959386587142944,-1.759083867073059,1.4846388101577759,1.332709550857544,2.413116693496704,-0.2531965672969818,-0.9457401633262634,-1.7644884586334229,1.449324369430542,1.3268259763717651,2.3886330127716064,-0.025370776653289795,0.050198495388031006,-0.0054045915603637695,-0.03531444072723389,-0.005883574485778809,-0.024483680725097656
1769719592.4805682,full,goal16.png,0.7109062671661377,-0.23836736381053925,-0.9870631694793701,-1.7623251676559448,1.470250129699707,1.3300437927246094,2.4016358852386475,-0.2634814381599426,-0.93932044506073,-1.769646406173706,1.4376524686813354,1.3249748945236206,2.3830952644348145,-0.02511407434940338,0.04774272441864014,-0.0073212385177612305,-0.03259766101837158,-0.0050688982009887695,-0.018540620803833008
1769719592.5811002,full,goal16.png,0.7018420696258545,-0.2491513341665268,-0.9795811176300049,-1.7652634382247925,1.4564672708511353,1.327787160873413,2.392775535583496,-0.27339884638786316,-0.9307156205177307,-1.7763926982879639,1.4301807880401611,1.3216073513031006,2.3859286308288574,-0.024247512221336365,0.04886549711227417,-0.011129260063171387,-0.02628648281097412,-0.0061798095703125,-0.006846904754638672
1769719592.6788812,full,goal16.png,0.7105532884597778,-0.259692907333374,-0.9743102788925171,-1.7706856727600098,1.4429267644882202,1.3258181810379028,2.386505126953125,-0.28349924087524414,-0.9210209846496582,-1.7847189903259277,1.4251513481140137,1.3173408508300781,2.3894128799438477,-0.023806333541870117,0.05328929424285889,-0.014033317565917969,-0.017775416374206543,-0.008477330207824707,0.0029077529907226562
1769719592.7790859,full,goal16.png,0.7032171487808228,-0.26881080865859985,-0.9662222862243652,-1.7765017747879028,1.4346873760223389,1.3236521482467651,2.3861567974090576,-0.29533493518829346,-0.9109346866607666,-1.79084050655365,1.417409062385559,1.3145356178283691,2.392474889755249,-0.026524126529693604,0.05528759956359863,-0.01433873176574707,-0.017278313636779785,-0.009116530418395996,0.006318092346191406
1769719592.8867784,full,goal16.png,0.6973458528518677,-0.27911004424095154,-0.9565591812133789,-1.7839232683181763,1.4285683631896973,1.31974458694458,2.3887014389038086,-0.30859118700027466,-0.9009072184562683,-1.7967864274978638,1.4067063331604004,1.3110889196395874,2.390380382537842,-0.02948114275932312,0.055651962757110596,-0.0128631591796875,-0.021862030029296875,-0.008655667304992676,0.0016789436340332031
1769719592.9861622,full,goal16.png,0.7009702920913696,-0.2907724380493164,-0.9471081495285034,-1.7898908853530884,1.420450210571289,1.3162307739257812,2.391730546951294,-0.3237614631652832,-0.8891690373420715,-1.8020389080047607,1.396047830581665,1.3047698736190796,2.3905417919158936,-0.0329890251159668,0.057939112186431885,-0.012148022651672363,-0.024402379989624023,-0.01146090030670166,-0.0011887550354003906
1769719593.0805836,full,goal16.png,0.6874762773513794,-0.30252575874328613,-0.9361726641654968,-1.7960097789764404,1.411635160446167,1.3130803108215332,2.3911550045013428,-0.3401523232460022,-0.879225492477417,-1.8071397542953491,1.3869742155075073,1.2960293292999268,2.3932278156280518,-0.037626564502716064,0.056947171688079834,-0.011129975318908691,-0.024660944938659668,-0.017050981521606445,0.0020728111267089844
1769719593.1832767,full,goal16.png,0.7005045413970947,-0.316793292760849,-0.9252676367759705,-1.802431583404541,1.401729702949524,1.3069310188293457,2.391124725341797,-0.3553816080093384,-0.8714301586151123,-1.8133176565170288,1.3790273666381836,1.2860376834869385,2.398658514022827,-0.03858831524848938,0.053837478160858154,-0.010886073112487793,-0.022702336311340332,-0.020893335342407227,0.0075337886810302734
1769719593.2821362,full,goal16.png,0.6955955028533936,-0.3345140814781189,-0.9149682521820068,-1.8082780838012695,1.3910971879959106,1.299100637435913,2.3926544189453125,-0.36960363388061523,-0.8625797033309937,-1.8216617107391357,1.3693411350250244,1.2755404710769653,2.4002726078033447,-0.03508955240249634,0.052388548851013184,-0.013383626937866211,-0.02175605297088623,-0.023560166358947754,0.0076181888580322266
1769719593.382063,full,goal16.png,0.6919106841087341,-0.35020527243614197,-0.9066683053970337,-1.8137608766555786,1.3832213878631592,1.2897857427597046,2.3972134590148926,-0.38326507806777954,-0.8526220321655273,-1.8307750225067139,1.3588085174560547,1.2671029567718506,2.399121046066284,-0.03305980563163757,0.05404627323150635,-0.017014145851135254,-0.024412870407104492,-0.022682785987854004,0.0019075870513916016
1769719593.4811099,full,goal16.png,0.7046957612037659,-0.3632005453109741,-0.8977927565574646,-1.8207582235336304,1.3740428686141968,1.280349850654602,2.3990461826324463,-0.39745116233825684,-0.8408248424530029,-1.8391873836517334,1.348058819770813,1.260036587715149,2.398556709289551,-0.034250617027282715,0.05696791410446167,-0.018429160118103027,-0.02598404884338379,-0.020313262939453125,-0.0004894733428955078
1769719593.5816715,full,goal16.png,0.6985846757888794,-0.3788917362689972,-0.8870997428894043,-1.830209493637085,1.3620169162750244,1.2701717615127563,2.39916729927063,-0.41287165880203247,-0.8293857574462891,-1.843662977218628,1.337984323501587,1.2511231899261475,2.4003305435180664,-0.03397992253303528,0.057713985443115234,-0.013453483581542969,-0.0240325927734375,-0.019048571586608887,0.0011632442474365234
1769719593.6787932,full,goal16.png,0.7296453714370728,-0.3922504782676697,-0.8777395486831665,-1.8386911153793335,1.3529293537139893,1.2630834579467773,2.399439811706543,-0.42623257637023926,-0.8181812763214111,-1.8461902141571045,1.329918622970581,1.2422747611999512,2.4025402069091797,-0.03398209810256958,0.05955827236175537,-0.007499098777770996,-0.023010730743408203,-0.020808696746826172,0.0031003952026367188
1769719593.7825058,full,goal16.png,0.7222950458526611,-0.4067906141281128,-0.8663496971130371,-1.8435075283050537,1.3429633378982544,1.2555861473083496,2.4003334045410156,-0.4385601878166199,-0.8049278259277344,-1.8507615327835083,1.3238694667816162,1.2340424060821533,2.4083666801452637,-0.03176957368850708,0.061421871185302734,-0.00725400447845459,-0.019093871116638184,-0.02154374122619629,0.008033275604248047
1769719593.87993,full,goal16.png,0.7100847363471985,-0.4194526970386505,-0.8535059690475464,-1.846900224685669,1.3339060544967651,1.2467106580734253,2.402393341064453,-0.4519086480140686,-0.7904057502746582,-1.856942057609558,1.31493079662323,1.2276641130447388,2.417501449584961,-0.03245595097541809,0.06310021877288818,-0.01004183292388916,-0.018975257873535156,-0.019046545028686523,0.015108108520507812
1769719593.9893851,full,goal16.png,0.7110757231712341,-0.43435633182525635,-0.8396927714347839,-1.8522316217422485,1.3265451192855835,1.2373050451278687,2.407951831817627,-0.4672613739967346,-0.7756853103637695,-1.8630070686340332,1.3068888187408447,1.2215547561645508,2.4296462535858154,-0.03290504217147827,0.0640074610710144,-0.010775446891784668,-0.01965630054473877,-0.01575028896331787,0.021694421768188477
1769719594.088217,full,goal16.png,0.6971405148506165,-0.44632160663604736,-0.8259099721908569,-1.8578356504440308,1.3191841840744019,1.2309890985488892,2.4146616458892822,-0.4833430051803589,-0.7607665061950684,-1.8682992458343506,1.299521803855896,1.213339924812317,2.4421980381011963,-0.03702139854431152,0.06514346599578857,-0.010463595390319824,-0.01966238021850586,-0.017649173736572266,0.027536392211914062
1769719594.188632,full,goal16.png,0.7057945728302002,-0.46140703558921814,-0.8118848204612732,-1.864197015762329,1.3104298114776611,1.2239007949829102,2.425051689147949,-0.4999712109565735,-0.7468421459197998,-1.8707982301712036,1.2898540496826172,1.201836109161377,2.4517927169799805,-0.03856417536735535,0.06504267454147339,-0.006601214408874512,-0.020575761795043945,-0.022064685821533203,0.02674102783203125
1769719594.2790463,full,goal16.png,0.7138873338699341,-0.4762198030948639,-0.7963147759437561,-1.8688619136810303,1.3034322261810303,1.2158280611038208,2.437516927719116,-0.5171279311180115,-0.7321357727050781,-1.8710417747497559,1.2770164012908936,1.1854877471923828,2.458588123321533,-0.04090812802314758,0.06417900323867798,-0.002179861068725586,-0.02641582489013672,-0.03034031391143799,0.021071195602416992
1769719594.385542,full,goal16.png,0.7057008147239685,-0.4943343698978424,-0.7818048596382141,-1.8718304634094238,1.2941327095031738,1.2047713994979858,2.448603630065918,-0.5345552563667297,-0.7168290019035339,-1.8727507591247559,1.2632379531860352,1.166319489479065,2.462657928466797,-0.04022088646888733,0.06497585773468018,-0.0009202957153320312,-0.030894756317138672,-0.0384519100189209,0.014054298400878906
1769719594.4895666,full,goal16.png,0.7138017416000366,-0.5118430852890015,-0.767598032951355,-1.8732541799545288,1.2809253931045532,1.1909432411193848,2.4561009407043457,-0.5515766739845276,-0.7008182406425476,-1.8751556873321533,1.2509047985076904,1.1498911380767822,2.469252824783325,-0.03973358869552612,0.06677979230880737,-0.0019015073776245117,-0.030020594596862793,-0.04105210304260254,0.013151884078979492
1769719594.589695,full,goal16.png,0.7216922044754028,-0.5270799994468689,-0.7525429129600525,-1.8747687339782715,1.2695053815841675,1.1748278141021729,2.460675001144409,-0.5663443803787231,-0.6848611831665039,-1.877575159072876,1.2399828433990479,1.1329660415649414,2.4738821983337402,-0.03926438093185425,0.06768172979354858,-0.002806425094604492,-0.02952253818511963,-0.041861772537231445,0.013207197189331055
1769719594.6819553,full,goal16.png,0.7199770212173462,-0.5448007583618164,-0.7373061180114746,-1.8773133754730225,1.25641930103302,1.1574100255966187,2.467702865600586,-0.5818163156509399,-0.6712402105331421,-1.8791861534118652,1.2321300506591797,1.1151587963104248,2.476940155029297,-0.037015557289123535,0.06606590747833252,-0.0018727779388427734,-0.024289250373840332,-0.04225122928619385,0.009237289428710938
1769719594.7832153,full,goal16.png,0.7272329330444336,-0.561643123626709,-0.7208272814750671,-1.8795852661132812,1.2451505661010742,1.1382200717926025,2.472806930541992,-0.5968117713928223,-0.6587709784507751,-1.8807114362716675,1.2247189283370972,1.0943303108215332,2.480440139770508,-0.03516864776611328,0.06205630302429199,-0.0011261701583862305,-0.02043163776397705,-0.043889760971069336,0.007633209228515625
1769719594.8804114,full,goal16.png,0.7325711250305176,-0.5782430768013,-0.7023187875747681,-1.8821601867675781,1.2357600927352905,1.11915123462677,2.47621488571167,-0.6114829778671265,-0.6468943953514099,-1.8810362815856934,1.2186726331710815,1.0754103660583496,2.484346389770508,-0.033239901065826416,0.055424392223358154,0.0011239051818847656,-0.017087459564208984,-0.04374086856842041,0.00813150405883789
1769719594.9816437,full,goal16.png,0.7338449954986572,-0.5933284759521484,-0.6909290552139282,-1.8838564157485962,1.2270965576171875,1.0988707542419434,2.4801981449127197,-0.6252284049987793,-0.6361584663391113,-1.879549503326416,1.2135158777236938,1.0576720237731934,2.4873297214508057,-0.03189992904663086,0.054770588874816895,0.004306912422180176,-0.013580679893493652,-0.04119873046875,0.0071315765380859375
1769719595.08077,full,goal16.png,0.7466909885406494,-0.608353316783905,-0.6785092949867249,-1.8848862648010254,1.220644474029541,1.07881760597229,2.4834697246551514,-0.6381530165672302,-0.626360297203064,-1.879809856414795,1.212435007095337,1.0405640602111816,2.4924545288085938,-0.029799699783325195,0.05214899778366089,0.005076408386230469,-0.008209466934204102,-0.0382535457611084,0.008984804153442383
1769719595.180778,full,goal16.png,0.757785439491272,-0.6230145692825317,-0.665302038192749,-1.8845229148864746,1.216252088546753,1.061490535736084,2.4871652126312256,-0.6494715213775635,-0.6173643469810486,-1.8813979625701904,1.212483286857605,1.0247416496276855,2.49910044670105,-0.02645695209503174,0.04793769121170044,0.0031249523162841797,-0.0037688016891479492,-0.03674888610839844,0.011935234069824219
1769719595.2814748,full,goal16.png,0.7522677183151245,-0.6353131532669067,-0.6556388735771179,-1.8847954273223877,1.2142831087112427,1.0440576076507568,2.492542266845703,-0.6604878902435303,-0.6091638803482056,-1.8830204010009766,1.2160810232162476,1.0078465938568115,2.5066075325012207,-0.025174736976623535,0.046474993228912354,0.0017750263214111328,0.0017979145050048828,-0.03621101379394531,0.014065265655517578
1769719595.3830044,full,goal16.png,0.7635831832885742,-0.646824061870575,-0.6474903225898743,-1.8859162330627441,1.2139801979064941,1.0273363590240479,2.499509334564209,-0.6704728007316589,-0.6010224223136902,-1.8834847211837769,1.2204837799072266,0.9932287931442261,2.510920524597168,-0.023648738861083984,0.04646790027618408,0.002431511878967285,0.006503582000732422,-0.03410756587982178,0.011411190032958984
1769719595.4823053,full,goal16.png,0.7767065167427063,-0.6580926775932312,-0.6382817029953003,-1.8869160413742065,1.2158583402633667,1.0118117332458496,2.505582809448242,-0.678861141204834,-0.5901904106140137,-1.8834798336029053,1.2253272533416748,0.9776368141174316,2.5101068019866943,-0.020768463611602783,0.04809129238128662,0.0034362077713012695,0.009468913078308105,-0.03417491912841797,0.0045239925384521484
1769719595.5799894,full,goal16.png,0.7736502885818481,-0.6694521307945251,-0.6297999024391174,-1.8882184028625488,1.220038652420044,0.994969367980957,2.509036064147949,-0.6861486434936523,-0.5787886381149292,-1.8834238052368164,1.2247579097747803,0.9626405835151672,2.5045859813690186,-0.016696512699127197,0.05101126432418823,0.004794597625732422,0.004719257354736328,-0.032328784465789795,-0.004450082778930664
1769719595.6864839,full,goal16.png,0.7807976603507996,-0.6764798760414124,-0.6207122802734375,-1.8885819911956787,1.2227345705032349,0.9806413054466248,2.5096116065979004,-0.6959134340286255,-0.5692139863967896,-1.8832383155822754,1.2207136154174805,0.9458227753639221,2.4955625534057617,-0.019433557987213135,0.05149829387664795,0.00534367561340332,-0.0020209550857543945,-0.03481853008270264,-0.014049053192138672
1769719595.7798114,full,goal16.png,0.7749584913253784,-0.6851736903190613,-0.6071112155914307,-1.8886728286743164,1.2231889963150024,0.9650712609291077,2.503735065460205,-0.7066510915756226,-0.5608839392662048,-1.882603645324707,1.217588186264038,0.9265367984771729,2.4850056171417236,-0.02147740125656128,0.04622727632522583,0.006069183349609375,-0.0056008100509643555,-0.038534462451934814,-0.018729448318481445
1769719595.878918,full,goal16.png,0.789175271987915,-0.694957971572876,-0.5969633460044861,-1.8887031078338623,1.2211897373199463,0.9470778703689575,2.495495557785034,-0.7170706391334534,-0.551845908164978,-1.88191819190979,1.2144737243652344,0.9081519842147827,2.4748692512512207,-0.022112667560577393,0.04511743783950806,0.006784915924072266,-0.006716012954711914,-0.038925886154174805,-0.020626306533813477
1769719595.9806879,full,goal16.png,0.7912827134132385,-0.7057418823242188,-0.5863915681838989,-1.888521432876587,1.218281626701355,0.9266307950019836,2.4850146770477295,-0.7278928756713867,-0.5437238216400146,-1.8824645280838013,1.2131699323654175,0.8927395343780518,2.46624493598938,-0.02215099334716797,0.04266774654388428,0.0060569047927856445,-0.0051116943359375,-0.033891260623931885,-0.01876974105834961
1769719596.080534,full,goal16.png,0.7818270921707153,-0.715980589389801,-0.5766981840133667,-1.8882486820220947,1.2161309719085693,0.9108638167381287,2.4760026931762695,-0.7388037443161011,-0.5356812477111816,-1.8836842775344849,1.2143042087554932,0.8752322793006897,2.4559884071350098,-0.02282315492630005,0.04101693630218506,0.004564404487609863,-0.0018267631530761719,-0.035631537437438965,-0.020014286041259766
1769719596.181077,full,goal16.png,0.7773838043212891,-0.7267645001411438,-0.5683374404907227,-1.8885517120361328,1.2148889303207397,0.8941729068756104,2.4666121006011963,-0.7488611936569214,-0.5284325480461121,-1.8849997520446777,1.2175254821777344,0.8561303019523621,2.4460277557373047,-0.022096693515777588,0.039904892444610596,0.003551959991455078,0.002636551856994629,-0.03804260492324829,-0.0205843448638916
1769719596.28172,full,goal16.png,0.8023906350135803,-0.7379119396209717,-0.5596438050270081,-1.8894907236099243,1.215585708618164,0.8746801018714905,2.4562675952911377,-0.7585152983665466,-0.5218701362609863,-1.884918212890625,1.221209168434143,0.8360793590545654,2.4372446537017822,-0.02060335874557495,0.03777366876602173,0.004572510719299316,0.005623459815979004,-0.03860074281692505,-0.01902294158935547
1769719596.3803058,full,goal16.png,0.8245134353637695,-0.7474236488342285,-0.5533431172370911,-1.8903087377548218,1.2175244092941284,0.8572319149971008,2.4464831352233887,-0.7685706615447998,-0.5173755884170532,-1.8851475715637207,1.2264511585235596,0.819021999835968,2.429755210876465,-0.02114701271057129,0.03596752882003784,0.005161166191101074,0.008926749229431152,-0.03820991516113281,-0.016727924346923828
1769719596.4810815,full,goal16.png,0.8240711688995361,-0.757056474685669,-0.5475875735282898,-1.8907326459884644,1.2209473848342896,0.8383448719978333,2.438349962234497,-0.7763718962669373,-0.515694797039032,-1.8848280906677246,1.2373353242874146,0.8065229058265686,2.4252495765686035,-0.01931542158126831,0.03189277648925781,0.005904555320739746,0.016387939453125,-0.03182196617126465,-0.013100385665893555
1769719596.5806336,full,goal16.png,0.8011859655380249,-0.7667196393013,-0.5408021807670593,-1.8909144401550293,1.226339340209961,0.822047770023346,2.431776523590088,-0.7834657430648804,-0.5143762826919556,-1.8847479820251465,1.2464185953140259,0.7976745963096619,2.4216561317443848,-0.016746103763580322,0.02642589807510376,0.0061664581298828125,0.02007925510406494,-0.024373173713684082,-0.010120391845703125
1769719596.6803782,full,goal16.png,0.8011945486068726,-0.7753831148147583,-0.5376214981079102,-1.8908236026763916,1.23627507686615,0.8097038269042969,2.4261574745178223,-0.7895321846008301,-0.5099902153015137,-1.8832727670669556,1.2546560764312744,0.7875247001647949,2.415217161178589,-0.014149069786071777,0.027631282806396484,0.007550835609436035,0.01838099956512451,-0.022179126739501953,-0.010940313339233398
1769719596.7799845,full,goal16.png,0.8069850206375122,-0.7823805212974548,-0.5369248390197754,-1.8907023668289185,1.2451808452606201,0.7991319298744202,2.4214015007019043,-0.7940264940261841,-0.5019543766975403,-1.8823800086975098,1.2609245777130127,0.7766427993774414,2.4058713912963867,-0.011645972728729248,0.03497046232223511,0.008322358131408691,0.015743732452392578,-0.02248913049697876,-0.015530109405517578
1769719596.8790565,full,goal16.png,0.8213272094726562,-0.7881662845611572,-0.5326839089393616,-1.8899754285812378,1.252663016319275,0.788408637046814,2.414555549621582,-0.798848032951355,-0.4941633939743042,-1.8796496391296387,1.2656493186950684,0.7614090442657471,2.3921351432800293,-0.010681748390197754,0.03852051496505737,0.010325789451599121,0.012986302375793457,-0.026999592781066895,-0.022420406341552734
1769719596.979756,full,goal16.png,0.8167027831077576,-0.7933462262153625,-0.5253835320472717,-1.8890364170074463,1.2593272924423218,0.7767159342765808,2.405407428741455,-0.8041322231292725,-0.4868456721305847,-1.8760451078414917,1.269252061843872,0.7455295324325562,2.378936767578125,-0.010785996913909912,0.03853785991668701,0.01299130916595459,0.009924769401550293,-0.031186401844024658,-0.026470661163330078
1769719597.0841904,full,goal16.png,0.8084664344787598,-0.7983747124671936,-0.5169321894645691,-1.8866432905197144,1.264779806137085,0.7618425488471985,2.3926846981048584,-0.8107538223266602,-0.4800359010696411,-1.873166561126709,1.2736096382141113,0.7285683155059814,2.365985870361328,-0.012379109859466553,0.03689628839492798,0.013476729393005371,0.008829832077026367,-0.03327423334121704,-0.026698827743530273
1769719597.1807814,full,goal16.png,0.8126004338264465,-0.8032214045524597,-0.5103587508201599,-1.8839472532272339,1.2687480449676514,0.746560275554657,2.380098342895508,-0.8171151876449585,-0.47282469272613525,-1.8714511394500732,1.2785718441009521,0.7144656181335449,2.3537204265594482,-0.01389378309249878,0.03753405809402466,0.012496113777160645,0.009823799133300781,-0.03209465742111206,-0.02637791633605957
1769719597.2828128,full,goal16.png,0.8196559548377991,-0.8093706965446472,-0.5051484704017639,-1.8814027309417725,1.2728980779647827,0.7311719655990601,2.3672547340393066,-0.823264479637146,-0.4672512412071228,-1.8696104288101196,1.2850315570831299,0.7029215693473816,2.34146785736084,-0.01389378309249878,0.03789722919464111,0.011792302131652832,0.012133479118347168,-0.028250396251678467,-0.025786876678466797
1769719597.3810945,full,goal16.png,0.8336845636367798,-0.8160045742988586,-0.49863576889038086,-1.8795548677444458,1.2771692276000977,0.7177980542182922,2.3552439212799072,-0.8296648263931274,-0.4635276198387146,-1.867103099822998,1.289520025253296,0.6934135556221008,2.331059694290161,-0.013660252094268799,0.03510814905166626,0.012451767921447754,0.012350797653198242,-0.024384498596191406,-0.024184226989746094
1769719597.4812617,full,goal16.png,0.8280324935913086,-0.8231534957885742,-0.4915171265602112,-1.8773739337921143,1.283045768737793,0.7054238319396973,2.342900037765503,-0.8360731601715088,-0.4592550992965698,-1.864346981048584,1.2931480407714844,0.6808633804321289,2.320483684539795,-0.01291966438293457,0.03226202726364136,0.013026952743530273,0.010102272033691406,-0.02456045150756836,-0.022416353225708008
1769719597.5789886,full,goal16.png,0.8302069902420044,-0.8295754194259644,-0.4873974919319153,-1.8749809265136719,1.288407564163208,0.6942006349563599,2.331616163253784,-0.8417822122573853,-0.45362210273742676,-1.8616243600845337,1.298729658126831,0.6680347323417664,2.3102784156799316,-0.012206792831420898,0.033775389194488525,0.013356566429138184,0.010322093963623047,-0.026165902614593506,-0.02133774757385254
1769719597.680752,full,goal16.png,0.8410988450050354,-0.8354822993278503,-0.48324742913246155,-1.8727694749832153,1.2931935787200928,0.6822353601455688,2.320983648300171,-0.8477367162704468,-0.4472753405570984,-1.8583478927612305,1.306088924407959,0.6552274227142334,2.2991132736206055,-0.012254416942596436,0.03597208857536316,0.014421582221984863,0.012895345687866211,-0.02700793743133545,-0.02187037467956543
1769719597.7801974,full,goal16.png,0.825992226600647,-0.841177225112915,-0.4773102402687073,-1.8702553510665894,1.298646330833435,0.669739842414856,2.31072998046875,-0.8548359870910645,-0.442878395318985,-1.8559675216674805,1.3109138011932373,0.6443001627922058,2.2898473739624023,-0.013658761978149414,0.03443184494972229,0.014287829399108887,0.012267470359802246,-0.025439679622650146,-0.020882606506347656
1769719597.8810904,full,goal16.png,0.843684732913971,-0.8474173545837402,-0.4710700809955597,-1.8681955337524414,1.304189682006836,0.6585318446159363,2.3011271953582764,-0.8636268973350525,-0.4409235119819641,-1.8528940677642822,1.3133671283721924,0.6324652433395386,2.2792112827301025,-0.016209542751312256,0.03014656901359558,0.01530146598815918,0.009177446365356445,-0.026066601276397705,-0.021915912628173828
1769719597.9806156,full,goal16.png,0.843457043170929,-0.855141818523407,-0.4656478464603424,-1.865620732307434,1.3086122274398804,0.6458243727684021,2.290085792541504,-0.8722996115684509,-0.4402830898761749,-1.8497965335845947,1.31727135181427,0.6218213438987732,2.267399311065674,-0.017157793045043945,0.02536475658416748,0.015824198722839355,0.008659124374389648,-0.024003028869628906,-0.022686481475830078
1769719598.0806148,full,goal16.png,0.850101113319397,-0.8634418249130249,-0.46328505873680115,-1.8629246950149536,1.312247395515442,0.6340105533599854,2.2794535160064697,-0.880312979221344,-0.439197301864624,-1.8465774059295654,1.3246126174926758,0.6127409934997559,2.2556774616241455,-0.016871154308319092,0.024087756872177124,0.016347289085388184,0.012365221977233887,-0.021269559860229492,-0.02377605438232422
1769719598.1832492,full,goal16.png,0.8413816690444946,-0.8715600371360779,-0.46240654587745667,-1.860440731048584,1.3165791034698486,0.623786985874176,2.2690179347991943,-0.8876923322677612,-0.43773871660232544,-1.8436634540557861,1.3319957256317139,0.6042996644973755,2.2453432083129883,-0.01613229513168335,0.024667829275131226,0.01677727699279785,0.015416622161865234,-0.019487321376800537,-0.023674726486206055
1769719598.2807014,full,goal16.png,0.8583236932754517,-0.879011869430542,-0.461679607629776,-1.8571994304656982,1.3232735395431519,0.6146237254142761,2.258249044418335,-0.894214391708374,-0.43551570177078247,-1.8406895399093628,1.3369613885879517,0.5966135263442993,2.237724542617798,-0.015202522277832031,0.02616390585899353,0.01650989055633545,0.013687849044799805,-0.018010199069976807,-0.02052450180053711
1769719598.38349,full,goal16.png,0.8677117228507996,-0.8867059946060181,-0.4598923325538635,-1.8538672924041748,1.3300589323043823,0.6056572794914246,2.2477681636810303,-0.8996548652648926,-0.4322112798690796,-1.8376712799072266,1.3408602476119995,0.588351845741272,2.231199264526367,-0.012948870658874512,0.027681052684783936,0.016196012496948242,0.010801315307617188,-0.017305433750152588,-0.016568899154663086
1769719598.4811504,full,goal16.png,0.8613260984420776,-0.8934005498886108,-0.45755982398986816,-1.8507776260375977,1.3346331119537354,0.5979328155517578,2.239649772644043,-0.9036124348640442,-0.4275481104850769,-1.8347902297973633,1.3453245162963867,0.5805994868278503,2.2251226902008057,-0.01021188497543335,0.03001171350479126,0.015987396240234375,0.010691404342651367,-0.01733332872390747,-0.014527082443237305
1769719598.5801659,full,goal16.png,0.8575584888458252,-0.8989136815071106,-0.45419740676879883,-1.8473849296569824,1.3392071723937988,0.5903900861740112,2.2328341007232666,-0.9070470333099365,-0.42416030168533325,-1.8309119939804077,1.351892352104187,0.571258008480072,2.2176737785339355,-0.008133351802825928,0.030037105083465576,0.016472935676574707,0.012685179710388184,-0.01913207769393921,-0.015160322189331055
1769719598.6830652,full,goal16.png,0.8612726330757141,-0.903275728225708,-0.4493809938430786,-1.8444162607192993,1.3443870544433594,0.5822415947914124,2.226048707962036,-0.9114501476287842,-0.4210412800312042,-1.8252352476119995,1.3564388751983643,0.5597615838050842,2.2078733444213867,-0.008174419403076172,0.02833971381187439,0.019181013107299805,0.012051820755004883,-0.022480010986328125,-0.018175363540649414
1769719598.7831151,full,goal16.png,0.8561453819274902,-0.9069107174873352,-0.4456854462623596,-1.8407812118530273,1.3505970239639282,0.5726390480995178,2.2180213928222656,-0.9166347980499268,-0.4188876748085022,-1.8193552494049072,1.3598573207855225,0.5475491285324097,2.1959543228149414,-0.009724080562591553,0.026797771453857422,0.021425962448120117,0.009260296821594238,-0.025089919567108154,-0.02206707000732422
1769719598.882296,full,goal16.png,0.83643639087677,-0.9110910296440125,-0.44365593791007996,-1.8363585472106934,1.35474693775177,0.5619914531707764,2.208676338195801,-0.9226033687591553,-0.41681820154190063,-1.8141883611679077,1.3607598543167114,0.5372368693351746,2.183915853500366,-0.011512339115142822,0.02683773636817932,0.022170186042785645,0.006012916564941406,-0.024754583835601807,-0.02476048469543457
1769719598.9812467,full,goal16.png,0.8509479761123657,-0.9160892367362976,-0.44150510430336,-1.8305728435516357,1.3579881191253662,0.550374448299408,2.19769549369812,-0.9281631708145142,-0.4145316481590271,-1.8095316886901855,1.3637607097625732,0.5301339626312256,2.172943353652954,-0.012073934078216553,0.026973456144332886,0.021041154861450195,0.005772590637207031,-0.020240485668182373,-0.024752140045166016
1769719599.0822408,full,goal16.png,0.8564435243606567,-0.9220567345619202,-0.43935444951057434,-1.8251808881759644,1.3595633506774902,0.540029764175415,2.1867146492004395,-0.9336427450180054,-0.41335874795913696,-1.8047406673431396,1.3674390316009521,0.522757887840271,2.1620912551879883,-0.011586010456085205,0.025995701551437378,0.020440220832824707,0.007875680923461914,-0.017271876335144043,-0.024623394012451172
1769719599.1828687,full,goal16.png,0.868065595626831,-0.928175687789917,-0.4371430575847626,-1.8199100494384766,1.362198829650879,0.5316994786262512,2.175112724304199,-0.939812421798706,-0.41318944096565247,-1.7995600700378418,1.3728173971176147,0.513502299785614,2.1507067680358887,-0.011636734008789062,0.023953616619110107,0.020349979400634766,0.01061856746673584,-0.018197178840637207,-0.024405956268310547
1769719599.2815237,full,goal16.png,0.8546501398086548,-0.9334465265274048,-0.4355679154396057,-1.8156390190124512,1.3660457134246826,0.5236417651176453,2.16444993019104,-0.9469070434570312,-0.4131515324115753,-1.793354868888855,1.379086971282959,0.5018758773803711,2.140949249267578,-0.013460516929626465,0.022416383028030396,0.02228415012359619,0.013041257858276367,-0.02176588773727417,-0.023500680923461914
1769719599.3827684,full,goal16.png,0.8614596128463745,-0.9396563768386841,-0.4346894323825836,-1.8111556768417358,1.3712862730026245,0.5142058730125427,2.1540145874023438,-0.9532724022865295,-0.4139440357685089,-1.7867012023925781,1.3854728937149048,0.49301278591156006,2.1343350410461426,-0.013616025447845459,0.020745396614074707,0.024454474449157715,0.014186620712280273,-0.021193087100982666,-0.019679546356201172
1769719599.4837816,full,goal16.png,0.8559544086456299,-0.945987343788147,-0.43456828594207764,-1.8057334423065186,1.3771629333496094,0.5044215321540833,2.144714832305908,-0.959578275680542,-0.4167673885822296,-1.7812471389770508,1.3928471803665161,0.48685967922210693,2.130279064178467,-0.01359093189239502,0.017800897359848022,0.024486303329467773,0.01568424701690674,-0.01756185293197632,-0.014435768127441406
1769719599.5907078,full,goal16.png,0.8577613830566406,-0.9530453681945801,-0.43490156531333923,-1.798342227935791,1.3838574886322021,0.4956974983215332,2.1370508670806885,-0.9656473398208618,-0.41990748047828674,-1.7734012603759766,1.399794578552246,0.47834518551826477,2.122286081314087,-0.012601971626281738,0.01499408483505249,0.024940967559814453,0.015937089920043945,-0.017352312803268433,-0.014764785766601562
1769719599.690036,full,goal16.png,0.8567259311676025,-0.9587100148200989,-0.4364161491394043,-1.7923747301101685,1.3901581764221191,0.48930585384368896,2.1317195892333984,-0.9718723893165588,-0.42297667264938354,-1.7638845443725586,1.4085564613342285,0.46818482875823975,2.1098883152008057,-0.013162374496459961,0.013439476490020752,0.028490185737609863,0.018398284912109375,-0.02112102508544922,-0.021831274032592773
1769719599.7903724,full,goal16.png,0.8673546314239502,-0.9643746018409729,-0.43932417035102844,-1.786195158958435,1.397094964981079,0.4821569621562958,2.1250855922698975,-0.977840781211853,-0.4259149432182312,-1.7535648345947266,1.416917324066162,0.45677298307418823,2.095180034637451,-0.013466179370880127,0.013409227132797241,0.032630324363708496,0.019822359085083008,-0.025383979082107544,-0.02990555763244629
1769719599.884651,full,goal16.png,0.8719202876091003,-0.969857394695282,-0.4422019124031067,-1.7781981229782104,1.4052435159683228,0.4724484086036682,2.1151347160339355,-0.9830013513565063,-0.4301319122314453,-1.7442550659179688,1.424547791481018,0.4475146532058716,2.081537961959839,-0.013143956661224365,0.012070000171661377,0.0339430570602417,0.019304275512695312,-0.02493375539779663,-0.03359675407409668
1769719599.980103,full,goal16.png,0.8632892966270447,-0.9768851399421692,-0.44507965445518494,-1.766838550567627,1.4139676094055176,0.4587564766407013,2.099201202392578,-0.989192008972168,-0.4360501170158386,-1.73502779006958,1.4315719604492188,0.4396151304244995,2.0697813034057617,-0.01230686902999878,0.009029537439346313,0.031810760498046875,0.017604351043701172,-0.019141346216201782,-0.029419898986816406
1769719600.0817778,full,goal16.png,0.8619595766067505,-0.9828526973724365,-0.44871461391448975,-1.757872223854065,1.4216012954711914,0.4493962228298187,2.0858120918273926,-0.9959284067153931,-0.4429524838924408,-1.7263950109481812,1.4391438961029053,0.43332719802856445,2.0596723556518555,-0.013075709342956543,0.00576213002204895,0.03147721290588379,0.017542600631713867,-0.016069024801254272,-0.02613973617553711
1769719600.1820931,full,goal16.png,0.8733267784118652,-0.9886384606361389,-0.4545609652996063,-1.7486635446548462,1.4299012422561646,0.44121742248535156,2.073331832885742,-1.0033671855926514,-0.45083028078079224,-1.7164287567138672,1.4475626945495605,0.4270983338356018,2.0484228134155273,-0.014728724956512451,0.003730684518814087,0.032234787940979004,0.017661452293395996,-0.014119088649749756,-0.024909019470214844
1769719600.2789466,full,goal16.png,0.8674417734146118,-0.994515061378479,-0.4617098867893219,-1.7393639087677002,1.4367774724960327,0.4355376660823822,2.063502073287964,-1.0088939666748047,-0.45751529932022095,-1.7069294452667236,1.4570591449737549,0.421743780374527,2.0391957759857178,-0.014378905296325684,0.004194587469100952,0.03243446350097656,0.020281672477722168,-0.013793885707855225,-0.024306297302246094
1769719600.3811944,full,goal16.png,0.8715801239013672,-1.0018759965896606,-0.46946462988853455,-1.7297916412353516,1.4451076984405518,0.42885828018188477,2.0518548488616943,-1.0125617980957031,-0.46332019567489624,-1.6986794471740723,1.4649298191070557,0.41819050908088684,2.0330023765563965,-0.01068580150604248,0.006144434213638306,0.031112194061279297,0.019822120666503906,-0.010667771100997925,-0.01885247230529785
1769719600.480205,full,goal16.png,0.882697343826294,-1.008055567741394,-0.4760681986808777,-1.7207645177841187,1.4544681310653687,0.4234966039657593,2.042464256286621,-1.0153717994689941,-0.46960172057151794,-1.6912592649459839,1.4724311828613281,0.4148799479007721,2.0284316539764404,-0.007316231727600098,0.006466478109359741,0.029505252838134766,0.017963051795959473,-0.008616656064987183,-0.014032602310180664
1769719600.5813723,full,goal16.png,0.8786484003067017,-1.0120540857315063,-0.4825204908847809,-1.7118890285491943,1.4625558853149414,0.4193768799304962,2.035891056060791,-1.0192793607711792,-0.4757457971572876,-1.6828420162200928,1.4810545444488525,0.4111067056655884,2.0230281352996826,-0.0072252750396728516,0.006774693727493286,0.029047012329101562,0.018498659133911133,-0.008270174264907837,-0.012862920761108398
1769719600.6824126,full,goal16.png,0.8860474824905396,-1.0142654180526733,-0.48885148763656616,-1.7041949033737183,1.4693715572357178,0.4163174033164978,2.0316500663757324,-1.0230073928833008,-0.4827178716659546,-1.6741316318511963,1.4897489547729492,0.40763145685195923,2.0175437927246094,-0.008741974830627441,0.006133615970611572,0.030063271522521973,0.020377397537231445,-0.008685946464538574,-0.014106273651123047
1769719600.7791421,full,goal16.png,0.8862250447273254,-1.0181125402450562,-0.495545893907547,-1.6959251165390015,1.4786711931228638,0.4117282032966614,2.025606870651245,-1.026075005531311,-0.48866093158721924,-1.6651843786239624,1.4997835159301758,0.40413838624954224,2.0123775005340576,-0.007962465286254883,0.006884962320327759,0.030740737915039062,0.02111232280731201,-0.007589817047119141,-0.0132293701171875
1769719600.880504,full,goal16.png,0.8869481086730957,-1.022262454032898,-0.5019981861114502,-1.686322569847107,1.4882434606552124,0.40782055258750916,2.0198211669921875,-1.0283071994781494,-0.49316126108169556,-1.6564195156097412,1.5104804039001465,0.40027934312820435,2.0067811012268066,-0.006044745445251465,0.008836925029754639,0.029903054237365723,0.022236943244934082,-0.00754120945930481,-0.01304006576538086
1769719600.9811926,full,goal16.png,0.888536810874939,-1.0255643129348755,-0.5078142285346985,-1.6772654056549072,1.4966343641281128,0.4045793116092682,2.0151865482330322,-1.0317834615707397,-0.49905672669410706,-1.6453135013580322,1.5234559774398804,0.39267435669898987,1.9978959560394287,-0.006219148635864258,0.00875750184059143,0.031951904296875,0.026821613311767578,-0.01190495491027832,-0.017290592193603516
1769719601.0803568,full,goal16.png,0.8808974027633667,-1.0283511877059937,-0.5120854377746582,-1.6692076921463013,1.5067216157913208,0.4004444479942322,2.0092341899871826,-1.0357035398483276,-0.5046212077140808,-1.6331679821014404,1.5340886116027832,0.3821371793746948,1.987979531288147,-0.007352352142333984,0.007464230060577393,0.03603971004486084,0.027366995811462402,-0.018307268619537354,-0.021254658699035645
1769719601.1820986,full,goal16.png,0.8787147998809814,-1.0319256782531738,-0.5167806148529053,-1.6570909023284912,1.52023184299469,0.39302292466163635,2.0003888607025146,-1.0406023263931274,-0.5115286111831665,-1.6193697452545166,1.5429494380950928,0.37099361419677734,1.9774723052978516,-0.008676648139953613,0.0052520036697387695,0.03772115707397461,0.022717595100402832,-0.02202931046485901,-0.022916555404663086
1769719601.2800903,full,goal16.png,0.8817248344421387,-1.0356212854385376,-0.5223847031593323,-1.6456708908081055,1.5299252271652222,0.3840261995792389,1.9910589456558228,-1.0456550121307373,-0.5195188522338867,-1.6061009168624878,1.5497742891311646,0.3640334904193878,1.9678664207458496,-0.010033726692199707,0.0028658509254455566,0.039569973945617676,0.019849061965942383,-0.019992709159851074,-0.023192524909973145
1769719601.380584,full,goal16.png,0.8723130822181702,-1.0398924350738525,-0.5295031666755676,-1.6331602334976196,1.5398004055023193,0.3744993805885315,1.981350302696228,-1.0509108304977417,-0.5290929675102234,-1.5935524702072144,1.5580192804336548,0.3596391975879669,1.95768141746521,-0.01101839542388916,0.0004101991653442383,0.03960776329040527,0.01821887493133545,-0.014860183000564575,-0.023668885231018066
1769719601.4795942,full,goal16.png,0.8718839883804321,-1.044284701347351,-0.5367429852485657,-1.6204074621200562,1.5470705032348633,0.36677491664886475,1.9720507860183716,-1.0571963787078857,-0.5414141416549683,-1.5807098150253296,1.566595196723938,0.3567291796207428,1.9493792057037354,-0.012911677360534668,-0.004671156406402588,0.03969764709472656,0.019524693489074707,-0.010045737028121948,-0.02267158031463623
1769719601.57947,full,goal16.png,0.8638474941253662,-1.0501008033752441,-0.5447098612785339,-1.6064125299453735,1.5552493333816528,0.3610648810863495,1.9606155157089233,-1.0638856887817383,-0.5546011924743652,-1.5669355392456055,1.5764846801757812,0.3534383177757263,1.9403059482574463,-0.01378488540649414,-0.009891331195831299,0.039476990699768066,0.021235346794128418,-0.007626563310623169,-0.02030956745147705
1769719601.6810284,full,goal16.png,0.866085946559906,-1.05582594871521,-0.5563116669654846,-1.5932960510253906,1.5636705160140991,0.3582780659198761,1.9525880813598633,-1.0715309381484985,-0.5668996572494507,-1.551809310913086,1.5898536443710327,0.34824642539024353,1.9308249950408936,-0.015704989433288574,-0.010587990283966064,0.04148674011230469,0.026183128356933594,-0.010031640529632568,-0.021763086318969727
1769719601.782886,full,goal16.png,0.8737415671348572,-1.0625507831573486,-0.5696401000022888,-1.5810580253601074,1.57330322265625,0.35487017035484314,1.9434551000595093,-1.0789165496826172,-0.5766726732254028,-1.537391185760498,1.602644443511963,0.34127527475357056,1.92109215259552,-0.016365766525268555,-0.007032573223114014,0.043666839599609375,0.02934122085571289,-0.013594895601272583,-0.022362947463989258
1769719601.8819108,full,goal16.png,0.8751696348190308,-1.0691543817520142,-0.5831200480461121,-1.5668511390686035,1.5843901634216309,0.3499477505683899,1.9346855878829956,-1.0847736597061157,-0.5838960409164429,-1.5256695747375488,1.6124566793441772,0.3350147604942322,1.914426565170288,-0.015619277954101562,-0.0007759928703308105,0.04118156433105469,0.028066515922546387,-0.014932990074157715,-0.02025902271270752
1769719601.978209,full,goal16.png,0.8675023317337036,-1.0770606994628906,-0.593510091304779,-1.5516749620437622,1.598233699798584,0.3427685797214508,1.924961805343628,-1.0898759365081787,-0.5929439067840576,-1.5133227109909058,1.6205482482910156,0.3297896087169647,1.907654047012329,-0.012815237045288086,0.0005661845207214355,0.038352251052856445,0.02231454849243164,-0.012978971004486084,-0.017307758331298828
1769719602.0808315,full,goal16.png,0.8695497512817383,-1.0832098722457886,-0.6024160385131836,-1.5384373664855957,1.6076240539550781,0.3367556035518646,1.91782808303833,-1.0948086977005005,-0.603116512298584,-1.4998228549957275,1.6283026933670044,0.3283610939979553,1.8997290134429932,-0.011598825454711914,-0.0007004737854003906,0.038614511489868164,0.02067863941192627,-0.008394509553909302,-0.018099069595336914
1769719602.1820104,full,goal16.png,0.877509593963623,-1.0886321067810059,-0.6111401319503784,-1.5275322198867798,1.6166208982467651,0.33178773522377014,1.910770058631897,-1.0993621349334717,-0.6130017042160034,-1.4850366115570068,1.6368482112884521,0.32475125789642334,1.8894907236099243,-0.01073002815246582,-0.001861572265625,0.04249560832977295,0.02022731304168701,-0.007036477327346802,-0.021279335021972656
1769719602.2796822,full,goal16.png,0.8697296380996704,-1.0934486389160156,-0.6208638548851013,-1.5138705968856812,1.6251630783081055,0.3293340802192688,1.903499960899353,-1.1043587923049927,-0.6208860874176025,-1.4699831008911133,1.6471253633499146,0.32007071375846863,1.8771120309829712,-0.01091015338897705,-2.2232532501220703e-05,0.04388749599456787,0.021962285041809082,-0.009263366460800171,-0.026387929916381836
1769719602.3785398,full,goal16.png,0.8786592483520508,-1.0983861684799194,-0.6317083239555359,-1.4988759756088257,1.6338871717453003,0.3257899284362793,1.892504096031189,-1.1098759174346924,-0.6303859353065491,-1.453969955444336,1.6563730239868164,0.3129757046699524,1.8632501363754272,-0.01148974895477295,0.0013223886489868164,0.044906020164489746,0.022485852241516113,-0.012814223766326904,-0.02925395965576172
1769719602.479264,full,goal16.png,0.8843499422073364,-1.1028996706008911,-0.6410987377166748,-1.4843661785125732,1.6431565284729004,0.3213370144367218,1.88096284866333,-1.1150541305541992,-0.6419076323509216,-1.4380910396575928,1.6631088256835938,0.3064490556716919,1.8494561910629272,-0.012154459953308105,-0.0008088946342468262,0.04627513885498047,0.01995229721069336,-0.014887958765029907,-0.03150665760040283
1769719602.5788496,full,goal16.png,0.8725427389144897,-1.1079281568527222,-0.649701714515686,-1.4694018363952637,1.652728796005249,0.3150665760040283,1.8679676055908203,-1.1198177337646484,-0.6532909870147705,-1.421597957611084,1.6713911294937134,0.30061081051826477,1.8371509313583374,-0.01188957691192627,-0.0035892724990844727,0.04780387878417969,0.018662333488464355,-0.01445576548576355,-0.03081667423248291
1769719602.6813638,full,goal16.png,0.857313334941864,-1.1135321855545044,-0.6592437028884888,-1.4524080753326416,1.6598777770996094,0.3082205653190613,1.8547602891921997,-1.1245169639587402,-0.6669890880584717,-1.404841661453247,1.6828374862670898,0.29647913575172424,1.8258438110351562,-0.01098477840423584,-0.00774538516998291,0.04756641387939453,0.02295970916748047,-0.011741429567337036,-0.028916478157043457
1769719602.7797685,full,goal16.png,0.8567779064178467,-1.1186212301254272,-0.6709364056587219,-1.4361110925674438,1.6682988405227661,0.30255600810050964,1.8414924144744873,-1.1286462545394897,-0.6818098425865173,-1.3879770040512085,1.697596788406372,0.29249945282936096,1.8146510124206543,-0.0100250244140625,-0.01087343692779541,0.04813408851623535,0.029297947883605957,-0.010056555271148682,-0.026841402053833008
1769719602.8812287,full,goal16.png,0.8518543243408203,-1.1232861280441284,-0.6829623579978943,-1.420450210571289,1.68002188205719,0.29829996824264526,1.8299057483673096,-1.1331713199615479,-0.6961218118667603,-1.3728325366973877,1.708389163017273,0.2873016595840454,1.8055229187011719,-0.009885191917419434,-0.013159453868865967,0.04761767387390137,0.028367280960083008,-0.010998308658599854,-0.024382829666137695
1769719602.981417,full,goal16.png,0.8597081899642944,-1.127012014389038,-0.6976841688156128,-1.4030020236968994,1.6914420127868652,0.29439231753349304,1.8194550275802612,-1.1373956203460693,-0.7086735963821411,-1.359024167060852,1.7154567241668701,0.2804358899593353,1.7988379001617432,-0.01038360595703125,-0.01098942756652832,0.04397785663604736,0.024014711380004883,-0.013956427574157715,-0.020617127418518066
1769719603.080189,full,goal16.png,0.8712546825408936,-1.130798578262329,-0.7118910551071167,-1.3896734714508057,1.7025591135025024,0.28945472836494446,1.8109430074691772,-1.1418226957321167,-0.7217255234718323,-1.3456470966339111,1.722838044166565,0.2767343521118164,1.7907772064208984,-0.011024117469787598,-0.009834468364715576,0.04402637481689453,0.0202789306640625,-0.012720376253128052,-0.02016580104827881
1769719603.1803803,full,goal16.png,0.8710005283355713,-1.1355241537094116,-0.7264009118080139,-1.3732249736785889,1.7120707035064697,0.28259360790252686,1.802355170249939,-1.1458560228347778,-0.7366341352462769,-1.3308712244033813,1.732555866241455,0.275483638048172,1.7817260026931763,-0.010331869125366211,-0.01023322343826294,0.04235374927520752,0.02048516273498535,-0.007109969854354858,-0.020629167556762695
1769719603.2825687,full,goal16.png,0.8733555674552917,-1.1404919624328613,-0.7397900223731995,-1.3591997623443604,1.7196438312530518,0.27874651551246643,1.7943581342697144,-1.1495497226715088,-0.7509671449661255,-1.3159716129302979,1.7431613206863403,0.27393409609794617,1.7714319229125977,-0.009057760238647461,-0.011177122592926025,0.0432281494140625,0.023517489433288574,-0.004812419414520264,-0.0229262113571167
1769719603.3786473,full,goal16.png,0.8867079019546509,-1.1446722745895386,-0.7540877461433411,-1.3456593751907349,1.7287616729736328,0.27700474858283997,1.7858612537384033,-1.1523576974868774,-0.7632631659507751,-1.3018358945846558,1.7549183368682861,0.271470308303833,1.7623882293701172,-0.007685422897338867,-0.009175419807434082,0.0438234806060791,0.02615666389465332,-0.005534440279006958,-0.023473024368286133
1769719603.4811826,full,goal16.png,0.8903170824050903,-1.148610234260559,-0.7691731452941895,-1.332694411277771,1.7385157346725464,0.27556586265563965,1.7763949632644653,-1.1566301584243774,-0.7763991355895996,-1.287713885307312,1.7639997005462646,0.2674577832221985,1.7539358139038086,-0.00801992416381836,-0.007225990295410156,0.044980525970458984,0.02548396587371826,-0.008108079433441162,-0.02245914936065674
1769719603.5819952,full,goal16.png,0.879757285118103,-1.1517908573150635,-0.7824106812477112,-1.3157914876937866,1.7496631145477295,0.27218830585479736,1.7664138078689575,-1.1603549718856812,-0.7892225384712219,-1.2723461389541626,1.776080846786499,0.2646918296813965,1.7441095113754272,-0.008564114570617676,-0.006811857223510742,0.04344534873962402,0.02641773223876953,-0.007496476173400879,-0.022304296493530273
1769719603.6803763,full,goal16.png,0.8869063258171082,-1.1551835536956787,-0.7944366335868835,-1.3026447296142578,1.759932041168213,0.2688107490539551,1.75803804397583,-1.1634690761566162,-0.8023759126663208,-1.2562847137451172,1.790386438369751,0.26271313428878784,1.7349402904510498,-0.0082855224609375,-0.007939279079437256,0.046360015869140625,0.030454397201538086,-0.006097614765167236,-0.023097753524780273
1769719603.7819421,full,goal16.png,0.886802077293396,-1.1593033075332642,-0.8057354688644409,-1.2885288000106812,1.7710795402526855,0.2663571238517761,1.7484960556030273,-1.1644580364227295,-0.81321120262146,-1.2405198812484741,1.809234380722046,0.2606174647808075,1.722787618637085,-0.005154728889465332,-0.007475733757019043,0.04800891876220703,0.03815484046936035,-0.005739659070968628,-0.025708436965942383
1769719603.8793695,full,goal16.png,0.886563241481781,-1.1631200313568115,-0.819366991519928,-1.2715954780578613,1.7844383716583252,0.26444873213768005,1.7392873764038086,-1.1639235019683838,-0.8231743574142456,-1.2259373664855957,1.8272268772125244,0.26112663745880127,1.7106695175170898,-0.0008034706115722656,-0.003807365894317627,0.045658111572265625,0.04278850555419922,-0.003322094678878784,-0.02861785888671875
1769719603.979696,full,goal16.png,0.882614254951477,-1.1646044254302979,-0.8336949944496155,-1.255298376083374,1.8025527000427246,0.26132866740226746,1.726837396621704,-1.1620296239852905,-0.8310865163803101,-1.213158130645752,1.8434150218963623,0.26496806740760803,1.698966145515442,0.0025748014450073242,0.00260847806930542,0.04214024543762207,0.040862321853637695,0.003639400005340576,-0.027871251106262207
1769719604.0798552,full,goal16.png,0.8882335424423218,-1.1643620729446411,-0.8447818756103516,-1.240849256515503,1.8213034868240356,0.26229798793792725,1.714720606803894,-1.1606905460357666,-0.8389883041381836,-1.2006502151489258,1.8577125072479248,0.2695637345314026,1.6885679960250854,0.0036715269088745117,0.005793571472167969,0.04019904136657715,0.03640902042388916,0.007265746593475342,-0.026152610778808594
1769719604.1817403,full,goal16.png,0.8827483654022217,-1.1639379262924194,-0.85293048620224,-1.2281265258789062,1.8359647989273071,0.2644335925579071,1.704466700553894,-1.160015344619751,-0.8476660251617432,-1.1888922452926636,1.8700757026672363,0.27500438690185547,1.6815505027770996,0.003922581672668457,0.005264461040496826,0.039234280586242676,0.0341109037399292,0.010570794343948364,-0.022916197776794434
1769719604.2791696,full,goal16.png,0.8817427158355713,-1.1629383563995361,-0.8615939617156982,-1.2144346237182617,1.8508381843566895,0.2686290144920349,1.6935162544250488,-1.1592148542404175,-0.8569653034210205,-1.1762971878051758,1.8874919414520264,0.27931973338127136,1.6724706888198853,0.0037235021591186523,0.004628658294677734,0.03813743591308594,0.036653757095336914,0.01069071888923645,-0.021045565605163574
1769719604.3826134,full,goal16.png,0.8822517991065979,-1.1613025665283203,-0.8714690804481506,-1.203014612197876,1.8658326864242554,0.2737029194831848,1.6851707696914673,-1.1590144634246826,-0.866152822971344,-1.1642341613769531,1.9068095684051514,0.2844197154045105,1.6622328758239746,0.0022881031036376953,0.005316257476806641,0.03878045082092285,0.040976881980895996,0.010716795921325684,-0.022937893867492676
1769719604.4819539,full,goal16.png,0.8726524114608765,-1.159999966621399,-0.8806778788566589,-1.190897822380066,1.8808573484420776,0.27839818596839905,1.6764466762542725,-1.1607462167739868,-0.8779589533805847,-1.1497337818145752,1.9245760440826416,0.28877830505371094,1.6510285139083862,-0.0007462501525878906,0.0027189254760742188,0.04116404056549072,0.043718695640563965,0.01038011908531189,-0.02541816234588623
1769719604.579122,full,goal16.png,0.870784342288971,-1.159969687461853,-0.8897047638893127,-1.1785991191864014,1.8990025520324707,0.28285107016563416,1.6674803495407104,-1.1625592708587646,-0.8903383016586304,-1.133565902709961,1.9413225650787354,0.2932503819465637,1.63978910446167,-0.002589583396911621,-0.000633537769317627,0.04503321647644043,0.04232001304626465,0.010399311780929565,-0.027691245079040527
1769719604.678136,full,goal16.png,0.8779486417770386,-1.16093909740448,-0.9000647068023682,-1.1652708053588867,1.9161475896835327,0.28772810101509094,1.656090497970581,-1.1637279987335205,-0.9029289484024048,-1.1160480976104736,1.9599937200546265,0.29796499013900757,1.6264963150024414,-0.0027889013290405273,-0.002864241600036621,0.049222707748413086,0.04384613037109375,0.010236889123916626,-0.02959418296813965
1769719604.7786767,full,goal16.png,0.8734670877456665,-1.162786841392517,-0.9132416844367981,-1.1483073234558105,1.93529212474823,0.29251420497894287,1.643519401550293,-1.1648504734039307,-0.9150924682617188,-1.0982961654663086,1.981029987335205,0.3038921356201172,1.6118371486663818,-0.0020636320114135742,-0.0018507838249206543,0.05001115798950195,0.0457378625869751,0.011377930641174316,-0.03168225288391113
1769719604.877759,full,goal16.png,0.8759645223617554,-1.163635015487671,-0.9245708584785461,-1.131949543952942,1.9529825448989868,0.29663392901420593,1.6324931383132935,-1.1659491062164307,-0.9267873764038086,-1.082261323928833,2.0019731521606445,0.3101547360420227,1.5961757898330688,-0.0023140907287597656,-0.002216517925262451,0.04968822002410889,0.048990607261657715,0.013520807027816772,-0.03631734848022461
1769719604.981057,full,goal16.png,0.8741401433944702,-1.164998173713684,-0.935082197189331,-1.1153193712234497,1.971824288368225,0.30288922786712646,1.6187556982040405,-1.1668689250946045,-0.9378483295440674,-1.0678043365478516,2.02406907081604,0.31816378235816956,1.5794434547424316,-0.0018707513809204102,-0.002766132354736328,0.047515034675598145,0.05224478244781494,0.01527455449104309,-0.03931224346160889
1769719605.078382,full,goal16.png,0.8652251362800598,-1.1660887002944946,-0.9452300071716309,-1.0994462966918945,1.9918168783187866,0.3080085515975952,1.603670358657837,-1.1671724319458008,-0.9446461200714111,-1.057675838470459,2.0437347888946533,0.32591187953948975,1.5659068822860718,-0.0010837316513061523,0.0005838871002197266,0.04177045822143555,0.0519179105758667,0.01790332794189453,-0.03776347637176514
1769719605.176492,full,goal16.png,0.8752157688140869,-1.1664824485778809,-0.9603456854820251,-1.0830281972885132,2.0159597396850586,0.3159450590610504,1.5858283042907715,-1.1671454906463623,-0.9494572877883911,-1.0486445426940918,2.0641605854034424,0.33439940214157104,1.5533640384674072,-0.0006630420684814453,0.010888397693634033,0.03438365459442139,0.04820084571838379,0.01845434308052063,-0.03246426582336426
1769719605.2816262,full,goal16.png,0.8838179707527161,-1.1666945219039917,-0.9717656373977661,-1.0720927715301514,2.036345958709717,0.3233817219734192,1.5720303058624268,-1.1671669483184814,-0.9552000761032104,-1.038835048675537,2.083517551422119,0.34457457065582275,1.5425231456756592,-0.0004724264144897461,0.016565561294555664,0.03325772285461426,0.047171592712402344,0.021192848682403564,-0.029507160186767578
1769719605.379627,full,goal16.png,0.8867021799087524,-1.1669671535491943,-0.9776424169540405,-1.0633989572525024,2.0556421279907227,0.3314090669155121,1.5599439144134521,-1.1674168109893799,-0.9638891816139221,-1.0275883674621582,2.10192608833313,0.3577224314212799,1.5308337211608887,-0.0004496574401855469,0.013753235340118408,0.03581058979034424,0.04628396034240723,0.026313364505767822,-0.029110193252563477
1769719605.4804308,full,goal16.png,0.8688188791275024,-1.1669368743896484,-0.98118656873703,-1.0527664422988892,2.074816942214966,0.341526597738266,1.5481300354003906,-1.1683011054992676,-0.9718475341796875,-1.0170809030532837,2.119503974914551,0.3716166317462921,1.5187206268310547,-0.0013642311096191406,0.00933903455734253,0.03568553924560547,0.04468703269958496,0.030090034008026123,-0.029409408569335938
1769719605.5776532,full,goal16.png,0.8751352429389954,-1.167057991027832,-0.9890321493148804,-1.041467547416687,2.094264268875122,0.35353735089302063,1.5358768701553345,-1.169039249420166,-0.9783554673194885,-1.0072845220565796,2.137094497680664,0.3817537724971771,1.5056836605072021,-0.0019812583923339844,0.010676681995391846,0.03418302536010742,0.04283022880554199,0.028216421604156494,-0.030193209648132324
1769719605.6773925,full,goal16.png,0.9055185317993164,-1.1678153276443481,-0.9991799592971802,-1.0319255590438843,2.1111977100372314,0.3660176396369934,1.5236692428588867,-1.169480323791504,-0.9832020998001099,-0.9998157024383545,2.157003879547119,0.38988107442855835,1.4898773431777954,-0.0016649961471557617,0.015977859497070312,0.032109856605529785,0.045806169509887695,0.02386343479156494,-0.03379189968109131
1769719605.779054,full,goal16.png,0.9062414169311523,-1.1693298816680908,-1.0066922903060913,-1.020990252494812,2.1288881301879883,0.37714990973472595,1.5117796659469604,-1.1702032089233398,-0.9896625876426697,-0.9887672662734985,2.1786162853240967,0.39812904596328735,1.4706614017486572,-0.0008733272552490234,0.01702970266342163,0.03222298622131348,0.0497281551361084,0.0209791362285614,-0.04111826419830322
1769719605.8797493,full,goal16.png,0.8987151384353638,-1.1701174974441528,-1.010599970817566,-1.0134475231170654,2.1483659744262695,0.3856165409088135,1.497739315032959,-1.1724685430526733,-0.9989548921585083,-0.9711905121803284,2.205080032348633,0.4079630374908447,1.4469150304794312,-0.002351045608520508,0.011645078659057617,0.04225701093673706,0.05671405792236328,0.02234649658203125,-0.05082428455352783
1769719605.9819477,full,goal16.png,0.9077175855636597,-1.1707535982131958,-1.016870379447937,-1.003178596496582,2.1694793701171875,0.39471927285194397,1.4785796403884888,-1.1760326623916626,-1.0110005140304565,-0.9495290517807007,2.2352728843688965,0.4208906292915344,1.420639991760254,-0.005279064178466797,0.005869865417480469,0.05364954471588135,0.06579351425170898,0.026171356439590454,-0.05793964862823486
1769719606.081257,full,goal16.png,0.9059805870056152,-1.171632170677185,-1.0260791778564453,-0.9875782132148743,2.193288564682007,0.40479132533073425,1.4569664001464844,-1.1793633699417114,-1.022312879562378,-0.928941011428833,2.2676751613616943,0.4360986053943634,1.3929705619812012,-0.007731199264526367,0.003766298294067383,0.05863720178604126,0.0743865966796875,0.03130728006362915,-0.0639958381652832
1769719606.1776865,full,goal16.png,0.9107332229614258,-1.173691987991333,-1.0347427129745483,-0.969281792640686,2.2204301357269287,0.416256844997406,1.4321421384811401,-1.1823309659957886,-1.0332770347595215,-0.9079985618591309,2.29941987991333,0.453075110912323,1.3658721446990967,-0.008638978004455566,0.0014656782150268555,0.061283230781555176,0.07898974418640137,0.03681826591491699,-0.06626999378204346
1769719606.278768,full,goal16.png,0.9119060635566711,-1.177175521850586,-1.0450721979141235,-0.9475625157356262,2.2539937496185303,0.4313119351863861,1.4039100408554077,-1.1838295459747314,-1.0424267053604126,-0.887721836566925,2.3300740718841553,0.4707171320915222,1.339056134223938,-0.006654024124145508,0.0026454925537109375,0.05984067916870117,0.076080322265625,0.03940519690513611,-0.06485390663146973
1769719606.3779526,full,goal16.png,0.8833658695220947,-1.180962085723877,-1.0567042827606201,-0.926358163356781,2.2854671478271484,0.4475332796573639,1.3771470785140991,-1.183415412902832,-1.050361156463623,-0.8690534830093384,2.35760235786438,0.48644959926605225,1.3131299018859863,-0.002453327178955078,0.00634312629699707,0.05730468034744263,0.07213521003723145,0.038916319608688354,-0.06401717662811279
1769719606.4755108,full,goal16.png,0.9130948781967163,-1.1836580038070679,-1.0657011270523071,-0.9072439670562744,2.3164255619049072,0.46446648240089417,1.3509142398834229,-1.1810212135314941,-1.0566418170928955,-0.8545982241630554,2.3774940967559814,0.49904048442840576,1.2919480800628662,0.0026367902755737305,0.009059309959411621,0.052645742893218994,0.06106853485107422,0.0345740020275116,-0.05896615982055664
1769719606.5756052,full,goal16.png,0.8915301561355591,-1.1846879720687866,-1.0732134580612183,-0.8864939212799072,2.3450515270233154,0.48080897331237793,1.3249691724777222,-1.177969217300415,-1.061346173286438,-0.8416659832000732,2.3940677642822266,0.5119751691818237,1.273653507232666,0.006718754768371582,0.011867284774780273,0.044827938079833984,0.04901623725891113,0.0311661958694458,-0.05131566524505615
1769719606.676147,full,goal16.png,0.9023545384407043,-1.1832945346832275,-1.0804228782653809,-0.8700454235076904,2.369103193283081,0.49574291706085205,1.2998571395874023,-1.1765246391296387,-1.0662972927093506,-0.8267385959625244,2.411324977874756,0.5275658965110779,1.2544268369674683,0.006769895553588867,0.014125585556030273,0.043306827545166016,0.042221784591674805,0.03182297945022583,-0.04543030261993408
1769719606.776184,full,goal16.png,0.9130847454071045,-1.1804168224334717,-1.0876929759979248,-0.856777548789978,2.386460542678833,0.5075416564941406,1.2820606231689453,-1.175658941268921,-1.07322359085083,-0.8071445822715759,2.430849313735962,0.5457956790924072,1.2324037551879883,0.004757881164550781,0.014469385147094727,0.0496329665184021,0.044388771057128906,0.0382540225982666,-0.04965686798095703
1769719606.8763068,full,goal16.png,0.9029093980789185,-1.178144931793213,-1.0933879613876343,-0.8432673215866089,2.403454303741455,0.5224301218986511,1.2629616260528564,-1.1747655868530273,-1.0791997909545898,-0.790834903717041,2.4490227699279785,0.5620647668838501,1.212493658065796,0.003379344940185547,0.014188170433044434,0.05243241786956787,0.04556846618652344,0.039634644985198975,-0.05046796798706055
1769719606.9813852,full,goal16.png,0.9184002876281738,-1.1775996685028076,-1.0999308824539185,-0.8244560360908508,2.4225986003875732,0.5403023958206177,1.2418783903121948,-1.1734932661056519,-1.0856845378875732,-0.7754695415496826,2.4657468795776367,0.5765734314918518,1.193880319595337,0.004106402397155762,0.014246344566345215,0.04898649454116821,0.04314827919006348,0.03627103567123413,-0.04799807071685791
1769719607.0756674,full,goal16.png,0.9220800995826721,-1.1774178743362427,-1.1064740419387817,-0.8080680966377258,2.44101619720459,0.5566145777702332,1.221204161643982,-1.1731581687927246,-1.0930095911026,-0.7596620917320251,2.4827537536621094,0.5904885530471802,1.1751790046691895,0.004259705543518066,0.01346445083618164,0.048406004905700684,0.04173755645751953,0.03387397527694702,-0.04602515697479248
1769719607.1756775,full,goal16.png,0.9242624640464783,-1.1767210960388184,-1.1130777597427368,-0.7922254204750061,2.4578585624694824,0.5713213086128235,1.2022868394851685,-1.1724679470062256,-1.101251244544983,-0.7393661141395569,2.5010948181152344,0.6060213446617126,1.1550626754760742,0.0042531490325927734,0.011826515197753906,0.05285930633544922,0.04323625564575195,0.03470003604888916,-0.04722416400909424
1769719607.2749622,full,goal16.png,0.9272100329399109,-1.1756609678268433,-1.1203173398971558,-0.7759585976600647,2.4752159118652344,0.585331380367279,1.1829150915145874,-1.1706831455230713,-1.108668327331543,-0.7173311710357666,2.5200016498565674,0.6229954361915588,1.135532259941101,0.004977822303771973,0.011649012565612793,0.058627426624298096,0.04478573799133301,0.037664055824279785,-0.04738283157348633
1769719607.378337,full,goal16.png,0.9168002009391785,-1.1746007204055786,-1.1283447742462158,-0.7576925754547119,2.4922702312469482,0.6002653241157532,1.1637099981307983,-1.1686456203460693,-1.1153990030288696,-0.6946362853050232,2.5375866889953613,0.641166627407074,1.1169735193252563,0.005955100059509277,0.012945771217346191,0.06305629014968872,0.045316457748413086,0.0409013032913208,-0.04673647880554199
1769719607.481134,full,goal16.png,0.9202589988708496,-1.172722578048706,-1.1363722085952759,-0.7353674173355103,2.5119903087615967,0.6174256801605225,1.1438233852386475,-1.1666228771209717,-1.1220124959945679,-0.6714069247245789,2.5550050735473633,0.659675657749176,1.0982115268707275,0.006099700927734375,0.014359712600708008,0.0639604926109314,0.0430147647857666,0.042249977588653564,-0.04561185836791992
1769719607.5848532,full,goal16.png,0.9177665114402771,-1.1709051132202148,-1.143066644668579,-0.7142842411994934,2.529165744781494,0.6342377066612244,1.1259510517120361,-1.1646125316619873,-1.128633737564087,-0.6490520238876343,2.569434404373169,0.6775122284889221,1.081723928451538,0.006292581558227539,0.014432907104492188,0.06523221731185913,0.040268659591674805,0.043274521827697754,-0.04422712326049805
1769719607.6838486,full,goal16.png,0.9112528562545776,-1.1695116758346558,-1.148913025856018,-0.6920499205589294,2.5454022884368896,0.6518070697784424,1.1081091165542603,-1.1627414226531982,-1.135233998298645,-0.6278066635131836,2.5806100368499756,0.6944243907928467,1.0680363178253174,0.0067702531814575195,0.013679027557373047,0.06424325704574585,0.03520774841308594,0.0426173210144043,-0.04007279872894287
1769719607.7766314,full,goal16.png,0.8998484015464783,-1.1680576801300049,-1.1550320386886597,-0.6712696552276611,2.5609118938446045,0.6683464646339417,1.0919029712677002,-1.1612827777862549,-1.1416462659835815,-0.6088058948516846,2.589900493621826,0.7096618413925171,1.0562915802001953,0.00677490234375,0.013385772705078125,0.06246376037597656,0.02898859977722168,0.04131537675857544,-0.03561139106750488
1769719607.8751526,full,goal16.png,0.9036670327186584,-1.1656039953231812,-1.16218101978302,-0.6475813388824463,2.5738465785980225,0.6864004731178284,1.0748788118362427,-1.159358263015747,-1.146864414215088,-0.5918256044387817,2.5987091064453125,0.724116325378418,1.0468043088912964,0.006245732307434082,0.015316605567932129,0.05575573444366455,0.02486252784729004,0.0377158522605896,-0.02807450294494629
1769719607.9743435,full,goal16.png,0.8993538022041321,-1.1630291938781738,-1.1692086458206177,-0.627437174320221,2.584660530090332,0.7024551630020142,1.0615806579589844,-1.1573225259780884,-1.1515474319458008,-0.576749324798584,2.6052193641662598,0.7376736402511597,1.038670539855957,0.005706667900085449,0.017661213874816895,0.05068784952163696,0.020558834075927734,0.03521847724914551,-0.022910118103027344
1769719608.0746937,full,goal16.png,0.9105045795440674,-1.1612117290496826,-1.1744794845581055,-0.6099587082862854,2.5936572551727295,0.7169801592826843,1.0510542392730713,-1.15494704246521,-1.1559644937515259,-0.5617921352386475,2.6111228466033936,0.7505005598068237,1.0319968461990356,0.006264686584472656,0.01851499080657959,0.04816657304763794,0.017465591430664062,0.033520400524139404,-0.019057393074035645
1769719608.174748,full,goal16.png,0.904615044593811,-1.159545660018921,-1.1791445016860962,-0.5937222242355347,2.6006851196289062,0.731187105178833,1.0419061183929443,-1.1524956226348877,-1.159943699836731,-0.5465382933616638,2.616827964782715,0.7632595896720886,1.026820421218872,0.007050037384033203,0.019200801849365234,0.04718393087387085,0.016142845153808594,0.032072484493255615,-0.015085697174072266
1769719608.275314,full,goal16.png,0.906886100769043,-1.158121943473816,-1.1837791204452515,-0.578485369682312,2.607106924057007,0.7446064352989197,1.0351207256317139,-1.1489882469177246,-1.1639158725738525,-0.5298973917961121,2.62147855758667,0.7771386504173279,1.0224889516830444,0.009133696556091309,0.019863247871398926,0.04858797788619995,0.014371633529663086,0.0325322151184082,-0.012631773948669434
1769719608.3761494,full,goal16.png,0.8918315768241882,-1.1561226844787598,-1.1887469291687012,-0.5639452934265137,2.613619804382324,0.7576470971107483,1.0295318365097046,-1.144781470298767,-1.1673383712768555,-0.5135444402694702,2.625185489654541,0.7916306257247925,1.0192439556121826,0.011341214179992676,0.021408557891845703,0.05040085315704346,0.011565685272216797,0.03398352861404419,-0.010287880897521973
1769719608.4765954,full,goal16.png,0.9013996124267578,-1.153032898902893,-1.1930180788040161,-0.5468605756759644,2.61898136138916,0.7709604501724243,1.02500319480896,-1.1402113437652588,-1.1704590320587158,-0.4986831247806549,2.6277072429656982,0.8057527542114258,1.0170607566833496,0.012821555137634277,0.022559046745300293,0.04817745089530945,0.008725881576538086,0.034792304039001465,-0.007942438125610352
1769719608.5767744,full,goal16.png,0.9061408042907715,-1.1496704816818237,-1.1951992511749268,-0.5315631628036499,2.6227681636810303,0.7853187918663025,1.021216630935669,-1.1359477043151855,-1.1721432209014893,-0.48779815435409546,2.62947416305542,0.8176863193511963,1.0169719457626343,0.013722777366638184,0.0230560302734375,0.04376500844955444,0.0067059993743896484,0.0323675274848938,-0.004244685173034668
1769719608.676466,full,goal16.png,0.9039661884307861,-1.1455507278442383,-1.198258638381958,-0.5161142349243164,2.625736713409424,0.7997226715087891,1.0186872482299805,-1.1318143606185913,-1.1730237007141113,-0.4795459508895874,2.630256175994873,0.8278122544288635,1.017892599105835,0.013736367225646973,0.02523493766784668,0.036568284034729004,0.004519462585449219,0.028089582920074463,-0.0007946491241455078
1769719608.7747855,full,goal16.png,0.8975540995597839,-1.1410675048828125,-1.2012271881103516,-0.5037854909896851,2.627554178237915,0.8119454383850098,1.0181875228881836,-1.1284259557724,-1.172474980354309,-0.47475433349609375,2.6290228366851807,0.8349936604499817,1.021161437034607,0.012641549110412598,0.02875220775604248,0.02903115749359131,0.001468658447265625,0.023048222064971924,0.00297391414642334
1769719608.8763156,full,goal16.png,0.8995611071586609,-1.1367963552474976,-1.2033172845840454,-0.4943949282169342,2.6286141872406006,0.822820246219635,1.0183086395263672,-1.1247045993804932,-1.172084093093872,-0.46907103061676025,2.626950263977051,0.84320467710495,1.0252549648284912,0.012091755867004395,0.03123319149017334,0.02532389760017395,-0.0016639232635498047,0.02038443088531494,0.0069463253021240234
1769719608.9753885,full,goal16.png,0.8967143297195435,-1.1331310272216797,-1.2034083604812622,-0.4890030026435852,2.628462791442871,0.8308930397033691,1.0202624797821045,-1.1215927600860596,-1.1729949712753296,-0.46193742752075195,2.624532699584961,0.851220428943634,1.0284757614135742,0.011538267135620117,0.030413389205932617,0.027065575122833252,-0.003930091857910156,0.020327389240264893,0.008213281631469727
1769719609.0756874,full,goal16.png,0.9064924716949463,-1.1289809942245483,-1.2031961679458618,-0.482884019613266,2.6273722648620605,0.8403441309928894,1.0244730710983276,-1.119472622871399,-1.1745479106903076,-0.45498374104499817,2.622598886489868,0.860071063041687,1.0310723781585693,0.009508371353149414,0.0286482572555542,0.027900278568267822,-0.004773378372192383,0.019726932048797607,0.006599307060241699
1769719609.1775045,full,goal16.png,0.913815975189209,-1.1255277395248413,-1.2033478021621704,-0.47558361291885376,2.6258578300476074,0.8471750020980835,1.0278809070587158,-1.1180884838104248,-1.1761623620986938,-0.4482245445251465,2.621009111404419,0.8684724569320679,1.032463788986206,0.007439255714416504,0.027185440063476562,0.027359068393707275,-0.0048487186431884766,0.021297454833984375,0.004582881927490234
1769719609.277438,full,goal16.png,0.9056678414344788,-1.1231952905654907,-1.203438639640808,-0.4679197669029236,2.623828172683716,0.8555507063865662,1.0303194522857666,-1.1166017055511475,-1.1766166687011719,-0.4433186650276184,2.6192750930786133,0.8750965595245361,1.0342541933059692,0.006593585014343262,0.02682197093963623,0.024601101875305176,-0.004553079605102539,0.01954585313796997,0.003934741020202637
1769719609.3748662,full,goal16.png,0.9030929207801819,-1.1220744848251343,-1.2036505937576294,-0.4616190493106842,2.6223137378692627,0.8643050789833069,1.0318037271499634,-1.1149842739105225,-1.1764159202575684,-0.44154876470565796,2.6172988414764404,0.8791884183883667,1.0368434190750122,0.007090210914611816,0.027234673500061035,0.020070284605026245,-0.005014896392822266,0.014883339405059814,0.005039691925048828
1769719609.4814448,full,goal16.png,0.9130159020423889,-1.1205295324325562,-1.2046805620193481,-0.45643916726112366,2.6205568313598633,0.8714842796325684,1.0335909128189087,-1.1129341125488281,-1.174910545349121,-0.4430580735206604,2.615039587020874,0.8818482160568237,1.0416908264160156,0.007595419883728027,0.02977001667022705,0.013381093740463257,-0.005517244338989258,0.010363936424255371,0.008099913597106934
1769719609.5773408,full,goal16.png,0.9047536849975586,-1.1188029050827026,-1.205165147781372,-0.4532281458377838,2.6188302040100098,0.8765430450439453,1.035711407661438,-1.1102899312973022,-1.1732933521270752,-0.44367414712905884,2.6126627922058105,0.8847562074661255,1.0472874641418457,0.00851297378540039,0.031871795654296875,0.009553998708724976,-0.006167411804199219,0.008213162422180176,0.011576056480407715
1769719609.6749818,full,goal16.png,0.9051722884178162,-1.1165916919708252,-1.204892635345459,-0.4528343975543976,2.6170125007629395,0.8806172609329224,1.0399976968765259,-1.1075350046157837,-1.1718471050262451,-0.443010151386261,2.610224485397339,0.888252317905426,1.0521410703659058,0.009056687355041504,0.03304553031921387,0.009824246168136597,-0.006788015365600586,0.007635056972503662,0.012143373489379883
1769719609.7748017,full,goal16.png,0.9002909660339355,-1.1140774488449097,-1.2042564153671265,-0.4528646767139435,2.6144073009490967,0.884509801864624,1.0451624393463135,-1.1056076288223267,-1.170703411102295,-0.4424574077129364,2.608240842819214,0.8912491202354431,1.0561423301696777,0.008469820022583008,0.03355300426483154,0.01040726900100708,-0.0061664581298828125,0.006739318370819092,0.010979890823364258
1769719609.8758616,full,goal16.png,0.9004359245300293,-1.1113208532333374,-1.2027418613433838,-0.45262235403060913,2.6116509437561035,0.8875390291213989,1.0497667789459229,-1.1039958000183105,-1.1706565618515015,-0.4392646551132202,2.607370615005493,0.8949826955795288,1.0583727359771729,0.0073250532150268555,0.032085299491882324,0.013357698917388916,-0.0042803287506103516,0.007443666458129883,0.00860595703125
1769719609.9765823,full,goal16.png,0.9010679125785828,-1.1085036993026733,-1.201409101486206,-0.45213767886161804,2.6097123622894287,0.8902955651283264,1.053341269493103,-1.102919101715088,-1.1711260080337524,-0.4343230128288269,2.6079158782958984,0.8990715742111206,1.059870958328247,0.005584597587585449,0.030283093452453613,0.017814666032791138,-0.0017964839935302734,0.00877600908279419,0.006529688835144043
1769719610.0761554,full,goal16.png,0.9003075361251831,-1.106534719467163,-1.201106071472168,-0.45007777214050293,2.6081974506378174,0.8937640190124512,1.0566582679748535,-1.1025619506835938,-1.1716591119766235,-0.42932558059692383,2.6082518100738525,0.9025430679321289,1.0609545707702637,0.003972768783569336,0.029446959495544434,0.0207521915435791,5.435943603515625e-05,0.008779048919677734,0.004296302795410156
1769719610.1775007,full,goal16.png,0.9053921699523926,-1.1055957078933716,-1.2010455131530762,-0.4461398422718048,2.608076333999634,0.8973081707954407,1.0593845844268799,-1.1025807857513428,-1.1718709468841553,-0.4259207844734192,2.609884738922119,0.9049731492996216,1.061448097229004,0.0030149221420288086,0.0291745662689209,0.02021905779838562,0.0018084049224853516,0.007664978504180908,0.0020635128021240234
1769719610.2765903,full,goal16.png,0.906086802482605,-1.1055350303649902,-1.2011363506317139,-0.44153547286987305,2.608258008956909,0.9006403088569641,1.0604749917984009,-1.1021993160247803,-1.1720188856124878,-0.42441797256469727,2.610719680786133,0.9063084721565247,1.0619637966156006,0.003335714340209961,0.029117465019226074,0.01711750030517578,0.002461671829223633,0.005668163299560547,0.001488804817199707
1769719610.3747923,full,goal16.png,0.8993210792541504,-1.1056562662124634,-1.201106071472168,-0.43796101212501526,2.6090152263641357,0.9033211469650269,1.0614292621612549,-1.1016145944595337,-1.1706864833831787,-0.4278962016105652,2.6095144748687744,0.9052762985229492,1.0643668174743652,0.0040416717529296875,0.030419588088989258,0.010064810514450073,0.0004992485046386719,0.0019551515579223633,0.0029375553131103516
1769719610.4747334,full,goal16.png,0.90313720703125,-1.1050201654434204,-1.2012574672698975,-0.43614351749420166,2.609954595565796,0.9047902822494507,1.062050223350525,-1.1006108522415161,-1.168093204498291,-0.4335067868232727,2.605863332748413,0.9035863876342773,1.0683335065841675,0.004409313201904297,0.033164262771606445,0.002636730670928955,-0.0040912628173828125,-0.0012038946151733398,0.006283283233642578
1769719610.5755956,full,goal16.png,0.9070178270339966,-1.1039901971817017,-1.2011666297912598,-0.4368402361869812,2.6097424030303955,0.9051992297172546,1.0631861686706543,-1.1000299453735352,-1.1663506031036377,-0.43737542629241943,2.6042840480804443,0.9022679328918457,1.0704784393310547,0.003960251808166504,0.03481602668762207,-0.0005351901054382324,-0.005458354949951172,-0.0029312968254089355,0.007292270660400391
1769719610.6751316,full,goal16.png,0.9049461483955383,-1.1025664806365967,-1.2002578973770142,-0.4402935206890106,2.6071979999542236,0.9043055772781372,1.0661396980285645,-1.0993856191635132,-1.1661882400512695,-0.4366917014122009,2.605278968811035,0.9031349420547485,1.0705978870391846,0.003180861473083496,0.03406965732574463,0.0036018192768096924,-0.0019190311431884766,-0.0011706352233886719,0.004458189010620117
1769719610.7772744,full,goal16.png,0.9072003364562988,-1.1011124849319458,-1.1991370916366577,-0.4434438645839691,2.605410575866699,0.9033210873603821,1.0683963298797607,-1.0993788242340088,-1.1667755842208862,-0.4332236051559448,2.6074635982513428,0.9059606790542603,1.0698418617248535,0.0017336606979370117,0.032361507415771484,0.010220259428024292,0.0020530223846435547,0.002639591693878174,0.0014455318450927734
1769719610.8754725,full,goal16.png,0.9050775766372681,-1.1004459857940674,-1.1985313892364502,-0.443989098072052,2.605441093444824,0.903502881526947,1.0694868564605713,-1.099807858467102,-1.1674476861953735,-0.4286702573299408,2.60943603515625,0.9088109135627747,1.0689845085144043,0.000638127326965332,0.03108370304107666,0.015318840742111206,0.003994941711425781,0.005308032035827637,-0.0005023479461669922
1769719610.9762058,full,goal16.png,0.900041401386261,-1.1005066633224487,-1.1984403133392334,-0.4425048232078552,2.606440544128418,0.9050931930541992,1.0697746276855469,-1.0999826192855835,-1.1679508686065674,-0.42385056614875793,2.6112170219421387,0.9118541479110718,1.0685994625091553,0.0005240440368652344,0.030489444732666016,0.01865425705909729,0.004776477813720703,0.006760954856872559,-0.0011751651763916016
1769719611.0745106,full,goal16.png,0.9034310579299927,-1.1005672216415405,-1.198591947555542,-0.4395362138748169,2.6082279682159424,0.9074257016181946,1.0695929527282715,-1.0992155075073242,-1.1681557893753052,-0.41858094930648804,2.6108133792877197,0.9155792593955994,1.0696468353271484,0.0013517141342163086,0.030436158180236816,0.020955264568328857,0.0025854110717773438,0.008153557777404785,5.3882598876953125e-05
1769719611.1744466,full,goal16.png,0.8995782136917114,-1.1007792949676514,-1.1987130641937256,-0.435992032289505,2.6101059913635254,0.9104094505310059,1.0688810348510742,-1.098792314529419,-1.16910719871521,-0.4132997393608093,2.6111297607421875,0.9194028377532959,1.0701944828033447,0.001986980438232422,0.029605865478515625,0.02269229292869568,0.0010237693786621094,0.008993387222290039,0.0013134479522705078
1769719611.2744772,full,goal16.png,0.9022362232208252,-1.100870132446289,-1.1989250183105469,-0.431508868932724,2.610499620437622,0.9138021469116211,1.069759488105774,-1.0987114906311035,-1.1700499057769775,-0.4111810326576233,2.6109471321105957,0.9211077094078064,1.070587158203125,0.002158641815185547,0.028875112533569336,0.020327836275100708,0.0004475116729736328,0.007305562496185303,0.0008276700973510742
1769719611.374698,full,goal16.png,0.9005818367004395,-1.1003248691558838,-1.199682354927063,-0.42693474888801575,2.610590696334839,0.9164375066757202,1.0706379413604736,-1.098243236541748,-1.170648217201233,-0.4105720818042755,2.610523223876953,0.9220603704452515,1.0717191696166992,0.002081632614135742,0.029034137725830078,0.016362667083740234,-6.747245788574219e-05,0.00562286376953125,0.001081228256225586
1769719611.4758646,full,goal16.png,0.9003208875656128,-1.1001430749893188,-1.200621485710144,-0.42381468415260315,2.6106209754943848,0.9186791181564331,1.071122646331787,-1.0977731943130493,-1.1712409257888794,-0.4100033640861511,2.610121011734009,0.9230047464370728,1.0731279850006104,0.0023698806762695312,0.02938055992126465,0.013811320066452026,-0.0004999637603759766,0.0043256282806396484,0.002005338668823242
1769719611.576748,full,goal16.png,0.9026894569396973,-1.099900722503662,-1.20065176486969,-0.4217245876789093,2.610499620437622,0.9199665784835815,1.0720162391662598,-1.097381353378296,-1.1711864471435547,-0.412367045879364,2.6101508140563965,0.9215943813323975,1.0741058588027954,0.002519369125366211,0.029465317726135254,0.009357541799545288,-0.00034880638122558594,0.001627802848815918,0.0020896196365356445
1769719611.6755872,full,goal16.png,0.8994432687759399,-1.0992040634155273,-1.2008334398269653,-0.4209369421005249,2.6103482246398926,0.9208904504776001,1.0729703903198242,-1.096903920173645,-1.1702862977981567,-0.415993332862854,2.6096537113189697,0.9198193550109863,1.0748916864395142,0.0023001432418823242,0.030547142028808594,0.0049436092376708984,-0.0006945133209228516,-0.0010710954666137695,0.0019212961196899414
1769719611.7746162,full,goal16.png,0.901207447052002,-1.0984770059585571,-1.2013787031173706,-0.4218457043170929,2.610257387161255,0.9205875396728516,1.0734550952911377,-1.0961768627166748,-1.1689152717590332,-0.4187358021736145,2.609086513519287,0.9191516637802124,1.0757532119750977,0.0023001432418823242,0.0324634313583374,0.0031099021434783936,-0.0011708736419677734,-0.0014358758926391602,0.002298116683959961
1769719611.8765945,full,goal16.png,0.9019420146942139,-1.0981135368347168,-1.201287865638733,-0.42417821288108826,2.6100454330444336,0.9198302030563354,1.074182152748108,-1.0954437255859375,-1.168426275253296,-0.4186476767063141,2.6087727546691895,0.9204773902893066,1.0766103267669678,0.002669811248779297,0.03286159038543701,0.00553053617477417,-0.0012726783752441406,0.0006471872329711914,0.0024281740188598633
1769719611.9755716,full,goal16.png,0.8972647190093994,-1.0975379943847656,-1.201106071472168,-0.4261774718761444,2.6097123622894287,0.9194213151931763,1.0746515989303589,-1.0954360961914062,-1.1684536933898926,-0.41701823472976685,2.6091322898864746,0.9220334887504578,1.0771254301071167,0.002101898193359375,0.03265237808227539,0.009159237146377563,-0.0005800724029541016,0.002612173557281494,0.0024738311767578125
1769719612.0750582,full,goal16.png,0.8993345499038696,-1.097265362739563,-1.2009546756744385,-0.42690446972846985,2.6094696521759033,0.9198604822158813,1.0751514434814453,-1.095731496810913,-1.1688611507415771,-0.4144187569618225,2.609661102294922,0.9236170649528503,1.0776004791259766,0.0015338659286499023,0.03209352493286133,0.012485712766647339,0.0001914501190185547,0.003756582736968994,0.00244903564453125
1769719612.1760743,full,goal16.png,0.8999608755111694,-1.097447156906128,-1.2009546756744385,-0.42641979455947876,2.6094696521759033,0.9211176633834839,1.076226830482483,-1.0963703393936157,-1.1693519353866577,-0.41286277770996094,2.6098670959472656,0.9243494272232056,1.0774002075195312,0.001076817512512207,0.03160274028778076,0.013557016849517822,0.0003974437713623047,0.0032317638397216797,0.0011733770370483398
1769719612.2779882,full,goal16.png,0.8997248411178589,-1.0977500677108765,-1.2009243965148926,-0.42472344636917114,2.609651565551758,0.9222536087036133,1.0771204233169556,-1.0962872505187988,-1.169539451599121,-0.41198644042015076,2.6096200942993164,0.9249975681304932,1.0773887634277344,0.0014628171920776367,0.031384944915771484,0.012737005949020386,-3.147125244140625e-05,0.002743959426879883,0.0002683401107788086
1769719612.375507,full,goal16.png,0.9043709635734558,-1.0979621410369873,-1.2009546756744385,-0.4234814941883087,2.6097424030303955,0.9230714440345764,1.077605128288269,-1.09618079662323,-1.169502854347229,-0.4132680594921112,2.6103053092956543,0.9248700141906738,1.0767948627471924,0.0017813444137573242,0.03145182132720947,0.01021343469619751,0.0005629062652587891,0.0017985701560974121,-0.0008102655410766602
1769719612.4754388,full,goal16.png,0.8963581323623657,-1.0977803468704224,-1.2009546756744385,-0.4228150546550751,2.6097729206085205,0.9235561490058899,1.077786922454834,-1.095649003982544,-1.169358253479004,-0.41361019015312195,2.611203670501709,0.9256607294082642,1.076624870300293,0.002131342887878418,0.03159642219543457,0.009204864501953125,0.0014307498931884766,0.0021045804023742676,-0.0011620521545410156
1769719612.5751765,full,goal16.png,0.898254930973053,-1.0975985527038574,-1.2009243965148926,-0.42287561297416687,2.6100151538848877,0.923753023147583,1.077589988708496,-1.0950720310211182,-1.1693315505981445,-0.41309237480163574,2.611346483230591,0.9260878562927246,1.0769131183624268,0.002526521682739258,0.03159284591674805,0.009783238172531128,0.001331329345703125,0.0023348331451416016,-0.0006768703460693359
1769719612.6760552,full,goal16.png,0.9042787551879883,-1.098022699356079,-1.2008939981460571,-0.42290589213371277,2.610499620437622,0.9241014122962952,1.0773930549621582,-1.0946464538574219,-1.1689271926879883,-0.4135053753852844,2.610450029373169,0.9254043698310852,1.0774180889129639,0.0033762454986572266,0.03196680545806885,0.009400516748428345,-4.9591064453125e-05,0.001302957534790039,2.5033950805664062e-05
1769719612.7740097,full,goal16.png,0.903814435005188,-1.0990525484085083,-1.2006820440292358,-0.4227847754955292,2.6106512546539307,0.9243740439414978,1.0775445699691772,-1.09432852268219,-1.1682298183441162,-0.4165530502796173,2.608530282974243,0.9225826859474182,1.077805757522583,0.004724025726318359,0.03245222568511963,0.006231725215911865,-0.0021209716796875,-0.0017913579940795898,0.0002611875534057617
1769719612.8746026,full,goal16.png,0.8997013568878174,-1.0993554592132568,-1.1999551057815552,-0.42287561297416687,2.6103179454803467,0.9242225885391235,1.0777565240859985,-1.0939946174621582,-1.1672816276550293,-0.420401394367218,2.6067261695861816,0.9196343421936035,1.0785056352615356,0.005360841751098633,0.03267347812652588,0.0024742186069488525,-0.003591775894165039,-0.0045882463455200195,0.0007491111755371094
1769719612.975343,full,goal16.png,0.8990806937217712,-1.0993858575820923,-1.1994097232818604,-0.4243902862071991,2.609257936477661,0.9232683777809143,1.0780746936798096,-1.093348741531372,-1.166515588760376,-0.4223320782184601,2.6047940254211426,0.917908787727356,1.0794036388397217,0.006037116050720215,0.032894134521484375,0.0020582079887390137,-0.004463911056518555,-0.00535959005355835,0.0013289451599121094
1769719613.0785663,full,goal16.png,0.8983266949653625,-1.0999916791915894,-1.1984100341796875,-0.42699533700942993,2.607379674911499,0.9216628670692444,1.078226089477539,-1.0926060676574707,-1.1655977964401245,-0.42331647872924805,2.6034302711486816,0.9178999662399292,1.0806888341903687,0.007385611534118652,0.03281223773956299,0.0036788582801818848,-0.003949403762817383,-0.0037629008293151855,0.00246274471282959
1769719613.1760578,full,goal16.png,0.8954646587371826,-1.1005672216415405,-1.1972287893295288,-0.42872196435928345,2.6056532859802246,0.9200422763824463,1.0787864923477173,-1.0917333364486694,-1.1652593612670898,-0.4230445623397827,2.6032397747039795,0.9198187589645386,1.0816831588745117,0.008833885192871094,0.031969428062438965,0.005677402019500732,-0.002413511276245117,-0.00022351741790771484,0.0028966665267944336
1769719613.278694,full,goal16.png,0.8997293710708618,-1.1003248691558838,-1.1961382627487183,-0.4297519326210022,2.603986978530884,0.9195272922515869,1.0794529914855957,-1.090334415435791,-1.1649945974349976,-0.4220256805419922,2.603442907333374,0.9225280284881592,1.0830904245376587,0.009990453720092773,0.031143665313720703,0.00772625207901001,-0.0005440711975097656,0.0030007362365722656,0.0036374330520629883
1769719613.3751714,full,goal16.png,0.8948413729667664,-1.099900722503662,-1.1951992511749268,-0.42999428510665894,2.603532552719116,0.9202542901039124,1.0802102088928223,-1.0893278121948242,-1.164360523223877,-0.42276203632354736,2.6047379970550537,0.9232134819030762,1.0842628479003906,0.01057291030883789,0.030838727951049805,0.007232248783111572,0.0012054443359375,0.0029591917991638184,0.004052639007568359
1769719613.4743388,full,goal16.png,0.8926772475242615,-1.0989011526107788,-1.194775104522705,-0.4298427999019623,2.603562831878662,0.9220263957977295,1.0817703008651733,-1.0887305736541748,-1.163710594177246,-0.4241286516189575,2.6061763763427734,0.9224234223365784,1.0853216648101807,0.010170578956604004,0.031064510345458984,0.005714148283004761,0.002613544464111328,0.00039702653884887695,0.0035513639450073242
1769719613.5755336,full,goal16.png,0.8926082253456116,-1.0968109369277954,-1.1946842670440674,-0.4301759600639343,2.6040475368499756,0.9230715036392212,1.0828759670257568,-1.0881659984588623,-1.1631360054016113,-0.42495056986808777,2.607520341873169,0.9213168621063232,1.0860761404037476,0.008644938468933105,0.031548261642456055,0.005225390195846558,0.0034728050231933594,-0.0017546415328979492,0.0032001733779907227
1769719613.6759512,full,goal16.png,0.8981337547302246,-1.094448208808899,-1.1947145462036133,-0.43126651644706726,2.6050167083740234,0.9230715036392212,1.0836029052734375,-1.0875258445739746,-1.1629718542099,-0.42393726110458374,2.6078336238861084,0.9223870038986206,1.0865240097045898,0.006922364234924316,0.03174269199371338,0.0073292553424835205,0.002816915512084961,-0.0006844997406005859,0.0029211044311523438
1769719613.7747152,full,goal16.png,0.8964810967445374,-1.0929639339447021,-1.1944115161895752,-0.43184202909469604,2.6062891483306885,0.9221929907798767,1.084693431854248,-1.087160587310791,-1.1619871854782104,-0.42412805557250977,2.60675048828125,0.9228100776672363,1.0869181156158447,0.005803346633911133,0.032424330711364746,0.007713973522186279,0.00046133995056152344,0.0006170868873596191,0.0022246837615966797
1769719613.874909,full,goal16.png,0.8967561721801758,-1.0920552015304565,-1.1938058137893677,-0.43178147077560425,2.60671329498291,0.9226928353309631,1.085314393043518,-1.0875740051269531,-1.1612200736999512,-0.4247623682022095,2.6058802604675293,0.9222841262817383,1.086340308189392,0.004481196403503418,0.032585740089416504,0.007019102573394775,-0.0008330345153808594,-0.0004087090492248535,0.0010259151458740234
1769719613.9752169,full,goal16.png,0.8964252471923828,-1.091600775718689,-1.1936542987823486,-0.43187233805656433,2.606440544128418,0.9230563044548035,1.0857385396957397,-1.0885652303695679,-1.161081314086914,-0.42597293853759766,2.605339527130127,0.9199775457382202,1.0851032733917236,0.0030355453491210938,0.03257298469543457,0.005899399518966675,-0.0011010169982910156,-0.003078758716583252,-0.0006352663040161133
