timestamp,model_type,goal_image,similarity_score,curr_j0,curr_j1,curr_j2,curr_j3,curr_j4,curr_j5,cmd_j0,cmd_j1,cmd_j2,cmd_j3,cmd_j4,cmd_j5,step_diff_j0,step_diff_j1,step_diff_j2,step_diff_j3,step_diff_j4,step_diff_j5
1769651112.485047,full,goal2.png,0.4663547873497009,0.18263013660907745,-0.4193010628223419,-2.5038719177246094,1.5959312915802002,0.5293669700622559,2.9015138149261475,0.054242268204689026,-0.3664255738258362,-2.5347278118133545,1.6486530303955078,0.7293669581413269,3.0839922428131104,-0.12838786840438843,0.05287548899650574,-0.030855894088745117,0.05272173881530762,0.20000000298023224,0.1824784278869629
1769651112.5029032,full,goal2.png,0.4663547873497009,0.18235744535923004,-0.4196341931819916,-2.503660202026367,1.5959616899490356,0.5293669700622559,2.9015138149261475,0.05501486361026764,-0.36547186970710754,-2.5349912643432617,1.6476296186447144,0.7293669581413269,3.0826737880706787,-0.1273425817489624,0.05416232347488403,-0.03133106231689453,0.05166792869567871,0.20000000298023224,0.18115997314453125
1769651112.5677567,full,goal2.png,0.46592485904693604,0.18241816759109497,-0.4196038842201233,-2.503629684448242,1.596052646636963,0.5294123888015747,2.901498556137085,0.055668801069259644,-0.36472088098526,-2.535719871520996,1.647232174873352,0.7294123768806458,3.0810306072235107,-0.12674936652183533,0.05488300323486328,-0.032090187072753906,0.05117952823638916,0.20000000298023224,0.17953205108642578
1769651112.666492,full,goal2.png,0.43997305631637573,0.14773379266262054,-0.39306825399398804,-2.521350622177124,1.6274652481079102,0.5668078064918518,2.927110433578491,0.05572585016489029,-0.35963892936706543,-2.536787509918213,1.6476988792419434,0.7668077945709229,3.080458641052246,-0.09200794249773026,0.03342932462692261,-0.015436887741088867,0.020233631134033203,0.20000000298023224,0.15334820747375488
1769651112.768853,full,goal2.png,0.43957599997520447,0.10356812924146652,-0.37246963381767273,-2.5321648120880127,1.6398850679397583,0.6048696637153625,2.959113836288452,0.05028814449906349,-0.3506007790565491,-2.5382080078125,1.6455665826797485,0.8048696517944336,3.077991008758545,-0.05327998474240303,0.021868854761123657,-0.006043195724487305,0.005681514739990234,0.20000000298023224,0.11887717247009277
1769651112.8665898,full,goal2.png,0.4398612678050995,0.06058385595679283,-0.36274591088294983,-2.5350425243377686,1.644580364227295,0.6536850929260254,2.979515552520752,0.03822090104222298,-0.33747634291648865,-2.539165735244751,1.6377999782562256,0.846671462059021,3.0672147274017334,-0.022362954914569855,0.02526956796646118,-0.004123210906982422,-0.006780385971069336,0.1929863691329956,0.08769917488098145
1769651112.969944,full,goal2.png,0.43572789430618286,0.05258677899837494,-0.35859599709510803,-2.5369811058044434,1.6446712017059326,0.7126030325889587,2.995539903640747,0.021628571674227715,-0.3272784352302551,-2.5375351905822754,1.6257002353668213,0.8890774250030518,3.0502119064331055,-0.030958207324147224,0.031317561864852905,-0.0005540847778320312,-0.018970966339111328,0.17647439241409302,0.0546720027923584
1769651113.0658133,full,goal2.png,0.4385800361633301,0.04395361617207527,-0.35247698426246643,-2.538313865661621,1.6397336721420288,0.7685219645500183,3.008777618408203,0.0036479346454143524,-0.32150453329086304,-2.533876419067383,1.6121968030929565,0.9335260987281799,3.0314483642578125,-0.04030568152666092,0.030972450971603394,0.004437446594238281,-0.027536869049072266,0.16500413417816162,0.022670745849609375
1769651113.1719515,full,goal2.png,0.4443710148334503,0.02744450233876705,-0.338936448097229,-2.5378293991088867,1.6291919946670532,0.8304992318153381,3.0168957710266113,-0.013996941968798637,-0.31672632694244385,-2.5288166999816895,1.5963361263275146,0.9762255549430847,3.0159153938293457,-0.04144144430756569,0.022210121154785156,0.009012699127197266,-0.032855868339538574,0.14572632312774658,-0.000980377197265625
1769651113.2657325,full,goal2.png,0.44423478841781616,0.009663071483373642,-0.33230262994766235,-2.5359814167022705,1.6173174381256104,0.899867832660675,3.022318124771118,-0.0324816070497036,-0.3118162453174591,-2.522489070892334,1.5775117874145508,1.0151991844177246,3.00173282623291,-0.04214467853307724,0.020486384630203247,0.013492345809936523,-0.03980565071105957,0.11533135175704956,-0.020585298538208008
1769651113.367139,full,goal2.png,0.5289130210876465,-0.005906980484724045,-0.3308486044406891,-2.5328009128570557,1.6020504236221313,0.9575891494750977,3.0224242210388184,-0.051479220390319824,-0.30914902687072754,-2.517932176589966,1.5587964057922363,1.051661729812622,2.9926915168762207,-0.04557223990559578,0.021699577569961548,0.014868736267089844,-0.04325401782989502,0.09407258033752441,-0.029732704162597656
1769651113.4635808,full,goal2.png,0.5828462243080139,-0.025233197957277298,-0.32545650005340576,-2.5284993648529053,1.5847536325454712,0.9976351261138916,3.0081262588500977,-0.07338356971740723,-0.3118772506713867,-2.5165510177612305,1.54115891456604,1.0849575996398926,2.990668773651123,-0.04815037176012993,0.013579249382019043,0.011948347091674805,-0.04359471797943115,0.08732247352600098,-0.01745748519897461
1769651113.565444,full,goal2.png,0.6176709532737732,-0.04628612473607063,-0.32200324535369873,-2.523561954498291,1.56512451171875,1.0391805171966553,2.997205972671509,-0.0919639989733696,-0.3191807270050049,-2.515167713165283,1.5288217067718506,1.1127206087112427,2.991492748260498,-0.045677874237298965,0.0028225183486938477,0.008394241333007812,-0.036302804946899414,0.0735400915145874,-0.005713224411010742
1769651113.664341,full,goal2.png,0.6879022121429443,-0.06697551161050797,-0.3242449164390564,-2.5211989879608154,1.5470099449157715,1.072849988937378,2.9926774501800537,-0.10487382858991623,-0.3242889940738678,-2.5126993656158447,1.5189458131790161,1.1368054151535034,2.9935402870178223,-0.037898316979408264,-4.407763481140137e-05,0.008499622344970703,-0.02806413173675537,0.06395542621612549,0.0008628368377685547
1769651113.7660012,full,goal2.png,0.7520514130592346,-0.08475694060325623,-0.3296974301338196,-2.519472360610962,1.535044550895691,1.100067377090454,2.992056369781494,-0.11432495713233948,-0.3263084292411804,-2.5078649520874023,1.5109748840332031,1.1593008041381836,2.9900856018066406,-0.029568016529083252,0.00338900089263916,0.01160740852355957,-0.024069666862487793,0.05923342704772949,-0.0019707679748535156
1769651113.8633935,full,goal2.png,0.7647475600242615,-0.09872148931026459,-0.335483193397522,-2.5174126625061035,1.5240182876586914,1.1252702474594116,2.992692470550537,-0.13024382293224335,-0.3295915126800537,-2.5005366802215576,1.5028051137924194,1.1767046451568604,2.984276533126831,-0.03152233362197876,0.005891680717468262,0.0168759822845459,-0.021213173866271973,0.05143439769744873,-0.008415937423706055
1769651113.9635024,full,goal2.png,0.7646504044532776,-0.11162585020065308,-0.3379974067211151,-2.5124144554138184,1.5146278142929077,1.150533676147461,2.990481376647949,-0.14964617788791656,-0.33233994245529175,-2.492717981338501,1.4934773445129395,1.1870911121368408,2.9722816944122314,-0.03802032768726349,0.005657464265823364,0.019696474075317383,-0.02115046977996826,0.03655743598937988,-0.018199682235717773
1769651114.0650434,full,goal2.png,0.7782720327377319,-0.12689299881458282,-0.34084486961364746,-2.5066587924957275,1.5066306591033936,1.1682393550872803,2.9848015308380127,-0.17125089466571808,-0.3365930914878845,-2.4869837760925293,1.480932354927063,1.1945490837097168,2.960843086242676,-0.044357895851135254,0.0042517781257629395,0.019675016403198242,-0.025698304176330566,0.026309728622436523,-0.023958444595336914
1769651114.1658154,full,goal2.png,0.7990918159484863,-0.14319005608558655,-0.3443284034729004,-2.4998433589935303,1.4971190690994263,1.1799472570419312,2.9759714603424072,-0.1928725242614746,-0.3414035141468048,-2.4802136421203613,1.4682819843292236,1.1991877555847168,2.954094409942627,-0.04968246817588806,0.002924889326095581,0.019629716873168945,-0.028837084770202637,0.019240498542785645,-0.021877050399780273
1769651114.2637436,full,goal2.png,0.7885202169418335,-0.16627252101898193,-0.3482360541820526,-2.492966890335083,1.4847599267959595,1.189746618270874,2.9653236865997314,-0.21342533826828003,-0.34445422887802124,-2.472975730895996,1.4591779708862305,1.2015091180801392,2.951420545578003,-0.047152817249298096,0.003781825304031372,0.019991159439086914,-0.025581955909729004,0.011762499809265137,-0.013903141021728516
1769651114.3623664,full,goal2.png,0.7934445142745972,-0.18717394769191742,-0.35274967551231384,-2.486090898513794,1.4730671644210815,1.1958807706832886,2.9576752185821533,-0.23361700773239136,-0.34492814540863037,-2.46761417388916,1.4502729177474976,1.2025892734527588,2.9488062858581543,-0.04644306004047394,0.007821530103683472,0.01847672462463379,-0.022794246673583984,0.006708502769470215,-0.008868932723999023
1769651114.4604323,full,goal2.png,0.7982299327850342,-0.20789369940757751,-0.35589995980262756,-2.4799110889434814,1.462828516960144,1.1990916728973389,2.9535553455352783,-0.25395727157592773,-0.3456045687198639,-2.463278293609619,1.4392540454864502,1.2038146257400513,2.9449524879455566,-0.04606357216835022,0.010295391082763672,0.016632795333862305,-0.023574471473693848,0.004722952842712402,-0.00860285758972168
1769651114.5645359,full,goal2.png,0.7923600673675537,-0.2287042886018753,-0.35696014761924744,-2.4745192527770996,1.4533169269561768,1.200439691543579,2.9508442878723145,-0.27413246035575867,-0.3486979901790619,-2.458120346069336,1.4270020723342896,1.2060478925704956,2.941852331161499,-0.04542817175388336,0.008262157440185547,0.016398906707763672,-0.026314854621887207,0.005608201026916504,-0.00899195671081543
1769651114.664355,full,goal2.png,0.795914888381958,-0.24836376309394836,-0.35799020528793335,-2.4694299697875977,1.4425631761550903,1.2021511793136597,2.947375774383545,-0.2971135377883911,-0.3553423583507538,-2.452322244644165,1.4145861864089966,1.208380937576294,2.941213607788086,-0.04874977469444275,0.0026478469371795654,0.017107725143432617,-0.02797698974609375,0.006229758262634277,-0.006162166595458984
1769651114.7654297,full,goal2.png,0.7977834343910217,-0.26744765043258667,-0.3601105809211731,-2.464250326156616,1.4318398237228394,1.204074740409851,2.9442102909088135,-0.3209962844848633,-0.3601043224334717,-2.446260929107666,1.402252435684204,1.207876205444336,2.9423508644104004,-0.05354863405227661,6.258487701416016e-06,0.017989397048950195,-0.029587388038635254,0.0038014650344848633,-0.001859426498413086
1769651114.864513,full,goal2.png,0.8207099437713623,-0.28883376717567444,-0.3647754490375519,-2.458343267440796,1.4205107688903809,1.2059376239776611,2.9424383640289307,-0.3431086242198944,-0.3628454804420471,-2.440392017364502,1.3907111883163452,1.204874038696289,2.943821430206299,-0.05427485704421997,0.0019299685955047607,0.017951250076293945,-0.029799580574035645,-0.0010635852813720703,0.001383066177368164
1769651114.9627917,full,goal2.png,0.8237135410308838,-0.3146122694015503,-0.3711671829223633,-2.4524362087249756,1.4065461158752441,1.2060134410858154,2.9426956176757812,-0.3616352081298828,-0.3658568561077118,-2.4335479736328125,1.3806486129760742,1.2004549503326416,2.9435229301452637,-0.04702293872833252,0.005310326814651489,0.018888235092163086,-0.025897502899169922,-0.005558490753173828,0.0008273124694824219
1769651115.0658948,full,goal2.png,0.8265831470489502,-0.3367859423160553,-0.37583205103874207,-2.446983814239502,1.3956108093261719,1.204862356185913,2.943422794342041,-0.37787842750549316,-0.3688567876815796,-2.4260427951812744,1.3697038888931274,1.196380376815796,2.9411394596099854,-0.041092485189437866,0.006975263357162476,0.02094101905822754,-0.025906920433044434,-0.008481979370117188,-0.002283334732055664
1769651115.162662,full,goal2.png,0.812462568283081,-0.35471880435943604,-0.3791641891002655,-2.4405317306518555,1.3850085735321045,1.2018331289291382,2.943695306777954,-0.3920046091079712,-0.37260738015174866,-2.4176883697509766,1.3581571578979492,1.1933704614639282,2.937042236328125,-0.037285804748535156,0.006556808948516846,0.022843360900878906,-0.026851415634155273,-0.008462667465209961,-0.0066530704498291016
1769651115.2626188,full,goal2.png,0.8121628165245056,-0.3728030323982239,-0.38264772295951843,-2.432776927947998,1.373952031135559,1.1976982355117798,2.942014217376709,-0.40586692094802856,-0.37730252742767334,-2.410604476928711,1.3464404344558716,1.190476417541504,2.9357688426971436,-0.03306388854980469,0.005345195531845093,0.02217245101928711,-0.0275115966796875,-0.007221817970275879,-0.00624537467956543
1769651115.3634424,full,goal2.png,0.8126621246337891,-0.3874037563800812,-0.3857679069042206,-2.4252946376800537,1.3625622987747192,1.1947448253631592,2.9390909671783447,-0.4207996428012848,-0.38122135400772095,-2.4045820236206055,1.3345446586608887,1.1868301630020142,2.935227394104004,-0.03339588642120361,0.004546552896499634,0.020712614059448242,-0.028017640113830566,-0.00791466236114502,-0.0038635730743408203
1769651115.4612498,full,goal2.png,0.8024445176124573,-0.4019136130809784,-0.3898875415325165,-2.418570041656494,1.3503241539001465,1.1918065547943115,2.9372129440307617,-0.4345428943634033,-0.3844585716724396,-2.399872303009033,1.3226702213287354,1.1829216480255127,2.933605432510376,-0.03262928128242493,0.005428969860076904,0.018697738647460938,-0.027653932571411133,-0.008884906768798828,-0.003607511520385742
1769651115.5631595,full,goal2.png,0.7984541654586792,-0.4178774952888489,-0.3941587209701538,-2.411027193069458,1.3379045724868774,1.187701940536499,2.936046600341797,-0.44767963886260986,-0.386839359998703,-2.3959341049194336,1.3105484247207642,1.1784378290176392,2.9290192127227783,-0.029802143573760986,0.007319360971450806,0.015093088150024414,-0.02735614776611328,-0.009264111518859863,-0.007027387619018555
1769651115.6632068,full,goal2.png,0.8037837743759155,-0.43090304732322693,-0.39800581336021423,-2.4059078693389893,1.326242208480835,1.1843698024749756,2.934410810470581,-0.4592353105545044,-0.3888338506221771,-2.391505718231201,1.2995717525482178,1.175469160079956,2.9249134063720703,-0.028332263231277466,0.00917196273803711,0.014402151107788086,-0.026670455932617188,-0.008900642395019531,-0.009497404098510742
1769651115.770877,full,goal2.png,0.798464834690094,-0.4434438645839691,-0.4009441137313843,-2.401545763015747,1.3153067827224731,1.1800986528396606,2.9305942058563232,-0.47189152240753174,-0.3911239802837372,-2.3864216804504395,1.287292718887329,1.1719292402267456,2.922668933868408,-0.028447657823562622,0.009820133447647095,0.015124082565307617,-0.028014063835144043,-0.008169412612915039,-0.007925271987915039
1769651115.8715346,full,goal2.png,0.7950982451438904,-0.45434898138046265,-0.40327662229537964,-2.3982138633728027,1.3042805194854736,1.1768574714660645,2.9270498752593994,-0.485125869512558,-0.39542436599731445,-2.3810222148895264,1.2755627632141113,1.1682926416397095,2.924013376235962,-0.030776888132095337,0.007852256298065186,0.017191648483276367,-0.028717756271362305,-0.00856482982635498,-0.0030364990234375
1769651115.9649544,full,goal2.png,0.7998274564743042,-0.46667781472206116,-0.405730277299881,-2.3938517570495605,1.2924363613128662,1.1732981204986572,2.9240963459014893,-0.49927979707717896,-0.40036651492118835,-2.375725746154785,1.26267671585083,1.164071798324585,2.9264369010925293,-0.0326019823551178,0.005363762378692627,0.01812601089477539,-0.029759645462036133,-0.009226322174072266,0.002340555191040039
1769651116.066948,full,goal2.png,0.8101786375045776,-0.4810059070587158,-0.4094257950782776,-2.3885505199432373,1.280380129814148,1.169920563697815,2.9241721630096436,-0.5137044787406921,-0.40403294563293457,-2.371201753616333,1.2488892078399658,1.1598390340805054,2.9293386936187744,-0.03269857168197632,0.005392849445343018,0.017348766326904297,-0.03149092197418213,-0.01008152961730957,0.005166530609130859
1769651116.164635,full,goal2.png,0.813525915145874,-0.4944252669811249,-0.4142725169658661,-2.3831586837768555,1.268233060836792,1.166133999824524,2.925929069519043,-0.5282895565032959,-0.4056917130947113,-2.3659210205078125,1.232619047164917,1.1540679931640625,2.929708957672119,-0.03386428952217102,0.008580803871154785,0.01723766326904297,-0.035614013671875,-0.012066006660461426,0.003779888153076172
1769651116.26515,full,goal2.png,0.8087828159332275,-0.50929856300354,-0.4186042845249176,-2.377675771713257,1.253420352935791,1.161393404006958,2.928579568862915,-0.543026864528656,-0.40716999769210815,-2.3607726097106934,1.2152204513549805,1.1472604274749756,2.9303407669067383,-0.03372830152511597,0.011434286832809448,0.016903162002563477,-0.03819990158081055,-0.014132976531982422,0.0017611980438232422
1769651116.3635917,full,goal2.png,0.8045203685760498,-0.5241416692733765,-0.42093679308891296,-2.3724961280822754,1.2379714250564575,1.1560317277908325,2.929912567138672,-0.5570266246795654,-0.4079212546348572,-2.3551414012908936,1.198703408241272,1.140468955039978,2.929100513458252,-0.032884955406188965,0.013015538454055786,0.017354726791381836,-0.03926801681518555,-0.015562772750854492,-0.0008120536804199219
1769651116.461793,full,goal2.png,0.800949215888977,-0.5390756130218506,-0.4229663014411926,-2.367861032485962,1.221129059791565,1.149912714958191,2.930215358734131,-0.5713645815849304,-0.4100912809371948,-2.3486876487731934,1.1833821535110474,1.13381028175354,2.9268176555633545,-0.032288968563079834,0.012875020503997803,0.019173383712768555,-0.03774690628051758,-0.01610243320465088,-0.003397703170776367
1769651116.564627,full,goal2.png,0.7985408306121826,-0.552585780620575,-0.4242386221885681,-2.362469434738159,1.2046805620193481,1.1434907913208008,2.9290339946746826,-0.5847564339637756,-0.41360658407211304,-2.341391086578369,1.170473337173462,1.1272375583648682,2.925182819366455,-0.032170653343200684,0.010632038116455078,0.02107834815979004,-0.03420722484588623,-0.016253232955932617,-0.003851175308227539
1769651116.6631122,full,goal2.png,0.8037763833999634,-0.5677620768547058,-0.42593491077423096,-2.3554112911224365,1.188141107559204,1.1361298561096191,2.9272165298461914,-0.5984086990356445,-0.41716432571411133,-2.333916664123535,1.1570453643798828,1.1211886405944824,2.9238665103912354,-0.03064662218093872,0.008770585060119629,0.021494626998901367,-0.03109574317932129,-0.014941215515136719,-0.0033500194549560547
1769651116.7610993,full,goal2.png,0.8004270792007446,-0.5809390544891357,-0.4292670488357544,-2.348353147506714,1.1759032011032104,1.129707932472229,2.9258837699890137,-0.6113237142562866,-0.4197397828102112,-2.326692581176758,1.1443583965301514,1.1158039569854736,2.922635078430176,-0.03038465976715088,0.009527266025543213,0.021660566329956055,-0.03154480457305908,-0.013903975486755371,-0.0032486915588378906
1769651116.8601,full,goal2.png,0.7822712659835815,-0.5943886637687683,-0.433053582906723,-2.341991901397705,1.161211609840393,1.1234982013702393,2.9246721267700195,-0.6239198446273804,-0.4206150770187378,-2.319056272506714,1.1307604312896729,1.1081457138061523,2.916532516479492,-0.02953118085861206,0.01243850588798523,0.02293562889099121,-0.030451178550720215,-0.015352487564086914,-0.008139610290527344
1769651116.9628649,full,goal2.png,0.7841295599937439,-0.608595609664917,-0.43611299991607666,-2.3345401287078857,1.1479133367538452,1.1166218519210815,2.922309160232544,-0.6358042359352112,-0.42374545335769653,-2.3108911514282227,1.11781644821167,1.0989100933074951,2.909015417098999,-0.02720862627029419,0.012367546558380127,0.023648977279663086,-0.030096888542175293,-0.017711758613586426,-0.013293743133544922
1769651117.0612824,full,goal2.png,0.788600504398346,-0.620712399482727,-0.43790027499198914,-2.3266942501068115,1.1348576545715332,1.1105786561965942,2.917720079421997,-0.6482701897621155,-0.4289531111717224,-2.3019614219665527,1.1051491498947144,1.089492917060852,2.9053397178649902,-0.027557790279388428,0.008947163820266724,0.02473282814025879,-0.029708504676818848,-0.021085739135742188,-0.012380361557006836
1769651117.162165,full,goal2.png,0.7924125790596008,-0.6322535872459412,-0.4404144883155823,-2.3184852600097656,1.1227105855941772,1.101975679397583,2.9112071990966797,-0.6612983345985413,-0.4350791573524475,-2.2930562496185303,1.0934734344482422,1.0804892778396606,2.9042320251464844,-0.029044747352600098,0.005335330963134766,0.02542901039123535,-0.02923715114593506,-0.021486401557922363,-0.0069751739501953125
1769651117.2699358,full,goal2.png,0.7873876094818115,-0.6446733474731445,-0.4451400637626648,-2.3106398582458496,1.1093214750289917,1.0930547714233398,2.907254219055176,-0.6739049553871155,-0.4403485357761383,-2.2834343910217285,1.0829795598983765,1.0719032287597656,2.9038474559783936,-0.029231607913970947,0.004791527986526489,0.027205467224121094,-0.026341915130615234,-0.02115154266357422,-0.0034067630767822266
1769651117.3659563,full,goal2.png,0.7781811356544495,-0.657123327255249,-0.4509258568286896,-2.3014309406280518,1.0984163284301758,1.0847395658493042,2.9056031703948975,-0.6869827508926392,-0.44456005096435547,-2.2733383178710938,1.0717225074768066,1.0618171691894531,2.902212619781494,-0.029859423637390137,0.0063658058643341064,0.028092622756958008,-0.02669382095336914,-0.022922396659851074,-0.0033905506134033203
1769651117.4639695,full,goal2.png,0.7881342172622681,-0.6688160300254822,-0.4553484618663788,-2.292767286300659,1.0881171226501465,1.0758792161941528,2.9048004150390625,-0.701151967048645,-0.4481659233570099,-2.262566566467285,1.059877634048462,1.049834132194519,2.8981919288635254,-0.03233593702316284,0.0071825385093688965,0.030200719833374023,-0.02823948860168457,-0.02604508399963379,-0.006608486175537109
1769651117.564497,full,goal2.png,0.7925503253936768,-0.6819627285003662,-0.4596196413040161,-2.2839221954345703,1.0763940811157227,1.0664736032485962,2.902543783187866,-0.7160699963569641,-0.45116838812828064,-2.251910924911499,1.0471153259277344,1.0375537872314453,2.8926844596862793,-0.0341072678565979,0.008451253175735474,0.03201127052307129,-0.02927875518798828,-0.02891981601715088,-0.009859323501586914
1769651117.664637,full,goal2.png,0.7946510314941406,-0.6974115967750549,-0.4643149673938751,-2.27180552482605,1.0642167329788208,1.053766131401062,2.898711681365967,-0.7311745882034302,-0.4547932744026184,-2.239598035812378,1.034186840057373,1.0259532928466797,2.885878086090088,-0.033762991428375244,0.009521692991256714,0.032207489013671875,-0.030029892921447754,-0.027812838554382324,-0.012833595275878906
1769651117.7628276,full,goal2.png,0.7876527309417725,-0.711951732635498,-0.46785905957221985,-2.2608094215393066,1.0510095357894897,1.0418461561203003,2.8943042755126953,-0.7466617822647095,-0.4593282639980316,-2.226564884185791,1.0217689275741577,1.015499472618103,2.879361867904663,-0.034710049629211426,0.008530795574188232,0.034244537353515625,-0.02924060821533203,-0.026346683502197266,-0.014942407608032227
1769651117.861292,full,goal2.png,0.8011860251426697,-0.7267342209815979,-0.47152429819107056,-2.249722719192505,1.0392866134643555,1.0297446250915527,2.8878672122955322,-0.7620413899421692,-0.4638214111328125,-2.213970184326172,1.0095888376235962,1.005733847618103,2.873270034790039,-0.03530716896057129,0.007702887058258057,0.03575253486633301,-0.029697775840759277,-0.024010777473449707,-0.014597177505493164
1769651117.960526,full,goal2.png,0.7911993265151978,-0.7439097166061401,-0.47643157839775085,-2.2355458736419678,1.0245949029922485,1.0184001922607422,2.8803093433380127,-0.7752490043640137,-0.46874475479125977,-2.202075481414795,0.9988781809806824,0.9975411891937256,2.86942982673645,-0.031339287757873535,0.007686823606491089,0.03347039222717285,-0.025716722011566162,-0.0208590030670166,-0.0108795166015625
1769651118.0636163,full,goal2.png,0.7942048907279968,-0.7578743100166321,-0.4801272749900818,-2.2242472171783447,1.0137807130813599,1.009933590888977,2.8752052783966064,-0.7870613932609558,-0.47380319237709045,-2.189509868621826,0.9885523319244385,0.9893105030059814,2.866372585296631,-0.02918708324432373,0.006324082612991333,0.034737348556518555,-0.025228381156921387,-0.020623087882995605,-0.008832693099975586
1769651118.163021,full,goal2.png,0.7939543724060059,-0.7712331414222717,-0.4835502505302429,-2.21122145652771,1.0031481981277466,1.0007703304290771,2.8706462383270264,-0.7979759573936462,-0.47790154814720154,-2.1761324405670166,0.9787613153457642,0.9801123142242432,2.8609559535980225,-0.02674281597137451,0.005648702383041382,0.03508901596069336,-0.024386882781982422,-0.020658016204833984,-0.009690284729003906
1769651118.2629945,full,goal2.png,0.7840495109558105,-0.7830469608306885,-0.4888513386249542,-2.200165033340454,0.9926066994667053,0.992546021938324,2.8673293590545654,-0.8083452582359314,-0.48440152406692505,-2.1618685722351074,0.9678661227226257,0.9707635641098022,2.8568148612976074,-0.02529829740524292,0.004449814558029175,0.03829646110534668,-0.02474057674407959,-0.02178245782852173,-0.010514497756958008
1769651118.3660793,full,goal2.png,0.802892804145813,-0.7956483960151672,-0.4948188066482544,-2.185352325439453,0.9819439053535461,0.9822922348976135,2.862255334854126,-0.8206215500831604,-0.4918572008609772,-2.1469359397888184,0.9572949409484863,0.9606983661651611,2.8532207012176514,-0.024973154067993164,0.0029616057872772217,0.038416385650634766,-0.024648964405059814,-0.021593868732452393,-0.00903463363647461
1769651118.4597187,full,goal2.png,0.7973797917366028,-0.805584192276001,-0.5016041994094849,-2.172205686569214,0.9710387587547302,0.9738256335258484,2.8584537506103516,-0.8332635164260864,-0.5008888840675354,-2.1298203468322754,0.9484738707542419,0.9486148357391357,2.8508481979370117,-0.02767932415008545,0.0007153153419494629,0.04238533973693848,-0.02256488800048828,-0.025210797786712646,-0.007605552673339844
1769651118.5599368,full,goal2.png,0.7606098651885986,-0.8171253800392151,-0.5082987546920776,-2.1572110652923584,0.9612241983413696,0.9638444185256958,2.8539555072784424,-0.8466671705245972,-0.5134774446487427,-2.113950252532959,0.9394500255584717,0.9423280358314514,2.850794553756714,-0.02954179048538208,-0.005178689956665039,0.043260812759399414,-0.02177417278289795,-0.021516382694244385,-0.0031609535217285156
1769651118.6606264,full,goal2.png,0.8013556599617004,-0.8299388885498047,-0.5169320106506348,-2.142549514770508,0.9526212215423584,0.9532422423362732,2.8520166873931885,-0.8579832315444946,-0.529646098613739,-2.0980372428894043,0.931423008441925,0.9370471239089966,2.854454755783081,-0.02804434299468994,-0.012714087963104248,0.044512271881103516,-0.02119821310043335,-0.01619511842727661,0.002438068389892578
1769651118.7631686,full,goal2.png,0.7934048175811768,-0.8439640998840332,-0.5303816795349121,-2.123617172241211,0.9419887065887451,0.9449876546859741,2.8524560928344727,-0.8682804107666016,-0.5485926270484924,-2.080244779586792,0.9236509203910828,0.9323200583457947,2.8605728149414062,-0.02431631088256836,-0.018210947513580322,0.043372392654418945,-0.018337786197662354,-0.012667596340179443,0.008116722106933594
1769651118.8633845,full,goal2.png,0.8051766157150269,-0.8547177314758301,-0.54561847448349,-2.1092588901519775,0.9346883893013,0.9398683309555054,2.8546066284179688,-0.8779823780059814,-0.5646179914474487,-2.0599589347839355,0.9144719839096069,0.9231339693069458,2.8656558990478516,-0.023264646530151367,-0.01899951696395874,0.04929995536804199,-0.020216405391693115,-0.01673436164855957,0.011049270629882812
1769651118.96376,full,goal2.png,0.7969894409179688,-0.8645929098129272,-0.5630969405174255,-2.0922651290893555,0.9267821907997131,0.9343400597572327,2.8596200942993164,-0.8882120847702026,-0.5789742469787598,-2.039196491241455,0.9043076634407043,0.9140326976776123,2.8683342933654785,-0.02361917495727539,-0.01587730646133423,0.05306863784790039,-0.02247452735900879,-0.02030736207962036,0.00871419906616211
1769651119.0611277,full,goal2.png,0.8058000802993774,-0.8754677176475525,-0.5815144181251526,-2.071303129196167,0.9170888066291809,0.9254494309425354,2.8647241592407227,-0.8989154696464539,-0.5942497849464417,-2.01838755607605,0.8927230834960938,0.9056315422058105,2.871005058288574,-0.023447751998901367,-0.012735366821289062,0.05291557312011719,-0.024365723133087158,-0.019817888736724854,0.0062808990478515625
1769651119.1620605,full,goal2.png,0.810713529586792,-0.8851611614227295,-0.5955396294593811,-2.052643060684204,0.9079709053039551,0.9173613786697388,2.867450475692749,-0.9106132984161377,-0.6107679009437561,-1.9964731931686401,0.8807156085968018,0.8972142934799194,2.87109637260437,-0.025452136993408203,-0.015228271484375,0.056169867515563965,-0.02725529670715332,-0.020147085189819336,0.0036458969116210938
1769651119.2602901,full,goal2.png,0.8128013014793396,-0.8955815434455872,-0.6098373532295227,-2.0317113399505615,0.8972172737121582,0.9087585210800171,2.870237350463867,-0.9233691692352295,-0.6269477605819702,-1.9745503664016724,0.8682765960693359,0.887665867805481,2.8703055381774902,-0.027787625789642334,-0.01711040735244751,0.05716097354888916,-0.028940677642822266,-0.021092653274536133,6.818771362304688e-05
1769651119.3604298,full,goal2.png,0.8182803392410278,-0.9074257016181946,-0.6248621940612793,-2.0100526809692383,0.8845552206039429,0.9004887938499451,2.870600938796997,-0.9376472234725952,-0.6423187255859375,-1.9510762691497803,0.8559458255767822,0.876897394657135,2.8672549724578857,-0.030221521854400635,-0.017456531524658203,0.05897641181945801,-0.028609395027160645,-0.02359139919281006,-0.003345966339111328
1769651119.4633613,full,goal2.png,0.7849485278129578,-0.9212691187858582,-0.6445822715759277,-1.9859403371810913,0.8717721104621887,0.8897048234939575,2.8697829246520996,-0.9522974491119385,-0.6598774790763855,-1.9275317192077637,0.8424064517021179,0.8689098358154297,2.864800453186035,-0.031028330326080322,-0.015295207500457764,0.05840861797332764,-0.0293656587600708,-0.020794987678527832,-0.004982471466064453
1769651119.563359,full,goal2.png,0.840019941329956,-0.9342946410179138,-0.6607884168624878,-1.963827133178711,0.8597158789634705,0.880102276802063,2.8684804439544678,-0.9657391309738159,-0.6803741455078125,-1.9063308238983154,0.82941734790802,0.865706205368042,2.8639090061187744,-0.0314444899559021,-0.019585728645324707,0.05749630928039551,-0.03029853105545044,-0.014396071434020996,-0.004571437835693359
1769651119.6642027,full,goal2.png,0.8400925397872925,-0.9479260444641113,-0.6776914000511169,-1.9420472383499146,0.8476293683052063,0.8725293278694153,2.8663902282714844,-0.9774921536445618,-0.7030565142631531,-1.883812427520752,0.8197624683380127,0.8633816838264465,2.8693606853485107,-0.02956610918045044,-0.025365114212036133,0.0582348108291626,-0.027866899967193604,-0.00914764404296875,0.002970457077026367
1769651119.766373,full,goal2.png,0.8616688251495361,-0.9611939191818237,-0.6967752575874329,-1.9211760759353638,0.8347854614257812,0.8682582378387451,2.8648149967193604,-0.9883554577827454,-0.7249632477760315,-1.8588979244232178,0.8127537369728088,0.8551000356674194,2.8771228790283203,-0.02716153860092163,-0.028187990188598633,0.062278151512145996,-0.022031724452972412,-0.013158202171325684,0.012307882308959961
1769651119.864381,full,goal2.png,0.8561374545097351,-0.9737953543663025,-0.7205241322517395,-1.8980634212493896,0.8239107131958008,0.8642141819000244,2.8690712451934814,-1.0000702142715454,-0.7455092668533325,-1.833343505859375,0.8043943643569946,0.843879759311676,2.8851239681243896,-0.02627485990524292,-0.024985134601593018,0.06471991539001465,-0.019516348838806152,-0.02033442258834839,0.016052722930908203
1769651119.9609196,full,goal2.png,0.8439894914627075,-0.9848519563674927,-0.7410622239112854,-1.873345136642456,0.8164286613464355,0.8568987250328064,2.8762049674987793,-1.012750506401062,-0.7657931447029114,-1.8074475526809692,0.7922506332397461,0.8318884372711182,2.887360095977783,-0.027898550033569336,-0.024730920791625977,0.06589758396148682,-0.024178028106689453,-0.025010287761688232,0.011155128479003906
1769651120.0615685,full,goal2.png,0.8508464097976685,-0.9969081282615662,-0.760873019695282,-1.848293662071228,0.8073410391807556,0.8473264575004578,2.8826873302459717,-1.0243250131607056,-0.7858135104179382,-1.7795689105987549,0.7778738737106323,0.822822093963623,2.8846325874328613,-0.027416884899139404,-0.02494049072265625,0.06872475147247314,-0.02946716547012329,-0.024504363536834717,0.0019452571868896484
1769651120.1615546,full,goal2.png,0.8517217636108398,-1.010145664215088,-0.7851976156234741,-1.819637417793274,0.7949515581130981,0.8350127339363098,2.886155843734741,-1.0354951620101929,-0.8070129156112671,-1.749443769454956,0.7653964757919312,0.8130823373794556,2.8778076171875,-0.02534949779510498,-0.02181529998779297,0.07019364833831787,-0.029555082321166992,-0.021930396556854248,-0.008348226547241211
1769651120.262885,full,goal2.png,0.8509641885757446,-1.020990252494812,-0.807765007019043,-1.7941620349884033,0.7823804020881653,0.8261372447013855,2.883702039718628,-1.046497106552124,-0.8292655348777771,-1.7182163000106812,0.7545559406280518,0.8035004138946533,2.8717384338378906,-0.02550685405731201,-0.02150052785873413,0.07594573497772217,-0.027824461460113525,-0.022636830806732178,-0.011963605880737305
1769651120.3636324,full,goal2.png,0.8478753566741943,-1.0319559574127197,-0.8273941278457642,-1.7654149532318115,0.7702333331108093,0.8164740204811096,2.8790977001190186,-1.0580384731292725,-0.852601945400238,-1.6874445676803589,0.7450257539749146,0.7938075661659241,2.8645474910736084,-0.026082515716552734,-0.025207817554473877,0.07797038555145264,-0.025207579135894775,-0.022666454315185547,-0.014550209045410156
1769651120.4638171,full,goal2.png,0.8787485957145691,-1.0435880422592163,-0.8507493734359741,-1.734395980834961,0.7591769099235535,0.8062657117843628,2.8728878498077393,-1.069159746170044,-0.8752018213272095,-1.6578240394592285,0.7359089851379395,0.7851649522781372,2.8606531620025635,-0.025571703910827637,-0.02445244789123535,0.07657194137573242,-0.023267924785614014,-0.021100759506225586,-0.012234687805175781
1769651120.569906,full,goal2.png,0.8855440616607666,-1.0546143054962158,-0.8721657395362854,-1.7051339149475098,0.7485141158103943,0.7969660758972168,2.86704158782959,-1.080330729484558,-0.8986551761627197,-1.6261576414108276,0.7269631624221802,0.77434903383255,2.8550636768341064,-0.025716423988342285,-0.026489436626434326,0.07897627353668213,-0.02155095338821411,-0.022617042064666748,-0.011977910995483398
1769651120.6632888,full,goal2.png,0.891769289970398,-1.065277099609375,-0.8913707733154297,-1.6758415699005127,0.7400020360946655,0.7885448932647705,2.8626794815063477,-1.0922030210494995,-0.9234006404876709,-1.5916002988815308,0.71658855676651,0.7625355124473572,2.8516488075256348,-0.02692592144012451,-0.03202986717224121,0.08424127101898193,-0.023413479328155518,-0.02600938081741333,-0.01103067398071289
1769651120.760809,full,goal2.png,0.8813556432723999,-1.0762730836868286,-0.917361319065094,-1.645155906677246,0.7306721210479736,0.778139591217041,2.857363224029541,-1.1029789447784424,-0.9487524628639221,-1.5579429864883423,0.7079745531082153,0.7524746656417847,2.8491907119750977,-0.02670586109161377,-0.031391143798828125,0.08721292018890381,-0.0226975679397583,-0.025664925575256348,-0.00817251205444336
1769651120.8605216,full,goal2.png,0.8992539048194885,-1.0890865325927734,-0.9479259252548218,-1.608017921447754,0.7193127274513245,0.7654473185539246,2.85269832611084,-1.1130855083465576,-0.972793698310852,-1.5269442796707153,0.6986249685287476,0.7453942894935608,2.846083164215088,-0.02399897575378418,-0.024867773056030273,0.08107364177703857,-0.020687758922576904,-0.02005302906036377,-0.006615161895751953
1769651120.9597428,full,goal2.png,0.9072596430778503,-1.1000522375106812,-0.9726441502571106,-1.5759387016296387,0.7116185426712036,0.7564505934715271,2.850426435470581,-1.1235480308532715,-0.9981037378311157,-1.4937058687210083,0.6896039247512817,0.7365277409553528,2.8411474227905273,-0.023495793342590332,-0.025459587574005127,0.08223283290863037,-0.022014617919921875,-0.019922852516174316,-0.009279012680053711
1769651121.0626316,full,goal2.png,0.9141173958778381,-1.1103514432907104,-0.9949693083763123,-1.544313907623291,0.7025309205055237,0.7484383583068848,2.8473215103149414,-1.1336777210235596,-1.024397850036621,-1.4549559354782104,0.6825869083404541,0.7236309051513672,2.834073543548584,-0.02332627773284912,-0.029428541660308838,0.08935797214508057,-0.01994401216506958,-0.024807453155517578,-0.013247966766357422
1769651121.1625633,full,goal2.png,0.9253110289573669,-1.1206204891204834,-1.0189907550811768,-1.5101749897003174,0.6919892430305481,0.7377150058746338,2.841747760772705,-1.1431478261947632,-1.0505390167236328,-1.4138612747192383,0.6789900064468384,0.7085431814193726,2.8272452354431152,-0.022527337074279785,-0.031548261642456055,0.0963137149810791,-0.012999236583709717,-0.02917182445526123,-0.014502525329589844
1769651121.265188,full,goal2.png,0.9196301698684692,-1.1303138732910156,-1.0456174612045288,-1.4742789268493652,0.6856279373168945,0.726719081401825,2.8353259563446045,-1.1518840789794922,-1.0763204097747803,-1.3747584819793701,0.6756424903869629,0.6958504319190979,2.8217179775238037,-0.021570205688476562,-0.030702948570251465,0.09952044486999512,-0.00998544692993164,-0.03086864948272705,-0.013607978820800781
1769651121.366293,full,goal2.png,0.8833233118057251,-1.140158772468567,-1.0750612020492554,-1.4366563558578491,0.6814780235290527,0.713208794593811,2.829237222671509,-1.1601178646087646,-1.1011037826538086,-1.3377118110656738,0.6722924709320068,0.6842053532600403,2.818551778793335,-0.019959092140197754,-0.026042580604553223,0.09894454479217529,-0.009185552597045898,-0.029003441333770752,-0.010685443878173828
1769651121.460592,full,goal2.png,0.9093350768089294,-1.1487616300582886,-1.1011122465133667,-1.3986096382141113,0.6780246496200562,0.7010011672973633,2.82411789894104,-1.1672649383544922,-1.126356601715088,-1.3043265342712402,0.6702530384063721,0.6752768158912659,2.8158624172210693,-0.018503308296203613,-0.02524435520172119,0.0942831039428711,-0.007771611213684082,-0.025724351406097412,-0.008255481719970703
1769651121.5602667,full,goal2.png,0.8861124515533447,-1.1576069593429565,-1.1263151168823242,-1.3579578399658203,0.6741169691085815,0.6875818371772766,2.82002854347229,-1.172931432723999,-1.1516015529632568,-1.27316153049469,0.6728496551513672,0.6677553653717041,2.813432455062866,-0.01532447338104248,-0.025286436080932617,0.08479630947113037,-0.0012673139572143555,-0.01982647180557251,-0.006596088409423828
1769651121.6618924,full,goal2.png,0.911526083946228,-1.164392352104187,-1.1483980417251587,-1.3218196630477905,0.6720268726348877,0.6790698170661926,2.817150831222534,-1.1775635480880737,-1.1754133701324463,-1.2423982620239258,0.6795464754104614,0.6580657362937927,2.808053731918335,-0.013171195983886719,-0.027015328407287598,0.07942140102386475,0.0075196027755737305,-0.021004080772399902,-0.009097099304199219
1769651121.7611625,full,goal2.png,0.8827575445175171,-1.1708142757415771,-1.1739643812179565,-1.2914366722106934,0.6730265021324158,0.6706183552742004,2.8141517639160156,-1.1818856000900269,-1.197741150856018,-1.2121793031692505,0.6852405071258545,0.6469804644584656,2.8025529384613037,-0.011071324348449707,-0.023776769638061523,0.07925736904144287,0.01221400499343872,-0.023637890815734863,-0.011598825454711914
1769651121.8620956,full,goal2.png,0.852767825126648,-1.1767817735671997,-1.2047713994979858,-1.2591153383255005,0.6786608695983887,0.6601221561431885,2.8092293739318848,-1.183154582977295,-1.219787359237671,-1.1850504875183105,0.6920104622840881,0.6413161754608154,2.7972774505615234,-0.006372809410095215,-0.015015959739685059,0.07406485080718994,0.013349592685699463,-0.018805980682373047,-0.011951923370361328
1769651121.962695,full,goal2.png,0.8540025353431702,-1.1800835132598877,-1.2280961275100708,-1.2302167415618896,0.6833864450454712,0.6512011885643005,2.8047916889190674,-1.1849212646484375,-1.2427587509155273,-1.1569395065307617,0.69590824842453,0.6372683048248291,2.791430950164795,-0.004837751388549805,-0.014662623405456543,0.07327723503112793,0.012521803379058838,-0.013932883739471436,-0.013360738754272461
1769651122.0630226,full,goal2.png,0.8411542177200317,-1.1816890239715576,-1.2475435733795166,-1.2029236555099487,0.6893236637115479,0.6440220475196838,2.7993087768554688,-1.1877405643463135,-1.2649319171905518,-1.1295154094696045,0.6984266638755798,0.6336029767990112,2.783252239227295,-0.006051540374755859,-0.017388343811035156,0.07340824604034424,0.009103000164031982,-0.010419070720672607,-0.016056537628173828
1769651122.1610732,full,goal2.png,0.8134300708770752,-1.1837791204452515,-1.2690811157226562,-1.1720560789108276,0.6936553716659546,0.6378121376037598,2.7924325466156006,-1.1917998790740967,-1.2842280864715576,-1.1040735244750977,0.6972813606262207,0.6287325620651245,2.7760376930236816,-0.008020758628845215,-0.015146970748901367,0.06798255443572998,0.0036259889602661133,-0.009079575538635254,-0.016394853591918945
1769651122.2612324,full,goal2.png,0.801715075969696,-1.1868689060211182,-1.2909215688705444,-1.144551157951355,0.6962907314300537,0.6337379217147827,2.785571336746216,-1.1940487623214722,-1.2992876768112183,-1.085308313369751,0.7005888819694519,0.6285775303840637,2.7729992866516113,-0.007179856300354004,-0.008366107940673828,0.059242844581604004,0.004298150539398193,-0.005160391330718994,-0.012572050094604492
1769651122.3618445,full,goal2.png,0.7813805341720581,-1.1913824081420898,-1.3116110563278198,-1.1206203699111938,0.696835994720459,0.6304360628128052,2.7796342372894287,-1.1943790912628174,-1.3138959407806396,-1.0668423175811768,0.7079581618309021,0.6312779784202576,2.769132614135742,-0.002996683120727539,-0.0022848844528198242,0.05377805233001709,0.011122167110443115,0.0008419156074523926,-0.010501623153686523
1769651122.4624224,full,goal2.png,0.757900059223175,-1.1936240196228027,-1.3326033353805542,-1.0998402833938599,0.7005619406700134,0.6296939253807068,2.7747721672058105,-1.1957483291625977,-1.3294920921325684,-1.0436484813690186,0.7169963121414185,0.6274323463439941,2.761448383331299,-0.002124309539794922,0.00311124324798584,0.05619180202484131,0.01643437147140503,-0.0022615790367126465,-0.013323783874511719
1769651122.5632112,full,goal2.png,0.7481555938720703,-1.1936240196228027,-1.3482036590576172,-1.0793930292129517,0.7073776125907898,0.6297999620437622,2.7699103355407715,-1.1973731517791748,-1.3467705249786377,-1.0165741443634033,0.7226685285568237,0.6219303011894226,2.753365993499756,-0.0037491321563720703,0.0014331340789794922,0.06281888484954834,0.015290915966033936,-0.0078696608543396,-0.016544342041015625
1769651122.6623583,full,goal2.png,0.7482411861419678,-1.19371497631073,-1.3617441654205322,-1.0584310293197632,0.7141630053520203,0.627422034740448,2.763594627380371,-1.1993802785873413,-1.3642977476119995,-0.9900290966033936,0.7282348275184631,0.6167944669723511,2.743464231491089,-0.005665302276611328,-0.002553582191467285,0.06840193271636963,0.014071822166442871,-0.010627567768096924,-0.020130395889282227
1769651122.764439,full,goal2.png,0.7489743828773499,-1.1965926885604858,-1.3759814500808716,-1.0326828956604004,0.7197669148445129,0.6228630542755127,2.7560973167419434,-1.2012746334075928,-1.3824400901794434,-0.9630083441734314,0.7311517000198364,0.6142805218696594,2.7321834564208984,-0.004681944847106934,-0.006458640098571777,0.069674551486969,0.011384785175323486,-0.008582532405853271,-0.023913860321044922
1769651122.863011,full,goal2.png,0.7431649565696716,-1.1991069316864014,-1.3893704414367676,-1.0062986612319946,0.7255527377128601,0.618107259273529,2.7470703125,-1.2029935121536255,-1.3980467319488525,-0.9395228624343872,0.739295482635498,0.6085752248764038,2.7208974361419678,-0.003886580467224121,-0.008676290512084961,0.06677579879760742,0.01374274492263794,-0.009532034397125244,-0.026172876358032227
1769651122.9625835,full,goal2.png,0.7373318672180176,-1.2000762224197388,-1.4016386270523071,-0.9792478680610657,0.7297330498695374,0.6150780916213989,2.736316680908203,-1.202934741973877,-1.407690405845642,-0.9248365163803101,0.751086950302124,0.6071240901947021,2.71343731880188,-0.0028585195541381836,-0.006051778793334961,0.054411351680755615,0.02135390043258667,-0.007954001426696777,-0.022879362106323242
1769651123.0619097,full,goal2.png,0.7384418249130249,-1.2009546756744385,-1.4156638383865356,-0.9561957120895386,0.7373061180114746,0.6105039715766907,2.7253811359405518,-1.2009599208831787,-1.4107714891433716,-0.9162567853927612,0.7642465829849243,0.6045845150947571,2.7063705921173096,-5.245208740234375e-06,0.0048923492431640625,0.039938926696777344,0.026940464973449707,-0.005919456481933594,-0.019010543823242188
1769651123.160943,full,goal2.png,0.7329258322715759,-1.2011667490005493,-1.4289621114730835,-0.9372632503509521,0.7484838366508484,0.6078231334686279,2.716369390487671,-1.198568344116211,-1.4107134342193604,-0.9107547402381897,0.7784046530723572,0.6007888317108154,2.6995885372161865,0.002598404884338379,0.018248677253723145,0.02650851011276245,0.02992081642150879,-0.0070343017578125,-0.016780853271484375
1769651123.2617128,full,goal2.png,0.7239075899124146,-1.2005003690719604,-1.4337178468704224,-0.9276910424232483,0.761993944644928,0.6042487025260925,2.709038734436035,-1.1980687379837036,-1.410618543624878,-0.9033197164535522,0.79375159740448,0.5914034843444824,2.690115213394165,0.002431631088256836,0.023099303245544434,0.024371325969696045,0.031757652759552,-0.012845218181610107,-0.018923521041870117
1769651123.3617926,full,goal2.png,0.7238878011703491,-1.1991372108459473,-1.434293508529663,-0.9202997088432312,0.7739592790603638,0.6004621982574463,2.7022836208343506,-1.1979408264160156,-1.4116339683532715,-0.8956491947174072,0.8096328973770142,0.5856900811195374,2.6794614791870117,0.0011963844299316406,0.0226595401763916,0.024650514125823975,0.03567361831665039,-0.014772117137908936,-0.022822141647338867
1769651123.4620383,full,goal2.png,0.7310413718223572,-1.1973803043365479,-1.4344146251678467,-0.9121512174606323,0.7906805276870728,0.5924953818321228,2.692075252532959,-1.1973450183868408,-1.4098122119903564,-0.8950778245925903,0.8242517709732056,0.5845092535018921,2.6661734580993652,3.528594970703125e-05,0.024602413177490234,0.017073392868041992,0.03357124328613281,-0.007986128330230713,-0.02590179443359375
1769651123.5625088,full,goal2.png,0.7283594608306885,-1.1961079835891724,-1.436020016670227,-0.9062442779541016,0.8053721189498901,0.5875123739242554,2.681457996368408,-1.1950113773345947,-1.4063994884490967,-0.8987350463867188,0.8379909992218018,0.5838080048561096,2.6542248725891113,0.0010966062545776367,0.02962052822113037,0.0075092315673828125,0.03261888027191162,-0.003704369068145752,-0.027233123779296875
1769651123.6633728,full,goal2.png,0.7244683504104614,-1.1955324411392212,-1.4367167949676514,-0.9043964743614197,0.8197910785675049,0.5856342911720276,2.6699469089508057,-1.1914825439453125,-1.4027259349822998,-0.9024544358253479,0.8532074689865112,0.5818854570388794,2.6465530395507812,0.004049897193908691,0.03399085998535156,0.0019420385360717773,0.03341639041900635,-0.0037488341331481934,-0.023393869400024414
1769651123.7637165,full,goal2.png,0.7443194389343262,-1.1944116353988647,-1.435595989227295,-0.9051538109779358,0.8326045274734497,0.5837107300758362,2.659269094467163,-1.1893681287765503,-1.4011982679367065,-0.9028193950653076,0.8706416487693787,0.5796560049057007,2.6402268409729004,0.005043506622314453,0.03439772129058838,0.002334415912628174,0.038037121295928955,-0.004054725170135498,-0.019042253494262695
1769651123.862121,full,goal2.png,0.744387149810791,-1.1918065547943115,-1.433354377746582,-0.9072742462158203,0.8503252863883972,0.582287073135376,2.6497271060943604,-1.190182089805603,-1.4025810956954956,-0.8977079391479492,0.8887330293655396,0.5742090344429016,2.6302783489227295,0.001624464988708496,0.030773282051086426,0.009566307067871094,0.038407742977142334,-0.008078038692474365,-0.01944875717163086
1769651123.96182,full,goal2.png,0.7316027283668518,-1.1895952224731445,-1.431748867034912,-0.9078497886657715,0.8666526675224304,0.5797273516654968,2.642169237136841,-1.1926745176315308,-1.4071847200393677,-0.8877885341644287,0.9046735763549805,0.5671073794364929,2.6181957721710205,-0.0030792951583862305,0.024564146995544434,0.020061254501342773,0.03802090883255005,-0.012619972229003906,-0.023973464965820312
1769651124.0632,full,goal2.png,0.7267348766326904,-1.1890802383422852,-1.431930661201477,-0.9053961038589478,0.8837978839874268,0.5745171308517456,2.6322333812713623,-1.1980758905410767,-1.4136682748794556,-0.8753464221954346,0.9155173301696777,0.5565850734710693,2.6059916019439697,-0.008995652198791504,0.018262386322021484,0.030049681663513184,0.03171944618225098,-0.01793205738067627,-0.026241779327392578
1769651124.1609929,full,goal2.png,0.7255547642707825,-1.1905949115753174,-1.4358383417129517,-0.8969143629074097,0.9008219242095947,0.5663837194442749,2.620828628540039,-1.2044196128845215,-1.4205178022384644,-0.8624507188796997,0.9273970723152161,0.5439366102218628,2.5920581817626953,-0.013824701309204102,0.015320539474487305,0.03446364402770996,0.026575148105621338,-0.02244710922241211,-0.02877044677734375
1769651124.2625172,full,goal2.png,0.7203162312507629,-1.1947145462036133,-1.4413816928863525,-0.8851004838943481,0.9120906591415405,0.5569175481796265,2.6091208457946777,-1.2108595371246338,-1.4260972738265991,-0.8516756296157837,0.9397702217102051,0.5312280654907227,2.5763440132141113,-0.016144990921020508,0.015284419059753418,0.03342485427856445,0.02767956256866455,-0.02568948268890381,-0.032776832580566406
1769651124.3630157,full,goal2.png,0.6818622350692749,-1.200773000717163,-1.4466525316238403,-0.8748618364334106,0.9232986569404602,0.5463456511497498,2.5966708660125732,-1.215482234954834,-1.432828426361084,-0.8394161462783813,0.9477375745773315,0.5225802063941956,2.562668800354004,-0.014709234237670898,0.013824105262756348,0.0354456901550293,0.024438917636871338,-0.0237654447555542,-0.034002065658569336
1769651124.4622405,full,goal2.png,0.6724358797073364,-1.2073463201522827,-1.4522262811660767,-0.8620786070823669,0.9361423850059509,0.5338804721832275,2.5807220935821533,-1.220719814300537,-1.4425004720687866,-0.8229626417160034,0.9515531659126282,0.5141189098358154,2.549929141998291,-0.013373494148254395,0.009725809097290039,0.039115965366363525,0.015410780906677246,-0.01976156234741211,-0.030792951583862305
1769651124.5624313,full,goal2.png,0.6674602031707764,-1.211496353149414,-1.4594054222106934,-0.8494468331336975,0.9442000985145569,0.5250200629234314,2.5669240951538086,-1.2272675037384033,-1.4568848609924316,-0.7993262410163879,0.9527623653411865,0.5007370114326477,2.5399057865142822,-0.015771150588989258,0.0025205612182617188,0.05012059211730957,0.008562266826629639,-0.02428305149078369,-0.027018308639526367
1769651124.6628528,full,goal2.png,0.6577421426773071,-1.2155554294586182,-1.4682810306549072,-0.8326045870780945,0.9494709372520447,0.5151296854019165,2.5539441108703613,-1.234422206878662,-1.4704501628875732,-0.7750044465065002,0.9553393125534058,0.4825354218482971,2.5302720069885254,-0.018866777420043945,-0.0021691322326660156,0.05760014057159424,0.005868375301361084,-0.032594263553619385,-0.023672103881835938
1769651124.7613008,full,goal2.png,0.6765835285186768,-1.2216137647628784,-1.480004072189331,-0.8110367059707642,0.9521668553352356,0.5022859573364258,2.542099952697754,-1.2391771078109741,-1.4809775352478027,-0.7538716793060303,0.9565690755844116,0.4663070738315582,2.5233724117279053,-0.017563343048095703,-0.0009734630584716797,0.05716502666473389,0.004402220249176025,-0.035978883504867554,-0.018727540969848633
1769651124.8619468,full,goal2.png,0.6494585871696472,-1.2284295558929443,-1.4922722578048706,-0.7879844903945923,0.9544084668159485,0.48621612787246704,2.5322699546813965,-1.2396966218948364,-1.4834380149841309,-0.7436256408691406,0.9622803330421448,0.45291581749916077,2.509596586227417,-0.01126706600189209,0.008834242820739746,0.04435884952545166,0.007871866226196289,-0.033300310373306274,-0.022673368453979492
1769651124.962045,full,goal2.png,0.6341230869293213,-1.2337002754211426,-1.5008145570755005,-0.7687793970108032,0.9568621516227722,0.4701613187789917,2.524182081222534,-1.2392902374267578,-1.4819951057434082,-0.7409921884536743,0.9715580940246582,0.4426310658454895,2.4849507808685303,-0.005589962005615234,0.018819451332092285,0.027787208557128906,0.014695942401885986,-0.027530252933502197,-0.039231300354003906
1769651125.0615287,full,goal2.png,0.6182042360305786,-1.2358510494232178,-1.505570411682129,-0.7558144927024841,0.961799681186676,0.4555000960826874,2.509823799133301,-1.2371476888656616,-1.4770587682724,-0.7420369386672974,0.9797479510307312,0.4367610812187195,2.457329750061035,-0.0012966394424438477,0.028511643409729004,0.013777554035186768,0.017948269844055176,-0.018739014863967896,-0.052494049072265625
1769651125.164743,full,goal2.png,0.5654724836349487,-1.2358813285827637,-1.5066912174224854,-0.7505436539649963,0.9689486622810364,0.44583696126937866,2.488013505935669,-1.2348928451538086,-1.4723377227783203,-0.7414758205413818,0.9811094999313354,0.4348735809326172,2.4380557537078857,0.0009884834289550781,0.03435349464416504,0.009067833423614502,0.012160837650299072,-0.010963380336761475,-0.0499577522277832
1769651125.2642906,full,goal2.png,0.5719104409217834,-1.2351542711257935,-1.5049644708633423,-0.7494228482246399,0.976370096206665,0.43903639912605286,2.4656429290771484,-1.2338505983352661,-1.4693957567214966,-0.7408593893051147,0.9823278188705444,0.43332982063293457,2.427072048187256,0.0013036727905273438,0.0355687141418457,0.008563458919525146,0.0059577226638793945,-0.005706578493118286,-0.03857088088989258
1769651125.364856,full,goal2.png,0.5626472234725952,-1.2336699962615967,-1.5021171569824219,-0.7490290999412537,0.980186939239502,0.4357951283454895,2.4441962242126465,-1.2331771850585938,-1.471201777458191,-0.7379237413406372,0.9866583347320557,0.4339560270309448,2.417752742767334,0.0004928112030029297,0.030915379524230957,0.011105358600616455,0.006471395492553711,-0.0018391013145446777,-0.0264434814453125
1769651125.4615903,full,goal2.png,0.5806764960289001,-1.2320342063903809,-1.4998754262924194,-0.7483323812484741,0.9824891686439514,0.43385645747184753,2.4316554069519043,-1.2338577508926392,-1.4763920307159424,-0.7299960255622864,0.990374743938446,0.4342760145664215,2.4133570194244385,-0.0018235445022583008,0.02348339557647705,0.018336355686187744,0.007885575294494629,0.0004195570945739746,-0.01829838752746582
1769651125.5615835,full,goal2.png,0.6008355021476746,-1.231519341468811,-1.499693751335144,-0.7455757260322571,0.9860332608222961,0.4338867664337158,2.421992301940918,-1.236478567123413,-1.4803688526153564,-0.7192708849906921,1.0003914833068848,0.4291226863861084,2.4056358337402344,-0.004959225654602051,0.019324898719787598,0.02630484104156494,0.014358222484588623,-0.004764080047607422,-0.016356468200683594
1769651125.6617265,full,goal2.png,0.5809524655342102,-1.2318525314331055,-1.502722978591919,-0.7393356561660767,0.9906982779502869,0.43328091502189636,2.415024995803833,-1.2396233081817627,-1.4801347255706787,-0.7140743732452393,1.0181069374084473,0.4186210632324219,2.397171974182129,-0.0077707767486572266,0.022588253021240234,0.025261282920837402,0.0274086594581604,-0.014659851789474487,-0.0178530216217041
1769651125.7612069,full,goal2.png,0.545876145362854,-1.2330036163330078,-1.5063883066177368,-0.7308841943740845,0.9996040463447571,0.4287371039390564,2.4075732231140137,-1.2435123920440674,-1.4781750440597534,-0.7089042663574219,1.0393486022949219,0.41016680002212524,2.383531332015991,-0.01050877571105957,0.0282132625579834,0.021979928016662598,0.039744555950164795,-0.018570303916931152,-0.02404189109802246
1769651125.8631158,full,goal2.png,0.4482108950614929,-1.235608696937561,-1.5079028606414795,-0.7247046232223511,1.0157496929168701,0.4199524223804474,2.398092031478882,-1.2462469339370728,-1.473551630973816,-0.7093998193740845,1.0604313611984253,0.4060136079788208,2.368852138519287,-0.010638236999511719,0.034351229667663574,0.015304803848266602,0.044681668281555176,-0.013938814401626587,-0.029239892959594727
1769651125.963023,full,goal2.png,0.4322746694087982,-1.239092230796814,-1.5076302289962769,-0.7196761965751648,1.0362269878387451,0.41219770908355713,2.3853087425231934,-1.2469173669815063,-1.465973138809204,-0.7149256467819214,1.082688808441162,0.40172243118286133,2.3514914512634277,-0.007825136184692383,0.041657090187072754,0.004750549793243408,0.04646182060241699,-0.0104752779006958,-0.033817291259765625
1769651126.06165,full,goal2.png,0.4621387720108032,-1.242091178894043,-1.5051159858703613,-0.7189491987228394,1.055644154548645,0.4067905843257904,2.371450185775757,-1.2479040622711182,-1.4610211849212646,-0.7191786766052246,1.1018521785736084,0.3977177143096924,2.334747314453125,-0.005812883377075195,0.04409480094909668,-0.0002294778823852539,0.04620802402496338,-0.009072870016098022,-0.036702871322631836
1769651126.161103,full,goal2.png,0.4975373446941376,-1.2448477745056152,-1.500329852104187,-0.7217360138893127,1.077242374420166,0.40254974365234375,2.3548197746276855,-1.2489182949066162,-1.4587103128433228,-0.7209972739219666,1.1148388385772705,0.3940967917442322,2.3215439319610596,-0.0040705204010009766,0.04161953926086426,0.0007387399673461914,0.03759646415710449,-0.008452951908111572,-0.03327584266662598
1769651126.261212,full,goal2.png,0.49661821126937866,-1.2458473443984985,-1.4963918924331665,-0.7252801656723022,1.0972349643707275,0.39832401275634766,2.338447093963623,-1.2506389617919922,-1.4608395099639893,-0.7226606607437134,1.1249423027038574,0.39228469133377075,2.3100550174713135,-0.004791617393493652,0.035552382469177246,0.002619504928588867,0.027707338333129883,-0.006039321422576904,-0.02839207649230957
1769651126.3598778,full,goal2.png,0.5040916800498962,-1.2452112436294556,-1.494634985923767,-0.7272491455078125,1.1101092100143433,0.3947949707508087,2.3255274295806885,-1.2519221305847168,-1.4609951972961426,-0.7254465818405151,1.1377770900726318,0.3923380672931671,2.298081159591675,-0.0067108869552612305,0.03363978862762451,0.0018025636672973633,0.027667880058288574,-0.0024569034576416016,-0.027446269989013672
1769651126.4610405,full,goal2.png,0.5116826295852661,-1.246332049369812,-1.4944229125976562,-0.7288546562194824,1.1228922605514526,0.39334094524383545,2.3132290840148926,-1.2529003620147705,-1.4609158039093018,-0.7255383729934692,1.1510875225067139,0.3948553800582886,2.284723997116089,-0.006568312644958496,0.03350710868835449,0.0033162832260131836,0.02819526195526123,0.001514434814453125,-0.02850508689880371
1769651126.5633385,full,goal2.png,0.5032347440719604,-1.2487554550170898,-1.4939686059951782,-0.7306115627288818,1.1351605653762817,0.39367419481277466,2.300718307495117,-1.2537572383880615,-1.461869478225708,-0.7242567539215088,1.163454532623291,0.398101806640625,2.2703046798706055,-0.00500178337097168,0.032099127769470215,0.006354808807373047,0.028293967247009277,0.004427611827850342,-0.03041362762451172
1769651126.6605628,full,goal2.png,0.5087302923202515,-1.2496641874313354,-1.4937868118286133,-0.7310659885406494,1.148307204246521,0.39523419737815857,2.287132501602173,-1.2535432577133179,-1.463292121887207,-0.7244118452072144,1.1744295358657837,0.39896899461746216,2.2574422359466553,-0.003879070281982422,0.03049468994140625,0.006654143333435059,0.026122331619262695,0.003734797239303589,-0.029690265655517578
1769651126.76071,full,goal2.png,0.5147145390510559,-1.2503002882003784,-1.4939080476760864,-0.7308841943740845,1.159787893295288,0.3973243832588196,2.2742886543273926,-1.2537263631820679,-1.463017225265503,-0.7270081043243408,1.1877317428588867,0.39774811267852783,2.2446022033691406,-0.003426074981689453,0.030890822410583496,0.0038760900497436523,0.027943849563598633,0.00042372941970825195,-0.029686450958251953
1769651126.860561,full,goal2.png,0.5250952243804932,-1.2505426406860352,-1.4941504001617432,-0.7309750318527222,1.1734797954559326,0.39849063754081726,2.2590065002441406,-1.254501461982727,-1.460662603378296,-0.7294834852218628,1.2015210390090942,0.3953295052051544,2.2337465286254883,-0.0039588212966918945,0.033487796783447266,0.001491546630859375,0.02804124355316162,-0.003161132335662842,-0.025259971618652344
1769651126.961522,full,goal2.png,0.5247591137886047,-1.2508455514907837,-1.4938172101974487,-0.7324290871620178,1.185505747795105,0.39727887511253357,2.2482831478118896,-1.2550711631774902,-1.456595778465271,-0.7327262759208679,1.215907096862793,0.3924413323402405,2.2240262031555176,-0.004225611686706543,0.037221431732177734,-0.00029718875885009766,0.03040134906768799,-0.004837542772293091,-0.02425694465637207
1769651127.0606217,full,goal2.png,0.5231215953826904,-1.251390814781189,-1.4924236536026,-0.7346706986427307,1.1984405517578125,0.3954765796661377,2.236575126647949,-1.254845142364502,-1.4526379108428955,-0.7352986335754395,1.2287917137145996,0.3898196816444397,2.2148847579956055,-0.0034543275833129883,0.03978574275970459,-0.0006279349327087402,0.03035116195678711,-0.005656898021697998,-0.02169036865234375
1769651127.1605885,full,goal2.png,0.5155754089355469,-1.2522087097167969,-1.489788293838501,-0.7378513813018799,1.2134045362472534,0.39302292466163635,2.225972890853882,-1.254152536392212,-1.4500716924667358,-0.7355538010597229,1.240267276763916,0.38541537523269653,2.2044599056243896,-0.001943826675415039,0.03971660137176514,0.0022975802421569824,0.026862740516662598,-0.007607549428939819,-0.021512985229492188
1769651127.2611775,full,goal2.png,0.575736403465271,-1.2525721788406372,-1.4871529340744019,-0.7403655648231506,1.2258546352386475,0.38979682326316833,2.217264175415039,-1.253934383392334,-1.4479867219924927,-0.7353378534317017,1.251621961593628,0.3817853331565857,2.191063642501831,-0.0013622045516967773,0.03916621208190918,0.005027711391448975,0.02576732635498047,-0.008011490106582642,-0.026200532913208008
1769651127.3612738,full,goal2.png,0.5974726676940918,-1.2522389888763428,-1.4849718809127808,-0.7414257526397705,1.237486720085144,0.38616180419921875,2.2063891887664795,-1.2550404071807861,-1.4439823627471924,-0.7361136674880981,1.2657619714736938,0.37742963433265686,2.1766462326049805,-0.0028014183044433594,0.04098951816558838,0.005312085151672363,0.028275251388549805,-0.00873216986656189,-0.029742956161499023
1769651127.4605005,full,goal2.png,0.5684734582901001,-1.2519360780715942,-1.482699990272522,-0.7419407367706299,1.2486947774887085,0.38225406408309937,2.193545341491699,-1.2572745084762573,-1.4397873878479004,-0.7374032735824585,1.2788965702056885,0.3717535138130188,2.1631760597229004,-0.005338430404663086,0.04291260242462158,0.004537463188171387,0.03020179271697998,-0.010500550270080566,-0.030369281768798828
1769651127.5607014,full,goal2.png,0.5235209465026855,-1.2525418996810913,-1.4787923097610474,-0.7427283525466919,1.2639315128326416,0.377361923456192,2.179293155670166,-1.2578120231628418,-1.4360020160675049,-0.7368370294570923,1.2896153926849365,0.3697058856487274,2.149658679962158,-0.005270123481750488,0.04279029369354248,0.005891323089599609,0.025683879852294922,-0.0076560378074646,-0.029634475708007812
1769651127.6616983,full,goal2.png,0.5276614427566528,-1.254389762878418,-1.474824070930481,-0.7434553503990173,1.275654673576355,0.3731967806816101,2.1659798622131348,-1.257793664932251,-1.4354749917984009,-0.7327558994293213,1.3011462688446045,0.365652859210968,2.1348116397857666,-0.003403902053833008,0.03934907913208008,0.010699450969696045,0.02549159526824951,-0.00754392147064209,-0.031168222427368164
1769651127.7610626,full,goal2.png,0.5627917051315308,-1.255601406097412,-1.4721887111663818,-0.7433038949966431,1.2874987125396729,0.3701069951057434,2.1521363258361816,-1.2570797204971313,-1.435522437095642,-0.7261532545089722,1.3152949810028076,0.3621252179145813,2.1208090782165527,-0.0014783143997192383,0.036666274070739746,0.0171506404876709,0.027796268463134766,-0.00798177719116211,-0.031327247619628906
1769651127.8614326,full,goal2.png,0.5392772555351257,-1.255661964416504,-1.4710980653762817,-0.7407593727111816,1.2996760606765747,0.36583587527275085,2.137141704559326,-1.2567062377929688,-1.4329402446746826,-0.7234804630279541,1.3302396535873413,0.35782039165496826,2.1094071865081787,-0.0010442733764648438,0.03815782070159912,0.01727890968322754,0.0305635929107666,-0.008015483617782593,-0.02773451805114746
1769651127.960104,full,goal2.png,0.5316777229309082,-1.2550864219665527,-1.4705528020858765,-0.7370637059211731,1.3142162561416626,0.36245837807655334,2.123555898666382,-1.2565993070602417,-1.4310519695281982,-0.7217651009559631,1.3437211513519287,0.3561401963233948,2.1004509925842285,-0.0015128850936889648,0.03950083255767822,0.015298604965209961,0.029504895210266113,-0.006318181753158569,-0.02310490608215332
1769651128.0609176,full,goal2.png,0.5497300624847412,-1.2549653053283691,-1.468947410583496,-0.7344889640808105,1.3266966342926025,0.3589444160461426,2.1129233837127686,-1.256339430809021,-1.430330514907837,-0.7214500904083252,1.3552898168563843,0.35600411891937256,2.092482566833496,-0.0013741254806518555,0.03861689567565918,0.013038873672485352,0.02859318256378174,-0.0029402971267700195,-0.02044081687927246
1769651128.1744819,full,goal2.png,0.5755859613418579,-1.2550561428070068,-1.4667664766311646,-0.7327016592025757,1.3404490947723389,0.357126921415329,2.1043810844421387,-1.2561705112457275,-1.42814040184021,-0.7219641804695129,1.3701094388961792,0.35327664017677307,2.082571268081665,-0.0011143684387207031,0.03862607479095459,0.010737478733062744,0.029660344123840332,-0.003850281238555908,-0.021809816360473633
1769651128.2605705,full,goal2.png,0.574527382850647,-1.2549349069595337,-1.4654335975646973,-0.7319443821907043,1.3518389463424683,0.3565514087677002,2.0956268310546875,-1.2552646398544312,-1.422850251197815,-0.7250725626945496,1.3855787515640259,0.3486182689666748,2.0721733570098877,-0.00032973289489746094,0.042583346366882324,0.006871819496154785,0.03373980522155762,-0.00793313980102539,-0.023453474044799805
1769651128.3623137,full,goal2.png,0.5770689845085144,-1.2545411586761475,-1.4645551443099976,-0.7322473526000977,1.3671362400054932,0.3539765775203705,2.0852062702178955,-1.2542964220046997,-1.4160172939300537,-0.7298150062561035,1.4012978076934814,0.34408754110336304,2.0625720024108887,0.0002447366714477539,0.04853785037994385,0.0024323463439941406,0.03416156768798828,-0.009889036417007446,-0.022634267807006836
1769651128.4613976,full,goal2.png,0.5651434659957886,-1.2538747787475586,-1.4611624479293823,-0.7340042591094971,1.3817369937896729,0.3495539724826813,2.076179265975952,-1.2537963390350342,-1.4101366996765137,-0.7335558533668518,1.415963888168335,0.33942222595214844,2.0520033836364746,7.843971252441406e-05,0.05102574825286865,0.00044840574264526367,0.03422689437866211,-0.010131746530532837,-0.02417588233947754
1769651128.5614638,full,goal2.png,0.5791502594947815,-1.2528750896453857,-1.4529229402542114,-0.7375484108924866,1.399064064025879,0.34408628940582275,2.0648956298828125,-1.253922462463379,-1.40531587600708,-0.7359380722045898,1.4287290573120117,0.33469679951667786,2.041388750076294,-0.001047372817993164,0.04760706424713135,0.0016103386878967285,0.029664993286132812,-0.009389489889144897,-0.023506879806518555
1769651128.6608555,full,goal2.png,0.5429892539978027,-1.2526934146881104,-1.445319652557373,-0.7400323748588562,1.4121804237365723,0.3398605287075043,2.054823398590088,-1.2550957202911377,-1.3990612030029297,-0.7368250489234924,1.4447811841964722,0.3306160867214203,2.027737617492676,-0.0024023056030273438,0.04625844955444336,0.0032073259353637695,0.0326007604598999,-0.009244441986083984,-0.02708578109741211
1769651128.760261,full,goal2.png,0.5506669282913208,-1.252814531326294,-1.440624475479126,-0.7420619130134583,1.4265084266662598,0.3361346423625946,2.0436155796051025,-1.2571485042572021,-1.39252507686615,-0.7339853048324585,1.4615267515182495,0.3303050696849823,2.0124247074127197,-0.004333972930908203,0.048099398612976074,0.008076608180999756,0.035018324851989746,-0.005829572677612305,-0.031190872192382812
1769651128.860603,full,goal2.png,0.5332433581352234,-1.253238558769226,-1.4355051517486572,-0.7433644533157349,1.4425934553146362,0.3313030004501343,2.029423713684082,-1.2571418285369873,-1.3854471445083618,-0.7308549880981445,1.477677583694458,0.33522436022758484,1.9978615045547485,-0.0039032697677612305,0.05005800724029541,0.012509465217590332,0.03508412837982178,0.0039213597774505615,-0.031562209129333496
1769651128.960905,full,goal2.png,0.3093765377998352,-1.2541776895523071,-1.4284168481826782,-0.7423951029777527,1.4591633081436157,0.3325601816177368,2.0146260261535645,-1.257910132408142,-1.3809305429458618,-0.7297612428665161,1.4951155185699463,0.33891037106513977,1.9835400581359863,-0.003732442855834961,0.047486305236816406,0.012633860111236572,0.035952210426330566,0.006350189447402954,-0.031085968017578125
1769651129.0605829,full,goal2.png,0.34165364503860474,-1.2553893327713013,-1.421843409538269,-0.7407593727111816,1.4745818376541138,0.33448371291160583,2.001736879348755,-1.2583239078521729,-1.3733230829238892,-0.7384791374206543,1.5175732374191284,0.34069979190826416,1.9685018062591553,-0.002934575080871582,0.04852032661437988,0.0022802352905273438,0.04299139976501465,0.006216078996658325,-0.03323507308959961
1769651129.1602948,full,goal2.png,0.38040637969970703,-1.2561466693878174,-1.4173603057861328,-0.7407290935516357,1.4914544820785522,0.3386034369468689,1.9869543313980103,-1.2569645643234253,-1.3613981008529663,-0.756591260433197,1.5409817695617676,0.3432740569114685,1.9556422233581543,-0.0008178949356079102,0.055962204933166504,-0.01586216688156128,0.04952728748321533,0.004670619964599609,-0.03131210803985596
1769651129.2606182,full,goal2.png,0.38473066687583923,-1.2561163902282715,-1.4105446338653564,-0.7474235892295837,1.5155669450759888,0.34082987904548645,1.971278190612793,-1.254469871520996,-1.3493928909301758,-0.7739351391792297,1.562412142753601,0.3460005223751068,1.9396536350250244,0.0016465187072753906,0.061151742935180664,-0.026511549949645996,0.046845197677612305,0.005170643329620361,-0.031624555587768555
1769651129.361845,full,goal2.png,0.38763687014579773,-1.2554196119308472,-1.3987003564834595,-0.761933445930481,1.53767991065979,0.34310173988342285,1.9571622610092163,-1.2524720430374146,-1.3425120115280151,-0.7804034948348999,1.5812809467315674,0.3497403860092163,1.9222395420074463,0.002947568893432617,0.056188344955444336,-0.018470048904418945,0.043601036071777344,0.006638646125793457,-0.03492271900177002
1769651129.4600887,full,goal2.png,0.40155649185180664,-1.254389762878418,-1.3883103132247925,-0.7759586572647095,1.5576423406600952,0.34655508399009705,1.9425312280654907,-1.2508647441864014,-1.3382046222686768,-0.7829042673110962,1.59761381149292,0.3538745045661926,1.9036198854446411,0.0035250186920166016,0.05010569095611572,-0.006945610046386719,0.03997147083282471,0.007319420576095581,-0.03891134262084961
1769651129.5608208,full,goal2.png,0.42506328225135803,-1.2524207830429077,-1.3817975521087646,-0.7848947048187256,1.5774229764938354,0.349523663520813,1.924022912979126,-1.2511022090911865,-1.3328883647918701,-0.7887287139892578,1.614205241203308,0.3607655167579651,1.8865493535995483,0.0013185739517211914,0.04890918731689453,-0.0038340091705322266,0.036782264709472656,0.0112418532371521,-0.03747355937957764
1769651129.6606576,full,goal2.png,0.3984465003013611,-1.2504820823669434,-1.3768599033355713,-0.7894991040229797,1.594931721687317,0.35409778356552124,1.9062718152999878,-1.2513493299484253,-1.327379822731018,-0.7957773804664612,1.631822943687439,0.3686278760433197,1.8702341318130493,-0.0008672475814819336,0.04948008060455322,-0.006278276443481445,0.03689122200012207,0.014530092477798462,-0.03603768348693848
1769651129.7612138,full,goal2.png,0.4364446997642517,-1.2494218349456787,-1.3715285062789917,-0.7948911190032959,1.6108956336975098,0.36047419905662537,1.8898988962173462,-1.251198410987854,-1.3243470191955566,-0.796754777431488,1.646214485168457,0.3751366138458252,1.860135793685913,-0.001776576042175293,0.04718148708343506,-0.0018636584281921387,0.035318851470947266,0.014662414789199829,-0.029763102531433105
1769651129.8606758,full,goal2.png,0.4598655700683594,-1.2496641874313354,-1.366227388381958,-0.8000710010528564,1.6272532939910889,0.3675776422023773,1.8749499320983887,-1.2508471012115479,-1.3254915475845337,-0.7891074419021606,1.6566166877746582,0.37952837347984314,1.8555874824523926,-0.0011829137802124023,0.040735840797424316,0.0109635591506958,0.029363393783569336,0.01195073127746582,-0.019362449645996094
1769651129.9603522,full,goal2.png,0.49174317717552185,-1.2497550249099731,-1.3619866371154785,-0.8012524247169495,1.6431869268417358,0.373908668756485,1.864166021347046,-1.2514675855636597,-1.3238186836242676,-0.7845348119735718,1.6656761169433594,0.38249504566192627,1.8553258180618286,-0.0017125606536865234,0.03816795349121094,0.016717612743377686,0.022489190101623535,0.008586376905441284,-0.008840203285217285
1769651130.0620615,full,goal2.png,0.5194869637489319,-1.2495733499526978,-1.361350417137146,-0.798314094543457,1.6543645858764648,0.37842220067977905,1.8585619926452637,-1.253148078918457,-1.3163713216781616,-0.7876267433166504,1.682126522064209,0.38323280215263367,1.8530158996582031,-0.0035747289657592773,0.044979095458984375,0.01068735122680664,0.02776193618774414,0.004810601472854614,-0.005546092987060547
1769651130.161623,full,goal2.png,0.44354042410850525,-1.2495126724243164,-1.3614110946655273,-0.7962239384651184,1.6643306016921997,0.3811635971069336,1.856062889099121,-1.2533385753631592,-1.3083879947662354,-0.7910228967666626,1.698325753211975,0.3814418911933899,1.8489863872528076,-0.0038259029388427734,0.05302309989929199,0.0052010416984558105,0.03399515151977539,0.00027829408645629883,-0.0070765018463134766
1769651130.2607765,full,goal2.png,0.4416162967681885,-1.2505123615264893,-1.3562613725662231,-0.7968298196792603,1.6802945137023926,0.3822844326496124,1.8537304401397705,-1.2515736818313599,-1.3047367334365845,-0.7909031510353088,1.7114238739013672,0.38241684436798096,1.842054009437561,-0.0010613203048706055,0.05152463912963867,0.005926668643951416,0.03112936019897461,0.00013241171836853027,-0.011676430702209473
1769651130.3605597,full,goal2.png,0.5495310425758362,-1.2511181831359863,-1.34920334815979,-0.7978294491767883,1.6956523656845093,0.38176947832107544,1.8498833179473877,-1.2496817111968994,-1.304288625717163,-0.7874376773834229,1.723463535308838,0.39062628149986267,1.830742359161377,0.001436471939086914,0.04491472244262695,0.010391771793365479,0.027811169624328613,0.008856803178787231,-0.019140958786010742
1769651130.4635756,full,goal2.png,0.5873686075210571,-1.2499065399169922,-1.3444476127624512,-0.7978900074958801,1.7090113162994385,0.38460180163383484,1.8422043323516846,-1.2478972673416138,-1.297282338142395,-0.792910099029541,1.741657018661499,0.39874231815338135,1.8177032470703125,0.002009272575378418,0.04716527462005615,0.004979908466339111,0.03264570236206055,0.014140516519546509,-0.02450108528137207
1769651130.561462,full,goal2.png,0.6078312397003174,-1.2483010292053223,-1.3417818546295166,-0.7976173758506775,1.7230061292648315,0.39084187150001526,1.8316627740859985,-1.2473400831222534,-1.2884831428527832,-0.8012600541114807,1.7577698230743408,0.4027610123157501,1.803792119026184,0.0009609460830688477,0.0532987117767334,-0.0036426782608032227,0.03476369380950928,0.011919140815734863,-0.027870655059814453
1769651130.6615171,full,goal2.png,0.5948351621627808,-1.246968150138855,-1.3362082242965698,-0.8006162643432617,1.7390305995941162,0.3973546624183655,1.818727970123291,-1.2454320192337036,-1.2815051078796387,-0.808735728263855,1.775118112564087,0.40527111291885376,1.7875096797943115,0.0015361309051513672,0.05470311641693115,-0.008119463920593262,0.0360875129699707,0.007916450500488281,-0.031218290328979492
1769651130.7610905,full,goal2.png,0.639999508857727,-1.246483564376831,-1.3285139799118042,-0.805796205997467,1.7550249099731445,0.4010956883430481,1.8060811758041382,-1.2435898780822754,-1.2781239748001099,-0.8104167580604553,1.7924890518188477,0.40727299451828003,1.767764925956726,0.002893686294555664,0.050390005111694336,-0.004620552062988281,0.037464141845703125,0.006177306175231934,-0.03831624984741211
1769651130.8615024,full,goal2.png,0.652228593826294,-1.2452718019485474,-1.3217891454696655,-0.8127633333206177,1.7705340385437012,0.40433695912361145,1.7902989387512207,-1.2430578470230103,-1.2745251655578613,-0.8101769089698792,1.8111598491668701,0.40791618824005127,1.7464873790740967,0.0022139549255371094,0.0472639799118042,0.0025864243507385254,0.040625810623168945,0.0035792291164398193,-0.04381155967712402
1769651130.9612255,full,goal2.png,0.6338312029838562,-1.243696689605713,-1.318487286567688,-0.8165498375892639,1.7905268669128418,0.40722987055778503,1.7692915201187134,-1.2413432598114014,-1.2705367803573608,-0.8088178038597107,1.824249029159546,0.40937352180480957,1.7348591089248657,0.0023534297943115234,0.04795050621032715,0.007732033729553223,0.0337221622467041,0.002143651247024536,-0.034432411193847656
1769651131.063334,full,goal2.png,0.6334311962127686,-1.24269700050354,-1.314367651939392,-0.8174586296081543,1.807460069656372,0.4078507423400879,1.7508891820907593,-1.2392630577087402,-1.2656779289245605,-0.8073288202285767,1.838149905204773,0.4130426049232483,1.7248036861419678,0.0034339427947998047,0.04868972301483154,0.010129809379577637,0.03068983554840088,0.0051918625831604,-0.026085495948791504
1769651131.1594067,full,goal2.png,0.6545577049255371,-1.2417277097702026,-1.308097243309021,-0.8170042037963867,1.8204854726791382,0.40963807702064514,1.7393782138824463,-1.2396820783615112,-1.265239953994751,-0.798416793346405,1.8547943830490112,0.41569632291793823,1.7109975814819336,0.0020456314086914062,0.04285728931427002,0.01858741044998169,0.03430891036987305,0.006058245897293091,-0.028380632400512695
1769651131.2602265,full,goal2.png,0.6459456086158752,-1.2403948307037354,-1.305280089378357,-0.8147019743919373,1.8370553255081177,0.4130610525608063,1.7258983850479126,-1.243544101715088,-1.2683429718017578,-0.7855728268623352,1.8758904933929443,0.4138514995574951,1.692700982093811,-0.003149271011352539,0.03693711757659912,0.02912914752960205,0.03883516788482666,0.0007904469966888428,-0.03319740295410156
1769651131.3606904,full,goal2.png,0.6450351476669312,-1.2403645515441895,-1.3060979843139648,-0.8077954649925232,1.8529586791992188,0.41389405727386475,1.7114945650100708,-1.2482590675354004,-1.2719695568084717,-0.7741622924804688,1.8984771966934204,0.40902960300445557,1.6761853694915771,-0.007894515991210938,0.034128427505493164,0.03363317251205444,0.04551851749420166,-0.00486445426940918,-0.03530919551849365
1769651131.4609642,full,goal2.png,0.638012707233429,-1.2429090738296509,-1.3068249225616455,-0.7979505658149719,1.873375415802002,0.41242489218711853,1.6945159435272217,-1.2502132654190063,-1.2715433835983276,-0.7695602178573608,1.9188891649246216,0.4062448740005493,1.6632297039031982,-0.007304191589355469,0.03528153896331787,0.028390347957611084,0.04551374912261963,-0.006180018186569214,-0.03128623962402344
1769651131.5611994,full,goal2.png,0.6558433771133423,-1.2467561960220337,-1.3075822591781616,-0.7878936529159546,1.895851969718933,0.4093957543373108,1.6790670156478882,-1.2498807907104492,-1.2728127241134644,-0.760295033454895,1.9374617338180542,0.41167381405830383,1.649038553237915,-0.0031245946884155273,0.034769535064697266,0.02759861946105957,0.041609764099121094,0.002278059720993042,-0.030028462409973145
1769651131.6618383,full,goal2.png,0.6733565330505371,-1.2486947774887085,-1.3083091974258423,-0.7810779809951782,1.915238857269287,0.4086383879184723,1.6648298501968384,-1.24546217918396,-1.2739351987838745,-0.7481112480163574,1.9554567337036133,0.4248039722442627,1.6350963115692139,0.003232598304748535,0.03437399864196777,0.0329667329788208,0.04021787643432617,0.016165584325790405,-0.02973353862762451
1769651131.76183,full,goal2.png,0.6729543209075928,-1.2484828233718872,-1.3085819482803345,-0.7722629904747009,1.93405020236969,0.4144240617752075,1.6511075496673584,-1.2400555610656738,-1.2773312330245972,-0.7324195504188538,1.9716134071350098,0.4402957558631897,1.6216754913330078,0.008427262306213379,0.031250715255737305,0.03984344005584717,0.037563204765319824,0.025871694087982178,-0.029432058334350586
1769651131.8603718,full,goal2.png,0.6695990562438965,-1.2462714910507202,-1.309157371520996,-0.7605702877044678,1.9512861967086792,0.42472338676452637,1.6383849382400513,-1.235729694366455,-1.2766374349594116,-0.7254763245582581,1.9854986667633057,0.4495683014392853,1.6121116876602173,0.010541796684265137,0.03251993656158447,0.03509396314620972,0.034212470054626465,0.02484491467475891,-0.026273250579833984
1769651131.9593651,full,goal2.png,0.6750880479812622,-1.2409400939941406,-1.3117624521255493,-0.7462422251701355,1.9681288003921509,0.43861231207847595,1.6247988939285278,-1.2330591678619385,-1.2745442390441895,-0.7252544164657593,1.9980573654174805,0.45552825927734375,1.6044831275939941,0.007880926132202148,0.03721821308135986,0.02098780870437622,0.02992856502532959,0.016915947198867798,-0.02031576633453369
1769651132.0598643,full,goal2.png,0.6803481578826904,-1.236426591873169,-1.3117018938064575,-0.7398809194564819,1.982729434967041,0.44729089736938477,1.6157265901565552,-1.2312066555023193,-1.271199345588684,-0.7311578392982483,2.0096869468688965,0.4591234028339386,1.5960540771484375,0.005219936370849609,0.04050254821777344,0.008723080158233643,0.02695751190185547,0.011832505464553833,-0.019672513008117676
1769651132.1598566,full,goal2.png,0.6914873719215393,-1.2328218221664429,-1.3090665340423584,-0.7379422187805176,1.9953914880752563,0.45421263575553894,1.6064722537994385,-1.2300769090652466,-1.2672498226165771,-0.7397044897079468,2.022484064102173,0.46035999059677124,1.5875688791275024,0.002744913101196289,0.04181671142578125,-0.0017622709274291992,0.027092576026916504,0.0061473548412323,-0.018903374671936035
1769651132.259837,full,goal2.png,0.6978001594543457,-1.230549931526184,-1.303674578666687,-0.7406079173088074,2.0080230236053467,0.4578022360801697,1.5984903573989868,-1.2270188331604004,-1.2634822130203247,-0.7446877956390381,2.0359888076782227,0.4627269506454468,1.5797711610794067,0.0035310983657836914,0.040192365646362305,-0.004079878330230713,0.027965784072875977,0.0049247145652771,-0.018719196319580078
1769651132.361292,full,goal2.png,0.6919490098953247,-1.228368878364563,-1.298646092414856,-0.745151698589325,2.02026104927063,0.46064963936805725,1.5897361040115356,-1.2221410274505615,-1.2603182792663574,-0.7447783946990967,2.050025463104248,0.4660986661911011,1.572706937789917,0.006227850914001465,0.038327813148498535,0.0003733038902282715,0.029764413833618164,0.005449026823043823,-0.017029166221618652
1769651132.463433,full,goal2.png,0.698860764503479,-1.2247945070266724,-1.2944961786270142,-0.7484534978866577,2.033771276473999,0.46283066272735596,1.5831323862075806,-1.216107964515686,-1.2576930522918701,-0.7397147417068481,2.0654778480529785,0.46999770402908325,1.5635623931884766,0.008686542510986328,0.03680312633514404,0.00873875617980957,0.03170657157897949,0.007167041301727295,-0.019569993019104004
1769651132.5617685,full,goal2.png,0.6929240226745605,-1.2195842266082764,-1.2894978523254395,-0.7488473057746887,2.047947883605957,0.4664960503578186,1.5747414827346802,-1.2102479934692383,-1.2548598051071167,-0.7346551418304443,2.081054210662842,0.4741969108581543,1.5542917251586914,0.009336233139038086,0.034638047218322754,0.014192163944244385,0.033106327056884766,0.007700860500335693,-0.02044975757598877
1769651132.6602862,full,goal2.png,0.6982791423797607,-1.2140711545944214,-1.284923791885376,-0.7464542388916016,2.063427209854126,0.4702067971229553,1.5653055906295776,-1.2054957151412964,-1.2519780397415161,-0.7310265898704529,2.0975122451782227,0.4780156910419464,1.5451756715774536,0.008575439453125,0.03294575214385986,0.015427649021148682,0.03408503532409668,0.007808893918991089,-0.020129919052124023
1769651132.7613323,full,goal2.png,0.7037946581840515,-1.2086185216903687,-1.2820158004760742,-0.7433947324752808,2.079118251800537,0.47384175658226013,1.5567935705184937,-1.2015773057937622,-1.2478020191192627,-0.7294478416442871,2.1148815155029297,0.4821145534515381,1.5372306108474731,0.007041215896606445,0.03421378135681152,0.013946890830993652,0.03576326370239258,0.008272796869277954,-0.019562959671020508
1769651132.8604038,full,goal2.png,0.6965019702911377,-1.203650712966919,-1.2796530723571777,-0.74088054895401,2.0957789421081543,0.47841599583625793,1.5469789505004883,-1.1988720893859863,-1.2428807020187378,-0.7291905879974365,2.136216878890991,0.4891161322593689,1.5278654098510742,0.004778623580932617,0.03677237033843994,0.011689960956573486,0.040437936782836914,0.010700136423110962,-0.019113540649414062
1769651132.9609385,full,goal2.png,0.7021662592887878,-1.2002277374267578,-1.2756242752075195,-0.7391539216041565,2.1133785247802734,0.48249027132987976,1.5394210815429688,-1.196532964706421,-1.237067461013794,-0.7314325571060181,2.157229423522949,0.4979320466518402,1.5183544158935547,0.003694772720336914,0.038556814193725586,0.007721364498138428,0.04385089874267578,0.01544177532196045,-0.021066665649414062
1769651133.0618968,full,goal2.png,0.6962039470672607,-1.197198510169983,-1.2701412439346313,-0.7385783791542053,2.1331894397735596,0.48995712399482727,1.5296217203140259,-1.1941550970077515,-1.2321864366531372,-0.7332168817520142,2.176320791244507,0.5072191953659058,1.5080747604370117,0.0030434131622314453,0.03795480728149414,0.005361497402191162,0.043131351470947266,0.01726207137107849,-0.02154695987701416
1769651133.160605,full,goal2.png,0.701184093952179,-1.194169282913208,-1.2649917602539062,-0.7392447590827942,2.151970386505127,0.4973483979701996,1.5211702585220337,-1.1921581029891968,-1.228925347328186,-0.7324371337890625,2.194204807281494,0.5162065625190735,1.4961471557617188,0.0020111799240112305,0.036066412925720215,0.0068076252937316895,0.04223442077636719,0.0188581645488739,-0.02502310276031494
1769651133.261981,full,goal2.png,0.6938890218734741,-1.191352128982544,-1.2607204914093018,-0.7401838302612305,2.1734778881073,0.506557047367096,1.5103559494018555,-1.189927101135254,-1.2255009412765503,-0.7338041067123413,2.206796169281006,0.5265524983406067,1.4872465133666992,0.001425027847290039,0.035219550132751465,0.00637972354888916,0.033318281173706055,0.019995450973510742,-0.02310943603515625
1769651133.3623538,full,goal2.png,0.6992205381393433,-1.1888076066970825,-1.2574490308761597,-0.7404564023017883,2.1898353099823,0.5162354111671448,1.4987995624542236,-1.1881860494613647,-1.2232366800308228,-0.7346534729003906,2.214409112930298,0.5359717607498169,1.4814941883087158,0.0006215572357177734,0.034212350845336914,0.005802929401397705,0.024573802947998047,0.01973634958267212,-0.017305374145507812
1769651133.459207,full,goal2.png,0.6938245892524719,-1.1860207319259644,-1.254662275314331,-0.7409411072731018,2.202012777328491,0.5252623558044434,1.4895908832550049,-1.1883835792541504,-1.2232143878936768,-0.7318739295005798,2.223587989807129,0.5432734489440918,1.4722166061401367,-0.002362847328186035,0.0314478874206543,0.009067177772521973,0.021575212478637695,0.018011093139648438,-0.017374277114868164
1769651133.5606825,full,goal2.png,0.6899574398994446,-1.184869647026062,-1.252935528755188,-0.7413046360015869,2.212402820587158,0.5342440009117126,1.48148775100708,-1.1901013851165771,-1.224910020828247,-0.7261728048324585,2.237262487411499,0.5514978170394897,1.4576855897903442,-0.005231738090515137,0.028025507926940918,0.015131831169128418,0.02485966682434082,0.0172538161277771,-0.02380216121673584
1769651133.6603456,full,goal2.png,0.6934674978256226,-1.185051441192627,-1.252147912979126,-0.7397900819778442,2.2233383655548096,0.5430437922477722,1.4718700647354126,-1.1918977499008179,-1.2269657850265503,-0.719642162322998,2.2540032863616943,0.5612558126449585,1.4394012689590454,-0.006846308708190918,0.025182127952575684,0.02014791965484619,0.030664920806884766,0.01821202039718628,-0.03246879577636719
1769651133.7597983,full,goal2.png,0.69148850440979,-1.1857481002807617,-1.2526627779006958,-0.7359429597854614,2.235424757003784,0.5517528057098389,1.4581931829452515,-1.1925370693206787,-1.2284501791000366,-0.7131100296974182,2.2714247703552246,0.5714237689971924,1.4201581478118896,-0.006788969039916992,0.02421259880065918,0.022832930088043213,0.03600001335144043,0.019670963287353516,-0.038035035133361816
1769651133.8613515,full,goal2.png,0.6967408657073975,-1.1866569519042969,-1.2543895244598389,-0.7299148440361023,2.251842975616455,0.5608705878257751,1.4407451152801514,-1.1929593086242676,-1.230318307876587,-0.704267144203186,2.289184093475342,0.5800204873085022,1.4008795022964478,-0.006302356719970703,0.024071216583251953,0.02564769983291626,0.03734111785888672,0.01914989948272705,-0.03986561298370361
1769651133.9621246,full,goal2.png,0.700264573097229,-1.1883230209350586,-1.2561768293380737,-0.7228265404701233,2.269200325012207,0.5708366632461548,1.421661138534546,-1.1931589841842651,-1.2327513694763184,-0.6913060545921326,2.3085429668426514,0.5884180068969727,1.3789581060409546,-0.004835963249206543,0.02342545986175537,0.03152048587799072,0.039342641830444336,0.01758134365081787,-0.04270303249359131
1769651134.0609262,full,goal2.png,0.6953949928283691,-1.1892317533493042,-1.2577216625213623,-0.7143447995185852,2.286860466003418,0.5795607566833496,1.4023348093032837,-1.1918563842773438,-1.2350997924804688,-0.6755417585372925,2.329594850540161,0.5974811911582947,1.3555876016616821,-0.0026246309280395508,0.022621870040893555,0.038803040981292725,0.042734384536743164,0.01792043447494507,-0.04674720764160156
1769651134.1612532,full,goal2.png,0.6875613331794739,-1.1890196800231934,-1.2596300840377808,-0.70186448097229,2.306398630142212,0.5878607630729675,1.3805246353149414,-1.1896255016326904,-1.2347257137298584,-0.6646647453308105,2.3520588874816895,0.606415331363678,1.3341195583343506,-0.0006058216094970703,0.024904370307922363,0.03719973564147949,0.04566025733947754,0.01855456829071045,-0.04640507698059082
1769651134.2595901,full,goal2.png,0.683538556098938,-1.187686800956726,-1.2614173889160156,-0.6875970363616943,2.327239751815796,0.5973269939422607,1.358093500137329,-1.1868999004364014,-1.2327260971069336,-0.6583144664764404,2.3738865852355957,0.6163731217384338,1.3145687580108643,0.000786900520324707,0.02869129180908203,0.029282569885253906,0.046646833419799805,0.019046127796173096,-0.043524742126464844
1769651134.3594024,full,goal2.png,0.6730993986129761,-1.1860814094543457,-1.2615082263946533,-0.6776612401008606,2.3481714725494385,0.6065508127212524,1.3369042873382568,-1.1847397089004517,-1.23118257522583,-0.6518409252166748,2.3945980072021484,0.627766489982605,1.2953379154205322,0.001341700553894043,0.030325651168823242,0.02582031488418579,0.04642653465270996,0.02121567726135254,-0.04156637191772461
1769651134.459342,full,goal2.png,0.6750607490539551,-1.1842032670974731,-1.260841727256775,-0.6688462495803833,2.3701634407043457,0.6165472269058228,1.3170933723449707,-1.182621717453003,-1.2301987409591675,-0.6450753211975098,2.413442611694336,0.6392988562583923,1.275307059288025,0.0015815496444702148,0.030642986297607422,0.023770928382873535,0.043279170989990234,0.02275162935256958,-0.0417863130569458
1769651134.5588582,full,goal2.png,0.6710948944091797,-1.1817798614501953,-1.2599025964736938,-0.6615155935287476,2.392670154571533,0.6281036138534546,1.2966915369033813,-1.1803920269012451,-1.2274203300476074,-0.6428514122962952,2.429889440536499,0.6484851837158203,1.257735013961792,0.0013878345489501953,0.032482266426086426,0.018664181232452393,0.03721928596496582,0.020381569862365723,-0.038956522941589355
1769651134.6590762,full,goal2.png,0.6812716722488403,-1.1795079708099365,-1.2589939832687378,-0.6563659906387329,2.411269426345825,0.638690710067749,1.2775017023086548,-1.1774884462356567,-1.2235053777694702,-0.6422000527381897,2.4441025257110596,0.6565881967544556,1.243438720703125,0.002019524574279785,0.03548860549926758,0.014165937900543213,0.032833099365234375,0.017897486686706543,-0.034062981605529785
1769651134.760399,full,goal2.png,0.6848621368408203,-1.1772058010101318,-1.256722092628479,-0.6536094546318054,2.4266276359558105,0.6476266980171204,1.2614167928695679,-1.173963189125061,-1.2188689708709717,-0.6412628293037415,2.4565210342407227,0.6623490452766418,1.2320932149887085,0.0032426118850708008,0.037853121757507324,0.012346625328063965,0.02989339828491211,0.014722347259521484,-0.029323577880859375
1769651134.8605113,full,goal2.png,0.683631956577301,-1.1746007204055786,-1.2533596754074097,-0.6521857380867004,2.44101619720459,0.6560176610946655,1.2469674348831177,-1.1693897247314453,-1.2138073444366455,-0.6403064131736755,2.4668631553649902,0.6674510836601257,1.2229325771331787,0.005210995674133301,0.03955233097076416,0.011879324913024902,0.02584695816040039,0.011433422565460205,-0.024034857749938965
1769651134.9603293,full,goal2.png,0.6873451471328735,-1.171329140663147,-1.2491792440414429,-0.6508528590202332,2.4539811611175537,0.6621668934822083,1.2351535558700562,-1.1647095680236816,-1.209902286529541,-0.6379770040512085,2.47556209564209,0.6726418137550354,1.2142283916473389,0.006619572639465332,0.039276957511901855,0.012875854969024658,0.021580934524536133,0.010474920272827148,-0.020925164222717285
1769651135.0600972,full,goal2.png,0.6824063062667847,-1.1669368743896484,-1.2447869777679443,-0.6495503187179565,2.4641592502593994,0.6671195030212402,1.226050853729248,-1.1613600254058838,-1.2078313827514648,-0.633504331111908,2.4838929176330566,0.6776305437088013,1.2038806676864624,0.0055768489837646484,0.03695559501647949,0.016045987606048584,0.019733667373657227,0.010511040687561035,-0.022170186042785645
1769651135.1605263,full,goal2.png,0.6928272247314453,-1.1627262830734253,-1.2420002222061157,-0.6470966935157776,2.473701238632202,0.6727539896965027,1.215993881225586,-1.1587859392166138,-1.205562710762024,-0.6292040944099426,2.4921202659606934,0.6817089319229126,1.1940394639968872,0.0039403438568115234,0.0364375114440918,0.01789259910583496,0.01841902732849121,0.008954942226409912,-0.02195441722869873
1769651135.2606795,full,goal2.png,0.7069531679153442,-1.1590003967285156,-1.2397282123565674,-0.6432798504829407,2.482304096221924,0.6769191026687622,1.2054977416992188,-1.1566331386566162,-1.203094720840454,-0.6245726943016052,2.5001490116119385,0.6843290328979492,1.1850647926330566,0.002367258071899414,0.03663349151611328,0.01870715618133545,0.01784491539001465,0.007409930229187012,-0.02043294906616211
1769651135.36101,full,goal2.png,0.7081931829452515,-1.1567890644073486,-1.237607717514038,-0.6391298770904541,2.4900894165039062,0.6810842156410217,1.1958497762680054,-1.1539063453674316,-1.2012052536010742,-0.6172424554824829,2.5080463886260986,0.6880693435668945,1.176123857498169,0.002882719039916992,0.03640246391296387,0.02188742160797119,0.017956972122192383,0.006985127925872803,-0.019725918769836426
1769651135.4595423,full,goal2.png,0.7077842950820923,-1.1548806428909302,-1.2355479001998901,-0.6344649195671082,2.49890398979187,0.6838104724884033,1.1873983144760132,-1.1512558460235596,-1.2003302574157715,-0.6086601614952087,2.516800880432129,0.6936535835266113,1.1661783456802368,0.0036247968673706055,0.03521764278411865,0.025804758071899414,0.01789689064025879,0.009843111038208008,-0.021219968795776367
1769651135.5607848,full,goal2.png,0.7139739990234375,-1.152729868888855,-1.2342756986618042,-0.6277400851249695,2.5072948932647705,0.6887934803962708,1.1769022941589355,-1.1491808891296387,-1.1997231245040894,-0.6002879738807678,2.5260655879974365,0.7011687159538269,1.1555756330490112,0.0035489797592163086,0.034552574157714844,0.02745211124420166,0.018770694732666016,0.012375235557556152,-0.021326661109924316
1769651135.6618814,full,goal2.png,0.7091717720031738,-1.1499431133270264,-1.2334275245666504,-0.6198036074638367,2.5149285793304443,0.6938522458076477,1.1679964065551758,-1.147749900817871,-1.1993335485458374,-0.5918658971786499,2.5363614559173584,0.7104375958442688,1.143918752670288,0.0021932125091552734,0.03409397602081299,0.027937710285186768,0.021432876586914062,0.016585350036621094,-0.024077653884887695
1769651135.7620332,full,goal2.png,0.7233883738517761,-1.147247076034546,-1.2319735288619995,-0.6109886765480042,2.5246219635009766,0.7016069293022156,1.1571518182754517,-1.1460342407226562,-1.1984320878982544,-0.583198606967926,2.5466582775115967,0.7203658819198608,1.1333552598953247,0.0012128353118896484,0.03354144096374512,0.027790069580078125,0.022036314010620117,0.018758952617645264,-0.023796558380126953
1769651135.8609405,full,goal2.png,0.7167012095451355,-1.145641565322876,-1.2307920455932617,-0.6031733155250549,2.5340731143951416,0.7103614211082458,1.1462163925170898,-1.1433501243591309,-1.1975178718566895,-0.573458194732666,2.5571560859680176,0.7296650409698486,1.1231194734573364,0.002291440963745117,0.033274173736572266,0.029715120792388916,0.023082971572875977,0.019303619861602783,-0.023096919059753418
1769651135.9610503,full,goal2.png,0.715032696723938,-1.1439149379730225,-1.2308223247528076,-0.5939645767211914,2.5450992584228516,0.7206909656524658,1.1349174976348877,-1.140885353088379,-1.196793556213379,-0.5653554201126099,2.567192554473877,0.7369071841239929,1.1141501665115356,0.0030295848846435547,0.03402876853942871,0.028609156608581543,0.02209329605102539,0.0162162184715271,-0.02076733112335205
1769651136.0602903,full,goal2.png,0.7233376502990723,-1.1416733264923096,-1.2304892539978027,-0.5855131149291992,2.555732011795044,0.7286274433135986,1.126163125038147,-1.1386961936950684,-1.1959974765777588,-0.5581459999084473,2.5770907402038574,0.7433217763900757,1.105222463607788,0.002977132797241211,0.034491777420043945,0.027367115020751953,0.021358728408813477,0.01469433307647705,-0.020940661430358887
1769651136.15996,full,goal2.png,0.7261642813682556,-1.1392803192138672,-1.2296106815338135,-0.5778492093086243,2.564879894256592,0.7363064289093018,1.1167576313018799,-1.1367576122283936,-1.1941595077514648,-0.5546563267707825,2.5850653648376465,0.7474877834320068,1.099151849746704,0.002522706985473633,0.03545117378234863,0.023192882537841797,0.020185470581054688,0.011181354522705078,-0.01760578155517578
1769651136.2616622,full,goal2.png,0.7256559133529663,-1.1374021768569946,-1.228671669960022,-0.5708518624305725,2.5750277042388916,0.7422436475753784,1.108518123626709,-1.134521245956421,-1.1907541751861572,-0.5532162189483643,2.591388463973999,0.7509181499481201,1.095325231552124,0.0028809309005737305,0.037917494773864746,0.017635643482208252,0.016360759735107422,0.0086745023727417,-0.013192892074584961
1769651136.361919,full,goal2.png,0.7218204736709595,-1.1354634761810303,-1.227429747581482,-0.5666714906692505,2.583115816116333,0.7470298409461975,1.1022475957870483,-1.1325830221176147,-1.1880213022232056,-0.5489938259124756,2.597820520401001,0.7564591765403748,1.090606451034546,0.0028804540634155273,0.03940844535827637,0.017677664756774902,0.014704704284667969,0.009429335594177246,-0.011641144752502441
1769651136.4608824,full,goal2.png,0.7194302082061768,-1.1333431005477905,-1.2247942686080933,-0.5636423230171204,2.5902040004730225,0.7509677410125732,1.0979158878326416,-1.1316200494766235,-1.1862382888793945,-0.543056845664978,2.6052074432373047,0.7638102173805237,1.0839532613754272,0.0017230510711669922,0.03855597972869873,0.020585477352142334,0.015003442764282227,0.01284247636795044,-0.013962626457214355
1769651136.561972,full,goal2.png,0.7254620790481567,-1.131464958190918,-1.22218918800354,-0.5593408346176147,2.5968382358551025,0.7573442459106445,1.0917514562606812,-1.1310158967971802,-1.1851210594177246,-0.5387381315231323,2.6129257678985596,0.7706450819969177,1.0769975185394287,0.00044906139373779297,0.03706812858581543,0.020602703094482422,0.01608753204345703,0.013300836086273193,-0.014753937721252441
1769651136.6715648,full,goal2.png,0.7362682819366455,-1.1303441524505615,-1.2200384140014648,-0.5540397763252258,2.6046535968780518,0.7638871669769287,1.0854206085205078,-1.1303104162216187,-1.1836950778961182,-0.5374355912208557,2.619927406311035,0.7759665846824646,1.0712069272994995,3.3736228942871094e-05,0.03634333610534668,0.016604185104370117,0.015273809432983398,0.012079417705535889,-0.0142136812210083
1769651136.7698896,full,goal2.png,0.736057460308075,-1.1297686100006104,-1.2188267707824707,-0.5508893728256226,2.6116206645965576,0.7696881890296936,1.0797406435012817,-1.129264235496521,-1.182753562927246,-0.5357509851455688,2.626239776611328,0.7810428738594055,1.0660014152526855,0.0005043745040893555,0.03607320785522461,0.015138387680053711,0.014619112014770508,0.011354684829711914,-0.013739228248596191
1769651136.8750527,full,goal2.png,0.7329461574554443,-1.129435420036316,-1.217978596687317,-0.5490416288375854,2.617830514907837,0.7758828401565552,1.0736671686172485,-1.1277775764465332,-1.182275652885437,-0.532294511795044,2.6318280696868896,0.7870537042617798,1.0615296363830566,0.0016578435897827148,0.03570294380187988,0.016747117042541504,0.013997554779052734,0.01117086410522461,-0.012137532234191895
1769651136.9638114,full,goal2.png,0.7312421798706055,-1.128647804260254,-1.2166457176208496,-0.5469211935997009,2.623767614364624,0.7804418206214905,1.069108247756958,-1.1265184879302979,-1.1822400093078613,-0.5279901027679443,2.636925458908081,0.7928982973098755,1.057072639465332,0.0021293163299560547,0.03440570831298828,0.018931090831756592,0.013157844543457031,0.01245647668838501,-0.012035608291625977
1769651137.0610638,full,goal2.png,0.7384653091430664,-1.1273149251937866,-1.2159793376922607,-0.5437405109405518,2.630038022994995,0.7865759134292603,1.0631862878799438,-1.1257258653640747,-1.1818767786026,-0.5252285003662109,2.6416351795196533,0.7977322936058044,1.0529512166976929,0.001589059829711914,0.034102559089660645,0.01851201057434082,0.011597156524658203,0.01115638017654419,-0.010235071182250977
1769651137.1606598,full,goal2.png,0.7402856349945068,-1.1260124444961548,-1.215918779373169,-0.5396813750267029,2.6361570358276367,0.791801393032074,1.058415174484253,-1.1254422664642334,-1.1819090843200684,-0.5226166248321533,2.6447947025299072,0.8025244474411011,1.0494463443756104,0.0005701780319213867,0.034009695053100586,0.01706475019454956,0.008637666702270508,0.0107230544090271,-0.008968830108642578
1769651137.26369,full,goal2.png,0.7367440462112427,-1.125133991241455,-1.2154643535614014,-0.5363796353340149,2.6405491828918457,0.7964208126068115,1.0543409585952759,-1.125129222869873,-1.1821223497390747,-0.5178271532058716,2.6470947265625,0.8089616894721985,1.045952558517456,4.76837158203125e-06,0.03334200382232666,0.01855248212814331,0.006545543670654297,0.012540876865386963,-0.008388400077819824
1769651137.362525,full,goal2.png,0.7368348240852356,-1.1248310804367065,-1.215131163597107,-0.5329868793487549,2.6436996459960938,0.8019490838050842,1.0500242710113525,-1.1245431900024414,-1.1818883419036865,-0.5128605365753174,2.648468494415283,0.8152631521224976,1.0438601970672607,0.0002878904342651367,0.03324282169342041,0.0201263427734375,0.004768848419189453,0.01331406831741333,-0.006164073944091797
1769651137.462459,full,goal2.png,0.7384552955627441,-1.124558448791504,-1.2151614427566528,-0.5282007455825806,2.6459414958953857,0.8076741695404053,1.047207236289978,-1.1236960887908936,-1.1809688806533813,-0.5094629526138306,2.649097442626953,0.8199753761291504,1.0430004596710205,0.0008623600006103516,0.034192562103271484,0.01873779296875,0.003155946731567383,0.012301206588745117,-0.0042067766189575195
1769651137.561117,full,goal2.png,0.7363617420196533,-1.1238313913345337,-1.2148889303207397,-0.5237781405448914,2.647365093231201,0.8134751915931702,1.0452229976654053,-1.1229231357574463,-1.180241584777832,-0.5078481435775757,2.6489524841308594,0.8227107524871826,1.0428361892700195,0.0009082555770874023,0.034647345542907715,0.015929996967315674,0.0015873908996582031,0.009235560894012451,-0.002386808395385742
1769651137.6632574,full,goal2.png,0.7446386814117432,-1.1230740547180176,-1.214313268661499,-0.5209609866142273,2.6478800773620605,0.8179280757904053,1.0440114736557007,-1.1223645210266113,-1.178784728050232,-0.5096695423126221,2.6479454040527344,0.8226867318153381,1.0446093082427979,0.00070953369140625,0.03552854061126709,0.011291444301605225,6.532669067382812e-05,0.004758656024932861,0.000597834587097168
1769651137.761246,full,goal2.png,0.7433521747589111,-1.1222258806228638,-1.2135863304138184,-0.5198401212692261,2.6479406356811523,0.8204574584960938,1.0439356565475464,-1.122394323348999,-1.176978349685669,-0.5131651163101196,2.647052049636841,0.8218286037445068,1.046661376953125,-0.0001684427261352539,0.036607980728149414,0.006675004959106445,-0.0008885860443115234,0.001371145248413086,0.0027257204055786133
1769651137.8613002,full,goal2.png,0.7442728281021118,-1.121711015701294,-1.2126774787902832,-0.5203551650047302,2.6476376056671143,0.8213056921958923,1.0449049472808838,-1.1221812963485718,-1.1752758026123047,-0.516897976398468,2.64626145362854,0.820974588394165,1.0487473011016846,-0.00047028064727783203,0.037401676177978516,0.003457188606262207,-0.0013761520385742188,-0.0003311038017272949,0.0038423538208007812
1769651137.9636998,full,goal2.png,0.7408968210220337,-1.121559500694275,-1.21131432056427,-0.5222938656806946,2.6472740173339844,0.8215025067329407,1.045828938484192,-1.1222422122955322,-1.174452543258667,-0.5195900797843933,2.6453981399536133,0.8208475708961487,1.0504016876220703,-0.0006827116012573242,0.03686177730560303,0.0027037858963012695,-0.0018758773803710938,-0.0006549358367919922,0.004572749137878418
1769651138.065598,full,goal2.png,0.7453734874725342,-1.121498942375183,-1.2095575332641602,-0.5244142413139343,2.64678955078125,0.8210330009460449,1.0475707054138184,-1.1225131750106812,-1.1743236780166626,-0.5210829973220825,2.6447525024414062,0.8207908868789673,1.0514695644378662,-0.0010142326354980469,0.03523385524749756,0.0033312439918518066,-0.00203704833984375,-0.00024211406707763672,0.0038988590240478516
1769651138.1618457,full,goal2.png,0.7474331855773926,-1.121347427368164,-1.2081035375595093,-0.5263226628303528,2.646183729171753,0.820836067199707,1.0490398406982422,-1.1221728324890137,-1.1740520000457764,-0.5221531987190247,2.6442999839782715,0.8208824992179871,1.0526394844055176,-0.0008254051208496094,0.03405153751373291,0.004169464111328125,-0.0018837451934814453,4.64320182800293e-05,0.0035996437072753906
1769651138.2629876,full,goal2.png,0.7447333335876465,-1.1213171482086182,-1.2074975967407227,-0.527685821056366,2.6456382274627686,0.8205330967903137,1.0503727197647095,-1.1214709281921387,-1.1741087436676025,-0.5220345854759216,2.6446261405944824,0.8212562799453735,1.0535684823989868,-0.0001537799835205078,0.03338885307312012,0.005651235580444336,-0.0010120868682861328,0.0007231831550598145,0.0031957626342773438
1769651138.3624215,full,goal2.png,0.7390009164810181,-1.1213171482086182,-1.2073158025741577,-0.5284128189086914,2.6453659534454346,0.8205180168151855,1.0516297817230225,-1.1212471723556519,-1.1743693351745605,-0.5214122533798218,2.6450963020324707,0.8211836218833923,1.053782343864441,6.99758529663086e-05,0.03294646739959717,0.007000565528869629,-0.0002696514129638672,0.0006656050682067871,0.002152562141418457
1769651138.4653952,full,goal2.png,0.7402470111846924,-1.1211657524108887,-1.207255244255066,-0.5285036563873291,2.6453659534454346,0.820836067199707,1.0524628162384033,-1.1214704513549805,-1.174137830734253,-0.5232601165771484,2.6449100971221924,0.8198704123497009,1.0545779466629028,-0.0003046989440917969,0.03311741352081299,0.005243539810180664,-0.0004558563232421875,-0.0009656548500061035,0.0021151304244995117
1769651138.5630677,full,goal2.png,0.7479034066200256,-1.1204689741134644,-1.2073158025741577,-0.528685450553894,2.6453659534454346,0.8206543922424316,1.052917242050171,-1.1216979026794434,-1.1736602783203125,-0.5246442556381226,2.6443214416503906,0.8193106651306152,1.055280327796936,-0.001228928565979004,0.033655524253845215,0.004041194915771484,-0.0010445117950439453,-0.0013437271118164062,0.0023630857467651367
1769651138.6614177,full,goal2.png,0.7448122501373291,-1.1200449466705322,-1.2070735692977905,-0.529715359210968,2.6453659534454346,0.8196698427200317,1.0539017915725708,-1.122153639793396,-1.172731637954712,-0.5264797210693359,2.644524574279785,0.8191060423851013,1.0557986497879028,-0.0021086931228637695,0.03434193134307861,0.00323563814163208,-0.0008413791656494141,-0.0005638003349304199,0.0018968582153320312
1769651138.7605531,full,goal2.png,0.7496394515037537,-1.120287299156189,-1.2062556743621826,-0.531139075756073,2.6453049182891846,0.8190791606903076,1.0545227527618408,-1.1224647760391235,-1.171834945678711,-0.5272207260131836,2.6455507278442383,0.8197203278541565,1.0556156635284424,-0.0021774768829345703,0.03442072868347168,0.003918349742889404,0.00024580955505371094,0.000641167163848877,0.0010929107666015625
1769651138.8611333,full,goal2.png,0.7372745275497437,-1.1210747957229614,-1.2050741910934448,-0.5325022339820862,2.6453049182891846,0.818958044052124,1.0548255443572998,-1.1230037212371826,-1.1715432405471802,-0.5280741453170776,2.645419120788574,0.8194007277488708,1.0551902055740356,-0.0019289255142211914,0.03353095054626465,0.004428088665008545,0.00011420249938964844,0.00044268369674682617,0.00036466121673583984
1769651138.9647512,full,goal2.png,0.7332859039306641,-1.121498942375183,-1.2043472528457642,-0.5334715843200684,2.6454265117645264,0.8190337419509888,1.0548710823059082,-1.1229026317596436,-1.1708227396011353,-0.5295491218566895,2.6442174911499023,0.8186230659484863,1.0561872720718384,-0.0014036893844604492,0.033524513244628906,0.003922462463378906,-0.0012090206146240234,-0.0004106760025024414,0.0013161897659301758
1769651139.0771253,full,goal2.png,0.7483710050582886,-1.1216200590133667,-1.204044222831726,-0.5345014929771423,2.6454265117645264,0.8189581036567688,1.054946780204773,-1.1227312088012695,-1.170114517211914,-0.5306357145309448,2.643503189086914,0.8179546594619751,1.056922435760498,-0.001111149787902832,0.03392970561981201,0.0038657784461975098,-0.0019233226776123047,-0.0010034441947937012,0.0019756555557250977
1769651139.172505,full,goal2.png,0.7406004071235657,-1.1215897798538208,-1.2034990787506104,-0.535773754119873,2.645183801651001,0.8184279203414917,1.0554769039154053,-1.122245192527771,-1.1700553894042969,-0.5285853743553162,2.6441025733947754,0.8192328810691833,1.0565690994262695,-0.0006554126739501953,0.03344368934631348,0.007188379764556885,-0.001081228256225586,0.0008049607276916504,0.0010921955108642578
1769651139.2661574,full,goal2.png,0.7405390739440918,-1.1214686632156372,-1.202347993850708,-0.5364099144935608,2.6447901725769043,0.8179432153701782,1.0559918880462646,-1.1222190856933594,-1.169879674911499,-0.5268750190734863,2.6452441215515137,0.8205819129943848,1.0553388595581055,-0.000750422477722168,0.032468318939208984,0.009534895420074463,0.000453948974609375,0.002638697624206543,-0.0006530284881591797
1769651139.363817,full,goal2.png,0.7398211359977722,-1.1214383840560913,-1.2015300989151,-0.5358949303627014,2.644911527633667,0.8182461857795715,1.056052327156067,-1.1225383281707764,-1.169152855873108,-0.5278255343437195,2.6450257301330566,0.8198934197425842,1.0554478168487549,-0.0010999441146850586,0.03237724304199219,0.008069396018981934,0.00011420249938964844,0.0016472339630126953,-0.0006045103073120117
1769651139.4630322,full,goal2.png,0.733680248260498,-1.1214383840560913,-1.2013484239578247,-0.5353798866271973,2.645153760910034,0.8185340166091919,1.0559463500976562,-1.1226571798324585,-1.1686046123504639,-0.529681384563446,2.644123077392578,0.8187673091888428,1.0559724569320679,-0.0012187957763671875,0.03274381160736084,0.005698502063751221,-0.0010306835174560547,0.0002332925796508789,2.6106834411621094e-05
1769651139.563342,full,goal2.png,0.7385293245315552,-1.1214383840560913,-1.200621247291565,-0.5356525778770447,2.645123243331909,0.818488597869873,1.0559614896774292,-1.1227529048919678,-1.16873300075531,-0.5301497578620911,2.64359450340271,0.8178856372833252,1.0561399459838867,-0.0013145208358764648,0.03188824653625488,0.005502820014953613,-0.0015287399291992188,-0.0006029605865478516,0.00017845630645751953
1769651139.66436,full,goal2.png,0.732302188873291,-1.1214686632156372,-1.1998034715652466,-0.53619784116745,2.644941568374634,0.8183825016021729,1.0560070276260376,-1.1230480670928955,-1.1694605350494385,-0.5297036170959473,2.6426281929016113,0.8182661533355713,1.0560663938522339,-0.0015794038772583008,0.030342936515808105,0.0064942240715026855,-0.002313375473022461,-0.0001163482666015625,5.936622619628906e-05
