timestamp,model_name,goal_image,curr_j0,curr_j1,curr_j2,curr_j3,curr_j4,curr_j5,cmd_j0,cmd_j1,cmd_j2,cmd_j3,cmd_j4,cmd_j5,delta_j0,delta_j1,delta_j2,delta_j3,delta_j4,delta_j5
1769720241.3254855,/home/jerry/Desktop/checkpoints/best_iris_experiment_combined.pth,goal2.png,0.9330829381942749,-1.0826646089553833,-2.005781412124634,2.4295661449432373,1.5185354948043823,2.9974634647369385,0.8985966444015503,-1.0849056243896484,-1.9955826997756958,2.4040374755859375,1.5194783210754395,2.983461380004883,-0.0344863124191761,-0.002240970730781555,0.010198701173067093,-0.025528592988848686,0.0009427834302186966,-0.01400214247405529
1769720241.3370914,/home/jerry/Desktop/checkpoints/best_iris_experiment_combined.pth,goal2.png,0.9332343339920044,-1.0857542753219604,-2.005357265472412,2.429626703262329,1.5185354948043823,2.9974634647369385,0.897999107837677,-1.0877611637115479,-1.9954639673233032,2.40409517288208,1.5198861360549927,2.983767509460449,-0.0352352149784565,-0.002006863011047244,0.00989326648414135,-0.025531595572829247,0.0013506440445780754,-0.013695843517780304
1769720241.4371245,/home/jerry/Desktop/checkpoints/best_iris_experiment_combined.pth,goal2.png,0.9208753108978271,-1.0858756303787231,-2.002903699874878,2.421144723892212,1.518777847290039,2.993464946746826,0.8853638768196106,-1.0875813961029053,-1.9933702945709229,2.395510196685791,1.5202982425689697,2.979820489883423,-0.03551144525408745,-0.0017057826044037938,0.009533427655696869,-0.02563449926674366,0.0015204180963337421,-0.013644383288919926
1769720241.5359745,/home/jerry/Desktop/checkpoints/best_iris_experiment_combined.pth,goal2.png,0.9042448997497559,-1.0866934061050415,-1.9978753328323364,2.406332015991211,1.5194897651672363,2.9865736961364746,0.8688260912895203,-1.087947964668274,-1.9889100790023804,2.3802709579467773,1.521272897720337,2.97302508354187,-0.0354187935590744,-0.001254509319551289,0.008965298533439636,-0.026061028242111206,0.0017831313889473677,-0.013548588380217552
1769720241.6382177,/home/jerry/Desktop/checkpoints/best_iris_experiment_combined.pth,goal2.png,0.8887051343917847,-1.0866025686264038,-1.9947855472564697,2.395578384399414,1.5203075408935547,2.980151653289795,0.8541340231895447,-1.0879652500152588,-1.986034870147705,2.3696422576904297,1.5222558975219727,2.966581106185913,-0.0345710925757885,-0.0013626260915771127,0.008750729262828827,-0.025936149060726166,0.0019484038930386305,-0.013570664450526237
1769720241.7370563,/home/jerry/Desktop/checkpoints/best_iris_experiment_combined.pth,goal2.png,0.8725898861885071,-1.0881776809692383,-1.9906657934188843,2.3815834522247314,1.521458625793457,2.9736087322235107,0.8389616012573242,-1.0902535915374756,-1.9815419912338257,2.356278896331787,1.523706078529358,2.9599764347076416,-0.033628273755311966,-0.0020759147591888905,0.009123841300606728,-0.025304477661848068,0.0022474504075944424,-0.013632393442094326
1769720241.835977,/home/jerry/Desktop/checkpoints/best_iris_experiment_combined.pth,goal2.png,0.8575044870376587,-1.0895711183547974,-1.9873336553573608,2.37064790725708,1.5221402645111084,2.967989444732666,0.8247157335281372,-1.0921999216079712,-1.977793574333191,2.346519708633423,1.52438223361969,2.9543192386627197,-0.03278876841068268,-0.002628845162689686,0.009540127590298653,-0.024128105491399765,0.0022419937886297703,-0.01367015577852726
1769720241.9380734,/home/jerry/Desktop/checkpoints/best_iris_experiment_combined.pth,goal2.png,0.842207133769989,-1.0923579931259155,-1.9826991558074951,2.357774019241333,1.5233519077301025,2.9618098735809326,0.8100937008857727,-1.0955369472503662,-1.9729840755462646,2.3347368240356445,1.5258052349090576,2.948068380355835,-0.032113444060087204,-0.0031789434142410755,0.009715079329907894,-0.02303730696439743,0.002453353488817811,-0.013741586357355118
1769720242.0369678,/home/jerry/Desktop/checkpoints/best_iris_experiment_combined.pth,goal2.png,0.829060435295105,-1.0952054262161255,-1.9792457818984985,2.3478989601135254,1.5245939493179321,2.955781936645508,0.7978111505508423,-1.0991735458374023,-1.9696941375732422,2.325485944747925,1.5274971723556519,2.9423410892486572,-0.03124929964542389,-0.003968159668147564,0.00955166295170784,-0.02241312712430954,0.0029032458551228046,-0.013440864160656929
1769720242.1372774,/home/jerry/Desktop/checkpoints/best_iris_experiment_combined.pth,goal2.png,0.8144292831420898,-1.0988707542419434,-1.974823236465454,2.3365392684936523,1.5260025262832642,2.9490115642547607,0.783469021320343,-1.103198766708374,-1.9654827117919922,2.3145864009857178,1.5290945768356323,2.936005115509033,-0.030960265547037125,-0.004328052047640085,0.009340541437268257,-0.02195275016129017,0.0030920901335775852,-0.013006403110921383
1769720242.2382119,/home/jerry/Desktop/checkpoints/best_iris_experiment_combined.pth,goal2.png,0.8011009097099304,-1.1033843755722046,-1.971036672592163,2.3251497745513916,1.5269718170166016,2.9436802864074707,0.7703176736831665,-1.1077183485031128,-1.9615387916564941,2.303720712661743,1.5300285816192627,2.931652069091797,-0.030783239752054214,-0.00433391984552145,0.00949794054031372,-0.02142917737364769,0.0030567210633307695,-0.012028133496642113
1769720242.3380394,/home/jerry/Desktop/checkpoints/best_iris_experiment_combined.pth,goal2.png,0.7883177399635315,-1.1077463626861572,-1.9671592712402344,2.315789222717285,1.528713583946228,2.93803071975708,0.7575730085372925,-1.112047553062439,-1.9571397304534912,2.2949025630950928,1.531671166419983,2.9271225929260254,-0.030744701623916626,-0.0043012239038944244,0.010019592940807343,-0.020886659622192383,0.0029576343949884176,-0.010908074676990509
1769720242.4371243,/home/jerry/Desktop/checkpoints/best_iris_experiment_combined.pth,goal2.png,0.7742622494697571,-1.1130777597427368,-1.962585210800171,2.304429769515991,1.5303341150283813,2.9324419498443604,0.7437480688095093,-1.1175650358200073,-1.952188491821289,2.283574104309082,1.532870888710022,2.922602653503418,-0.030514169484376907,-0.004487222991883755,0.010396663099527359,-0.020855728536844254,0.002536828862503171,-0.009839381091296673
1769720242.5343704,/home/jerry/Desktop/checkpoints/best_iris_experiment_combined.pth,goal2.png,0.760964035987854,-1.118833065032959,-1.9581019878387451,2.2951302528381348,1.5318185091018677,2.9282009601593018,0.7307085394859314,-1.1232436895370483,-1.9477497339248657,2.27396559715271,1.5338233709335327,2.919219970703125,-0.030255485326051712,-0.004410656169056892,0.010352243669331074,-0.021164756268262863,0.002004883950576186,-0.00898093543946743
1769720242.636201,/home/jerry/Desktop/checkpoints/best_iris_experiment_combined.pth,goal2.png,0.7476658821105957,-1.1252248287200928,-1.9533461332321167,2.2851943969726562,1.532954454421997,2.9239752292633057,0.7176582217216492,-1.1294373273849487,-1.9432836771011353,2.2633519172668457,1.5347527265548706,2.9152941703796387,-0.03000764176249504,-0.004212555475533009,0.010062417015433311,-0.021842539310455322,0.0017982438439503312,-0.00868111290037632
1769720242.736689,/home/jerry/Desktop/checkpoints/best_iris_experiment_combined.pth,goal2.png,0.7339739799499512,-1.1320102214813232,-1.9492870569229126,2.2737746238708496,1.5334088802337646,2.920461416244507,0.7037674188613892,-1.1356291770935059,-1.93947434425354,2.251710891723633,1.5354644060134888,2.912081003189087,-0.03020653873682022,-0.003618917427957058,0.009812740609049797,-0.02206382155418396,0.0020554945804178715,-0.00838037021458149
1769720242.8370557,/home/jerry/Desktop/checkpoints/best_iris_experiment_combined.pth,goal2.png,0.7206454277038574,-1.1388258934020996,-1.944743275642395,2.263535737991333,1.5344992876052856,2.9165234565734863,0.6900244951248169,-1.1420880556106567,-1.934505581855774,2.2420973777770996,1.5369291305541992,2.9087131023406982,-0.030620934441685677,-0.003262170357629657,0.010237722657620907,-0.021438293159008026,0.002429869957268238,-0.007810422219336033
1769720242.937544,/home/jerry/Desktop/checkpoints/best_iris_experiment_combined.pth,goal2.png,0.7072262167930603,-1.1453689336776733,-1.9399571418762207,2.2532365322113037,1.5355595350265503,2.913100481033325,0.6762335300445557,-1.1483982801437378,-1.9289308786392212,2.233030080795288,1.537942886352539,2.905501365661621,-0.03099265694618225,-0.0030292929150164127,0.011026255786418915,-0.020206503570079803,0.0023833992891013622,-0.007599184289574623
1769720243.036616,/home/jerry/Desktop/checkpoints/best_iris_experiment_combined.pth,goal2.png,0.6932615637779236,-1.152881383895874,-1.9344136714935303,2.2428767681121826,1.5369529724121094,2.909404993057251,0.6618208885192871,-1.1558984518051147,-1.9227418899536133,2.2236011028289795,1.5391466617584229,2.9021215438842773,-0.03144066408276558,-0.003017083741724491,0.01167181134223938,-0.019275780767202377,0.0021937298588454723,-0.007283362559974194
1769720243.1363924,/home/jerry/Desktop/checkpoints/best_iris_experiment_combined.pth,goal2.png,0.6790546774864197,-1.1612721681594849,-1.928627848625183,2.2340009212493896,1.5378769636154175,2.9061484336853027,0.646727979183197,-1.1644166707992554,-1.9168858528137207,2.214474678039551,1.5397371053695679,2.899505615234375,-0.03232672065496445,-0.0031445275526493788,0.011741936206817627,-0.019526323303580284,0.001860134769231081,-0.006642893888056278
1769720243.2365117,/home/jerry/Desktop/checkpoints/best_iris_experiment_combined.pth,goal2.png,0.6647264957427979,-1.1683908700942993,-1.92317533493042,2.2240047454833984,1.5389825105667114,2.9028921127319336,0.630955696105957,-1.171457290649414,-1.9120895862579346,2.2033820152282715,1.5403356552124023,2.897010326385498,-0.03377082198858261,-0.003066381672397256,0.01108575239777565,-0.020622704178094864,0.0013530903961509466,-0.005881711840629578
1769720243.3357596,/home/jerry/Desktop/checkpoints/best_iris_experiment_combined.pth,goal2.png,0.6485506892204285,-1.175751805305481,-1.9177228212356567,2.2132813930511475,1.5396792888641357,2.900196075439453,0.6134753227233887,-1.1784372329711914,-1.9075512886047363,2.191859483718872,1.5405865907669067,2.895186424255371,-0.03507538139820099,-0.002685442566871643,0.010171505622565746,-0.021421875804662704,0.0009073330438695848,-0.005009649787098169
1769720243.4350271,/home/jerry/Desktop/checkpoints/best_iris_experiment_combined.pth,goal2.png,0.6335258483886719,-1.1824766397476196,-1.9128761291503906,2.20428466796875,1.5399519205093384,2.898348331451416,0.5977644920349121,-1.1847337484359741,-1.9036403894424438,2.182236909866333,1.5409338474273682,2.894190549850464,-0.03576134145259857,-0.0022571173030883074,0.009235725738108158,-0.022047806531190872,0.0009818790713325143,-0.004157726652920246
1769720243.5351894,/home/jerry/Desktop/checkpoints/best_iris_experiment_combined.pth,goal2.png,0.6168348789215088,-1.1893528699874878,-1.9085140228271484,2.1931374073028564,1.5403305292129517,2.896545886993408,0.5810656547546387,-1.1912798881530762,-1.899942398071289,2.169989585876465,1.5411804914474487,2.892906427383423,-0.03576922416687012,-0.0019269639160484076,0.008571680635213852,-0.023147905245423317,0.0008499276591464877,-0.0036394353955984116
1769720243.6359751,/home/jerry/Desktop/checkpoints/best_iris_experiment_combined.pth,goal2.png,0.5992958545684814,-1.1958656311035156,-1.9039098024368286,2.1813840866088867,1.5406183004379272,2.895228147506714,0.5637823343276978,-1.1978044509887695,-1.8958464860916138,2.1567883491516113,1.5411560535430908,2.891996383666992,-0.035513490438461304,-0.0019388356013223529,0.008063344284892082,-0.024595674127340317,0.000537784188054502,-0.0032318239100277424
1769720243.7365718,/home/jerry/Desktop/checkpoints/best_iris_experiment_combined.pth,goal2.png,0.5831806063652039,-1.2016210556030273,-1.9002140760421753,2.170236587524414,1.5409666299819946,2.8940317630767822,0.5476365089416504,-1.2036113739013672,-1.892270565032959,2.144278049468994,1.5414350032806396,2.8912193775177,-0.035544104874134064,-0.0019902801141142845,0.007943500764667988,-0.025958549231290817,0.0004683235310949385,-0.0028122691437602043
1769720243.8355417,/home/jerry/Desktop/checkpoints/best_iris_experiment_combined.pth,goal2.png,0.5665200352668762,-1.2084367275238037,-1.8964881896972656,2.1578166484832764,1.5411484241485596,2.8930623531341553,0.530849814414978,-1.210522174835205,-1.8887354135513306,2.1307485103607178,1.541933298110962,2.8904693126678467,-0.0356702022254467,-0.0020854193717241287,0.007752752862870693,-0.027068141847848892,0.0007849006215110421,-0.0025931084528565407
1769720243.9354494,/home/jerry/Desktop/checkpoints/best_iris_experiment_combined.pth,goal2.png,0.5490719079971313,-1.217009425163269,-1.8929439783096313,2.144639730453491,1.5414059162139893,2.8921990394592285,0.5127612352371216,-1.2189918756484985,-1.8855255842208862,2.116333484649658,1.543000340461731,2.889498233795166,-0.03631068766117096,-0.0019824309274554253,0.007418390363454819,-0.02830626256763935,0.001594396773725748,-0.002700782148167491
1769720244.0356371,/home/jerry/Desktop/checkpoints/best_iris_experiment_combined.pth,goal2.png,0.5321386456489563,-1.2227649688720703,-1.8892786502838135,2.129857301712036,1.5421481132507324,2.8911843299865723,0.4950495958328247,-1.2240568399429321,-1.8824793100357056,2.1005501747131348,1.5441603660583496,2.8878848552703857,-0.0370890349149704,-0.0012918685097247362,0.0067993453703820705,-0.02930707484483719,0.0020122306887060404,-0.003299462143331766
1769720244.1357608,/home/jerry/Desktop/checkpoints/best_iris_experiment_combined.pth,goal2.png,0.5152660012245178,-1.2294895648956299,-1.8858556747436523,2.117285966873169,1.543087124824524,2.890033006668091,0.47741663455963135,-1.230013370513916,-1.879333257675171,2.087627649307251,1.5453569889068604,2.8862814903259277,-0.037849362939596176,-0.0005238465964794159,0.0065224673599004745,-0.029658224433660507,0.002269814256578684,-0.003751404583454132
1769720244.2371535,/home/jerry/Desktop/checkpoints/best_iris_experiment_combined.pth,goal2.png,0.49784812331199646,-1.2380319833755493,-1.8822813034057617,2.1026246547698975,1.5443443059921265,2.888503313064575,0.45942628383636475,-1.2380913496017456,-1.875938892364502,2.072629690170288,1.5469516515731812,2.8846611976623535,-0.038421839475631714,-5.939527181908488e-05,0.006342380773276091,-0.029994867742061615,0.0026072864420711994,-0.003842068836092949
1769720244.3370197,/home/jerry/Desktop/checkpoints/best_iris_experiment_combined.pth,goal2.png,0.479430615901947,-1.2458776235580444,-1.8788280487060547,2.0893871784210205,1.5455256700515747,2.886988878250122,0.4410024583339691,-1.2457729578018188,-1.872536301612854,2.058987855911255,1.5485637187957764,2.8828675746917725,-0.0384281650185585,0.0001047076511895284,0.006291784346103668,-0.030399397015571594,0.0030380564276129007,-0.0041212840005755424
1769720244.4361913,/home/jerry/Desktop/checkpoints/best_iris_experiment_combined.pth,goal2.png,0.4608314037322998,-1.250603199005127,-1.8753141164779663,2.0742716789245605,1.546964406967163,2.88521671295166,0.4228236675262451,-1.2497518062591553,-1.8693674802780151,2.0430164337158203,1.550425410270691,2.880434989929199,-0.03800773248076439,0.0008513517095707357,0.0059466902166605,-0.03125527873635292,0.0034610149450600147,-0.004781752824783325
1769720244.5360622,/home/jerry/Desktop/checkpoints/best_iris_experiment_combined.pth,goal2.png,0.4444131553173065,-1.255449891090393,-1.8724061250686646,2.0607917308807373,1.54855477809906,2.8831417560577393,0.4070395529270172,-1.2537646293640137,-1.866515040397644,2.0287458896636963,1.5529224872589111,2.878117561340332,-0.03737359493970871,0.0016853042179718614,0.005891082808375359,-0.03204573690891266,0.004367738030850887,-0.00502409040927887
1769720244.6366751,/home/jerry/Desktop/checkpoints/best_iris_experiment_combined.pth,goal2.png,0.4259956181049347,-1.2600239515304565,-1.870073676109314,2.044525146484375,1.5502815246582031,2.880960702896118,0.3891267776489258,-1.258026123046875,-1.8641014099121094,2.011491060256958,1.5561422109603882,2.876462697982788,-0.036868829280138016,0.0019977721385657787,0.0059722126461565495,-0.033034175634384155,0.005860686302185059,-0.0044979797676205635
1769720244.7372305,/home/jerry/Desktop/checkpoints/best_iris_experiment_combined.pth,goal2.png,0.40924423933029175,-1.2639920711517334,-1.8688316345214844,2.030348300933838,1.5522202253341675,2.8786585330963135,0.37322133779525757,-1.262121319770813,-1.8628971576690674,1.9965966939926147,1.5595508813858032,2.8753228187561035,-0.03602289408445358,0.0018707506824284792,0.005934508983045816,-0.033751554787158966,0.007330676540732384,-0.003335758112370968
1769720244.8355944,/home/jerry/Desktop/checkpoints/best_iris_experiment_combined.pth,goal2.png,0.3949463665485382,-1.267293930053711,-1.8675594329833984,2.015202283859253,1.554598093032837,2.876492738723755,0.3598918616771698,-1.265645146369934,-1.861851453781128,1.9808036088943481,1.5633091926574707,2.874075412750244,-0.035054512321949005,0.0016488103428855538,0.005708028562366962,-0.03439868986606598,0.008711130358278751,-0.002417284995317459
1769720244.9351315,/home/jerry/Desktop/checkpoints/best_iris_experiment_combined.pth,goal2.png,0.37704381346702576,-1.2706563472747803,-1.866923213005066,1.9985721111297607,1.558036208152771,2.8739936351776123,0.342866450548172,-1.2691675424575806,-1.861350655555725,1.9637702703475952,1.5676721334457397,2.872012138366699,-0.03417736664414406,0.0014888208825141191,0.0055725229904055595,-0.03480188548564911,0.009635868482291698,-0.001981517765671015
1769720245.034872,/home/jerry/Desktop/checkpoints/best_iris_experiment_combined.pth,goal2.png,0.3625643849372864,-1.273261547088623,-1.8666507005691528,1.9830322265625,1.561640977859497,2.8722972869873047,0.3293270468711853,-1.2724909782409668,-1.8613457679748535,1.947680950164795,1.5718390941619873,2.870335578918457,-0.03323732316493988,0.0007705093594267964,0.005304910242557526,-0.035351336002349854,0.010198116302490234,-0.0019616272766143084
1769720245.1370134,/home/jerry/Desktop/checkpoints/best_iris_experiment_combined.pth,goal2.png,0.3507201373577118,-1.2760785818099976,-1.8664990663528442,1.9671894311904907,1.5653971433639526,2.8704190254211426,0.3182031512260437,-1.2759052515029907,-1.8615713119506836,1.9315237998962402,1.5758967399597168,2.8685834407806396,-0.03251698613166809,0.00017331770504824817,0.004927706904709339,-0.03566565364599228,0.010499635711312294,-0.001835581031627953
1769720245.2366154,/home/jerry/Desktop/checkpoints/best_iris_experiment_combined.pth,goal2.png,0.3363315463066101,-1.278290033340454,-1.8667112588882446,1.952467679977417,1.5688958168029785,2.8689801692962646,0.30454885959625244,-1.2784404754638672,-1.8627753257751465,1.9165568351745605,1.579300880432129,2.8666231632232666,-0.03178267180919647,-0.0001504870888311416,0.003935984335839748,-0.035910822451114655,0.01040503941476345,-0.002357018180191517
1769720245.3366754,/home/jerry/Desktop/checkpoints/best_iris_experiment_combined.pth,goal2.png,0.3227002024650574,-1.281501054763794,-1.867377519607544,1.9342622756958008,1.5728943347930908,2.8668293952941895,0.29162684082984924,-1.282046914100647,-1.8647139072418213,1.8981850147247314,1.5828975439071655,2.8637757301330566,-0.03107335977256298,-0.0005458166706375778,0.0026636330876499414,-0.03607720881700516,0.010003196075558662,-0.0030536591075360775
1769720245.437936,/home/jerry/Desktop/checkpoints/best_iris_experiment_combined.pth,goal2.png,0.3104015588760376,-1.2837728261947632,-1.86849844455719,1.9199037551879883,1.5765899419784546,2.8643455505371094,0.2796249985694885,-1.2848317623138428,-1.866396188735962,1.8837071657180786,1.5860923528671265,2.860684394836426,-0.03077656775712967,-0.0010589270386844873,0.002102229278534651,-0.03619658201932907,0.009502419270575047,-0.003661148715764284
1769720245.53646,/home/jerry/Desktop/checkpoints/best_iris_experiment_combined.pth,goal2.png,0.2968307435512543,-1.2861355543136597,-1.8700131177902222,1.902243733406067,1.5804522037506104,2.8612709045410156,0.2657328248023987,-1.2867900133132935,-1.8683897256851196,1.865779161453247,1.5890835523605347,2.8579654693603516,-0.031097931787371635,-0.0006545162759721279,0.0016233433270826936,-0.03646457567811012,0.008631386794149876,-0.0033054430969059467
1769720245.6362333,/home/jerry/Desktop/checkpoints/best_iris_experiment_combined.pth,goal2.png,0.2849563956260681,-1.2886497974395752,-1.8715276718139648,1.885340690612793,1.5830270051956177,2.8587870597839355,0.2531020939350128,-1.2885353565216064,-1.8703904151916504,1.8484653234481812,1.5904228687286377,2.8556106090545654,-0.031854309141635895,0.00011438745423220098,0.0011372287990525365,-0.03687535971403122,0.007395809516310692,-0.003176531521603465
1769720245.7366438,/home/jerry/Desktop/checkpoints/best_iris_experiment_combined.pth,goal2.png,0.27302128076553345,-1.2902249097824097,-1.8733755350112915,1.8705278635025024,1.5853291749954224,2.8565454483032227,0.2404545545578003,-1.2893586158752441,-1.872697114944458,1.8332055807113647,1.5918145179748535,2.853419065475464,-0.03256673365831375,0.0008662904147058725,0.0006784553406760097,-0.03732229024171829,0.006485302001237869,-0.003126415889710188
1769720245.83636,/home/jerry/Desktop/checkpoints/best_iris_experiment_combined.pth,goal2.png,0.2588447034358978,-1.2923758029937744,-1.8758291006088257,1.8519591093063354,1.5874193906784058,2.8541221618652344,0.22561542689800262,-1.2912262678146362,-1.8750205039978027,1.8146421909332275,1.5934115648269653,2.8513734340667725,-0.0332292765378952,0.0011495125945657492,0.0008085643057711422,-0.03731697052717209,0.005992128513753414,-0.0027488258201628923
1769720245.9381385,/home/jerry/Desktop/checkpoints/best_iris_experiment_combined.pth,goal2.png,0.24554657936096191,-1.2937692403793335,-1.8783130645751953,1.8350259065628052,1.5894337892532349,2.8516836166381836,0.21185821294784546,-1.2930988073349,-1.8767032623291016,1.7982311248779297,1.5950360298156738,2.849534034729004,-0.03368835896253586,0.0006704667466692626,0.0016097520710900426,-0.03679480403661728,0.0056021930649876595,-0.0021495327819138765
1769720246.0373423,/home/jerry/Desktop/checkpoints/best_iris_experiment_combined.pth,goal2.png,0.2307337373495102,-1.2951323986053467,-1.880433440208435,1.8193647861480713,1.5910695791244507,2.8497750759124756,0.19679468870162964,-1.2951595783233643,-1.8774217367172241,1.784047245979309,1.5958071947097778,2.8483519554138184,-0.03393905237317085,-2.7168105589225888e-05,0.003011678345501423,-0.035317562520504,0.0047375853173434734,-0.0014230275992304087
1769720246.1381898,/home/jerry/Desktop/checkpoints/best_iris_experiment_combined.pth,goal2.png,0.21631473302841187,-1.2961925268173218,-1.8821297883987427,1.8025832176208496,1.5924630165100098,2.848048448562622,0.18216001987457275,-1.297067403793335,-1.8777062892913818,1.7686591148376465,1.5962406396865845,2.8470542430877686,-0.03415471315383911,-0.0008749005501158535,0.004423501435667276,-0.03392414376139641,0.003777677658945322,-0.0009942138567566872
1769720246.2380433,/home/jerry/Desktop/checkpoints/best_iris_experiment_combined.pth,goal2.png,0.20298634469509125,-1.297979712486267,-1.883311152458191,1.7881641387939453,1.593674659729004,2.846564292907715,0.16879592835903168,-1.2993957996368408,-1.8777416944503784,1.7553136348724365,1.5969892740249634,2.8460588455200195,-0.03419041261076927,-0.0014160850550979376,0.0055694556795060635,-0.03285055607557297,0.0033145856577903032,-0.000505562056787312
1769720246.336607,/home/jerry/Desktop/checkpoints/best_iris_experiment_combined.pth,goal2.png,0.18932469189167023,-1.2999184131622314,-1.884098768234253,1.7733817100524902,1.5941442251205444,2.8455190658569336,0.15520107746124268,-1.3018083572387695,-1.877321720123291,1.7415732145309448,1.5972785949707031,2.845343828201294,-0.03412362188100815,-0.0018899146234616637,0.00677705742418766,-0.03180844336748123,0.0031343151349574327,-0.00017534436483401805
1769720246.4355056,/home/jerry/Desktop/checkpoints/best_iris_experiment_combined.pth,goal2.png,0.1748451143503189,-1.301614761352539,-1.8845229148864746,1.7604470252990723,1.5947954654693604,2.8447465896606445,0.14098796248435974,-1.3039487600326538,-1.8768370151519775,1.7296428680419922,1.597840666770935,2.8450753688812256,-0.03385715186595917,-0.002334022428840399,0.007685942575335503,-0.030804116278886795,0.003045151010155678,0.0003288401640020311
1769720246.5383496,/home/jerry/Desktop/checkpoints/best_iris_experiment_combined.pth,goal2.png,0.1603049635887146,-1.303674578666687,-1.884674310684204,1.744907259941101,1.59505295753479,2.8440046310424805,0.12639260292053223,-1.3063961267471313,-1.8765615224838257,1.7147071361541748,1.5978024005889893,2.8447484970092773,-0.033912353217601776,-0.0027215867303311825,0.008112824521958828,-0.03020012378692627,0.0027494218666106462,0.0007439384935423732
1769720246.635589,/home/jerry/Desktop/checkpoints/best_iris_experiment_combined.pth,goal2.png,0.14649184048175812,-1.3054921627044678,-1.8845229148864746,1.7336992025375366,1.5952194929122925,2.84368634223938,0.11226318776607513,-1.3085441589355469,-1.8764557838439941,1.7035503387451172,1.5975455045700073,2.844611644744873,-0.034228648990392685,-0.0030520400032401085,0.008067179471254349,-0.03014885075390339,0.002326053800061345,0.0009251938317902386
1769720246.7383673,/home/jerry/Desktop/checkpoints/best_iris_experiment_combined.pth,goal2.png,0.13267870247364044,-1.3072794675827026,-1.8845531940460205,1.7195225954055786,1.5951893329620361,2.8434441089630127,0.09804097563028336,-1.3102121353149414,-1.8767964839935303,1.689190149307251,1.597356915473938,2.8447821140289307,-0.034637726843357086,-0.0029327075462788343,0.0077567631378769875,-0.030332408845424652,0.0021675685420632362,0.0013379089068621397
1769720246.8359587,/home/jerry/Desktop/checkpoints/best_iris_experiment_combined.pth,goal2.png,0.11668454110622406,-1.3090665340423584,-1.8846440315246582,1.7060729265213013,1.5951589345932007,2.843353271484375,0.0819137692451477,-1.3118849992752075,-1.8774164915084839,1.6753979921340942,1.597421407699585,2.8450005054473877,-0.034770768135786057,-0.0028184212278574705,0.007227487862110138,-0.03067493438720703,0.0022624910343438387,0.001647216617129743
1769720246.9370127,/home/jerry/Desktop/checkpoints/best_iris_experiment_combined.pth,goal2.png,0.1023261696100235,-1.3107932806015015,-1.8849468231201172,1.6916539669036865,1.5950983762741089,2.843322992324829,0.06783313304185867,-1.3135648965835571,-1.8782027959823608,1.660569190979004,1.5976532697677612,2.8451266288757324,-0.034493036568164825,-0.0027716713957488537,0.006744081154465675,-0.0310848206281662,0.0025548934936523438,0.001803664956241846
1769720247.0374193,/home/jerry/Desktop/checkpoints/best_iris_experiment_combined.pth,goal2.png,0.08814956247806549,-1.3121261596679688,-1.8855831623077393,1.6798099279403687,1.5951135158538818,2.8433682918548584,0.054059118032455444,-1.3149480819702148,-1.8791617155075073,1.6486512422561646,1.5976638793945312,2.8446431159973145,-0.034090444445610046,-0.002821965143084526,0.006421452388167381,-0.03115873597562313,0.0025504035875201225,0.0012749092420563102
1769720247.1383064,/home/jerry/Desktop/checkpoints/best_iris_experiment_combined.pth,goal2.png,0.07363970577716827,-1.3134286403656006,-1.8861585855484009,1.6653302907943726,1.5951437950134277,2.8433682918548584,0.03990020230412483,-1.3163856267929077,-1.879846215248108,1.6341501474380493,1.5972458124160767,2.8440439701080322,-0.03373950347304344,-0.0029570404440164566,0.006312395446002483,-0.031180154532194138,0.0021019726991653442,0.0006755854701623321
1769720247.2390451,/home/jerry/Desktop/checkpoints/best_iris_experiment_combined.pth,goal2.png,0.058887507766485214,-1.3149129152297974,-1.8869765996932983,1.6517292261123657,1.5951135158538818,2.8432774543762207,0.025744985789060593,-1.3184545040130615,-1.8806589841842651,1.6202093362808228,1.5964826345443726,2.843231439590454,-0.03314252197742462,-0.0035415412858128548,0.006317594554275274,-0.03151991218328476,0.0013691445346921682,-4.606746369972825e-05
1769720247.3389046,/home/jerry/Desktop/checkpoints/best_iris_experiment_combined.pth,goal2.png,0.045498475432395935,-1.3166699409484863,-1.8874611854553223,1.6382492780685425,1.5946743488311768,2.842686891555786,0.012913212180137634,-1.3209906816482544,-1.88112211227417,1.6063464879989624,1.5955320596694946,2.8424811363220215,-0.0325852632522583,-0.004320693667978048,0.006339044310152531,-0.03190276399254799,0.0008577601984143257,-0.000205697855562903
1769720247.4393713,/home/jerry/Desktop/checkpoints/best_iris_experiment_combined.pth,goal2.png,0.031624775379896164,-1.3181239366531372,-1.888157844543457,1.6255569458007812,1.5943562984466553,2.842278003692627,-0.0006122849881649017,-1.3232614994049072,-1.8816709518432617,1.5933352708816528,1.5950556993484497,2.842085361480713,-0.032237060368061066,-0.005137566477060318,0.006486848462373018,-0.03222165256738663,0.0006993458373472095,-0.0001926873519551009
1769720247.5389254,/home/jerry/Desktop/checkpoints/best_iris_experiment_combined.pth,goal2.png,0.01808425597846508,-1.3205775022506714,-1.888763666152954,1.6092902421951294,1.593659520149231,2.841641664505005,-0.014412088319659233,-1.3259305953979492,-1.8823175430297852,1.5765559673309326,1.5946907997131348,2.8418195247650146,-0.03249634429812431,-0.005353075452148914,0.006446100305765867,-0.03273431956768036,0.001031222054734826,0.00017782868235372007
1769720247.6433923,/home/jerry/Desktop/checkpoints/best_iris_experiment_combined.pth,goal2.png,0.00545251602306962,-1.322425365447998,-1.8891575336456299,1.5970219373703003,1.5932354927062988,2.8411569595336914,-0.02729679085314274,-1.3277493715286255,-1.8824442625045776,1.5638387203216553,1.5945936441421509,2.84140682220459,-0.03274930641055107,-0.005324024707078934,0.006713218055665493,-0.03318323940038681,0.0013582073152065277,0.0002497750101611018
1769720247.7391553,/home/jerry/Desktop/checkpoints/best_iris_experiment_combined.pth,goal2.png,-0.007360994815826416,-1.324485182762146,-1.889611840248108,1.5827544927597046,1.592856764793396,2.840778350830078,-0.040467746555805206,-1.3298312425613403,-1.882597804069519,1.5491772890090942,1.5945512056350708,2.841033697128296,-0.03310675173997879,-0.005346008576452732,0.00701408926397562,-0.03357723355293274,0.0016944032395258546,0.0002552327932789922
1769720247.8367946,/home/jerry/Desktop/checkpoints/best_iris_experiment_combined.pth,goal2.png,-0.02187085524201393,-1.326545000076294,-1.8900359869003296,1.5670632123947144,1.5925689935684204,2.8404905796051025,-0.05543017014861107,-1.3317598104476929,-1.8828977346420288,1.5335127115249634,1.5942718982696533,2.8400321006774902,-0.03355931490659714,-0.00521476985886693,0.007138287648558617,-0.033550530672073364,0.0017029255395755172,-0.00045847793808206916
1769720247.9413576,/home/jerry/Desktop/checkpoints/best_iris_experiment_combined.pth,goal2.png,-0.03547193855047226,-1.328574538230896,-1.8903087377548218,1.5515234470367432,1.5924932956695557,2.8400816917419434,-0.06940864771604538,-1.3336964845657349,-1.8831167221069336,1.5178872346878052,1.5944387912750244,2.839277744293213,-0.03393670916557312,-0.005121936090290546,0.00719200074672699,-0.0336361899971962,0.0019455531146377325,-0.0008040373213589191
1769720248.0409267,/home/jerry/Desktop/checkpoints/best_iris_experiment_combined.pth,goal2.png,-0.04955769330263138,-1.3301196098327637,-1.890520691871643,1.5383766889572144,1.592417597770691,2.8395214080810547,-0.08379429578781128,-1.335232138633728,-1.8833249807357788,1.504590630531311,1.5948535203933716,2.8389644622802734,-0.0342366062104702,-0.005112480837851763,0.007195759564638138,-0.0337861105799675,0.0024359337985515594,-0.0005569978966377676
1769720248.1398444,/home/jerry/Desktop/checkpoints/best_iris_experiment_combined.pth,goal2.png,-0.0636434480547905,-1.3319672346115112,-1.8906720876693726,1.5231398344039917,1.5923720598220825,2.838688373565674,-0.09791232645511627,-1.3372935056686401,-1.8835636377334595,1.4889709949493408,1.5954986810684204,2.8391401767730713,-0.034268878400325775,-0.005326234735548496,0.007108496036380529,-0.03416889160871506,0.0031266796868294477,0.00045180777669884264
1769720248.2392547,/home/jerry/Desktop/checkpoints/best_iris_experiment_combined.pth,goal2.png,-0.0778503343462944,-1.333451747894287,-1.8909751176834106,1.5086300373077393,1.5927659273147583,2.838324785232544,-0.11195238679647446,-1.3390557765960693,-1.8840712308883667,1.474246859550476,1.5961765050888062,2.8394758701324463,-0.034102052450180054,-0.0056040543131530285,0.006903940346091986,-0.03438318520784378,0.003410551231354475,0.0011511007323861122
1769720248.3420026,/home/jerry/Desktop/checkpoints/best_iris_experiment_combined.pth,goal2.png,-0.09154234081506729,-1.3353599309921265,-1.8911265134811401,1.49387788772583,1.593023419380188,2.838127851486206,-0.12535697221755981,-1.3409826755523682,-1.884551763534546,1.4598122835159302,1.5961940288543701,2.839557647705078,-0.033814623951911926,-0.0056227268651127815,0.006574809551239014,-0.03406558185815811,0.0031706204172223806,0.0014297908637672663
1769720248.4404953,/home/jerry/Desktop/checkpoints/best_iris_experiment_combined.pth,goal2.png,-0.10584007203578949,-1.3371472358703613,-1.8914597034454346,1.4791862964630127,1.5933111906051636,2.8381733894348145,-0.13944901525974274,-1.3426119089126587,-1.8853397369384766,1.445569634437561,1.5963621139526367,2.839472532272339,-0.03360893949866295,-0.005464701913297176,0.006119988393038511,-0.033616695553064346,0.0030508805066347122,0.0012992359697818756
1769720248.5389023,/home/jerry/Desktop/checkpoints/best_iris_experiment_combined.pth,goal2.png,-0.11947151273488998,-1.3388739824295044,-1.8920049667358398,1.4638887643814087,1.5934474468231201,2.838188409805298,-0.1527303159236908,-1.3442095518112183,-1.886142373085022,1.431005597114563,1.5965120792388916,2.8389670848846436,-0.03325881063938141,-0.005335550755262375,0.005862636025995016,-0.03288313373923302,0.0030646417289972305,0.0007786337519064546
1769720248.6391664,/home/jerry/Desktop/checkpoints/best_iris_experiment_combined.pth,goal2.png,-0.13279998302459717,-1.340691328048706,-1.892580509185791,1.4498333930969238,1.5935989618301392,2.838158130645752,-0.1657799780368805,-1.345893383026123,-1.886600136756897,1.4176491498947144,1.5967117547988892,2.8380048274993896,-0.03297998756170273,-0.005202062893658876,0.0059803687036037445,-0.03218425065279007,0.0031128476839512587,-0.0001531890593469143
1769720248.738185,/home/jerry/Desktop/checkpoints/best_iris_experiment_combined.pth,goal2.png,-0.14615872502326965,-1.342175841331482,-1.8931257724761963,1.4356870651245117,1.5939170122146606,2.8378703594207764,-0.1790628433227539,-1.3469492197036743,-1.8870795965194702,1.4047901630401611,1.596883773803711,2.8368191719055176,-0.03290412575006485,-0.004773434717208147,0.006046129856258631,-0.030896887183189392,0.0029668135102838278,-0.0010511017171666026
1769720248.8375697,/home/jerry/Desktop/checkpoints/best_iris_experiment_combined.pth,goal2.png,-0.1587904691696167,-1.3438720703125,-1.8936103582382202,1.421692132949829,1.594447135925293,2.837249279022217,-0.1916947215795517,-1.3483233451843262,-1.8878988027572632,1.3916428089141846,1.5970041751861572,2.8356614112854004,-0.032904252409935,-0.004451217595487833,0.005711570382118225,-0.03004934825003147,0.002557031810283661,-0.0015878218691796064
1769720248.9393215,/home/jerry/Desktop/checkpoints/best_iris_experiment_combined.pth,goal2.png,-0.17260360717773438,-1.3450837135314941,-1.8938831090927124,1.4076669216156006,1.595068097114563,2.8362345695495605,-0.20548342168331146,-1.3493993282318115,-1.8887262344360352,1.3781009912490845,1.596948266029358,2.8343281745910645,-0.032879818230867386,-0.004315630067139864,0.005156897474080324,-0.029565881937742233,0.0018801165279000998,-0.0019064764492213726
1769720249.0381713,/home/jerry/Desktop/checkpoints/best_iris_experiment_combined.pth,goal2.png,-0.18559880554676056,-1.3462650775909424,-1.8942162990570068,1.3953684568405151,1.595219612121582,2.8353259563446045,-0.21834930777549744,-1.3506349325180054,-1.8896613121032715,1.3659576177597046,1.5965391397476196,2.833155393600464,-0.032750509679317474,-0.004369861911982298,0.004555046558380127,-0.029410839080810547,0.00131957174744457,-0.0021706540137529373
1769720249.1384406,/home/jerry/Desktop/checkpoints/best_iris_experiment_combined.pth,goal2.png,-0.19935138523578644,-1.3475677967071533,-1.8948523998260498,1.3813735246658325,1.5953104496002197,2.8341143131256104,-0.2321111261844635,-1.3518719673156738,-1.890889048576355,1.3522038459777832,1.5963847637176514,2.832123041152954,-0.03275974094867706,-0.004304225090891123,0.003963355906307697,-0.029169686138629913,0.001074348110705614,-0.00199132994748652
1769720249.241351,/home/jerry/Desktop/checkpoints/best_iris_experiment_combined.pth,goal2.png,-0.21249806880950928,-1.3485673666000366,-1.8953371047973633,1.3679238557815552,1.5954316854476929,2.832963228225708,-0.2453775852918625,-1.3529874086380005,-1.8917031288146973,1.3390202522277832,1.5963939428329468,2.8314552307128906,-0.03287951648235321,-0.004420049954205751,0.0036339727230370045,-0.028903573751449585,0.0009622439392842352,-0.0015080813318490982
1769720249.3385005,/home/jerry/Desktop/checkpoints/best_iris_experiment_combined.pth,goal2.png,-0.2256750464439392,-1.3494760990142822,-1.8958520889282227,1.3556556701660156,1.5953255891799927,2.8320088386535645,-0.25885146856307983,-1.3541147708892822,-1.892407774925232,1.3269457817077637,1.5957914590835571,2.8306822776794434,-0.03317642584443092,-0.004638665355741978,0.003444299101829529,-0.02870984375476837,0.00046587164979428053,-0.0013266103342175484
1769720249.4393556,/home/jerry/Desktop/checkpoints/best_iris_experiment_combined.pth,goal2.png,-0.2403060495853424,-1.350778579711914,-1.8965184688568115,1.341691017150879,1.5953407287597656,2.83141827583313,-0.2738717198371887,-1.355728268623352,-1.8933560848236084,1.313222885131836,1.5949615240097046,2.8295392990112305,-0.03356566280126572,-0.00494973873719573,0.0031624212861061096,-0.028468117117881775,-0.00037920803879387677,-0.0018790625035762787
1769720249.539681,/home/jerry/Desktop/checkpoints/best_iris_experiment_combined.pth,goal2.png,-0.25242283940315247,-1.35189950466156,-1.89718496799469,1.3283929824829102,1.5949469804763794,2.8305699825286865,-0.2864541709423065,-1.3569046258926392,-1.894267201423645,1.3001432418823242,1.5936518907546997,2.8282110691070557,-0.03403133526444435,-0.005005108192563057,0.0029177803080528975,-0.02824968285858631,-0.001295069232583046,-0.0023588482290506363
1769720249.6395807,/home/jerry/Desktop/checkpoints/best_iris_experiment_combined.pth,goal2.png,-0.26569074392318726,-1.3528081178665161,-1.8974272012710571,1.3160337209701538,1.5942957401275635,2.829676389694214,-0.30016109347343445,-1.3578054904937744,-1.8946064710617065,1.2880743741989136,1.5923839807510376,2.8270130157470703,-0.03447035700082779,-0.004997383803129196,0.0028207148425281048,-0.027959348633885384,-0.0019117639167234302,-0.0026634649839252234
1769720249.739594,/home/jerry/Desktop/checkpoints/best_iris_experiment_combined.pth,goal2.png,-0.27950385212898254,-1.354262113571167,-1.897639274597168,1.3029780387878418,1.5929021835327148,2.8281314373016357,-0.3140642046928406,-1.3592932224273682,-1.8946293592453003,1.2752289772033691,1.5909554958343506,2.8258368968963623,-0.034560348838567734,-0.005031165201216936,0.0030099693685770035,-0.027749113738536835,-0.0019467307720333338,-0.002294546691700816
1769720249.839819,/home/jerry/Desktop/checkpoints/best_iris_experiment_combined.pth,goal2.png,-0.29534652829170227,-1.355655550956726,-1.8979724645614624,1.2901039123535156,1.5917662382125854,2.826995611190796,-0.3296404182910919,-1.3605232238769531,-1.895150899887085,1.2622313499450684,1.5899256467819214,2.824957847595215,-0.03429388999938965,-0.004867699928581715,0.0028215849306434393,-0.02787252888083458,-0.0018406197195872664,-0.002037663944065571
1769720249.9385436,/home/jerry/Desktop/checkpoints/best_iris_experiment_combined.pth,goal2.png,-0.3072815537452698,-1.3567461967468262,-1.8980027437210083,1.2769571542739868,1.5907059907913208,2.825965642929077,-0.3410358130931854,-1.3615628480911255,-1.8953278064727783,1.24870765209198,1.5891284942626953,2.82444429397583,-0.033754248172044754,-0.004816703964024782,0.0026749838143587112,-0.028249457478523254,-0.0015774865169078112,-0.001521368627436459
1769720250.038901,/home/jerry/Desktop/checkpoints/best_iris_experiment_combined.pth,goal2.png,-0.3217308521270752,-1.3578367233276367,-1.8980633020401,1.2649918794631958,1.5897064208984375,2.825026750564575,-0.3548484444618225,-1.3623931407928467,-1.8955631256103516,1.2362419366836548,1.5880407094955444,2.824026584625244,-0.033117592334747314,-0.004556460306048393,0.0025001848116517067,-0.028749912977218628,-0.0016657342202961445,-0.0010000865440815687
1769720250.1400297,/home/jerry/Desktop/checkpoints/best_iris_experiment_combined.pth,goal2.png,-0.33608922362327576,-1.3590785264968872,-1.8981845378875732,1.2502397298812866,1.5884039402008057,2.8239362239837646,-0.36874520778656006,-1.3636225461959839,-1.8955994844436646,1.2213302850723267,1.5868864059448242,2.8232102394104004,-0.0326559916138649,-0.004543979652225971,0.0025850641541182995,-0.02890949696302414,-0.0015175464795902371,-0.000726032187230885
1769720250.2390118,/home/jerry/Desktop/checkpoints/best_iris_experiment_combined.pth,goal2.png,-0.35023555159568787,-1.36007821559906,-1.898245096206665,1.238486409187317,1.5878132581710815,2.823587656021118,-0.3822438418865204,-1.3646928071975708,-1.8958059549331665,1.2091853618621826,1.5867453813552856,2.8229615688323975,-0.03200829029083252,-0.004614570643752813,0.0024391096085309982,-0.029301080852746964,-0.001067936304025352,-0.0006260586669668555
1769720250.34008,/home/jerry/Desktop/checkpoints/best_iris_experiment_combined.pth,goal2.png,-0.3605045676231384,-1.3609869480133057,-1.8983662128448486,1.2238554954528809,1.5868741273880005,2.8228607177734375,-0.3922232687473297,-1.3655664920806885,-1.896075963973999,1.19423508644104,1.5862114429473877,2.821922540664673,-0.03171869367361069,-0.004579522646963596,0.002290217438712716,-0.02962038852274418,-0.0006626712856814265,-0.0009382159914821386
1769720250.4392796,/home/jerry/Desktop/checkpoints/best_iris_experiment_combined.pth,goal2.png,-0.3762260377407074,-1.361653447151184,-1.8983964920043945,1.2104663848876953,1.586419701576233,2.822436571121216,-0.4075683653354645,-1.3661577701568604,-1.8960927724838257,1.1810007095336914,1.586113452911377,2.821244478225708,-0.031342316418886185,-0.0045043425634503365,0.002303660148754716,-0.0294656902551651,-0.00030630017863586545,-0.0011922117555513978
1769720250.538533,/home/jerry/Desktop/checkpoints/best_iris_experiment_combined.pth,goal2.png,-0.38870635628700256,-1.362653136253357,-1.8984571695327759,1.1958959102630615,1.5860259532928467,2.8218913078308105,-0.41958364844322205,-1.3671648502349854,-1.8962339162826538,1.1665558815002441,1.5862421989440918,2.8206276893615723,-0.03087729960680008,-0.0045117284171283245,0.0022232485935091972,-0.02934001199901104,0.00021620960615109652,-0.0012636436149477959
1769720250.639898,/home/jerry/Desktop/checkpoints/best_iris_experiment_combined.pth,goal2.png,-0.3995508849620819,-1.3636224269866943,-1.898608684539795,1.1832338571548462,1.5858744382858276,2.821437120437622,-0.42972710728645325,-1.3683359622955322,-1.8966898918151855,1.1541733741760254,1.5864226818084717,2.8199191093444824,-0.030176233500242233,-0.004713566042482853,0.0019187767757102847,-0.02906050905585289,0.0005482119740918279,-0.001517977681942284
1769720250.7389562,/home/jerry/Desktop/checkpoints/best_iris_experiment_combined.pth,goal2.png,-0.4121220111846924,-1.3640161752700806,-1.8985480070114136,1.1689966917037964,1.5857230424880981,2.820801019668579,-0.44180604815483093,-1.3690342903137207,-1.896721363067627,1.1404943466186523,1.5861272811889648,2.818965196609497,-0.02968403697013855,-0.005018080119043589,0.0018266711849719286,-0.028502395376563072,0.0004042583459522575,-0.0018358652014285326
1769720250.8409965,/home/jerry/Desktop/checkpoints/best_iris_experiment_combined.pth,goal2.png,-0.4253898859024048,-1.3650158643722534,-1.898578405380249,1.1556682586669922,1.5859047174453735,2.819892168045044,-0.4548700749874115,-1.3700807094573975,-1.896731972694397,1.1275999546051025,1.5862349271774292,2.817838668823242,-0.029480181634426117,-0.005064878612756729,0.001846399623900652,-0.028068311512470245,0.0003301854885648936,-0.0020535450894385576
1769720250.9409132,/home/jerry/Desktop/checkpoints/best_iris_experiment_combined.pth,goal2.png,-0.4358103275299072,-1.3658336400985718,-1.8984874486923218,1.1420973539352417,1.585768461227417,2.8189077377319336,-0.46510306000709534,-1.3708269596099854,-1.896321415901184,1.1142526865005493,1.586629867553711,2.817138671875,-0.029292728751897812,-0.0049933381378650665,0.002166008111089468,-0.027844682335853577,0.0008613897953182459,-0.0017690372187644243
1769720251.0394876,/home/jerry/Desktop/checkpoints/best_iris_experiment_combined.pth,goal2.png,-0.4486541152000427,-1.3666516542434692,-1.8984571695327759,1.1296473741531372,1.5858290195465088,2.8180594444274902,-0.47785043716430664,-1.3716367483139038,-1.8959800004959106,1.1017494201660156,1.5873459577560425,2.8167455196380615,-0.02919633314013481,-0.004985063802450895,0.0024771729949861765,-0.027897993102669716,0.0015169731341302395,-0.0013139911461621523
1769720251.1504126,/home/jerry/Desktop/checkpoints/best_iris_experiment_combined.pth,goal2.png,-0.46043768525123596,-1.367530107498169,-1.8984267711639404,1.1153496503829956,1.5862683057785034,2.817317247390747,-0.48978734016418457,-1.3727049827575684,-1.8955297470092773,1.0873550176620483,1.5883946418762207,2.816765785217285,-0.029349662363529205,-0.005174841266125441,0.0028970427811145782,-0.027994630858302116,0.0021263505332171917,-0.000551557750441134
1769720251.2420025,/home/jerry/Desktop/checkpoints/best_iris_experiment_combined.pth,goal2.png,-0.4705551862716675,-1.3684085607528687,-1.8980937004089355,1.104535460472107,1.5867831707000732,2.816771984100342,-0.5000672340393066,-1.3736945390701294,-1.8950328826904297,1.0763003826141357,1.5894874334335327,2.816732406616211,-0.029512055218219757,-0.005285950843244791,0.0030608074739575386,-0.02823502942919731,0.002704306971281767,-3.963394556194544e-05
1769720251.3415046,/home/jerry/Desktop/checkpoints/best_iris_experiment_combined.pth,goal2.png,-0.483277827501297,-1.3689841032028198,-1.8980937004089355,1.0901466608047485,1.5873891115188599,2.8162875175476074,-0.5130186080932617,-1.374541163444519,-1.8949295282363892,1.0616804361343384,1.5905977487564087,2.8165597915649414,-0.02974078431725502,-0.005557067692279816,0.0031641246750950813,-0.02846626564860344,0.0032086921855807304,0.0002722088247537613
1769720251.43978,/home/jerry/Desktop/checkpoints/best_iris_experiment_combined.pth,goal2.png,-0.49321359395980835,-1.3699837923049927,-1.897790789604187,1.0778179168701172,1.5880706310272217,2.815908670425415,-0.5227323770523071,-1.3760374784469604,-1.8947807550430298,1.049517273902893,1.5910496711730957,2.815748691558838,-0.029518764466047287,-0.006053639575839043,0.003010060405358672,-0.02830062247812748,0.0029789896216243505,-0.0001600979157956317
1769720251.5396197,/home/jerry/Desktop/checkpoints/best_iris_experiment_combined.pth,goal2.png,-0.5071175694465637,-1.3711044788360596,-1.8973666429519653,1.0633989572525024,1.5889946222305298,2.815196990966797,-0.5363162159919739,-1.3775551319122314,-1.8942986726760864,1.0351731777191162,1.5913838148117065,2.814610004425049,-0.029198629781603813,-0.006450629327446222,0.0030679740011692047,-0.028225738555192947,0.0023892433382570744,-0.0005871034227311611
1769720251.6407695,/home/jerry/Desktop/checkpoints/best_iris_experiment_combined.pth,goal2.png,-0.5180226564407349,-1.372255563735962,-1.8973666429519653,1.0509791374206543,1.5897821187973022,2.8145909309387207,-0.546973705291748,-1.3789594173431396,-1.8939706087112427,1.022957444190979,1.5912352800369263,2.813838481903076,-0.02895105443894863,-0.006703868508338928,0.0033960752189159393,-0.028021741658449173,0.001453192438930273,-0.0007525249384343624
1769720251.740419,/home/jerry/Desktop/checkpoints/best_iris_experiment_combined.pth,goal2.png,-0.527685821056366,-1.373679280281067,-1.89718496799469,1.0373477935791016,1.590191125869751,2.8141214847564697,-0.5566810369491577,-1.3804470300674438,-1.8935177326202393,1.0091617107391357,1.5908437967300415,2.8133046627044678,-0.028995219618082047,-0.006767692510038614,0.0036671950947493315,-0.028186140581965446,0.0006526877405121922,-0.0008168930653482676
1769720251.8386068,/home/jerry/Desktop/checkpoints/best_iris_experiment_combined.pth,goal2.png,-0.5403781533241272,-1.3751029968261719,-1.8970030546188354,1.0234742164611816,1.5904031991958618,2.813727855682373,-0.5695217251777649,-1.3820587396621704,-1.8934636116027832,0.9949815273284912,1.5901603698730469,2.8128488063812256,-0.029143579304218292,-0.0069557614624500275,0.0035394702572375536,-0.02849271148443222,-0.0002428063307888806,-0.0008789302664808929
1769720251.9401772,/home/jerry/Desktop/checkpoints/best_iris_experiment_combined.pth,goal2.png,-0.545709490776062,-1.3759814500808716,-1.8964881896972656,1.016719102859497,1.5903273820877075,2.8134701251983643,-0.5748794078826904,-1.3830204010009766,-1.8930612802505493,0.9877660274505615,1.5894778966903687,2.8123486042022705,-0.02916993945837021,-0.00703894579783082,0.0034269243478775024,-0.02895306423306465,-0.0008494657813571393,-0.0011215964332222939
1769720252.0408995,/home/jerry/Desktop/checkpoints/best_iris_experiment_combined.pth,goal2.png,-0.5625518560409546,-1.3783140182495117,-1.8962761163711548,0.9979076981544495,1.5898427963256836,2.812955379486084,-0.5919492840766907,-1.385317087173462,-1.8927526473999023,0.9687090516090393,1.5883806943893433,2.811743974685669,-0.029397401958703995,-0.007003076374530792,0.0035234736278653145,-0.029198653995990753,-0.0014621228910982609,-0.0012114557903259993
1769720252.140019,/home/jerry/Desktop/checkpoints/best_iris_experiment_combined.pth,goal2.png,-0.5713971257209778,-1.3798891305923462,-1.8957915306091309,0.9857909083366394,1.5890703201293945,2.8123342990875244,-0.6013039946556091,-1.3868894577026367,-1.891997218132019,0.9562872052192688,1.587388277053833,2.8114705085754395,-0.029906857758760452,-0.007000369485467672,0.0037942759227007627,-0.029503725469112396,-0.0016819839365780354,-0.0008637747960165143
1769720252.2406666,/home/jerry/Desktop/checkpoints/best_iris_experiment_combined.pth,goal2.png,-0.5852708220481873,-1.3817672729492188,-1.8956096172332764,0.9706147313117981,1.588570475578308,2.8119254112243652,-0.6156112551689148,-1.3888001441955566,-1.8915455341339111,0.9409802556037903,1.5863195657730103,2.8111557960510254,-0.03034043312072754,-0.007032852619886398,0.004064069129526615,-0.029634470120072365,-0.0022509535774588585,-0.0007695121457800269
1769720252.3397412,/home/jerry/Desktop/checkpoints/best_iris_experiment_combined.pth,goal2.png,-0.5952671766281128,-1.3829790353775024,-1.8952462673187256,0.9579526782035828,1.5876768827438354,2.8113951683044434,-0.6259649991989136,-1.3899247646331787,-1.8912429809570312,0.9277545213699341,1.5848942995071411,2.810544490814209,-0.03069780394434929,-0.006945683155208826,0.004003270994871855,-0.03019813261926174,-0.0027825376018881798,-0.000850638491101563
1769720252.4406664,/home/jerry/Desktop/checkpoints/best_iris_experiment_combined.pth,goal2.png,-0.6082321405410767,-1.3850085735321045,-1.8944889307022095,0.9417464137077332,1.586419701576233,2.8106529712677,-0.639209508895874,-1.3919247388839722,-1.8908438682556152,0.9107292890548706,1.5830222368240356,2.809546709060669,-0.030977346003055573,-0.006916171871125698,0.0036450775805860758,-0.03101710043847561,-0.003397451713681221,-0.0011063541751354933
1769720252.541018,/home/jerry/Desktop/checkpoints/best_iris_experiment_combined.pth,goal2.png,-0.6224996447563171,-1.3856749534606934,-1.8939133882522583,0.9275395274162292,1.5848445892333984,2.8096535205841064,-0.6537485718727112,-1.3927521705627441,-1.8903037309646606,0.8958418369293213,1.581408977508545,2.808673143386841,-0.03124893456697464,-0.007077157497406006,0.0036096610128879547,-0.03169768303632736,-0.003435559803619981,-0.0009803142165765166
1769720252.6420069,/home/jerry/Desktop/checkpoints/best_iris_experiment_combined.pth,goal2.png,-0.6326474547386169,-1.3874319791793823,-1.8934589624404907,0.9128782153129578,1.5834814310073853,2.808835506439209,-0.6641709208488464,-1.3946900367736816,-1.8898706436157227,0.880894660949707,1.5800343751907349,2.8081865310668945,-0.031523458659648895,-0.007258089259266853,0.0035882827360183,-0.03198355436325073,-0.003447058144956827,-0.0006490378291346133
1769720252.7417016,/home/jerry/Desktop/checkpoints/best_iris_experiment_combined.pth,goal2.png,-0.6441583633422852,-1.388310432434082,-1.8932470083236694,0.8971870541572571,1.5818607807159424,2.8079419136047363,-0.6760473847389221,-1.3956935405731201,-1.8900009393692017,0.864937424659729,1.5780166387557983,2.8071205615997314,-0.03188904747366905,-0.0073830727487802505,0.0032460102811455727,-0.03224961832165718,-0.003844114951789379,-0.0008213946130126715
1769720252.8422158,/home/jerry/Desktop/checkpoints/best_iris_experiment_combined.pth,goal2.png,-0.6520342826843262,-1.3894917964935303,-1.8927016258239746,0.8879177570343018,1.5809974670410156,2.8077147006988525,-0.6841460466384888,-1.3971389532089233,-1.8900091648101807,0.8551082015037537,1.576486349105835,2.8062477111816406,-0.03211173787713051,-0.007647116668522358,0.0026924500707536936,-0.032809533178806305,-0.0045111700892448425,-0.001466972753405571
1769720252.9423852,/home/jerry/Desktop/checkpoints/best_iris_experiment_combined.pth,goal2.png,-0.6681799292564392,-1.3908852338790894,-1.8921260833740234,0.8673796653747559,1.578044056892395,2.806154727935791,-0.70039963722229,-1.3988916873931885,-1.889785647392273,0.8336482048034668,1.5728559494018555,2.803574562072754,-0.032219693064689636,-0.008006441406905651,0.0023404324892908335,-0.03373148292303085,-0.005188112147152424,-0.0025802147574722767
1769720253.0414634,/home/jerry/Desktop/checkpoints/best_iris_experiment_combined.pth,goal2.png,-0.6789032220840454,-1.3923089504241943,-1.8912173509597778,0.85417240858078,1.5759235620498657,2.8046703338623047,-0.7105157375335693,-1.4005045890808105,-1.8884111642837524,0.8202579021453857,1.5705310106277466,2.802076578140259,-0.031612493097782135,-0.008195668458938599,0.0028061610646545887,-0.03391450643539429,-0.005392494611442089,-0.002593662589788437
1769720253.142517,/home/jerry/Desktop/checkpoints/best_iris_experiment_combined.pth,goal2.png,-0.6939886212348938,-1.3942779302597046,-1.8907326459884644,0.8348158597946167,1.5732125043869019,2.8029286861419678,-0.7249197363853455,-1.4024815559387207,-1.8871848583221436,0.8013110160827637,1.5677001476287842,2.8000998497009277,-0.030931098386645317,-0.008203595876693726,0.0035477718338370323,-0.03350484371185303,-0.005512382369488478,-0.002828747034072876
1769720253.2424636,/home/jerry/Desktop/checkpoints/best_iris_experiment_combined.pth,goal2.png,-0.7037426233291626,-1.3951866626739502,-1.8894907236099243,0.8211541771888733,1.57081937789917,2.8013837337493896,-0.7335605025291443,-1.4037375450134277,-1.8848705291748047,0.7890803217887878,1.566017508506775,2.7990810871124268,-0.029817890375852585,-0.008550903759896755,0.004620138555765152,-0.03207387402653694,-0.004801863804459572,-0.0023026294074952602
1769720253.345021,/home/jerry/Desktop/checkpoints/best_iris_experiment_combined.pth,goal2.png,-0.7173740267753601,-1.3967617750167847,-1.8882184028625488,0.803918182849884,1.5685474872589111,2.799959897994995,-0.747177243232727,-1.4048981666564941,-1.8828070163726807,0.7731195092201233,1.5640956163406372,2.7973713874816895,-0.0298031996935606,-0.008136425167322159,0.005411377176642418,-0.030798692256212234,-0.004451902583241463,-0.002588575938716531
1769720253.4422412,/home/jerry/Desktop/checkpoints/best_iris_experiment_combined.pth,goal2.png,-0.7280064821243286,-1.3983672857284546,-1.8854619264602661,0.790044367313385,1.5665936470031738,2.7984907627105713,-0.7582646012306213,-1.4061468839645386,-1.8791234493255615,0.7593750953674316,1.5626126527786255,2.795825719833374,-0.030258119106292725,-0.007779640145599842,0.0063384706154465675,-0.03066929057240486,-0.003980988636612892,-0.0026651578955352306
1769720253.5395043,/home/jerry/Desktop/checkpoints/best_iris_experiment_combined.pth,goal2.png,-0.7347918748855591,-1.3988821506500244,-1.8844926357269287,0.7801692485809326,1.5652002096176147,2.797279119491577,-0.7660463452339172,-1.4059464931488037,-1.8778637647628784,0.749174177646637,1.5608370304107666,2.7935361862182617,-0.03125445917248726,-0.007064377423375845,0.006628818344324827,-0.030995046719908714,-0.004363201558589935,-0.0037430417723953724
1769720253.640794,/home/jerry/Desktop/checkpoints/best_iris_experiment_combined.pth,goal2.png,-0.7463028430938721,-1.4003362655639648,-1.8816452026367188,0.7661743760108948,1.563534140586853,2.795794725418091,-0.7781258821487427,-1.4065661430358887,-1.8751113414764404,0.734237551689148,1.5582879781723022,2.7906603813171387,-0.03182303160429001,-0.006229897029697895,0.0065338872373104095,-0.03193684667348862,-0.005246186163276434,-0.005134263075888157
1769720253.7422497,/home/jerry/Desktop/checkpoints/best_iris_experiment_combined.pth,goal2.png,-0.7623878717422485,-1.400730013847351,-1.8772528171539307,0.7492411136627197,1.5603837966918945,2.7924931049346924,-0.7931883335113525,-1.4068658351898193,-1.8705811500549316,0.7173105478286743,1.5543556213378906,2.786626100540161,-0.030800454318523407,-0.006135833915323019,0.006671725772321224,-0.0319305919110775,-0.006028174888342619,-0.005866981111466885
1769720253.8419356,/home/jerry/Desktop/checkpoints/best_iris_experiment_combined.pth,goal2.png,-0.7742623090744019,-1.4027595520019531,-1.8739509582519531,0.7335194945335388,1.5574909448623657,2.7895092964172363,-0.8038142919540405,-1.4094617366790771,-1.8667486906051636,0.7026333808898926,1.5508204698562622,2.7829411029815674,-0.029552005231380463,-0.006702185608446598,0.007202212233096361,-0.030886132270097733,-0.0066705122590065,-0.006568216718733311
1769720253.942895,/home/jerry/Desktop/checkpoints/best_iris_experiment_combined.pth,goal2.png,-0.78453129529953,-1.4030323028564453,-1.8711035251617432,0.7187068462371826,1.554416298866272,2.786374092102051,-0.8138067126274109,-1.4101288318634033,-1.8628277778625488,0.6897594928741455,1.5464893579483032,2.7792837619781494,-0.029275409877300262,-0.0070964982733130455,0.008275717496871948,-0.0289473757147789,-0.007926982827484608,-0.007090390659868717
1769720254.0422726,/home/jerry/Desktop/checkpoints/best_iris_experiment_combined.pth,goal2.png,-0.7961633801460266,-1.4043349027633667,-1.868316650390625,0.7038031220436096,1.5510690212249756,2.783026695251465,-0.8255859017372131,-1.4119569063186646,-1.8585678339004517,0.6764881610870361,1.5411734580993652,2.7755258083343506,-0.029422514140605927,-0.007622062228620052,0.009748832322657108,-0.02731497958302498,-0.009895622730255127,-0.007500853389501572
1769720254.1425383,/home/jerry/Desktop/checkpoints/best_iris_experiment_combined.pth,goal2.png,-0.8060082793235779,-1.4058494567871094,-1.8644089698791504,0.6895962357521057,1.5462981462478638,2.7786495685577393,-0.8351975083351135,-1.413857340812683,-1.85289466381073,0.6632705926895142,1.5343842506408691,2.770491361618042,-0.029189232736825943,-0.008007883094251156,0.011514352634549141,-0.026325616985559464,-0.011913947761058807,-0.008158212527632713
1769720254.2408118,/home/jerry/Desktop/checkpoints/best_iris_experiment_combined.pth,goal2.png,-0.8157016634941101,-1.4070308208465576,-1.8605921268463135,0.6830228567123413,1.543859601020813,2.7765140533447266,-0.8448114395141602,-1.4153051376342773,-1.8482239246368408,0.6570759415626526,1.5307518243789673,2.767279863357544,-0.02910974621772766,-0.008274332620203495,0.012368254363536835,-0.02594692073762417,-0.013107753358781338,-0.009234130382537842
1769720254.3429353,/home/jerry/Desktop/checkpoints/best_iris_experiment_combined.pth,goal2.png,-0.8250619173049927,-1.4089088439941406,-1.8557454347610474,0.6685736775398254,1.538028359413147,2.772106647491455,-0.8548580408096313,-1.4175165891647339,-1.842618465423584,0.6435238122940063,1.5242804288864136,2.761066436767578,-0.02979613095521927,-0.008607698604464531,0.013126980513334274,-0.025049861520528793,-0.013747913762927055,-0.011040311306715012
1769720254.4420247,/home/jerry/Desktop/checkpoints/best_iris_experiment_combined.pth,goal2.png,-0.8325743079185486,-1.4099388122558594,-1.8511714935302734,0.660667359828949,1.5328636169433594,2.767850637435913,-0.8635469675064087,-1.4188562631607056,-1.8376400470733643,0.6377164125442505,1.518398404121399,2.7550792694091797,-0.030972670763731003,-0.008917490020394325,0.013531443662941456,-0.022950947284698486,-0.014465237967669964,-0.012771457433700562
1769720254.5403402,/home/jerry/Desktop/checkpoints/best_iris_experiment_combined.pth,goal2.png,-0.8430553078651428,-1.4123318195343018,-1.8457189798355103,0.6480356454849243,1.5278048515319824,2.763216018676758,-0.8749586343765259,-1.4209848642349243,-1.8316322565078735,0.6269810199737549,1.5118076801300049,2.7489254474639893,-0.03190332651138306,-0.008653050288558006,0.014086714014410973,-0.02105461061000824,-0.015997199341654778,-0.014290541410446167
1769720254.6393418,/home/jerry/Desktop/checkpoints/best_iris_experiment_combined.pth,goal2.png,-0.8521732091903687,-1.4131498336791992,-1.8409932851791382,0.6407352685928345,1.5222008228302002,2.757733106613159,-0.8843808770179749,-1.4209846258163452,-1.8263674974441528,0.6201279163360596,1.504677653312683,2.7428932189941406,-0.03220765292644501,-0.007834844291210175,0.014625799842178822,-0.02060736157000065,-0.017523128539323807,-0.014839975163340569
1769720254.7467327,/home/jerry/Desktop/checkpoints/best_iris_experiment_combined.pth,goal2.png,-0.8690155148506165,-1.414664387702942,-1.8317846059799194,0.6279218792915344,1.5127042531967163,2.7484183311462402,-0.9012004137039185,-1.421572208404541,-1.8167471885681152,0.6058169603347778,1.4948512315750122,2.7336535453796387,-0.032184917479753494,-0.006907796952873468,0.015037359669804573,-0.0221049003303051,-0.01785305142402649,-0.014764875173568726
1769720254.8403313,/home/jerry/Desktop/checkpoints/best_iris_experiment_combined.pth,goal2.png,-0.879011869430542,-1.4168756008148193,-1.825483798980713,0.6175923347473145,1.504919171333313,2.7413601875305176,-0.9122629165649414,-1.42329740524292,-1.8104256391525269,0.5945442914962769,1.4878207445144653,2.726673126220703,-0.03325105831027031,-0.006421827245503664,0.0150581244379282,-0.023048024624586105,-0.017098426818847656,-0.014687098562717438
1769720254.9402957,/home/jerry/Desktop/checkpoints/best_iris_experiment_combined.pth,goal2.png,-0.891158938407898,-1.4172089099884033,-1.8177896738052368,0.6058996319770813,1.4969221353530884,2.733726739883423,-0.9259191751480103,-1.423896312713623,-1.8032257556915283,0.5820704102516174,1.4800604581832886,2.718655586242676,-0.03476022556424141,-0.006687411572784185,0.014563923701643944,-0.023829249665141106,-0.016861651092767715,-0.015071265399456024
1769720255.0385664,/home/jerry/Desktop/checkpoints/best_iris_experiment_combined.pth,goal2.png,-0.9013975858688354,-1.4188445806503296,-1.8121554851531982,0.5988415479660034,1.4924237728118896,2.729470729827881,-0.9370602965354919,-1.4256609678268433,-1.7973527908325195,0.574563205242157,1.474895715713501,2.714103937149048,-0.03566272184252739,-0.006816332694143057,0.01480274461209774,-0.024278314784169197,-0.017528004944324493,-0.015366898849606514
1769720255.13749,/home/jerry/Desktop/checkpoints/best_iris_experiment_combined.pth,goal2.png,-0.9153319001197815,-1.4181479215621948,-1.8043097257614136,0.5869671702384949,1.4847599267959595,2.7219581604003906,-0.950761616230011,-1.4244797229766846,-1.7888950109481812,0.562406063079834,1.4660416841506958,2.7059922218322754,-0.035429734736680984,-0.006331825628876686,0.015414690598845482,-0.02456112951040268,-0.018718216568231583,-0.01596601866185665
1769720255.2413397,/home/jerry/Desktop/checkpoints/best_iris_experiment_combined.pth,goal2.png,-0.9247527122497559,-1.420783281326294,-1.7984330654144287,0.5781218409538269,1.478792428970337,2.7163238525390625,-0.9596211910247803,-1.42638099193573,-1.7822054624557495,0.5537859201431274,1.4591400623321533,2.699890613555908,-0.03486848250031471,-0.005597720853984356,0.016227584332227707,-0.024335943162441254,-0.019652359187602997,-0.016433246433734894
1769720255.339245,/home/jerry/Desktop/checkpoints/best_iris_experiment_combined.pth,goal2.png,-0.9365665912628174,-1.4211467504501343,-1.7910115718841553,0.5660050511360168,1.4713255167007446,2.70937180519104,-0.9715341925621033,-1.4261687994003296,-1.7756949663162231,0.5409095287322998,1.4506523609161377,2.691814661026001,-0.0349675789475441,-0.00502209784463048,0.015316587872803211,-0.025095541030168533,-0.02067316509783268,-0.017557144165039062
1769720255.4402807,/home/jerry/Desktop/checkpoints/best_iris_experiment_combined.pth,goal2.png,-0.9526516199111938,-1.4218133687973022,-1.7796825170516968,0.5514953136444092,1.4597842693328857,2.6989212036132812,-0.9879605174064636,-1.426337718963623,-1.765965461730957,0.525459885597229,1.4383994340896606,2.679419755935669,-0.035308871418237686,-0.004524331074208021,0.01371702179312706,-0.02603544108569622,-0.02138477936387062,-0.0195014625787735
1769720255.5403826,/home/jerry/Desktop/checkpoints/best_iris_experiment_combined.pth,goal2.png,-0.9580435752868652,-1.422510027885437,-1.7758656740188599,0.5452854633331299,1.4558463096618652,2.695255756378174,-0.9937117695808411,-1.426465392112732,-1.762921690940857,0.5193776488304138,1.4333746433258057,2.6734771728515625,-0.035668209195137024,-0.003955420106649399,0.012943977490067482,-0.02590782754123211,-0.022471699863672256,-0.02177848294377327
1769720255.6398056,/home/jerry/Desktop/checkpoints/best_iris_experiment_combined.pth,goal2.png,-0.9728260636329651,-1.4232065677642822,-1.7661722898483276,0.5303817391395569,1.4448200464248657,2.684562921524048,-1.0085117816925049,-1.4271706342697144,-1.7526051998138428,0.5070114731788635,1.4221793413162231,2.660588026046753,-0.0356857106089592,-0.003964090254157782,0.013567071408033371,-0.023370251059532166,-0.022640736773610115,-0.023974932730197906
1769720255.740132,/home/jerry/Desktop/checkpoints/best_iris_experiment_combined.pth,goal2.png,-0.9856698513031006,-1.4234490394592285,-1.7604773044586182,0.5211124420166016,1.4369895458221436,2.6763083934783936,-1.0218924283981323,-1.427260160446167,-1.7459180355072021,0.5010278224945068,1.4144402742385864,2.6500227451324463,-0.03622258082032204,-0.003811116795986891,0.014559238217771053,-0.020084606483578682,-0.022549303248524666,-0.026285583153367043
1769720255.8397183,/home/jerry/Desktop/checkpoints/best_iris_experiment_combined.pth,goal2.png,-0.9932125210762024,-1.4246304035186768,-1.7549036741256714,0.5101467370986938,1.4282805919647217,2.6657817363739014,-1.03022038936615,-1.4281251430511475,-1.7396477460861206,0.49358251690864563,1.4069197177886963,2.6381661891937256,-0.037007834762334824,-0.0034947178792208433,0.015255972743034363,-0.016564220190048218,-0.02136085368692875,-0.027615543454885483
1769720255.943256,/home/jerry/Desktop/checkpoints/best_iris_experiment_combined.pth,goal2.png,-1.0065712928771973,-1.4257209300994873,-1.7468459606170654,0.5029372572898865,1.4205107688903809,2.6555280685424805,-1.045173168182373,-1.4288098812103271,-1.731276512145996,0.48797544836997986,1.3995462656021118,2.6270294189453125,-0.03860187903046608,-0.0030889788176864386,0.01556946150958538,-0.014961822889745235,-0.02096448466181755,-0.028498575091362
1769720256.0453472,/home/jerry/Desktop/checkpoints/best_iris_experiment_combined.pth,goal2.png,-1.0197179317474365,-1.4257209300994873,-1.7363042831420898,0.4957277476787567,1.4128923416137695,2.6433961391448975,-1.059948444366455,-1.4285938739776611,-1.720368504524231,0.48073887825012207,1.3916211128234863,2.615323543548584,-0.04023056477308273,-0.002872982295230031,0.015935763716697693,-0.01498887687921524,-0.021271249279379845,-0.028072629123926163
1769720256.139703,/home/jerry/Desktop/checkpoints/best_iris_experiment_combined.pth,goal2.png,-1.0306836366653442,-1.427386999130249,-1.7305185794830322,0.4890030026435852,1.4059251546859741,2.6333694458007812,-1.0725679397583008,-1.4303326606750488,-1.7135734558105469,0.47361353039741516,1.3838179111480713,2.6055145263671875,-0.04188435524702072,-0.0029456138145178556,0.016945095732808113,-0.015389474108815193,-0.022107232362031937,-0.02785481885075569
1769720256.2515438,/home/jerry/Desktop/checkpoints/best_iris_experiment_combined.pth,goal2.png,-1.0429519414901733,-1.4278110265731812,-1.7217036485671997,0.4810361862182617,1.3985642194747925,2.6219494342803955,-1.0858078002929688,-1.4306776523590088,-1.7040461301803589,0.46570631861686707,1.3759492635726929,2.5938498973846436,-0.0428558774292469,-0.002866684924811125,0.01765754260122776,-0.015329854562878609,-0.022615013644099236,-0.028099603950977325
1769720256.3497546,/home/jerry/Desktop/checkpoints/best_iris_experiment_combined.pth,goal2.png,-1.0578252077102661,-1.4291136264801025,-1.7125554084777832,0.47479602694511414,1.3906277418136597,2.6111958026885986,-1.1004928350448608,-1.4319756031036377,-1.6949912309646606,0.45939767360687256,1.3679252862930298,2.583115816116333,-0.042667683213949203,-0.0028619877994060516,0.01756415329873562,-0.015398366376757622,-0.022702418267726898,-0.02807990275323391
1769720256.4494855,/home/jerry/Desktop/checkpoints/best_iris_experiment_combined.pth,goal2.png,-1.0706084966659546,-1.429931402206421,-1.7043160200119019,0.4674351215362549,1.384084701538086,2.6001391410827637,-1.1127464771270752,-1.4323065280914307,-1.68783700466156,0.45063480734825134,1.3604867458343506,2.572511911392212,-0.04213804006576538,-0.002375142415985465,0.016479041427373886,-0.016800323501229286,-0.023597950115799904,-0.027627283707261086
1769720256.5485966,/home/jerry/Desktop/checkpoints/best_iris_experiment_combined.pth,goal2.png,-1.083543062210083,-1.4307796955108643,-1.6965309381484985,0.46092233061790466,1.3771023750305176,2.5894007682800293,-1.1254603862762451,-1.4323309659957886,-1.681355595588684,0.44152596592903137,1.3515996932983398,2.561924457550049,-0.041917312890291214,-0.0015512946993112564,0.015175309032201767,-0.01939637027680874,-0.02550271339714527,-0.027476394549012184
1769720256.6471267,/home/jerry/Desktop/checkpoints/best_iris_experiment_combined.pth,goal2.png,-1.0965080261230469,-1.4315370321273804,-1.6882309913635254,0.45225879549980164,1.369529366493225,2.5785560607910156,-1.1391109228134155,-1.4319370985031128,-1.6740002632141113,0.4302195906639099,1.340909719467163,2.5499746799468994,-0.04260287433862686,-0.00040006544440984726,0.014230773784220219,-0.022039208561182022,-0.0286196731030941,-0.028581304475665092
1769720256.7401493,/home/jerry/Desktop/checkpoints/best_iris_experiment_combined.pth,goal2.png,-1.1090489625930786,-1.431960940361023,-1.6801128387451172,0.4439285397529602,1.36106276512146,2.5667271614074707,-1.1525757312774658,-1.4319167137145996,-1.66568124294281,0.42086222767829895,1.3294683694839478,2.5367422103881836,-0.04352676495909691,4.4193031499162316e-05,0.014431590214371681,-0.023066308349370956,-0.03159439563751221,-0.02998504787683487
1769720256.840661,/home/jerry/Desktop/checkpoints/best_iris_experiment_combined.pth,goal2.png,-1.1226803064346313,-1.4322336912155151,-1.6745996475219727,0.432538777589798,1.3515663146972656,2.5560190677642822,-1.167008399963379,-1.4324414730072021,-1.6596498489379883,0.40963584184646606,1.3177675008773804,2.5246315002441406,-0.044328123331069946,-0.00020773455617018044,0.014949826523661613,-0.02290293201804161,-0.033798813819885254,-0.03138764202594757
1769720256.9403849,/home/jerry/Desktop/checkpoints/best_iris_experiment_combined.pth,goal2.png,-1.136311650276184,-1.4322336912155151,-1.6665723323822021,0.4228150546550751,1.3402674198150635,2.5430843830108643,-1.1803340911865234,-1.4330064058303833,-1.650749921798706,0.40126833319664,1.3056880235671997,2.511425018310547,-0.04402245581150055,-0.0007727192132733762,0.01582242175936699,-0.02154671773314476,-0.03457944467663765,-0.0316593162715435
1769720257.0405238,/home/jerry/Desktop/checkpoints/best_iris_experiment_combined.pth,goal2.png,-1.1531237363815308,-1.4328092336654663,-1.6587265729904175,0.41239461302757263,1.3278475999832153,2.5300586223602295,-1.196242332458496,-1.434037208557129,-1.6418671607971191,0.39188772439956665,1.2936010360717773,2.4990785121917725,-0.043118566274642944,-0.001228008302859962,0.01685943827033043,-0.02050689607858658,-0.03424658998847008,-0.030980076640844345
1769720257.1394784,/home/jerry/Desktop/checkpoints/best_iris_experiment_combined.pth,goal2.png,-1.1707535982131958,-1.433081865310669,-1.6479426622390747,0.4041551947593689,1.3164124488830566,2.517805576324463,-1.2126214504241943,-1.4347877502441406,-1.6303306818008423,0.3831999599933624,1.2836498022079468,2.4898509979248047,-0.04186789691448212,-0.0017058260273188353,0.01761200837790966,-0.020955223590135574,-0.03276263177394867,-0.02795451506972313
1769720257.2414799,/home/jerry/Desktop/checkpoints/best_iris_experiment_combined.pth,goal2.png,-1.1844456195831299,-1.4337482452392578,-1.640945315361023,0.3939771056175232,1.304659128189087,2.5059008598327637,-1.225195288658142,-1.4355218410491943,-1.6235780715942383,0.37184447050094604,1.273412823677063,2.4814772605895996,-0.04074971750378609,-0.0017736544832587242,0.017367225140333176,-0.02213262766599655,-0.031246338039636612,-0.0244236271828413
1769720257.340632,/home/jerry/Desktop/checkpoints/best_iris_experiment_combined.pth,goal2.png,-1.1950781345367432,-1.434657096862793,-1.6326453685760498,0.38570740818977356,1.29426908493042,2.4952988624572754,-1.2348335981369019,-1.4363553524017334,-1.6161772012710571,0.36289969086647034,1.263906478881836,2.473336696624756,-0.03975550830364227,-0.0016982902307063341,0.016468144953250885,-0.022807730361819267,-0.030362609773874283,-0.021962257102131844
1769720257.4409485,/home/jerry/Desktop/checkpoints/best_iris_experiment_combined.pth,goal2.png,-1.2137985229492188,-1.435929298400879,-1.6214675903320312,0.3746205270290375,1.2835456132888794,2.4855144023895264,-1.2525964975357056,-1.4374055862426758,-1.6058168411254883,0.3512157201766968,1.254209041595459,2.4651968479156494,-0.03879803046584129,-0.001476274454034865,0.015650786459445953,-0.023404812440276146,-0.029336590319871902,-0.02031760662794113
1769720257.5414767,/home/jerry/Desktop/checkpoints/best_iris_experiment_combined.pth,goal2.png,-1.2264302968978882,-1.4367167949676514,-1.6137734651565552,0.36504828929901123,1.2737462520599365,2.4775326251983643,-1.263968825340271,-1.4380760192871094,-1.5979963541030884,0.34114402532577515,1.2466808557510376,2.459418773651123,-0.03753850236535072,-0.001359237008728087,0.015777070075273514,-0.02390427328646183,-0.02706543542444706,-0.018113819882273674
1769720257.6408436,/home/jerry/Desktop/checkpoints/best_iris_experiment_combined.pth,goal2.png,-1.2354875802993774,-1.4369895458221436,-1.6069577932357788,0.35565778613090515,1.263992190361023,2.468384265899658,-1.272079586982727,-1.437800645828247,-1.5911086797714233,0.33136528730392456,1.239627480506897,2.4527411460876465,-0.036592062562704086,-0.0008111550705507398,0.015849057585000992,-0.024292511865496635,-0.02436474896967411,-0.015643147751688957
1769720257.7403061,/home/jerry/Desktop/checkpoints/best_iris_experiment_combined.pth,goal2.png,-1.2508758306503296,-1.4387768507003784,-1.5983850955963135,0.3429654836654663,1.2550410032272339,2.4621593952178955,-1.2870628833770752,-1.4391729831695557,-1.5829341411590576,0.3190274238586426,1.2326679229736328,2.447707414627075,-0.03618704527616501,-0.0003961572074331343,0.015451011247932911,-0.023938052356243134,-0.02237313613295555,-0.014451933093369007
1769720257.8404305,/home/jerry/Desktop/checkpoints/best_iris_experiment_combined.pth,goal2.png,-1.2629320621490479,-1.4382314682006836,-1.5882675647735596,0.33439287543296814,1.2484524250030518,2.4556617736816406,-1.2987030744552612,-1.4375090599060059,-1.5736238956451416,0.3100903332233429,1.22660231590271,2.4415414333343506,-0.035770971328020096,0.0007223783759400249,0.01464367937296629,-0.02430255524814129,-0.02185005508363247,-0.01412034872919321
1769720257.9449677,/home/jerry/Desktop/checkpoints/best_iris_experiment_combined.pth,goal2.png,-1.2744430303573608,-1.4398066997528076,-1.5818456411361694,0.3222458064556122,1.240939974784851,2.450421094894409,-1.3094725608825684,-1.4384421110153198,-1.5674962997436523,0.29711320996284485,1.2197332382202148,2.4376046657562256,-0.035029590129852295,0.0013646155130118132,0.014349359087646008,-0.025132592767477036,-0.02120673656463623,-0.012816363014280796
1769720258.0432048,/home/jerry/Desktop/checkpoints/best_iris_experiment_combined.pth,goal2.png,-1.2831671237945557,-1.4396854639053345,-1.5752724409103394,0.31267350912094116,1.234805941581726,2.4445295333862305,-1.3180277347564697,-1.4380855560302734,-1.5609369277954102,0.28675493597984314,1.2142003774642944,2.4327476024627686,-0.034860577434301376,0.0015998897142708302,0.014335526153445244,-0.025918565690517426,-0.02060554176568985,-0.011781994253396988
1769720258.140771,/home/jerry/Desktop/checkpoints/best_iris_experiment_combined.pth,goal2.png,-1.2965258359909058,-1.440139889717102,-1.5661544799804688,0.3015260696411133,1.2276873588562012,2.4401371479034424,-1.3310811519622803,-1.438496708869934,-1.5521175861358643,0.2750113904476166,1.2074317932128906,2.4290924072265625,-0.034555282443761826,0.0016431815456598997,0.01403684914112091,-0.026514679193496704,-0.020255589857697487,-0.011044749058783054
1769720258.2405033,/home/jerry/Desktop/checkpoints/best_iris_experiment_combined.pth,goal2.png,-1.3089152574539185,-1.440170168876648,-1.558672308921814,0.2890760898590088,1.2221287488937378,2.436002254486084,-1.3430105447769165,-1.4392237663269043,-1.545333743095398,0.26185405254364014,1.2013018131256104,2.425192356109619,-0.03409525379538536,0.0009464227478019893,0.013338565826416016,-0.027222024276852608,-0.020826904103159904,-0.010809817351400852
1769720258.341272,/home/jerry/Desktop/checkpoints/best_iris_experiment_combined.pth,goal2.png,-1.3186389207839966,-1.4396854639053345,-1.5511599779129028,0.27947351336479187,1.2153584957122803,2.431443214416504,-1.3518152236938477,-1.4397002458572388,-1.5385327339172363,0.250366747379303,1.1937294006347656,2.421994209289551,-0.033176302909851074,-1.4834513422101736e-05,0.012627247720956802,-0.029106777161359787,-0.02162904106080532,-0.009449112229049206
1769720258.4413986,/home/jerry/Desktop/checkpoints/best_iris_experiment_combined.pth,goal2.png,-1.3315433263778687,-1.4410789012908936,-1.5435868501663208,0.2655998170375824,1.2083156108856201,2.4273993968963623,-1.3643752336502075,-1.4428369998931885,-1.5312974452972412,0.23501242697238922,1.186758279800415,2.418640613555908,-0.03283189982175827,-0.001758053433150053,0.012289430946111679,-0.030587395653128624,-0.021557390689849854,-0.008758706972002983
1769720258.5406723,/home/jerry/Desktop/checkpoints/best_iris_experiment_combined.pth,goal2.png,-1.3420848846435547,-1.441593885421753,-1.5365592241287231,0.254149466753006,1.2017725706100464,2.4244306087493896,-1.374952793121338,-1.445200800895691,-1.523893117904663,0.22276809811592102,1.179861307144165,2.415816307067871,-0.03286793828010559,-0.003606901504099369,0.012666158378124237,-0.03138136491179466,-0.02191130444407463,-0.008614306338131428
1769720258.6405704,/home/jerry/Desktop/checkpoints/best_iris_experiment_combined.pth,goal2.png,-1.3507484197616577,-1.44344162940979,-1.5315914154052734,0.24024547636508942,1.1951537132263184,2.420750141143799,-1.383269190788269,-1.448899269104004,-1.5180184841156006,0.2088010609149933,1.1725479364395142,2.4117271900177,-0.032520756125450134,-0.005457615479826927,0.01357298344373703,-0.03144441172480583,-0.022605765610933304,-0.009022917598485947
1769720258.7419786,/home/jerry/Desktop/checkpoints/best_iris_experiment_combined.pth,goal2.png,-1.3613202571868896,-1.4459861516952515,-1.5241092443466187,0.2258264720439911,1.187883734703064,2.416963815689087,-1.3935699462890625,-1.452179193496704,-1.5099743604660034,0.19458860158920288,1.165878415107727,2.4081525802612305,-0.03224971890449524,-0.006193066947162151,0.01413486897945404,-0.03123786672949791,-0.02200530841946602,-0.008811147883534431
1769720258.840548,/home/jerry/Desktop/checkpoints/best_iris_experiment_combined.pth,goal2.png,-1.3721648454666138,-1.4487730264663696,-1.5156577825546265,0.2129523903131485,1.180446982383728,2.413313627243042,-1.403902530670166,-1.455491065979004,-1.5009790658950806,0.1824089139699936,1.1594207286834717,2.4050168991088867,-0.03173772618174553,-0.006718093063682318,0.014678727835416794,-0.03054347075521946,-0.021026261150836945,-0.008296847343444824
1769720258.940493,/home/jerry/Desktop/checkpoints/best_iris_experiment_combined.pth,goal2.png,-1.3800407648086548,-1.4517114162445068,-1.5097509622573853,0.19904839992523193,1.1739192008972168,2.4097845554351807,-1.411653995513916,-1.459088921546936,-1.4941256046295166,0.1689947098493576,1.1539931297302246,2.402272939682007,-0.03161318972706795,-0.007377461064606905,0.015625350177288055,-0.03005368635058403,-0.019926121458411217,-0.007511528674513102
1769720259.0417738,/home/jerry/Desktop/checkpoints/best_iris_experiment_combined.pth,goal2.png,-1.3900976181030273,-1.4549224376678467,-1.5006935596466064,0.1855078935623169,1.1668610572814941,2.4066948890686035,-1.4218462705612183,-1.4627840518951416,-1.4844697713851929,0.1553235501050949,1.1492140293121338,2.400442123413086,-0.0317486897110939,-0.007861560210585594,0.01622379571199417,-0.030184337869286537,-0.017646975815296173,-0.006252785213291645
1769720259.143089,/home/jerry/Desktop/checkpoints/best_iris_experiment_combined.pth,goal2.png,-1.400305986404419,-1.457981824874878,-1.4919694662094116,0.17251268029212952,1.1612721681594849,2.4043471813201904,-1.4320437908172607,-1.466025710105896,-1.4753810167312622,0.14143569767475128,1.1469230651855469,2.4006083011627197,-0.0317377895116806,-0.0080439243465662,0.01658843457698822,-0.031076988205313683,-0.014349102973937988,-0.0037388030905276537
1769720259.2420652,/home/jerry/Desktop/checkpoints/best_iris_experiment_combined.pth,goal2.png,-1.4079396724700928,-1.4610109329223633,-1.4851235151290894,0.16009299457073212,1.1560620069503784,2.401984453201294,-1.4394978284835815,-1.468951940536499,-1.4681438207626343,0.1282697319984436,1.144307255744934,2.4011240005493164,-0.031558144837617874,-0.007941036485135555,0.01697966828942299,-0.03182326257228851,-0.011754761449992657,-0.0008604247123003006
1769720259.3414779,/home/jerry/Desktop/checkpoints/best_iris_experiment_combined.pth,goal2.png,-1.417481541633606,-1.4644643068313599,-1.478580355644226,0.14534080028533936,1.1529873609542847,2.401454210281372,-1.4490593671798706,-1.4717923402786255,-1.4615424871444702,0.11329519748687744,1.1423735618591309,2.40244197845459,-0.03157781809568405,-0.007328026928007603,0.017037823796272278,-0.032045602798461914,-0.01061381958425045,0.000987740932032466
1769720259.4426086,/home/jerry/Desktop/checkpoints/best_iris_experiment_combined.pth,goal2.png,-1.4266297817230225,-1.46803879737854,-1.4685537815093994,0.13207289576530457,1.150049090385437,2.4010908603668213,-1.4588412046432495,-1.4742168188095093,-1.4518412351608276,0.09989501535892487,1.1389696598052979,2.4023396968841553,-0.03221147507429123,-0.006178023759275675,0.016712594777345657,-0.03217788413167,-0.011079441756010056,0.0012488465290516615
1769720259.542461,/home/jerry/Desktop/checkpoints/best_iris_experiment_combined.pth,goal2.png,-1.4386858940124512,-1.4701894521713257,-1.4563157558441162,0.11795686185359955,1.1483981609344482,2.4018633365631104,-1.470909595489502,-1.475502371788025,-1.4401373863220215,0.08630005270242691,1.1362017393112183,2.402350664138794,-0.03222373500466347,-0.005312906578183174,0.016178345307707787,-0.03165680915117264,-0.012196442112326622,0.0004874001315329224
1769720259.643726,/home/jerry/Desktop/checkpoints/best_iris_experiment_combined.pth,goal2.png,-1.4463194608688354,-1.473279356956482,-1.4501968622207642,0.10487072914838791,1.1455507278442383,2.402226686477661,-1.4784536361694336,-1.4786897897720337,-1.4343711137771606,0.07399235665798187,1.132398247718811,2.4017648696899414,-0.03213416785001755,-0.005410423502326012,0.015825701877474785,-0.030878376215696335,-0.013152443803846836,-0.000461724674096331
1769720259.7442002,/home/jerry/Desktop/checkpoints/best_iris_experiment_combined.pth,goal2.png,-1.4565279483795166,-1.4754602909088135,-1.4416847229003906,0.09008824825286865,1.1426881551742554,2.4023025035858154,-1.489288330078125,-1.481276035308838,-1.4263525009155273,0.05967872589826584,1.1284657716751099,2.400543451309204,-0.032760389149188995,-0.005815704818814993,0.015332169830799103,-0.030409522354602814,-0.014222392812371254,-0.0017591557698324323
1769720259.8428931,/home/jerry/Desktop/checkpoints/best_iris_experiment_combined.pth,goal2.png,-1.4669179916381836,-1.4786107540130615,-1.4320216178894043,0.07860762625932693,1.139174222946167,2.4019389152526855,-1.500137209892273,-1.4843885898590088,-1.416991949081421,0.04893987998366356,1.1235013008117676,2.3986568450927734,-0.03321923315525055,-0.005777792539447546,0.015029718168079853,-0.029667746275663376,-0.015672964975237846,-0.003282031510025263
1769720259.941838,/home/jerry/Desktop/checkpoints/best_iris_experiment_combined.pth,goal2.png,-1.476702332496643,-1.4824576377868652,-1.4252362251281738,0.06394627690315247,1.1352665424346924,2.401242256164551,-1.5101312398910522,-1.488234519958496,-1.4103986024856567,0.03523214906454086,1.1182013750076294,2.396531820297241,-0.03342893719673157,-0.005776907783001661,0.014837585389614105,-0.028714127838611603,-0.01706518605351448,-0.004710539244115353
1769720260.0411599,/home/jerry/Desktop/checkpoints/best_iris_experiment_combined.pth,goal2.png,-1.4856082201004028,-1.4849114418029785,-1.4166030883789062,0.05189012736082077,1.13002610206604,2.3997881412506104,-1.5191667079925537,-1.490654468536377,-1.4017280340194702,0.02458067610859871,1.11143159866333,2.39373779296875,-0.033558472990989685,-0.005743076093494892,0.014875099062919617,-0.02730945125222206,-0.018594559282064438,-0.006050269119441509
1769720260.141608,/home/jerry/Desktop/checkpoints/best_iris_experiment_combined.pth,goal2.png,-1.49672532081604,-1.488546371459961,-1.40818190574646,0.03810727596282959,1.125012755393982,2.3980464935302734,-1.530853271484375,-1.494670033454895,-1.3934454917907715,0.010957788676023483,1.105671763420105,2.391389846801758,-0.03412799537181854,-0.006123614031821489,0.014736439101397991,-0.027149487286806107,-0.01934104785323143,-0.00665657501667738
1769720260.2419357,/home/jerry/Desktop/checkpoints/best_iris_experiment_combined.pth,goal2.png,-1.5065096616744995,-1.490575909614563,-1.4005787372589111,0.027717120945453644,1.1193784475326538,2.3957443237304688,-1.5415068864822388,-1.496666431427002,-1.3858669996261597,0.00128999724984169,1.0983506441116333,2.3876194953918457,-0.03499720245599747,-0.006090578157454729,0.014711685478687286,-0.026427123695611954,-0.021027861163020134,-0.00812472589313984
1769720260.3414686,/home/jerry/Desktop/checkpoints/best_iris_experiment_combined.pth,goal2.png,-1.5153851509094238,-1.493574857711792,-1.3946717977523804,0.01490360964089632,1.1138502359390259,2.392639398574829,-1.5509917736053467,-1.4993197917938232,-1.3802310228347778,-0.010901966132223606,1.0910625457763672,2.3828461170196533,-0.035606615245342255,-0.005744964350014925,0.014440780505537987,-0.025805575773119926,-0.02278764918446541,-0.009793268516659737
1769720260.4417274,/home/jerry/Desktop/checkpoints/best_iris_experiment_combined.pth,goal2.png,-1.5271990299224854,-1.4967858791351318,-1.3871290683746338,0.0032412121072411537,1.1068527698516846,2.388640880584717,-1.5630877017974854,-1.5021260976791382,-1.373271107673645,-0.022742439061403275,1.0830986499786377,2.3780016899108887,-0.03588864952325821,-0.005340258125215769,0.013857929036021233,-0.025983652099967003,-0.02375411055982113,-0.010639180429279804
1769720260.541925,/home/jerry/Desktop/checkpoints/best_iris_experiment_combined.pth,goal2.png,-1.5365592241287231,-1.4991486072540283,-1.379798412322998,-0.007663895841687918,1.10009765625,2.3848845958709717,-1.572195053100586,-1.5042965412139893,-1.3666472434997559,-0.03493800759315491,1.076663613319397,2.374737501144409,-0.03563576936721802,-0.005147910676896572,0.013151156716048717,-0.02727411314845085,-0.02343403920531273,-0.010147078894078732
1769720260.6410093,/home/jerry/Desktop/checkpoints/best_iris_experiment_combined.pth,goal2.png,-1.5488578081130981,-1.5003602504730225,-1.3705593347549438,-0.019023317843675613,1.0923277139663696,2.380143880844116,-1.5842769145965576,-1.5048892498016357,-1.358061671257019,-0.047357428818941116,1.0690110921859741,2.3699536323547363,-0.03541916236281395,-0.004529029130935669,0.012497693300247192,-0.028334110975265503,-0.023316640406847,-0.010190291330218315
1769720260.7410774,/home/jerry/Desktop/checkpoints/best_iris_experiment_combined.pth,goal2.png,-1.5569759607315063,-1.5033894777297974,-1.364500880241394,-0.03177626430988312,1.0848456621170044,2.3763270378112793,-1.5923998355865479,-1.5074546337127686,-1.352359414100647,-0.06077596917748451,1.0618072748184204,2.365938901901245,-0.03542386740446091,-0.004065161105245352,0.01214149035513401,-0.028999704867601395,-0.023038409650325775,-0.010388026013970375
1769720260.84073,/home/jerry/Desktop/checkpoints/best_iris_experiment_combined.pth,goal2.png,-1.5686384439468384,-1.5054190158843994,-1.357564091682434,-0.04504416137933731,1.0769546031951904,2.3716771602630615,-1.6038309335708618,-1.509641408920288,-1.3456708192825317,-0.07426620274782181,1.0550369024276733,2.361241340637207,-0.03519252687692642,-0.004222438670694828,0.011893234215676785,-0.029222041368484497,-0.02191772498190403,-0.01043584756553173
1769720260.9402928,/home/jerry/Desktop/checkpoints/best_iris_experiment_combined.pth,goal2.png,-1.578028917312622,-1.5076909065246582,-1.3500820398330688,-0.05661563575267792,1.0702449083328247,2.3677847385406494,-1.612998127937317,-1.5123239755630493,-1.3385088443756104,-0.08628162741661072,1.0498931407928467,2.35758376121521,-0.034969262778759,-0.004633108153939247,0.011573140509426594,-0.029665987938642502,-0.02035176381468773,-0.010201011784374714
1769720261.0409322,/home/jerry/Desktop/checkpoints/best_iris_experiment_combined.pth,goal2.png,-1.5907515287399292,-1.5094478130340576,-1.342024326324463,-0.07109521329402924,1.063504934310913,2.3632864952087402,-1.6259913444519043,-1.5142688751220703,-1.3309348821640015,-0.10137444734573364,1.0438306331634521,2.3528759479522705,-0.03523979336023331,-0.004821119364351034,0.01108943298459053,-0.030279234051704407,-0.019674263894557953,-0.010410544462502003
1769720261.1421437,/home/jerry/Desktop/checkpoints/best_iris_experiment_combined.pth,goal2.png,-1.5976277589797974,-1.5121135711669922,-1.3365415334701538,-0.08327256888151169,1.0577797889709473,2.3593180179595947,-1.6330163478851318,-1.516632318496704,-1.3255659341812134,-0.11394701153039932,1.0382707118988037,2.3486013412475586,-0.03538857772946358,-0.004518715664744377,0.010975646786391735,-0.030674442648887634,-0.01950911618769169,-0.010716699063777924
1769720261.2409315,/home/jerry/Desktop/checkpoints/best_iris_experiment_combined.pth,goal2.png,-1.6096839904785156,-1.51453697681427,-1.3303922414779663,-0.09790355712175369,1.0523422956466675,2.354971170425415,-1.6452035903930664,-1.5188075304031372,-1.3195009231567383,-0.12884913384914398,1.0316619873046875,2.343785285949707,-0.0355195626616478,-0.004270586185157299,0.01089126244187355,-0.03094557859003544,-0.020680345594882965,-0.01118586678057909
1769720261.3436875,/home/jerry/Desktop/checkpoints/best_iris_experiment_combined.pth,goal2.png,-1.618892788887024,-1.5167481899261475,-1.325000286102295,-0.10962659865617752,1.0471928119659424,2.3506698608398438,-1.65361750125885,-1.520869493484497,-1.3144739866256714,-0.14099156856536865,1.0264464616775513,2.33954119682312,-0.03472469747066498,-0.00412128446623683,0.010526332072913647,-0.031364962458610535,-0.02074631303548813,-0.011128637939691544
1769720261.441858,/home/jerry/Desktop/checkpoints/best_iris_experiment_combined.pth,goal2.png,-1.6299493312835693,-1.518656611442566,-1.3197294473648071,-0.12425758689641953,1.0411040782928467,2.3457322120666504,-1.6634273529052734,-1.5227140188217163,-1.3100457191467285,-0.1564289629459381,1.021795392036438,2.336010217666626,-0.03347800299525261,-0.0040573542937636375,0.009683707728981972,-0.03217136859893799,-0.019308660179376602,-0.00972205400466919
1769720261.5419729,/home/jerry/Desktop/checkpoints/best_iris_experiment_combined.pth,goal2.png,-1.6390974521636963,-1.520867943763733,-1.3153067827224731,-0.13707110285758972,1.0360453128814697,2.3419456481933594,-1.6715563535690308,-1.5253734588623047,-1.30708909034729,-0.17011336982250214,1.0191060304641724,2.333928346633911,-0.032458942383527756,-0.004505492746829987,0.008217675611376762,-0.033042266964912415,-0.016939260065555573,-0.008017195388674736
1769720261.640139,/home/jerry/Desktop/checkpoints/best_iris_experiment_combined.pth,goal2.png,-1.650032877922058,-1.5218373537063599,-1.306188941001892,-0.1509145200252533,1.0309562683105469,2.3375229835510254,-1.6816331148147583,-1.5272636413574219,-1.2996859550476074,-0.18446548283100128,1.0166466236114502,2.331400156021118,-0.031600192189216614,-0.005426311865448952,0.006502985022962093,-0.03355095908045769,-0.014309588819742203,-0.006122753024101257
1769720261.7410846,/home/jerry/Desktop/checkpoints/best_iris_experiment_combined.pth,goal2.png,-1.658878207206726,-1.5251997709274292,-1.3010090589523315,-0.16581812500953674,1.0267305374145508,2.334721088409424,-1.6893932819366455,-1.5317246913909912,-1.2955143451690674,-0.1991635113954544,1.0149023532867432,2.330474853515625,-0.030515044927597046,-0.006524931639432907,0.005494659300893545,-0.033345382660627365,-0.011828215792775154,-0.0042463261634111404
1769720261.841175,/home/jerry/Desktop/checkpoints/best_iris_experiment_combined.pth,goal2.png,-1.667420506477356,-1.5267748832702637,-1.296283483505249,-0.1810549944639206,1.024473786354065,2.3324947357177734,-1.697050929069519,-1.5338735580444336,-1.2909361124038696,-0.2141273021697998,1.0144578218460083,2.32955002784729,-0.029630456119775772,-0.00709865428507328,0.005347358528524637,-0.03307231143116951,-0.010015913285315037,-0.0029447032138705254
1769720261.9421892,/home/jerry/Desktop/checkpoints/best_iris_experiment_combined.pth,goal2.png,-1.6747814416885376,-1.529985785484314,-1.292466640472412,-0.19435317814350128,1.0227320194244385,2.331176996231079,-1.7040973901748657,-1.5378371477127075,-1.2869073152542114,-0.22768397629261017,1.0137168169021606,2.328826665878296,-0.029315941035747528,-0.007851317524909973,0.005559327080845833,-0.033330801874399185,-0.009015196934342384,-0.002350284717977047
1769720262.0414643,/home/jerry/Desktop/checkpoints/best_iris_experiment_combined.pth,goal2.png,-1.6819908618927002,-1.532500147819519,-1.289043664932251,-0.20940828323364258,1.022050380706787,2.330434799194336,-1.7116384506225586,-1.5409159660339355,-1.282977819442749,-0.24354824423789978,1.0123324394226074,2.3273379802703857,-0.029647577553987503,-0.008415838703513145,0.006065806839615107,-0.0341399684548378,-0.009717929176986217,-0.0030969041399657726
1769720262.1425648,/home/jerry/Desktop/checkpoints/best_iris_experiment_combined.pth,goal2.png,-1.6909573078155518,-1.5358928442001343,-1.2850451469421387,-0.22322137653827667,1.021005392074585,2.329359531402588,-1.7209798097610474,-1.5449457168579102,-1.2782069444656372,-0.2577117383480072,1.0097955465316772,2.3256564140319824,-0.03002253547310829,-0.009052898734807968,0.006838168483227491,-0.03449036180973053,-0.011209849268198013,-0.003703139256685972
1769720262.2421842,/home/jerry/Desktop/checkpoints/best_iris_experiment_combined.pth,goal2.png,-1.6986818313598633,-1.5389825105667114,-1.2816827297210693,-0.2389732003211975,1.019596815109253,2.327890157699585,-1.7289259433746338,-1.5482666492462158,-1.2739440202713013,-0.27322232723236084,1.0072003602981567,2.323662757873535,-0.030244119465351105,-0.009284187108278275,0.00773873133584857,-0.034249112010002136,-0.012396489270031452,-0.00422737468034029
1769720262.3395348,/home/jerry/Desktop/checkpoints/best_iris_experiment_combined.pth,goal2.png,-1.7069514989852905,-1.5424054861068726,-1.2773207426071167,-0.25208961963653564,1.0176732540130615,2.326148509979248,-1.7376388311386108,-1.5514945983886719,-1.2686189413070679,-0.2857292592525482,1.0049827098846436,2.3216183185577393,-0.03068733587861061,-0.009089093655347824,0.008701764047145844,-0.03363964706659317,-0.012690522707998753,-0.004530101083219051
1769720262.440282,/home/jerry/Desktop/checkpoints/best_iris_experiment_combined.pth,goal2.png,-1.716220736503601,-1.5459496974945068,-1.2724740505218506,-0.268598735332489,1.0148258209228516,2.323997735977173,-1.7474443912506104,-1.5546765327453613,-1.2628531455993652,-0.30152228474617004,1.0011292695999146,2.3184523582458496,-0.03122364729642868,-0.008726878091692924,0.00962088629603386,-0.03292355686426163,-0.013696571812033653,-0.005545282736420631
1769720262.5406907,/home/jerry/Desktop/checkpoints/best_iris_experiment_combined.pth,goal2.png,-1.7253084182739258,-1.5491605997085571,-1.2652342319488525,-0.2815031111240387,1.0122206211090088,2.321695566177368,-1.7571309804916382,-1.5572404861450195,-1.2550578117370605,-0.31405481696128845,0.9972977638244629,2.3151469230651855,-0.031822569668293,-0.00807986594736576,0.010176376439630985,-0.032551705837249756,-0.01492284331470728,-0.0065485695376992226
1769720262.6403377,/home/jerry/Desktop/checkpoints/best_iris_experiment_combined.pth,goal2.png,-1.735456109046936,-1.551553726196289,-1.2577217817306519,-0.2974063754081726,1.0089491605758667,2.318848133087158,-1.7667458057403564,-1.558767557144165,-1.2470710277557373,-0.3297174572944641,0.9931981563568115,2.3114826679229736,-0.031289659440517426,-0.0072138081304728985,0.010650710202753544,-0.03231106698513031,-0.01575099490582943,-0.0073654381558299065
1769720262.7428162,/home/jerry/Desktop/checkpoints/best_iris_experiment_combined.pth,goal2.png,-1.7423627376556396,-1.5544010400772095,-1.2517845630645752,-0.3098563551902771,1.0057685375213623,2.3162429332733154,-1.7724578380584717,-1.5602456331253052,-1.2406750917434692,-0.34150150418281555,0.9886233806610107,2.3076016902923584,-0.030095091089606285,-0.00584461959078908,0.011109518818557262,-0.031645141541957855,-0.017145153135061264,-0.008641165681183338
1769720262.8457704,/home/jerry/Desktop/checkpoints/best_iris_experiment_combined.pth,goal2.png,-1.7525105476379395,-1.5564004182815552,-1.2453323602676392,-0.32463884353637695,1.001754879951477,2.312471628189087,-1.7813092470169067,-1.5614454746246338,-1.2334189414978027,-0.35516461730003357,0.983529806137085,2.303485870361328,-0.028798669576644897,-0.00504511222243309,0.011913422495126724,-0.030525770038366318,-0.018225103616714478,-0.008985843509435654
1769720262.9525645,/home/jerry/Desktop/checkpoints/best_iris_experiment_combined.pth,goal2.png,-1.759901762008667,-1.5580663681030273,-1.2396072149276733,-0.33714941143989563,0.9970293045043945,2.3085033893585205,-1.7882493734359741,-1.563011646270752,-1.2269959449768066,-0.3669125735759735,0.9783684015274048,2.2997496128082275,-0.02834763191640377,-0.004945273511111736,0.012611262500286102,-0.029763152822852135,-0.01866091787815094,-0.008753725327551365
1769720263.0508406,/home/jerry/Desktop/checkpoints/best_iris_experiment_combined.pth,goal2.png,-1.7681411504745483,-1.5594598054885864,-1.2339122295379639,-0.35026583075523376,0.9923036694526672,2.304868459701538,-1.795841932296753,-1.5646213293075562,-1.220786452293396,-0.379336953163147,0.9737865328788757,2.2964847087860107,-0.027700770646333694,-0.005161503329873085,0.013125834986567497,-0.029071133583784103,-0.018517136573791504,-0.008383791893720627
1769720263.150738,/home/jerry/Desktop/checkpoints/best_iris_experiment_combined.pth,goal2.png,-1.775047779083252,-1.5607928037643433,-1.2268240451812744,-0.3607771396636963,0.987032949924469,2.3012030124664307,-1.8020092248916626,-1.5653407573699951,-1.2139312028884888,-0.3892269432544708,0.9684000015258789,2.2921664714813232,-0.026961397379636765,-0.0045479293912649155,0.012892828322947025,-0.02844981476664543,-0.01863297075033188,-0.009036618284881115
1769720263.2510593,/home/jerry/Desktop/checkpoints/best_iris_experiment_combined.pth,goal2.png,-1.7823177576065063,-1.562458872795105,-1.218917727470398,-0.3752566874027252,0.9815651774406433,2.297825574874878,-1.8083970546722412,-1.566043496131897,-1.2069400548934937,-0.40351584553718567,0.9631003141403198,2.2885148525238037,-0.026079265400767326,-0.0035846680402755737,0.011977629736065865,-0.028259169310331345,-0.018464848399162292,-0.00931081734597683
1769720263.351944,/home/jerry/Desktop/checkpoints/best_iris_experiment_combined.pth,goal2.png,-1.7884368896484375,-1.5641855001449585,-1.212162733078003,-0.3854347765445709,0.9771880507469177,2.293842077255249,-1.8142648935317993,-1.5669077634811401,-1.2015910148620605,-0.4139633774757385,0.9583414793014526,2.2835397720336914,-0.025828026235103607,-0.002722229342907667,0.01057166513055563,-0.0285286083817482,-0.01884656772017479,-0.010302277281880379
1769720263.4511285,/home/jerry/Desktop/checkpoints/best_iris_experiment_combined.pth,goal2.png,-1.794252872467041,-1.5652759075164795,-1.2072553634643555,-0.39800596237182617,0.972280740737915,2.290419101715088,-1.8198939561843872,-1.5666382312774658,-1.1989792585372925,-0.42696720361709595,0.9520347118377686,2.277855396270752,-0.02564103901386261,-0.0013623752165585756,0.008276154287159443,-0.02896122634410858,-0.020246028900146484,-0.0125636151060462
1769720263.5441256,/home/jerry/Desktop/checkpoints/best_iris_experiment_combined.pth,goal2.png,-1.8004324436187744,-1.5665481090545654,-1.2024996280670166,-0.40954717993736267,0.9669342041015625,2.285526990890503,-1.8264398574829102,-1.5669798851013184,-1.1962140798568726,-0.4383904039859772,0.9450113773345947,2.2697479724884033,-0.026007387787103653,-0.0004317203420214355,0.0062855323776602745,-0.0288432277739048,-0.021922798827290535,-0.015779083594679832
1769720263.6408665,/home/jerry/Desktop/checkpoints/best_iris_experiment_combined.pth,goal2.png,-1.8077025413513184,-1.567032814025879,-1.1958656311035156,-0.4223001003265381,0.9606183767318726,2.279968500137329,-1.8343437910079956,-1.5671286582946777,-1.191187858581543,-0.45089390873908997,0.9390632510185242,2.262477397918701,-0.02664126455783844,-9.587751992512494e-05,0.004677771590650082,-0.02859381213784218,-0.02155514620244503,-0.0174911767244339
1769720263.7419019,/home/jerry/Desktop/checkpoints/best_iris_experiment_combined.pth,goal2.png,-1.8129732608795166,-1.567366123199463,-1.1917458772659302,-0.4346289336681366,0.9533634185791016,2.2727739810943604,-1.8399344682693481,-1.5685328245162964,-1.1874442100524902,-0.46298161149024963,0.9339559674263,2.255607843399048,-0.026961151510477066,-0.00116665568202734,0.004301692359149456,-0.028352677822113037,-0.019407473504543304,-0.017166147008538246
1769720263.8507905,/home/jerry/Desktop/checkpoints/best_iris_experiment_combined.pth,goal2.png,-1.8184561729431152,-1.5676993131637573,-1.1879898309707642,-0.44692742824554443,0.9465477466583252,2.265382766723633,-1.8455588817596436,-1.569790244102478,-1.1832362413406372,-0.4751873016357422,0.9297861456871033,2.2489919662475586,-0.027102677151560783,-0.002090939786285162,0.004753547720611095,-0.02825988084077835,-0.01676161400973797,-0.016390740871429443
