timestamp,model_type,goal_image,similarity_score,curr_j0,curr_j1,curr_j2,curr_j3,curr_j4,curr_j5,cmd_j0,cmd_j1,cmd_j2,cmd_j3,cmd_j4,cmd_j5,step_diff_j0,step_diff_j1,step_diff_j2,step_diff_j3,step_diff_j4,step_diff_j5
1769719233.673571,full,goal2.png,0.7305927872657776,0.36722931265830994,-0.7146172523498535,-2.1723873615264893,2.013657331466675,1.4513630867004395,2.8438985347747803,0.3105434775352478,-0.6492343544960022,-2.2011871337890625,1.9788362979888916,1.4083508253097534,2.7734076976776123,-0.056685835123062134,0.06538289785385132,-0.028799772262573242,-0.0348210334777832,-0.043012261390686035,-0.07049083709716797
1769719233.6874442,full,goal2.png,0.7305927872657776,0.3589899241924286,-0.7254314422607422,-2.1720237731933594,2.0131123065948486,1.451348066329956,2.843852996826172,0.3080524206161499,-0.6501826047897339,-2.2002553939819336,1.978264331817627,1.407619595527649,2.7752387523651123,-0.050937503576278687,0.0752488374710083,-0.02823162078857422,-0.03484797477722168,-0.04372847080230713,-0.06861424446105957
1769719233.7506924,full,goal2.png,0.7242065668106079,0.3580205738544464,-0.733943521976471,-2.1720237731933594,2.013051748275757,1.451363205909729,2.8438682556152344,0.3050881624221802,-0.6521028280258179,-2.1981360912323,1.9783958196640015,1.4055750370025635,2.777217388153076,-0.052932411432266235,0.08184069395065308,-0.02611231803894043,-0.03465592861175537,-0.04578816890716553,-0.0666508674621582
1769719233.8501775,full,goal2.png,0.716984748840332,0.3284253180027008,-0.7082559466362,-2.18698787689209,1.9910292625427246,1.4278262853622437,2.8052761554718018,0.2999982237815857,-0.6525514125823975,-2.197216510772705,1.9785497188568115,1.4020949602127075,2.7769126892089844,-0.028427094221115112,0.05570453405380249,-0.010228633880615234,-0.012479543685913086,-0.025731325149536133,-0.028363466262817383
1769719233.9516468,full,goal2.png,0.7166367769241333,0.311128705739975,-0.6694519519805908,-2.1948940753936768,1.982244610786438,1.4108930826187134,2.785011053085327,0.2919638752937317,-0.6469025015830994,-2.2000865936279297,1.977137565612793,1.3975942134857178,2.7719924449920654,-0.019164830446243286,0.022549450397491455,-0.00519251823425293,-0.0051070451736450195,-0.013298869132995605,-0.013018608093261719
1769719234.0507886,full,goal2.png,0.7265942692756653,0.30122315883636475,-0.6599403619766235,-2.197014570236206,1.979851484298706,1.4043803215026855,2.7789525985717773,0.2824677526950836,-0.6356146931648254,-2.2045578956604004,1.9732263088226318,1.3942095041275024,2.7627556324005127,-0.018755406141281128,0.024325668811798096,-0.007543325424194336,-0.006625175476074219,-0.010170817375183105,-0.01619696617126465
1769719234.1489236,full,goal2.png,0.7189224362373352,0.29567980766296387,-0.6652717590332031,-2.200467824935913,1.9776403903961182,1.3990336656570435,2.7727882862091064,0.2689151465892792,-0.6219326257705688,-2.2078022956848145,1.9656305313110352,1.3930294513702393,2.7600035667419434,-0.026764661073684692,0.04333913326263428,-0.007334470748901367,-0.012009859085083008,-0.006004214286804199,-0.012784719467163086
1769719234.2488234,full,goal2.png,0.7267397046089172,0.28507760167121887,-0.6537607908248901,-2.2041029930114746,1.9735509157180786,1.3955652713775635,2.765836238861084,0.25635913014411926,-0.6116365194320679,-2.208155393600464,1.9581979513168335,1.393500566482544,2.7594518661499023,-0.02871847152709961,0.042124271392822266,-0.004052400588989258,-0.015352964401245117,-0.0020647048950195312,-0.006384372711181641
1769719234.3492303,full,goal2.png,0.7113616466522217,0.27129465341567993,-0.6424921751022339,-2.2078893184661865,1.9679771661758423,1.3937933444976807,2.7623374462127686,0.24197658896446228,-0.6015838384628296,-2.209455728530884,1.9503729343414307,1.3937160968780518,2.758371353149414,-0.02931806445121765,0.0409083366394043,-0.0015664100646972656,-0.01760423183441162,-7.724761962890625e-05,-0.003966093063354492
1769719234.449868,full,goal2.png,0.7136546969413757,0.25772401690483093,-0.6372516751289368,-2.209313154220581,1.9597073793411255,1.3935964107513428,2.76104998588562,0.22578081488609314,-0.5911406874656677,-2.211778402328491,1.9420913457870483,1.392689824104309,2.7523694038391113,-0.03194320201873779,0.04611098766326904,-0.0024652481079101562,-0.01761603355407715,-0.0009065866470336914,-0.008680582046508789
1769719234.551491,full,goal2.png,0.7178157567977905,0.24542537331581116,-0.6253771185874939,-2.210009813308716,1.952316403388977,1.3934751749038696,2.758899450302124,0.2089466005563736,-0.5806496143341064,-2.215174913406372,1.9325343370437622,1.3900887966156006,2.7464399337768555,-0.03647877275943756,0.04472750425338745,-0.00516510009765625,-0.019782066345214844,-0.003386378288269043,-0.012459516525268555
1769719234.6501422,full,goal2.png,0.7227433323860168,0.22937065362930298,-0.6173801422119141,-2.212100028991699,1.9450160264968872,1.3928390741348267,2.7545676231384277,0.1933291256427765,-0.5685747861862183,-2.218994140625,1.922012209892273,1.3882336616516113,2.740509510040283,-0.03604152798652649,0.0488053560256958,-0.006894111633300781,-0.023003816604614258,-0.004605412483215332,-0.014058113098144531
1769719234.7512765,full,goal2.png,0.6852357983589172,0.21301302313804626,-0.6077775359153748,-2.214341640472412,1.9352619647979736,1.3906883001327515,2.748721122741699,0.17691285908222198,-0.5569557547569275,-2.22123384475708,1.9115509986877441,1.3860164880752563,2.734666347503662,-0.03610016405582428,0.050821781158447266,-0.006892204284667969,-0.023710966110229492,-0.004671812057495117,-0.01405477523803711
1769719234.850226,full,goal2.png,0.7289010286331177,0.196473628282547,-0.5937826633453369,-2.217855453491211,1.9247809648513794,1.3885223865509033,2.7421023845672607,0.1618378907442093,-0.5472134351730347,-2.2246294021606445,1.9034605026245117,1.383750081062317,2.7336390018463135,-0.03463573753833771,0.046569228172302246,-0.006773948669433594,-0.021320462226867676,-0.004772305488586426,-0.008463382720947266
1769719234.9500937,full,goal2.png,0.735824704170227,0.18169115483760834,-0.5833622813224792,-2.2205212116241455,1.915753722190857,1.38690185546875,2.7375738620758057,0.14472568035125732,-0.5392731428146362,-2.2289958000183105,1.893225908279419,1.3814976215362549,2.733290672302246,-0.03696547448635101,0.04408913850784302,-0.008474588394165039,-0.02252781391143799,-0.005404233932495117,-0.00428318977355957
1769719235.0501256,full,goal2.png,0.7262102365493774,0.16521233320236206,-0.5738202929496765,-2.224156141281128,1.9062118530273438,1.3850085735321045,2.7355594635009766,0.12731397151947021,-0.5333170890808105,-2.2351386547088623,1.8837568759918213,1.377941608428955,2.7292680740356445,-0.037898361682891846,0.04050320386886597,-0.010982513427734375,-0.02245497703552246,-0.007066965103149414,-0.006291389465332031
1769719235.14853,full,goal2.png,0.7218520641326904,0.14797620475292206,-0.5645812153816223,-2.2289726734161377,1.8956701755523682,1.382676124572754,2.7337114810943604,0.10949580371379852,-0.5264284610748291,-2.2387218475341797,1.8718374967575073,1.3746470212936401,2.7245194911956787,-0.038480401039123535,0.03815275430679321,-0.009749174118041992,-0.02383267879486084,-0.00802910327911377,-0.00919198989868164
1769719235.2480311,full,goal2.png,0.7150149345397949,0.13083092868328094,-0.5583108067512512,-2.234818935394287,1.885976791381836,1.3791016340255737,2.7302279472351074,0.09277063608169556,-0.5176900625228882,-2.2403812408447266,1.8610727787017822,1.3705165386199951,2.717827320098877,-0.03806029260158539,0.04062074422836304,-0.005562305450439453,-0.02490401268005371,-0.008585095405578613,-0.012400627136230469
1769719235.3503144,full,goal2.png,0.7132788896560669,0.1133221983909607,-0.5510104298591614,-2.2382116317749023,1.8752232789993286,1.3755271434783936,2.726017475128174,0.07916795462369919,-0.5097573399543762,-2.241992712020874,1.854180097579956,1.3658208847045898,2.71111798286438,-0.034154243767261505,0.041253089904785156,-0.0037810802459716797,-0.02104318141937256,-0.009706258773803711,-0.014899492263793945
1769719235.4495277,full,goal2.png,0.7073780298233032,0.09811561554670334,-0.542559027671814,-2.240483522415161,1.8657417297363281,1.371770977973938,2.7198076248168945,0.06573539972305298,-0.5020853877067566,-2.2445571422576904,1.848563313484192,1.3614826202392578,2.703705310821533,-0.03238021582365036,0.04047363996505737,-0.004073619842529297,-0.01717841625213623,-0.010288357734680176,-0.016102313995361328
1769719235.5489285,full,goal2.png,0.714632511138916,0.08260620385408401,-0.5343499183654785,-2.242422103881836,1.856835961341858,1.366530418395996,2.7126283645629883,0.05356687307357788,-0.4932861924171448,-2.248436689376831,1.8434937000274658,1.358731746673584,2.695227861404419,-0.029039330780506134,0.04106372594833374,-0.006014585494995117,-0.01334226131439209,-0.007798671722412109,-0.017400503158569336
1769719235.6480756,full,goal2.png,0.7167508602142334,0.06933829933404922,-0.5273221135139465,-2.2447245121002197,1.8502930402755737,1.3627893924713135,2.706554889678955,0.04014512896537781,-0.48188090324401855,-2.2520534992218018,1.834519624710083,1.355932354927063,2.6896252632141113,-0.029193170368671417,0.04544121026992798,-0.007328987121582031,-0.015773415565490723,-0.006857037544250488,-0.01692962646484375
1769719235.7482128,full,goal2.png,0.7093781232833862,0.05697917938232422,-0.5175378322601318,-2.2481777667999268,1.84514319896698,1.359184741973877,2.698981761932373,0.027391938492655754,-0.47159385681152344,-2.256957769393921,1.8253164291381836,1.3520324230194092,2.686393976211548,-0.029587240889668465,0.0459439754486084,-0.00878000259399414,-0.019826769828796387,-0.0071523189544677734,-0.012587785720825195
1769719235.8486102,full,goal2.png,0.7075259685516357,0.04349922388792038,-0.5059662461280823,-2.2526304721832275,1.8368735313415527,1.3559738397598267,2.6925902366638184,0.014444038271903992,-0.4620848596096039,-2.262525796890259,1.8142611980438232,1.3477545976638794,2.6824796199798584,-0.029055185616016388,0.043881386518478394,-0.00989532470703125,-0.022612333297729492,-0.008219242095947266,-0.010110616683959961
1769719235.9484756,full,goal2.png,0.7144948244094849,0.029231775552034378,-0.4953034818172455,-2.257235050201416,1.827361822128296,1.352278232574463,2.6885006427764893,-0.0012928228825330734,-0.45557302236557007,-2.2690722942352295,1.8020389080047607,1.343285322189331,2.679157257080078,-0.03052459843456745,0.039730459451675415,-0.011837244033813477,-0.025322914123535156,-0.008992910385131836,-0.009343385696411133
1769719236.0491145,full,goal2.png,0.7201640605926514,0.01750873774290085,-0.485973596572876,-2.2624754905700684,1.8176684379577637,1.3483250141143799,2.684638500213623,-0.018826842308044434,-0.45050981640815735,-2.2763359546661377,1.7882287502288818,1.3390828371047974,2.6789708137512207,-0.03633558005094528,0.03546378016471863,-0.013860464096069336,-0.029439687728881836,-0.00924217700958252,-0.005667686462402344
1769719236.149075,full,goal2.png,0.7233192920684814,0.00333213503472507,-0.4797031581401825,-2.2680795192718506,1.8061273097991943,1.3445991277694702,2.681457996368408,-0.036812689155340195,-0.4452470541000366,-2.2833778858184814,1.7742862701416016,1.3354589939117432,2.6798808574676514,-0.040144823491573334,0.034456104040145874,-0.01529836654663086,-0.03184103965759277,-0.00914013385772705,-0.001577138900756836
1769719236.2490056,full,goal2.png,0.7234066724777222,-0.016690881922841072,-0.47228166460990906,-2.2750771045684814,1.791102647781372,1.3407824039459229,2.6804583072662354,-0.05334433168172836,-0.4342859089374542,-2.289584159851074,1.7631549835205078,1.3339368104934692,2.6786110401153564,-0.03665345162153244,0.037995755672454834,-0.014507055282592773,-0.027947664260864258,-0.006845593452453613,-0.0018472671508789062
1769719236.349681,full,goal2.png,0.7332767844200134,-0.03226093575358391,-0.4659203886985779,-2.2826197147369385,1.779409646987915,1.3376471996307373,2.6805338859558105,-0.06797485798597336,-0.42040783166885376,-2.2937211990356445,1.7526612281799316,1.3334029912948608,2.675464630126953,-0.03571392223238945,0.04551255702972412,-0.011101484298706055,-0.0267484188079834,-0.004244208335876465,-0.005069255828857422
1769719236.4482868,full,goal2.png,0.6974159479141235,-0.04798239842057228,-0.45828676223754883,-2.2889506816864014,1.767020344734192,1.3354054689407349,2.679504156112671,-0.0798548012971878,-0.4080577790737152,-2.2957684993743896,1.7424464225769043,1.3325670957565308,2.6717936992645264,-0.031872402876615524,0.05022898316383362,-0.006817817687988281,-0.024573922157287598,-0.0028383731842041016,-0.007710456848144531
1769719236.5476754,full,goal2.png,0.7184515595436096,-0.0650368258357048,-0.4438980221748352,-2.2939791679382324,1.755812406539917,1.3335729837417603,2.677095890045166,-0.09536630660295486,-0.4014223515987396,-2.297888994216919,1.7288868427276611,1.328207015991211,2.6721348762512207,-0.03032948076725006,0.04247567057609558,-0.0039098262786865234,-0.02692556381225586,-0.005365967750549316,-0.0049610137939453125
1769719236.6490338,full,goal2.png,0.7410875558853149,-0.07757764309644699,-0.43202367424964905,-2.2964632511138916,1.744301438331604,1.331906795501709,2.6741878986358643,-0.11479248851537704,-0.39947113394737244,-2.3002469539642334,1.714369297027588,1.323028326034546,2.674302816390991,-0.037214845418930054,0.03255254030227661,-0.003783702850341797,-0.029932141304016113,-0.008878469467163086,0.00011491775512695312
1769719236.7488992,full,goal2.png,0.749504804611206,-0.09169375151395798,-0.4250565767288208,-2.298583507537842,1.7328510284423828,1.3293017148971558,2.6734304428100586,-0.13498981297016144,-0.39662107825279236,-2.302903413772583,1.7003488540649414,1.3186533451080322,2.6766998767852783,-0.04329606145620346,0.028435498476028442,-0.004319906234741211,-0.032502174377441406,-0.010648369789123535,0.0032694339752197266
1769719236.849556,full,goal2.png,0.7464035749435425,-0.11077763140201569,-0.4208459258079529,-2.3008856773376465,1.7193408012390137,1.3253637552261353,2.6741271018981934,-0.15336397290229797,-0.3928801119327545,-2.303746223449707,1.688736081123352,1.3139755725860596,2.6786584854125977,-0.04258634150028229,0.027965813875198364,-0.002860546112060547,-0.03060472011566162,-0.011388182640075684,0.004531383514404297
1769719236.9488747,full,goal2.png,0.744646430015564,-0.13086122274398804,-0.41757437586784363,-2.303521156311035,1.7040735483169556,1.3203201293945312,2.6765053272247314,-0.1691989004611969,-0.3890727162361145,-2.3032889366149902,1.6790021657943726,1.3091301918029785,2.6794896125793457,-0.03833767771720886,0.028501659631729126,0.00023221969604492188,-0.025071382522583008,-0.011189937591552734,0.002984285354614258
1769719237.0495527,full,goal2.png,0.7414305210113525,-0.14924845099449158,-0.4137272834777832,-2.304793357849121,1.6924718618392944,1.3157005310058594,2.6787922382354736,-0.18346095085144043,-0.38675016164779663,-2.303015947341919,1.6696323156356812,1.3044342994689941,2.68053936958313,-0.03421249985694885,0.026977121829986572,0.0017774105072021484,-0.02283954620361328,-0.011266231536865234,0.00174713134765625
1769719237.1504223,full,goal2.png,0.7545834183692932,-0.16530317068099976,-0.4096076488494873,-2.3050355911254883,1.6826573610305786,1.31109619140625,2.680306911468506,-0.19750669598579407,-0.3828716278076172,-2.3030247688293457,1.6579651832580566,1.2999000549316406,2.680063009262085,-0.03220352530479431,0.026736021041870117,0.002010822296142578,-0.024692177772521973,-0.011196136474609375,-0.00024390220642089844
1769719237.2483947,full,goal2.png,0.7509583234786987,-0.17811667919158936,-0.40682074427604675,-2.3052172660827637,1.673569679260254,1.307037115097046,2.680852174758911,-0.2123837172985077,-0.3805236220359802,-2.3026134967803955,1.6439443826675415,1.2946699857711792,2.677522659301758,-0.034267038106918335,0.02629712224006653,0.002603769302368164,-0.029625296592712402,-0.0123671293258667,-0.0033295154571533203
1769719237.3480666,full,goal2.png,0.7517574429512024,-0.1947166472673416,-0.40318578481674194,-2.305187225341797,1.6602413654327393,1.3023419380187988,2.6800038814544678,-0.22755038738250732,-0.3757147192955017,-2.30098819732666,1.629065752029419,1.2888816595077515,2.674859046936035,-0.03283374011516571,0.027471065521240234,0.004199028015136719,-0.031175613403320312,-0.013460278511047363,-0.005144834518432617
1769719237.4483411,full,goal2.png,0.7580928802490234,-0.21004435420036316,-0.3999142050743103,-2.3049449920654297,1.6473368406295776,1.2965561151504517,2.677792549133301,-0.24257522821426392,-0.37077394127845764,-2.2989132404327393,1.6146788597106934,1.2834055423736572,2.6744308471679688,-0.03253087401390076,0.02914026379585266,0.00603175163269043,-0.03265798091888428,-0.013150572776794434,-0.0033617019653320312
1769719237.5497098,full,goal2.png,0.7623405456542969,-0.22288815677165985,-0.39615797996520996,-2.304157257080078,1.6337660551071167,1.2913306951522827,2.675747871398926,-0.25759440660476685,-0.36441224813461304,-2.297778606414795,1.6012532711029053,1.277406930923462,2.6735105514526367,-0.034706249833106995,0.031745731830596924,0.006378650665283203,-0.032512784004211426,-0.0139237642288208,-0.0022373199462890625
1769719237.648341,full,goal2.png,0.7638290524482727,-0.23988193273544312,-0.39088714122772217,-2.3028242588043213,1.6184990406036377,1.2850300073623657,2.6749300956726074,-0.27265870571136475,-0.35934945940971375,-2.2962918281555176,1.5882978439331055,1.2720706462860107,2.6736273765563965,-0.03277677297592163,0.03153768181800842,0.006532430648803711,-0.030201196670532227,-0.01295936107635498,-0.0013027191162109375
1769719237.7490182,full,goal2.png,0.7574669718742371,-0.2549976110458374,-0.3848591148853302,-2.3015825748443604,1.6043221950531006,1.278471827507019,2.6744301319122314,-0.28714659810066223,-0.35488009452819824,-2.2959370613098145,1.5746911764144897,1.267122745513916,2.6736409664154053,-0.03214898705482483,0.029979020357131958,0.0056455135345458984,-0.02963101863861084,-0.011349081993103027,-0.0007891654968261719
1769719237.8493407,full,goal2.png,0.7569594383239746,-0.26847755908966064,-0.3790430724620819,-2.3005828857421875,1.5928720235824585,1.2739583253860474,2.674006223678589,-0.30224794149398804,-0.35364463925361633,-2.2960453033447266,1.5607683658599854,1.263043761253357,2.676020383834839,-0.03377038240432739,0.025398433208465576,0.0045375823974609375,-0.032103657722473145,-0.01091456413269043,0.00201416015625
1769719237.9487803,full,goal2.png,0.7634173631668091,-0.28313884139060974,-0.3748021423816681,-2.3002798557281494,1.5795737504959106,1.2696871757507324,2.673884868621826,-0.31761881709098816,-0.35319069027900696,-2.297724485397339,1.5466951131820679,1.25602388381958,2.680091619491577,-0.03447997570037842,0.021611452102661133,0.002555370330810547,-0.03287863731384277,-0.013663291931152344,0.0062067508697509766
1769719238.0478024,full,goal2.png,0.7698651552200317,-0.299557089805603,-0.3728634715080261,-2.3002192974090576,1.5641249418258667,1.264173984527588,2.6763689517974854,-0.33246320486068726,-0.34922802448272705,-2.2996866703033447,1.5349557399749756,1.248382329940796,2.6835896968841553,-0.03290611505508423,0.023635447025299072,0.0005326271057128906,-0.029169201850891113,-0.015791654586791992,0.007220745086669922
1769719238.1484203,full,goal2.png,0.7682187557220459,-0.31452134251594543,-0.37168213725090027,-2.3008856773376465,1.5507055521011353,1.2572674751281738,2.6804885864257812,-0.3476530611515045,-0.3450915813446045,-2.3015658855438232,1.5225497484207153,1.2398755550384521,2.6880908012390137,-0.03313171863555908,0.026590555906295776,-0.0006802082061767578,-0.028155803680419922,-0.01739192008972168,0.007602214813232422
1769719238.248847,full,goal2.png,0.7719132900238037,-0.3290614187717438,-0.369319349527359,-2.302037000656128,1.539618730545044,1.251224160194397,2.6831088066101074,-0.3638414144515991,-0.34162330627441406,-2.303255081176758,1.5102561712265015,1.2315587997436523,2.6922364234924316,-0.03477999567985535,0.027696043252944946,-0.0012180805206298828,-0.02936255931854248,-0.01966536045074463,0.009127616882324219
1769719238.3473773,full,goal2.png,0.7782859206199646,-0.34454062581062317,-0.3650481402873993,-2.3036725521087646,1.5259569883346558,1.241742730140686,2.688258647918701,-0.38083964586257935,-0.33891889452934265,-2.3041062355041504,1.4975826740264893,1.2234150171279907,2.696683168411255,-0.03629902005195618,0.02612924575805664,-0.0004336833953857422,-0.028374314308166504,-0.018327713012695312,0.008424520492553711
1769719238.4506001,full,goal2.png,0.7780176401138306,-0.36092859506607056,-0.3610193729400635,-2.305126667022705,1.51329505443573,1.23404860496521,2.6919238567352295,-0.397247850894928,-0.33672475814819336,-2.30513858795166,1.484701156616211,1.2161798477172852,2.7007851600646973,-0.03631925582885742,0.024294614791870117,-1.1920928955078125e-05,-0.028593897819519043,-0.017868757247924805,0.008861303329467773
1769719238.5503829,full,goal2.png,0.7840119004249573,-0.37701359391212463,-0.35738426446914673,-2.3062777519226074,1.5022081136703491,1.2259758710861206,2.695998191833496,-0.41448861360549927,-0.33514872193336487,-2.3065178394317627,1.469294786453247,1.2100378274917603,2.70522141456604,-0.037475019693374634,0.02223554253578186,-0.00024008750915527344,-0.03291332721710205,-0.01593804359436035,0.009223222732543945
1769719238.6478672,full,goal2.png,0.7808269262313843,-0.3944012224674225,-0.3546883463859558,-2.3075196743011475,1.48745596408844,1.2183423042297363,2.700390338897705,-0.43051064014434814,-0.3351559042930603,-2.3080055713653564,1.451904535293579,1.204718828201294,2.710470676422119,-0.03610941767692566,0.019532442092895508,-0.0004858970642089844,-0.03555142879486084,-0.013623476028442383,0.010080337524414062
1769719238.7492075,full,goal2.png,0.769834041595459,-0.41151612997055054,-0.3529919385910034,-2.3087313175201416,1.472461462020874,1.2120567560195923,2.7048585414886475,-0.4451485872268677,-0.3360671401023865,-2.3080382347106934,1.435145616531372,1.1995019912719727,2.7133851051330566,-0.03363245725631714,0.016924798488616943,0.0006930828094482422,-0.03731584548950195,-0.012554764747619629,0.00852656364440918
1769719238.8497784,full,goal2.png,0.7718710899353027,-0.42787379026412964,-0.35220444202423096,-2.3100945949554443,1.4556796550750732,1.2058316469192505,2.7099928855895996,-0.457755982875824,-0.33604517579078674,-2.3063740730285645,1.4214839935302734,1.1932384967803955,2.714228868484497,-0.029882192611694336,0.016159266233444214,0.003720521926879883,-0.034195661544799805,-0.01259315013885498,0.004235982894897461
1769719238.9478953,full,goal2.png,0.7810655236244202,-0.44189897179603577,-0.35232555866241455,-2.310457944869995,1.4397764205932617,1.2009698152542114,2.7124011516571045,-0.469887912273407,-0.33705875277519226,-2.3045408725738525,1.4100993871688843,1.1866633892059326,2.713832378387451,-0.027988940477371216,0.01526680588722229,0.005917072296142578,-0.02967703342437744,-0.014306426048278809,0.0014312267303466797
1769719239.048303,full,goal2.png,0.7815302610397339,-0.4550456702709198,-0.35241642594337463,-2.309852361679077,1.4259330034255981,1.1948206424713135,2.713794469833374,-0.482845664024353,-0.339551717042923,-2.3031013011932373,1.3988571166992188,1.1809148788452148,2.7156941890716553,-0.027799993753433228,0.01286470890045166,0.006751060485839844,-0.027075886726379395,-0.013905763626098633,0.00189971923828125
1769719239.1460469,full,goal2.png,0.7789124846458435,-0.4684044122695923,-0.35290107131004333,-2.308640241622925,1.4123622179031372,1.1876262426376343,2.714688301086426,-0.4960050880908966,-0.3432144522666931,-2.302394390106201,1.3866714239120483,1.1750438213348389,2.720133066177368,-0.02760067582130432,0.00968661904335022,0.006245851516723633,-0.025690793991088867,-0.01258242130279541,0.005444765090942383
1769719239.2477548,full,goal2.png,0.7826927900314331,-0.4812784790992737,-0.35474893450737,-2.307640790939331,1.4011238813400269,1.181764841079712,2.7167632579803467,-0.5090784430503845,-0.34690049290657043,-2.3014004230499268,1.3747104406356812,1.1692149639129639,2.7242019176483154,-0.02779996395111084,0.00784844160079956,0.006240367889404297,-0.026413440704345703,-0.012549877166748047,0.00743865966796875
1769719239.3487399,full,goal2.png,0.7809888124465942,-0.4945463538169861,-0.35783863067626953,-2.306974411010742,1.3900370597839355,1.1765848398208618,2.719852924346924,-0.5214858651161194,-0.349701851606369,-2.2990729808807373,1.3637453317642212,1.1634304523468018,2.7269272804260254,-0.0269395112991333,0.008136779069900513,0.007901430130004883,-0.026291728019714355,-0.013154387474060059,0.0070743560791015625
1769719239.4490097,full,goal2.png,0.786899209022522,-0.5071477890014648,-0.36259451508522034,-2.30582332611084,1.3767085075378418,1.1697843074798584,2.7239878177642822,-0.5337445735931396,-0.35259926319122314,-2.2955894470214844,1.3533424139022827,1.1579748392105103,2.730201482772827,-0.026596784591674805,0.009995251893997192,0.010233879089355469,-0.023366093635559082,-0.011809468269348145,0.006213665008544922
1769719239.548941,full,goal2.png,0.780517578125,-0.5195675492286682,-0.3663204610347748,-2.303884744644165,1.3669545650482178,1.1646347045898438,2.726865530014038,-0.5462340712547302,-0.3550134301185608,-2.292048215866089,1.3416249752044678,1.152313470840454,2.733250141143799,-0.02666652202606201,0.01130703091621399,0.011836528778076172,-0.02532958984375,-0.012321233749389648,0.006384611129760742
1769719239.647344,full,goal2.png,0.7734241485595703,-0.5316842794418335,-0.3688649535179138,-2.3011887073516846,1.3557767868041992,1.1595152616500854,2.729743242263794,-0.5584753155708313,-0.35877525806427,-2.2879574298858643,1.3284876346588135,1.1475400924682617,2.7365410327911377,-0.026791036128997803,0.010089695453643799,0.013231277465820312,-0.027289152145385742,-0.01197516918182373,0.00679779052734375
1769719239.7464058,full,goal2.png,0.7797542810440063,-0.5435587167739868,-0.37143972516059875,-2.2983412742614746,1.344689965248108,1.1540324687957764,2.7330148220062256,-0.5701157450675964,-0.36398589611053467,-2.284013271331787,1.314816951751709,1.1433756351470947,2.740128993988037,-0.02655702829360962,0.007453829050064087,0.0143280029296875,-0.029873013496398926,-0.01065683364868164,0.0071141719818115234
1769719239.847134,full,goal2.png,0.783156156539917,-0.5571598410606384,-0.3751353919506073,-2.2946152687072754,1.3300589323043823,1.1485496759414673,2.7368619441986084,-0.5817809104919434,-0.3694651126861572,-2.2805142402648926,1.3023020029067993,1.1383662223815918,2.744495391845703,-0.02462106943130493,0.005670279264450073,0.014101028442382812,-0.027756929397583008,-0.010183453559875488,0.0076334476470947266
1769719239.9468265,full,goal2.png,0.7684893012046814,-0.5684890151023865,-0.3792550265789032,-2.2914648056030273,1.3180330991744995,1.1444147825241089,2.7402091026306152,-0.5935329794883728,-0.375241756439209,-2.276710033416748,1.288907527923584,1.1325987577438354,2.749704360961914,-0.025043964385986328,0.004013270139694214,0.014754772186279297,-0.029125571250915527,-0.011816024780273438,0.009495258331298828
1769719240.0473933,full,goal2.png,0.7825912237167358,-0.5793638229370117,-0.3848893940448761,-2.288102388381958,1.3057950735092163,1.1394014358520508,2.744495391845703,-0.6041849255561829,-0.3808109164237976,-2.272592544555664,1.2747576236724854,1.127551555633545,2.756891965866089,-0.024821102619171143,0.004078477621078491,0.015509843826293945,-0.031037449836730957,-0.01184988021850586,0.012396574020385742
1769719240.1483383,full,goal2.png,0.7801061868667603,-0.5921167135238647,-0.39167478680610657,-2.283407211303711,1.2911640405654907,1.1333431005477905,2.750159978866577,-0.6147632598876953,-0.3867814540863037,-2.2677836418151855,1.2603240013122559,1.1241755485534668,2.766017436981201,-0.022646546363830566,0.0048933327198028564,0.01562356948852539,-0.030840039253234863,-0.00916755199432373,0.015857458114624023
1769719240.2488039,full,goal2.png,0.7964022755622864,-0.6023251414299011,-0.39721816778182983,-2.2791662216186523,1.2779265642166138,1.128587245941162,2.755915641784668,-0.6259831190109253,-0.39432352781295776,-2.262516498565674,1.245823621749878,1.1213420629501343,2.775023937225342,-0.02365797758102417,0.0028946399688720703,0.016649723052978516,-0.03210294246673584,-0.007245182991027832,0.019108295440673828
1769719240.3480825,full,goal2.png,0.8028693199157715,-0.6125941276550293,-0.40276166796684265,-2.2741682529449463,1.2640224695205688,1.1244372129440308,2.76436710357666,-0.63713139295578,-0.40322333574295044,-2.256997585296631,1.2322568893432617,1.1169599294662476,2.782907724380493,-0.024537265300750732,-0.0004616677761077881,0.01717066764831543,-0.03176558017730713,-0.007477283477783203,0.018540620803833008
1769719240.4480891,full,goal2.png,0.7895913124084473,-0.6250441074371338,-0.41136449575424194,-2.268564224243164,1.248361587524414,1.1212263107299805,2.773545503616333,-0.6471313834190369,-0.41145390272140503,-2.251633405685425,1.2186496257781982,1.1097084283828735,2.7858951091766357,-0.022087275981903076,-8.940696716308594e-05,0.016930818557739258,-0.02971196174621582,-0.011517882347106934,0.012349605560302734
1769719240.5490532,full,goal2.png,0.7950684428215027,-0.6353130340576172,-0.4200885593891144,-2.2643232345581055,1.2354875802993774,1.1167582273483276,2.780618667602539,-0.6563313007354736,-0.4191625118255615,-2.245576858520508,1.2041511535644531,1.1015377044677734,2.7858574390411377,-0.021018266677856445,0.0009260475635528564,0.018746376037597656,-0.031336426734924316,-0.0152205228805542,0.005238771438598633
1769719240.6474993,full,goal2.png,0.8005630970001221,-0.6444612741470337,-0.4283279776573181,-2.259143352508545,1.2219773530960083,1.11097252368927,2.7841930389404297,-0.6657980680465698,-0.4284195303916931,-2.238966941833496,1.189255714416504,1.0943734645843506,2.7886781692504883,-0.021336793899536133,-9.1552734375e-05,0.020176410675048828,-0.032721638679504395,-0.016599059104919434,0.004485130310058594
1769719240.7484052,full,goal2.png,0.7923935055732727,-0.6552148461341858,-0.43705207109451294,-2.2524185180664062,1.206770658493042,1.102793574333191,2.785949945449829,-0.6764201521873474,-0.43906018137931824,-2.2326836585998535,1.1727631092071533,1.088194489479065,2.7948057651519775,-0.02120530605316162,-0.002008110284805298,0.019734859466552734,-0.03400754928588867,-0.014599084854125977,0.008855819702148438
1769719240.84705,full,goal2.png,0.7929523587226868,-0.6645144820213318,-0.4447765350341797,-2.246148109436035,1.1920790672302246,1.0957659482955933,2.7895548343658447,-0.6882126927375793,-0.4503509998321533,-2.226759433746338,1.1549495458602905,1.0833568572998047,2.8041911125183105,-0.02369821071624756,-0.005574464797973633,0.019388675689697266,-0.03712952136993408,-0.012409090995788574,0.01463627815246582
1769719240.9494205,full,goal2.png,0.8070138692855835,-0.6740867495536804,-0.4546215236186981,-2.24027156829834,1.1766302585601807,1.090040683746338,2.7946135997772217,-0.6992674469947815,-0.46183353662490845,-2.221492290496826,1.1373920440673828,1.079917311668396,2.815452814102173,-0.025180697441101074,-0.007212013006210327,0.018779277801513672,-0.03923821449279785,-0.010123372077941895,0.020839214324951172
1769719241.0488005,full,goal2.png,0.8081257343292236,-0.6871728897094727,-0.46719256043434143,-2.2341222763061523,1.157637119293213,1.0836340188980103,2.804110050201416,-0.710888147354126,-0.47301429510116577,-2.217073917388916,1.1191647052764893,1.0763075351715088,2.8263680934906006,-0.02371525764465332,-0.005821734666824341,0.017048358917236328,-0.03847241401672363,-0.007326483726501465,0.02225804328918457
1769719241.1488738,full,goal2.png,0.7998790144920349,-0.6977145075798035,-0.4765528738498688,-2.2284576892852783,1.1413098573684692,1.0804685354232788,2.813424825668335,-0.7236943244934082,-0.4850292503833771,-2.2123806476593018,1.1000711917877197,1.072279453277588,2.838501453399658,-0.025979816913604736,-0.0084763765335083,0.016077041625976562,-0.04123866558074951,-0.008189082145690918,0.025076627731323242
1769719241.2487857,full,goal2.png,0.808198094367981,-0.7085590362548828,-0.48860910534858704,-2.2237019538879395,1.1237101554870605,1.0761821269989014,2.8247387409210205,-0.7366113662719727,-0.49687784910202026,-2.207050085067749,1.0801740884780884,1.0675325393676758,2.8491172790527344,-0.028052330017089844,-0.008268743753433228,0.01665186882019043,-0.04353606700897217,-0.008649587631225586,0.024378538131713867
1769719241.3475416,full,goal2.png,0.8166016936302185,-0.7227962017059326,-0.502301037311554,-2.217582941055298,1.1026270389556885,1.0719565153121948,2.8365375995635986,-0.7489503622055054,-0.5090343952178955,-2.1990110874176025,1.062037467956543,1.0623345375061035,2.8577628135681152,-0.026154160499572754,-0.006733357906341553,0.018571853637695312,-0.04058957099914551,-0.009621977806091309,0.0212252140045166
1769719241.4477925,full,goal2.png,0.8255653977394104,-0.7356097102165222,-0.5141148567199707,-2.2126452922821045,1.0833309888839722,1.0672158002853394,2.8468520641326904,-0.7609407901763916,-0.5201237797737122,-2.190660238265991,1.0446445941925049,1.056728720664978,2.863941192626953,-0.025331079959869385,-0.006008923053741455,0.02198505401611328,-0.038686394691467285,-0.010487079620361328,0.017089128494262695
1769719241.5495408,full,goal2.png,0.8222395181655884,-0.7463633418083191,-0.5262013077735901,-2.206132411956787,1.0668219327926636,1.0627931356430054,2.8550913333892822,-0.7724266648292542,-0.531960666179657,-2.1815736293792725,1.0289130210876465,1.0513427257537842,2.8709888458251953,-0.02606332302093506,-0.0057593584060668945,0.02455878257751465,-0.03790891170501709,-0.011450409889221191,0.015897512435913086
1769719241.6481757,full,goal2.png,0.8336238265037537,-0.7595403790473938,-0.5394691824913025,-2.197680950164795,1.04728364944458,1.0566589832305908,2.862830877304077,-0.7836960554122925,-0.5474949479103088,-2.171518564224243,1.0136810541152954,1.0490798950195312,2.8821568489074707,-0.02415567636489868,-0.008025765419006348,0.026162385940551758,-0.03360259532928467,-0.00757908821105957,0.019325971603393555
1769719241.7494843,full,goal2.png,0.8346673846244812,-0.7715662717819214,-0.5507984757423401,-2.187563419342041,1.0321377515792847,1.0525544881820679,2.8707826137542725,-0.7950937151908875,-0.5643318891525269,-2.1592350006103516,0.9992620944976807,1.046047568321228,2.8926119804382324,-0.023527443408966064,-0.013533413410186768,0.028328418731689453,-0.032875657081604004,-0.006506919860839844,0.02182936668395996
1769719241.8487923,full,goal2.png,0.8156299591064453,-0.7816231846809387,-0.5655505657196045,-2.1788697242736816,1.0177792310714722,1.04888916015625,2.880354881286621,-0.8076578974723816,-0.5809972882270813,-2.146702766418457,0.982613205909729,1.0428705215454102,2.9011712074279785,-0.02603471279144287,-0.015446722507476807,0.03216695785522461,-0.035166025161743164,-0.006018638610839844,0.020816326141357422
1769719241.94868,full,goal2.png,0.8263379335403442,-0.7939519882202148,-0.5832714438438416,-2.165480613708496,1.0011793375015259,1.045920491218567,2.8903815746307373,-0.820556640625,-0.5980085134506226,-2.134730339050293,0.9655697345733643,1.0395094156265259,2.910538673400879,-0.026604652404785156,-0.014737069606781006,0.030750274658203125,-0.03560960292816162,-0.006411075592041016,0.0201570987701416
1769719242.0475025,full,goal2.png,0.8368988037109375,-0.8069472312927246,-0.5982962250709534,-2.154181718826294,0.985215425491333,1.0423762798309326,2.89992356300354,-0.8336552381515503,-0.6141126155853271,-2.1231589317321777,0.9473822116851807,1.0359294414520264,2.919919013977051,-0.026708006858825684,-0.01581639051437378,0.03102278709411621,-0.037833213806152344,-0.00644683837890625,0.019995450973510742
1769719242.1476567,full,goal2.png,0.8226454257965088,-0.8192760944366455,-0.6144115328788757,-2.142246723175049,0.9679186344146729,1.0398772954940796,2.908874750137329,-0.8452645540237427,-0.6296061873435974,-2.1089212894439697,0.9295514822006226,1.0320185422897339,2.927375555038452,-0.025988459587097168,-0.01519465446472168,0.0333254337310791,-0.03836715221405029,-0.007858753204345703,0.018500804901123047
1769719242.2482865,full,goal2.png,0.8187510967254639,-0.8310596346855164,-0.6320716738700867,-2.1300694942474365,0.9516216516494751,1.0359090566635132,2.9178411960601807,-0.8562185764312744,-0.6466537714004517,-2.0919158458709717,0.9123749732971191,1.0283265113830566,2.934079647064209,-0.025158941745758057,-0.01458209753036499,0.038153648376464844,-0.03924667835235596,-0.007582545280456543,0.01623845100402832
1769719242.348796,full,goal2.png,0.8293117880821228,-0.8440548777580261,-0.6494290232658386,-2.115408182144165,0.9326891899108887,1.0322891473770142,2.925520181655884,-0.8669528961181641,-0.6646302342414856,-2.0750207901000977,0.8956010341644287,1.025400996208191,2.941368818283081,-0.02289801836013794,-0.015201210975646973,0.04038739204406738,-0.03708815574645996,-0.006888151168823242,0.015848636627197266
1769719242.4496338,full,goal2.png,0.8355297446250916,-0.8548388481140137,-0.6658775806427002,-2.099414110183716,0.9153621792793274,1.0285784006118774,2.932532787322998,-0.877902626991272,-0.68222975730896,-2.0577406883239746,0.8783689141273499,1.0209622383117676,2.9477782249450684,-0.0230637788772583,-0.016352176666259766,0.04167342185974121,-0.03699326515197754,-0.007616162300109863,0.015245437622070312
1769719242.5505817,full,goal2.png,0.8247331380844116,-0.8649866580963135,-0.6849008798599243,-2.0833895206451416,0.8997315168380737,1.0249282121658325,2.9395151138305664,-0.8892842531204224,-0.6998538970947266,-2.040539264678955,0.8615465760231018,1.016986608505249,2.953636646270752,-0.024297595024108887,-0.014953017234802246,0.04285025596618652,-0.038184940814971924,-0.007941603660583496,0.014121532440185547
1769719242.6476061,full,goal2.png,0.8439902663230896,-0.8771033883094788,-0.7028942704200745,-2.065577745437622,0.8810716271400452,1.0210810899734497,2.9460883140563965,-0.9014168977737427,-0.7179181575775146,-2.0229077339172363,0.8437142372131348,1.0130858421325684,2.956831932067871,-0.024313509464263916,-0.015023887157440186,0.04267001152038574,-0.0373573899269104,-0.007995247840881348,0.01074361801147461
1769719242.748652,full,goal2.png,0.8400194048881531,-0.888129711151123,-0.7202516198158264,-2.0481295585632324,0.8643807768821716,1.0170522928237915,2.9516923427581787,-0.9133470058441162,-0.7343988418579102,-2.0067858695983887,0.8260840177536011,1.0097060203552246,2.9571847915649414,-0.025217294692993164,-0.01414722204208374,0.04134368896484375,-0.03829675912857056,-0.0073462724685668945,0.005492448806762695
1769719242.8483014,full,goal2.png,0.8360001444816589,-0.8994588851928711,-0.7355186939239502,-2.0314691066741943,0.8479019999504089,1.0135080814361572,2.955388069152832,-0.9259012937545776,-0.7505823373794556,-1.9895910024642944,0.8091078400611877,1.0052651166915894,2.95563006401062,-0.026442408561706543,-0.015063643455505371,0.0418781042098999,-0.03879415988922119,-0.008242964744567871,0.00024199485778808594
1769719242.9485319,full,goal2.png,0.8321366310119629,-0.912423849105835,-0.7537544965744019,-2.0143539905548096,0.8287878036499023,1.010266900062561,2.956296682357788,-0.9381211996078491,-0.7659536600112915,-1.970602035522461,0.7923614978790283,0.9994128942489624,2.9521448612213135,-0.02569735050201416,-0.012199163436889648,0.04375195503234863,-0.03642630577087402,-0.010854005813598633,-0.004151821136474609
1769719243.0466807,full,goal2.png,0.8131258487701416,-0.9243285655975342,-0.7732322216033936,-1.9966636896133423,0.8122181296348572,1.0059199333190918,2.9547669887542725,-0.9507228136062622,-0.7817667722702026,-1.9496135711669922,0.7749894261360168,0.9940096139907837,2.9500370025634766,-0.026394248008728027,-0.008534550666809082,0.0470501184463501,-0.03722870349884033,-0.011910319328308105,-0.0047299861907958984
1769719243.146762,full,goal2.png,0.8193869590759277,-0.937081515789032,-0.789105236530304,-1.97770094871521,0.7951333522796631,1.0007249116897583,2.9523892402648926,-0.9635337591171265,-0.7976794838905334,-1.9290969371795654,0.7575550675392151,0.9905216693878174,2.9492781162261963,-0.026452243328094482,-0.008574247360229492,0.04860401153564453,-0.037578284740448,-0.010203242301940918,-0.003111124038696289
1769719243.2485397,full,goal2.png,0.810234785079956,-0.9492285847663879,-0.8045843243598938,-1.9580110311508179,0.7778670191764832,0.9955601692199707,2.9503746032714844,-0.9763268232345581,-0.8138311505317688,-1.909955382347107,0.7403644323348999,0.9888983964920044,2.9517626762390137,-0.027098238468170166,-0.009246826171875,0.04805564880371094,-0.03750258684158325,-0.006661772727966309,0.0013880729675292969
1769719243.3481596,full,goal2.png,0.8106690049171448,-0.9627387523651123,-0.8233047723770142,-1.93653404712677,0.7604188323020935,0.9920310974121094,2.950026273727417,-0.9885199666023254,-0.8304368853569031,-1.8895041942596436,0.7247317433357239,0.9871262311935425,2.9533445835113525,-0.025781214237213135,-0.007132112979888916,0.047029852867126465,-0.03568708896636963,-0.0049048662185668945,0.003318309783935547
1769719243.4485214,full,goal2.png,0.8099294304847717,-0.9750978946685791,-0.8381782174110413,-1.9180560111999512,0.743546187877655,0.9898197650909424,2.951631784439087,-0.9998888373374939,-0.8468780517578125,-1.8686630725860596,0.7110283970832825,0.9850809574127197,2.953162908554077,-0.024790942668914795,-0.00869983434677124,0.0493929386138916,-0.03251779079437256,-0.004738807678222656,0.0015311241149902344
1769719243.549131,full,goal2.png,0.8209421634674072,-0.9863967895507812,-0.8530817031860352,-1.8988205194473267,0.729611873626709,0.9878659248352051,2.953070640563965,-1.0097211599349976,-0.8634037971496582,-1.84562087059021,0.6995049118995667,0.9823496341705322,2.952794075012207,-0.02332437038421631,-0.010322093963623047,0.0531996488571167,-0.030106961727142334,-0.0055162906646728516,-0.0002765655517578125
1769719243.6477036,full,goal2.png,0.8234877586364746,-0.9983015060424805,-0.8687730431556702,-1.8769195079803467,0.7143145203590393,0.9853971600532532,2.953237295150757,-1.0177470445632935,-0.8790298700332642,-1.821089744567871,0.6907171010971069,0.9784959554672241,2.952786445617676,-0.01944553852081299,-0.010256826877593994,0.055829763412475586,-0.023597419261932373,-0.006901204586029053,-0.0004508495330810547
1769719243.7475612,full,goal2.png,0.8296777009963989,-1.0081464052200317,-0.8858879804611206,-1.8535643815994263,0.7033184766769409,0.9825952053070068,2.953010082244873,-1.0242266654968262,-0.894466757774353,-1.7961599826812744,0.6834775805473328,0.9724288582801819,2.9529898166656494,-0.016080260276794434,-0.008578777313232422,0.057404398918151855,-0.019840896129608154,-0.010166347026824951,-2.0265579223632812e-05
1769719243.8471043,full,goal2.png,0.8230997323989868,-1.0162039995193481,-0.9050021171569824,-1.8294521570205688,0.6932313442230225,0.9788541197776794,2.952934503555298,-1.0294415950775146,-0.9093267917633057,-1.771640658378601,0.6778131127357483,0.96571946144104,2.9519834518432617,-0.013237595558166504,-0.004324674606323242,0.05781149864196777,-0.01541823148727417,-0.013134658336639404,-0.0009510517120361328
1769719243.9480941,full,goal2.png,0.82232666015625,-1.0225350856781006,-0.9193605780601501,-1.8063091039657593,0.6862338185310364,0.9738559126853943,2.9527525901794434,-1.033304214477539,-0.9241435527801514,-1.7493062019348145,0.6737534999847412,0.9608840942382812,2.9486441612243652,-0.010769128799438477,-0.004782974720001221,0.057002902030944824,-0.012480318546295166,-0.012971818447113037,-0.004108428955078125
1769719244.0482383,full,goal2.png,0.8189928531646729,-1.0278362035751343,-0.9360513687133789,-1.7802276611328125,0.6802663803100586,0.9670553803443909,2.9512834548950195,-1.0380641222000122,-0.9382928609848022,-1.7286961078643799,0.6706094741821289,0.9580268859863281,2.9445581436157227,-0.01022791862487793,-0.00224149227142334,0.05153155326843262,-0.009656906127929688,-0.009028494358062744,-0.006725311279296875
1769719244.1484437,full,goal2.png,0.8086026310920715,-1.0319255590438843,-0.9530754685401917,-1.7592051029205322,0.6757529377937317,0.9625570774078369,2.9482996463775635,-1.0424964427947998,-0.951261043548584,-1.708975076675415,0.6673152446746826,0.9553230404853821,2.940128803253174,-0.010570883750915527,0.001814424991607666,0.05023002624511719,-0.008437693119049072,-0.007234036922454834,-0.008170843124389648
1769719244.2491522,full,goal2.png,0.8226349353790283,-1.0369237661361694,-0.9655255079269409,-1.7390003204345703,0.6719663739204407,0.9593763947486877,2.944998025894165,-1.0462143421173096,-0.9633337259292603,-1.69027578830719,0.664665699005127,0.9514930248260498,2.9338219165802,-0.009290575981140137,0.002191781997680664,0.04872453212738037,-0.007300674915313721,-0.00788336992263794,-0.011176109313964844
1769719244.3488834,full,goal2.png,0.8244856595993042,-1.0420128107070923,-0.9781572222709656,-1.717795968055725,0.6681495904922485,0.9555444717407227,2.9402875900268555,-1.0491912364959717,-0.9750504493713379,-1.6707197427749634,0.662513792514801,0.9464869499206543,2.9265055656433105,-0.0071784257888793945,0.0031067728996276855,0.04707622528076172,-0.00563579797744751,-0.00905752182006836,-0.013782024383544922
1769719244.4481177,full,goal2.png,0.8161431550979614,-1.045102596282959,-0.9910009503364563,-1.6984091997146606,0.6651507019996643,0.9510763883590698,2.9343655109405518,-1.0517563819885254,-0.986587405204773,-1.6492799520492554,0.6612715125083923,0.940149188041687,2.9187657833099365,-0.006653785705566406,0.00441354513168335,0.04912924766540527,-0.0038791894912719727,-0.010927200317382812,-0.015599727630615234
1769719244.54864,full,goal2.png,0.8191388249397278,-1.0480105876922607,-0.9999068975448608,-1.679567575454712,0.6632422804832458,0.9465022683143616,2.9277617931365967,-1.0546212196350098,-0.9974566698074341,-1.6298394203186035,0.6617599725723267,0.9342867136001587,2.9116053581237793,-0.0066106319427490234,0.002450227737426758,0.0497281551361084,-0.0014823079109191895,-0.01221555471420288,-0.016156435012817383
1769719244.6481411,full,goal2.png,0.8399773836135864,-1.0508277416229248,-1.012599229812622,-1.657333254814148,0.6620608568191528,0.9405348300933838,2.920128107070923,-1.0568439960479736,-1.0071783065795898,-1.6129391193389893,0.6638768911361694,0.9302746057510376,2.9050116539001465,-0.006016254425048828,0.0054209232330322266,0.04439413547515869,0.0018160343170166016,-0.010260224342346191,-0.015116453170776367
1769719244.7466364,full,goal2.png,0.8309924602508545,-1.0534934997558594,-1.0274726152420044,-1.6392186880111694,0.662182092666626,0.9351277351379395,2.913327693939209,-1.0599431991577148,-1.0178240537643433,-1.59551203250885,0.6667426228523254,0.9251522421836853,2.899545669555664,-0.006449699401855469,0.009648561477661133,0.043706655502319336,0.004560530185699463,-0.00997549295425415,-0.013782024383544922
1769719244.8474681,full,goal2.png,0.8416556715965271,-1.0561894178390503,-1.0378323793411255,-1.6225579977035522,0.6633634567260742,0.9305384755134583,2.906557321548462,-1.0632857084274292,-1.0293610095977783,-1.5791949033737183,0.6707229018211365,0.9211368560791016,2.8970859050750732,-0.007096290588378906,0.008471369743347168,0.043363094329833984,0.007359445095062256,-0.00940161943435669,-0.009471416473388672
1769719244.9484162,full,goal2.png,0.844222903251648,-1.0591278076171875,-1.0472228527069092,-1.6034438610076904,0.6658473610877991,0.9257522821426392,2.901135206222534,-1.0672929286956787,-1.041795015335083,-1.562088131904602,0.6735294461250305,0.9156219959259033,2.8951518535614014,-0.008165121078491211,0.005427837371826172,0.04135572910308838,0.007682085037231445,-0.01013028621673584,-0.0059833526611328125
1769719245.050851,full,goal2.png,0.8067631721496582,-1.0623387098312378,-1.0601272583007812,-1.587994933128357,0.6692400574684143,0.9218749403953552,2.8978939056396484,-1.070209264755249,-1.0536205768585205,-1.5448596477508545,0.6770533919334412,0.9107778668403625,2.8933887481689453,-0.00787055492401123,0.006506681442260742,0.04313528537750244,0.007813334465026855,-0.011097073554992676,-0.004505157470703125
1769719245.1482213,full,goal2.png,0.798575222492218,-1.0659737586975098,-1.074061632156372,-1.5723037719726562,0.672511637210846,0.9173160195350647,2.8957583904266357,-1.0717995166778564,-1.0645949840545654,-1.5274550914764404,0.6817377805709839,0.9075856804847717,2.887061834335327,-0.00582575798034668,0.00946664810180664,0.04484868049621582,0.00922614336013794,-0.009730339050292969,-0.008696556091308594
1769719245.248301,full,goal2.png,0.7967020273208618,-1.0694875717163086,-1.0857542753219604,-1.5527957677841187,0.6769342422485352,0.9120754599571228,2.8923051357269287,-1.0737175941467285,-1.0753275156021118,-1.5112251043319702,0.688153862953186,0.9044085144996643,2.8772811889648438,-0.004230022430419922,0.010426759719848633,0.04157066345214844,0.011219620704650879,-0.007666945457458496,-0.015023946762084961
1769719245.3471081,full,goal2.png,0.7964823246002197,-1.0710325241088867,-1.096144437789917,-1.5368621349334717,0.6817506551742554,0.907925546169281,2.8866708278656006,-1.075387954711914,-1.0852077007293701,-1.4965020418167114,0.6950258612632751,0.900618314743042,2.8650856018066406,-0.004355430603027344,0.010936737060546875,0.040360093116760254,0.013275206089019775,-0.007307231426239014,-0.02158522605895996
1769719245.446672,full,goal2.png,0.7771375775337219,-1.0723047256469727,-1.1065951585769653,-1.5204136371612549,0.6874455809593201,0.9045782685279846,2.877871036529541,-1.0779483318328857,-1.0950868129730225,-1.4808157682418823,0.7013967633247375,0.8925562500953674,2.8520472049713135,-0.005643606185913086,0.011508345603942871,0.03959786891937256,0.01395118236541748,-0.012022018432617188,-0.02582383155822754
1769719245.5506232,full,goal2.png,0.7608494758605957,-1.0750007629394531,-1.116773247718811,-1.503813624382019,0.6938371658325195,0.8986713290214539,2.8654816150665283,-1.0807521343231201,-1.1035162210464478,-1.4644404649734497,0.705746591091156,0.8817616701126099,2.840693473815918,-0.005751371383666992,0.013257026672363281,0.039373159408569336,0.011909425258636475,-0.016909658908843994,-0.02478814125061035
1769719245.6465006,full,goal2.png,0.7596914768218994,-1.0773332118988037,-1.1244369745254517,-1.4897278547286987,0.6998955011367798,0.8911135196685791,2.853803873062134,-1.0840399265289307,-1.1111867427825928,-1.4484508037567139,0.7095465660095215,0.8705346584320068,2.829822540283203,-0.006706714630126953,0.013250231742858887,0.04127705097198486,0.0096510648727417,-0.020578861236572266,-0.023981332778930664
1769719245.7484152,full,goal2.png,0.7513477802276611,-1.0796353816986084,-1.1312527656555176,-1.4734004735946655,0.7048330307006836,0.8817078471183777,2.843126058578491,-1.0872517824172974,-1.1181652545928955,-1.433908462524414,0.7113397121429443,0.8621892333030701,2.819720983505249,-0.007616400718688965,0.01308751106262207,0.039492011070251465,0.006506681442260742,-0.019518613815307617,-0.023405075073242188
1769719245.8503203,full,goal2.png,0.7499628067016602,-1.0826646089553833,-1.1402192115783691,-1.4574971199035645,0.7083167433738708,0.8715600371360779,2.8320391178131104,-1.0903151035308838,-1.1249020099639893,-1.4207966327667236,0.7136173248291016,0.8566769361495972,2.8089451789855957,-0.007650494575500488,0.015317201614379883,0.03670048713684082,0.005300581455230713,-0.014883100986480713,-0.02309393882751465
1769719245.9472291,full,goal2.png,0.73455810546875,-1.0863299369812012,-1.1519421339035034,-1.4430480003356934,0.7106188535690308,0.8630479574203491,2.8209524154663086,-1.094285011291504,-1.1313960552215576,-1.4071338176727295,0.7131607532501221,0.8508682250976562,2.796459197998047,-0.007955074310302734,0.0205460786819458,0.03591418266296387,0.0025418996810913086,-0.012179732322692871,-0.02449321746826172
1769719246.046613,full,goal2.png,0.7304739952087402,-1.08984375,-1.1577885150909424,-1.4306888580322266,0.7123152613639832,0.8568835854530334,2.8097593784332275,-1.0981805324554443,-1.1378999948501587,-1.3929431438446045,0.7124986052513123,0.8423174619674683,2.7824673652648926,-0.008336782455444336,0.01988852024078369,0.03774571418762207,0.00018334388732910156,-0.014566123485565186,-0.02729201316833496
1769719246.1460347,full,goal2.png,0.7420657873153687,-1.0932971239089966,-1.1620899438858032,-1.4146946668624878,0.712375819683075,0.8505979776382446,2.797445774078369,-1.1018457412719727,-1.1441136598587036,-1.3797029256820679,0.7130594253540039,0.8320399522781372,2.769993543624878,-0.008548617362976074,0.01797628402709961,0.03499174118041992,0.0006836056709289551,-0.018558025360107422,-0.02745223045349121
1769719246.2463179,full,goal2.png,0.7417137622833252,-1.0975379943847656,-1.1712381839752197,-1.4014873504638672,0.712375819683075,0.8412680625915527,2.7841174602508545,-1.1046175956726074,-1.1501684188842773,-1.3673189878463745,0.7159976959228516,0.8216250538825989,2.758950710296631,-0.007079601287841797,0.021069765090942383,0.034168362617492676,0.0036218762397766113,-0.019643008708953857,-0.025166749954223633
1769719246.34592,full,goal2.png,0.7290613055229187,-1.101324439048767,-1.1803256273269653,-1.3887951374053955,0.713163435459137,0.8316200971603394,2.7723488807678223,-1.106747031211853,-1.1564149856567383,-1.3539626598358154,0.7205732464790344,0.8116886615753174,2.7485153675079346,-0.0054225921630859375,0.02391064167022705,0.03483247756958008,0.007409811019897461,-0.019931435585021973,-0.023833513259887695
1769719246.4477036,full,goal2.png,0.7382243871688843,-1.103990077972412,-1.1845968961715698,-1.3767086267471313,0.7157079577445984,0.8220933079719543,2.761277198791504,-1.1085011959075928,-1.1627519130706787,-1.3384461402893066,0.7257212400436401,0.8012621402740479,2.7357735633850098,-0.004511117935180664,0.021844983100891113,0.03826248645782471,0.010013282299041748,-0.020831167697906494,-0.02550363540649414
1769719246.5486007,full,goal2.png,0.747524082660675,-1.1056561470031738,-1.1909278631210327,-1.3612899780273438,0.7194337844848633,0.8111427426338196,2.7493269443511963,-1.1099216938018799,-1.1697869300842285,-1.3234525918960571,0.732245922088623,0.7911105751991272,2.725252151489258,-0.004265546798706055,0.0211409330368042,0.03783738613128662,0.012812137603759766,-0.020032167434692383,-0.024074792861938477
1769719246.648556,full,goal2.png,0.7292779088020325,-1.107019305229187,-1.1997125148773193,-1.3488703966140747,0.7247651219367981,0.8016007542610168,2.7378766536712646,-1.1111934185028076,-1.1765155792236328,-1.3101726770401,0.7384904623031616,0.7836228609085083,2.717383861541748,-0.0041741132736206055,0.023196935653686523,0.03869771957397461,0.013725340366363525,-0.017977893352508545,-0.0204927921295166
1769719246.74773,full,goal2.png,0.7374719381332397,-1.109230637550354,-1.2069523334503174,-1.3332395553588867,0.7314899563789368,0.7921648025512695,2.7277441024780273,-1.1126749515533447,-1.1847704648971558,-1.2942956686019897,0.7452124953269958,0.7775183916091919,2.709352970123291,-0.0034443140029907227,0.02218186855316162,0.03894388675689697,0.013722538948059082,-0.014646410942077637,-0.018391132354736328
1769719246.8477538,full,goal2.png,0.741003155708313,-1.1109572649002075,-1.2119505405426025,-1.3187904357910156,0.7378815412521362,0.7845009565353394,2.7188684940338135,-1.1142619848251343,-1.1943902969360352,-1.2751796245574951,0.7513145804405212,0.7704852223396301,2.700150728225708,-0.003304719924926758,0.017560243606567383,0.04361081123352051,0.01343303918838501,-0.014015734195709229,-0.01871776580810547
1769719246.9477768,full,goal2.png,0.7399610877037048,-1.1118357181549072,-1.2208260297775269,-1.30306875705719,0.7438794374465942,0.7779579162597656,2.710780620574951,-1.115736722946167,-1.2030175924301147,-1.2586497068405151,0.7576292753219604,0.7630628347396851,2.6910927295684814,-0.0039010047912597656,0.01780843734741211,0.044419050216674805,0.013749837875366211,-0.014895081520080566,-0.019687891006469727
1769719247.0467746,full,goal2.png,0.7316374182701111,-1.11283540725708,-1.2308224439620972,-1.286044716835022,0.7494531273841858,0.7707029581069946,2.701496124267578,-1.1173219680786133,-1.209999680519104,-1.243498682975769,0.7634579539299011,0.7559497952461243,2.6825151443481445,-0.004486560821533203,0.020822763442993164,0.04254603385925293,0.014004826545715332,-0.014753162860870361,-0.018980979919433594
1769719247.1484888,full,goal2.png,0.7410682439804077,-1.1148346662521362,-1.239031434059143,-1.2680816650390625,0.756723165512085,0.7630996704101562,2.6919844150543213,-1.119717001914978,-1.217362403869629,-1.2286100387573242,0.7691521048545837,0.7484151124954224,2.6718311309814453,-0.004882335662841797,0.02166903018951416,0.03947162628173828,0.01242893934249878,-0.014684557914733887,-0.020153284072875977
1769719247.2479353,full,goal2.png,0.740471601486206,-1.1168339252471924,-1.2449082136154175,-1.2532992362976074,0.7625695466995239,0.7561931014060974,2.6830785274505615,-1.1227072477340698,-1.2256288528442383,-1.2125303745269775,0.7764062285423279,0.7397555112838745,2.660980701446533,-0.005873322486877441,0.0192793607711792,0.04076886177062988,0.013836681842803955,-0.0164375901222229,-0.02209782600402832
1769719247.3479807,full,goal2.png,0.7384105324745178,-1.1186513900756836,-1.25087571144104,-1.239061951637268,0.7682644724845886,0.7483021020889282,2.672945976257324,-1.1252280473709106,-1.233473300933838,-1.197611689567566,0.7838948369026184,0.730239987373352,2.6504204273223877,-0.006576657295227051,0.01740241050720215,0.04145026206970215,0.015630364418029785,-0.018062114715576172,-0.022525548934936523
1769719247.4484086,full,goal2.png,0.7370153665542603,-1.1216200590133667,-1.257539987564087,-1.221098780632019,0.7755647897720337,0.7386844158172607,2.662086248397827,-1.1282142400741577,-1.2417734861373901,-1.1814559698104858,0.7920034527778625,0.7202063798904419,2.6410341262817383,-0.006594181060791016,0.015766501426696777,0.0396428108215332,0.016438663005828857,-0.018478035926818848,-0.021052122116088867
1769719247.5484464,full,goal2.png,0.7352858781814575,-1.1249521970748901,-1.2643253803253174,-1.207558274269104,0.7832892537117004,0.7297937273979187,2.65246844291687,-1.131742000579834,-1.2496964931488037,-1.1666653156280518,0.8000074028968811,0.7103005647659302,2.6320905685424805,-0.006789803504943848,0.014628887176513672,0.040892958641052246,0.016718149185180664,-0.019493162631988525,-0.02037787437438965
1769719247.6483827,full,goal2.png,0.7259554862976074,-1.1280419826507568,-1.2754120826721191,-1.1912612915039062,0.7912560105323792,0.7204486727714539,2.6433050632476807,-1.1354727745056152,-1.2568840980529785,-1.1533210277557373,0.8059337139129639,0.7029709815979004,2.623833656311035,-0.0074307918548583984,0.018527984619140625,0.037940263748168945,0.014677703380584717,-0.017477691173553467,-0.019471406936645508
1769719247.7475975,full,goal2.png,0.7470204830169678,-1.130859136581421,-1.2855901718139648,-1.1775693893432617,0.7981323599815369,0.7112852931022644,2.6342933177948,-1.1388907432556152,-1.263764500617981,-1.1410475969314575,0.8130114078521729,0.6956581473350525,2.6144561767578125,-0.008031606674194336,0.021825671195983887,0.0365217924118042,0.014879047870635986,-0.015627145767211914,-0.019837141036987305
1769719247.8491507,full,goal2.png,0.7377820014953613,-1.1344032287597656,-1.292436122894287,-1.1634836196899414,0.8043118119239807,0.7033942341804504,2.625947952270508,-1.1429086923599243,-1.2724740505218506,-1.1248615980148315,0.8222652673721313,0.68584805727005,2.6031525135040283,-0.008505463600158691,0.019962072372436523,0.03862202167510986,0.017953455448150635,-0.01754617691040039,-0.022795438766479492
1769719247.9482856,full,goal2.png,0.7421318888664246,-1.1380988359451294,-1.2969800233840942,-1.1505790948867798,0.8122484087944031,0.6947004199028015,2.615830421447754,-1.146472454071045,-1.2826741933822632,-1.1061110496520996,0.8348677158355713,0.675463080406189,2.5897929668426514,-0.008373618125915527,0.014305830001831055,0.044468045234680176,0.022619307041168213,-0.01923733949661255,-0.02603745460510254
1769719248.0492826,full,goal2.png,0.7326140403747559,-1.1417036056518555,-1.3062493801116943,-1.1336458921432495,0.8219115734100342,0.6853251457214355,2.604667901992798,-1.1502829790115356,-1.2921613454818726,-1.0886934995651245,0.8456929326057434,0.6659466624259949,2.5776712894439697,-0.008579373359680176,0.014088034629821777,0.044952392578125,0.02378135919570923,-0.019378483295440674,-0.026996612548828125
1769719248.1488853,full,goal2.png,0.7237477898597717,-1.1453992128372192,-1.3159427642822266,-1.1153192520141602,0.8327560424804688,0.6757225394248962,2.5920662879943848,-1.1542290449142456,-1.2997355461120605,-1.0756170749664307,0.8536431193351746,0.6565600037574768,2.5679078102111816,-0.008829832077026367,0.016207218170166016,0.03970217704772949,0.02088707685470581,-0.019162535667419434,-0.024158477783203125
1769719248.2482283,full,goal2.png,0.7369057536125183,-1.149094820022583,-1.3233642578125,-1.099446415901184,0.8435399532318115,0.6665138602256775,2.5805251598358154,-1.157562494277954,-1.306547999382019,-1.062709927558899,0.8577935695648193,0.646942138671875,2.5611724853515625,-0.008467674255371094,0.016816258430480957,0.036736488342285156,0.014253616333007812,-0.01957172155380249,-0.01935267448425293
1769719248.3525813,full,goal2.png,0.7358479499816895,-1.1529722213745117,-1.3311796188354492,-1.0842701196670532,0.8508402705192566,0.6574868559837341,2.570589303970337,-1.1601227521896362,-1.3132941722869873,-1.049527645111084,0.8593003749847412,0.6401666402816772,2.556028127670288,-0.007150530815124512,0.017885446548461914,0.03474247455596924,0.00846010446548462,-0.017320215702056885,-0.014561176300048828
1769719248.4478858,full,goal2.png,0.7410436868667603,-1.1563951969146729,-1.3384194374084473,-1.0711840391159058,0.855202317237854,0.649005115032196,2.563076972961426,-1.1610242128372192,-1.3220160007476807,-1.0347564220428467,0.8611265420913696,0.6370460987091064,2.5511934757232666,-0.004629015922546387,0.0164034366607666,0.03642761707305908,0.005924224853515625,-0.0119590163230896,-0.01188349723815918
1769719248.5496826,full,goal2.png,0.7400934100151062,-1.158364176750183,-1.3442354202270508,-1.0574010610580444,0.8575348258018494,0.6427497863769531,2.5577001571655273,-1.1614246368408203,-1.329768180847168,-1.0220009088516235,0.8649584054946899,0.6347010731697083,2.546895742416382,-0.003060460090637207,0.014467239379882812,0.0354001522064209,0.007423579692840576,-0.008048713207244873,-0.010804414749145508
1769719248.6481783,full,goal2.png,0.7324844598770142,-1.159787893295288,-1.3516569137573242,-1.0437091588974,0.8599278926849365,0.6382060050964355,2.552732229232788,-1.162261724472046,-1.3376567363739014,-1.0092971324920654,0.8695293664932251,0.6311081051826477,2.5418028831481934,-0.0024738311767578125,0.014000177383422852,0.03441202640533447,0.009601473808288574,-0.007097899913787842,-0.010929346084594727
1769719248.7473156,full,goal2.png,0.7482028007507324,-1.160423994064331,-1.3598963022232056,-1.0282905101776123,0.8644111156463623,0.6343740224838257,2.5476584434509277,-1.1648503541946411,-1.3472492694854736,-0.99564528465271,0.8751178979873657,0.6259208917617798,2.537294864654541,-0.004426360130310059,0.012647032737731934,0.032645225524902344,0.010706782341003418,-0.008453130722045898,-0.010363578796386719
1769719248.8486626,full,goal2.png,0.7503287196159363,-1.161363124847412,-1.3661668300628662,-1.0174460411071777,0.8691064119338989,0.6307843923568726,2.5430994033813477,-1.168398141860962,-1.3562432527542114,-0.9824267625808716,0.8829349279403687,0.6190011501312256,2.5319008827209473,-0.007035017013549805,0.009923577308654785,0.03501927852630615,0.013828516006469727,-0.011783242225646973,-0.01119852066040039
1769719248.9469538,full,goal2.png,0.7543269991874695,-1.1633018255233765,-1.3738306760787964,-1.00239098072052,0.8748618960380554,0.6261195540428162,2.538343667984009,-1.171151876449585,-1.3655436038970947,-0.9679555892944336,0.8891640901565552,0.6134994029998779,2.5298500061035156,-0.007850050926208496,0.00828707218170166,0.034435391426086426,0.014302194118499756,-0.012620151042938232,-0.008493661880493164
1769719249.0465696,full,goal2.png,0.7527652978897095,-1.1663309335708618,-1.3817368745803833,-0.9883052110671997,0.8819500803947449,0.6198036670684814,2.533421039581299,-1.1732473373413086,-1.3744715452194214,-0.9541869163513184,0.8932636976242065,0.6093195676803589,2.53043270111084,-0.006916403770446777,0.007265329360961914,0.03411829471588135,0.01131361722946167,-0.010484099388122559,-0.0029883384704589844
1769719249.1465423,full,goal2.png,0.7682752013206482,-1.1687543392181396,-1.3883405923843384,-0.9747647047042847,0.8868876695632935,0.6148660182952881,2.5311191082000732,-1.174750566482544,-1.3827075958251953,-0.9422063827514648,0.8971257209777832,0.606542706489563,2.5320825576782227,-0.005996227264404297,0.005632996559143066,0.032558321952819824,0.010238051414489746,-0.008323311805725098,0.0009634494781494141
1769719249.249622,full,goal2.png,0.7568650245666504,-1.1711170673370361,-1.396791934967041,-0.9608607292175293,0.8919464945793152,0.6102919578552246,2.5313310623168945,-1.1759512424468994,-1.3887054920196533,-0.9322565197944641,0.9036738276481628,0.6021442413330078,2.5307068824768066,-0.004834175109863281,0.008086442947387695,0.028604209423065186,0.011727333068847656,-0.008147716522216797,-0.0006241798400878906
1769719249.3471048,full,goal2.png,0.7446466684341431,-1.1726317405700684,-1.4055767059326172,-0.947804868221283,0.8966417908668518,0.6074445843696594,2.5313310623168945,-1.1776307821273804,-1.3934296369552612,-0.922950804233551,0.9104522466659546,0.5960489511489868,2.527094602584839,-0.004999041557312012,0.012147068977355957,0.024854063987731934,0.013810455799102783,-0.011395633220672607,-0.004236459732055664
1769719249.44637,full,goal2.png,0.7508713603019714,-1.174146294593811,-1.411301851272583,-0.9383234977722168,0.9024274349212646,0.6032188534736633,2.5299224853515625,-1.1800336837768555,-1.3978381156921387,-0.913837194442749,0.9170143604278564,0.5881410837173462,2.52183198928833,-0.005887389183044434,0.013463735580444336,0.024486303329467773,0.014586925506591797,-0.015077769756317139,-0.008090496063232422
1769719249.5472662,full,goal2.png,0.7523133754730225,-1.1758123636245728,-1.4162393808364868,-0.9279333353042603,0.9092735648155212,0.5962364673614502,2.5260603427886963,-1.1824383735656738,-1.403141736984253,-0.9034122228622437,0.9232989549636841,0.580973207950592,2.5168588161468506,-0.006626009941101074,0.013097643852233887,0.0245211124420166,0.014025390148162842,-0.015263259410858154,-0.009201526641845703
1769719249.6478708,full,goal2.png,0.7391610145568848,-1.177629828453064,-1.4207227230072021,-0.9185125231742859,0.9149985909461975,0.5894208550453186,2.5219101905822754,-1.1843175888061523,-1.4083738327026367,-0.8922339677810669,0.9284754991531372,0.5744137167930603,2.51203989982605,-0.006687760353088379,0.01234889030456543,0.026278555393218994,0.013476908206939697,-0.0150071382522583,-0.009870290756225586
1769719249.7473423,full,goal2.png,0.731521487236023,-1.1803258657455444,-1.4259024858474731,-0.9085161685943604,0.9218143224716187,0.5830594897270203,2.517366409301758,-1.186042308807373,-1.4132661819458008,-0.8816892504692078,0.9312607049942017,0.5685102939605713,2.5079500675201416,-0.005716443061828613,0.012636303901672363,0.026826918125152588,0.009446382522583008,-0.014549195766448975,-0.009416341781616211
1769719249.8479855,full,goal2.png,0.7437531352043152,-1.181870698928833,-1.4313249588012695,-0.8958844542503357,0.9272972345352173,0.5755168199539185,2.5123379230499268,-1.1875842809677124,-1.4165935516357422,-0.8734056949615479,0.9339843988418579,0.5615665912628174,2.500722646713257,-0.0057135820388793945,0.014731407165527344,0.022478759288787842,0.006687164306640625,-0.013950228691101074,-0.011615276336669922
1769719249.946514,full,goal2.png,0.7462011575698853,-1.1832338571548462,-1.4358080625534058,-0.8866151571273804,0.9302658438682556,0.5693826675415039,2.5075366497039795,-1.18971586227417,-1.4195243120193481,-0.8654110431671143,0.9382003545761108,0.5549140572547913,2.4899940490722656,-0.0064820051193237305,0.016283750534057617,0.021204113960266113,0.007934510707855225,-0.014468610286712646,-0.017542600631713867
1769719250.0475247,full,goal2.png,0.7401776313781738,-1.1851422786712646,-1.4394429922103882,-0.8790118098258972,0.9332950115203857,0.5625215172767639,2.500554323196411,-1.1919082403182983,-1.4222841262817383,-0.8568394184112549,0.9444916248321533,0.5493761897087097,2.475724697113037,-0.006765961647033691,0.017158865928649902,0.022172391414642334,0.011196613311767578,-0.0131453275680542,-0.024829626083374023
1769719250.14876,full,goal2.png,0.7393480539321899,-1.1867477893829346,-1.4430781602859497,-0.8705906867980957,0.9373540878295898,0.5558270215988159,2.4901037216186523,-1.1949715614318848,-1.4255415201187134,-0.8472013473510742,0.9522768259048462,0.5439595580101013,2.4611098766326904,-0.008223772048950195,0.017536640167236328,0.023389339447021484,0.014922738075256348,-0.0118674635887146,-0.028993844985961914
1769719250.2475054,full,goal2.png,0.7393251061439514,-1.1889894008636475,-1.4471977949142456,-0.8608063459396362,0.943594217300415,0.5498443841934204,2.475609064102173,-1.1983628273010254,-1.429507851600647,-0.8369295597076416,0.9593590497970581,0.5389571189880371,2.448333501815796,-0.00937342643737793,0.017689943313598633,0.02387678623199463,0.015764832496643066,-0.0108872652053833,-0.027275562286376953
1769719250.347792,full,goal2.png,0.7319232821464539,-1.1919276714324951,-1.4506207704544067,-0.8522337079048157,0.9505917429924011,0.5445432662963867,2.4628560543060303,-1.2012547254562378,-1.433779001235962,-0.8258512616157532,0.9674092531204224,0.5340936183929443,2.4359734058380127,-0.009327054023742676,0.016841769218444824,0.0263824462890625,0.01681751012802124,-0.010449647903442383,-0.026882648468017578
1769719250.4469101,full,goal2.png,0.7259954810142517,-1.1956232786178589,-1.4546194076538086,-0.8414801359176636,0.9578618407249451,0.5394693613052368,2.4503908157348633,-1.2041709423065186,-1.4389681816101074,-0.8152101039886475,0.9759218692779541,0.5296526551246643,2.4259843826293945,-0.008547663688659668,0.015651226043701172,0.026270031929016113,0.018060028553009033,-0.00981670618057251,-0.02440643310546875
1769719250.547824,full,goal2.png,0.7150031328201294,-1.1992583274841309,-1.4590723514556885,-0.8309687376022339,0.9663738012313843,0.5346832275390625,2.437304735183716,-1.2079517841339111,-1.443802833557129,-0.8070906400680542,0.9862679243087769,0.5246824622154236,2.4173974990844727,-0.008693456649780273,0.01526951789855957,0.023878097534179688,0.019894123077392578,-0.010000765323638916,-0.019907236099243164
1769719250.6479087,full,goal2.png,0.7098658084869385,-1.2019846439361572,-1.46285879611969,-0.8217600584030151,0.9749161601066589,0.530518114566803,2.427989959716797,-1.2118566036224365,-1.4476604461669922,-0.8010238409042358,0.9983551502227783,0.5183441042900085,2.4089250564575195,-0.009871959686279297,0.015198349952697754,0.020736217498779297,0.023438990116119385,-0.012174010276794434,-0.019064903259277344
1769719250.7773292,full,goal2.png,0.7192445397377014,-1.2044382095336914,-1.4671903848648071,-0.8125815987586975,0.9851245880126953,0.5252018570899963,2.4187357425689697,-1.2150888442993164,-1.4506444931030273,-0.7955272197723389,1.0128519535064697,0.5116478204727173,2.3995580673217773,-0.010650634765625,0.016545891761779785,0.017054378986358643,0.027727365493774414,-0.013554036617279053,-0.019177675247192383
1769719250.8525856,full,goal2.png,0.7221814393997192,-1.2078309059143066,-1.4710981845855713,-0.8062505722045898,0.993878960609436,0.5207489132881165,2.412313938140869,-1.216303825378418,-1.4523082971572876,-0.7906948328018188,1.0270378589630127,0.5057105422019958,2.391535997390747,-0.008472919464111328,0.01878988742828369,0.015555739402770996,0.03315889835357666,-0.015038371086120605,-0.02077794075012207
1769719250.9481084,full,goal2.png,0.7333722710609436,-1.2114356756210327,-1.4739153385162354,-0.8002830147743225,1.0098730325698853,0.512933611869812,2.40201473236084,-1.2173047065734863,-1.4543936252593994,-0.7855760455131531,1.0410125255584717,0.5004934072494507,2.3831467628479004,-0.005869030952453613,0.019521713256835938,0.014706969261169434,0.031139492988586426,-0.012440204620361328,-0.018867969512939453
1769719251.048183,full,goal2.png,0.7287368774414062,-1.2126473188400269,-1.4756722450256348,-0.7950425148010254,1.0239285230636597,0.5065723061561584,2.3936238288879395,-1.2182797193527222,-1.4559158086776733,-0.779721200466156,1.0554059743881226,0.49426978826522827,2.373549699783325,-0.0056324005126953125,0.019756436347961426,0.015321314334869385,0.03147745132446289,-0.012302517890930176,-0.020074129104614258
1769719251.1476517,full,goal2.png,0.72874915599823,-1.2136167287826538,-1.4773988723754883,-0.7898626327514648,1.0387715101242065,0.5006350874900818,2.384627103805542,-1.2202892303466797,-1.458462119102478,-0.7718815803527832,1.0729256868362427,0.48746299743652344,2.360041618347168,-0.006672501564025879,0.018936753273010254,0.01798105239868164,0.03415417671203613,-0.01317209005355835,-0.024585485458374023
1769719251.248867,full,goal2.png,0.7235251069068909,-1.2152827978134155,-1.4793375730514526,-0.7827743291854858,1.0547051429748535,0.49398598074913025,2.3732826709747314,-1.2219334840774536,-1.4606521129608154,-0.7654541730880737,1.0890159606933594,0.4837215542793274,2.347639560699463,-0.006650686264038086,0.018685460090637207,0.01732015609741211,0.03431081771850586,-0.010264426469802856,-0.025643110275268555
1769719251.348362,full,goal2.png,0.7188372611999512,-1.216827630996704,-1.4811854362487793,-0.7767159342765808,1.070971965789795,0.48898786306381226,2.3612568378448486,-1.223043441772461,-1.4627845287322998,-0.7595053315162659,1.1040875911712646,0.48344770073890686,2.33554744720459,-0.006215810775756836,0.018400907516479492,0.01721060276031494,0.03311562538146973,-0.0055401623249053955,-0.02570939064025879
1769719251.4486418,full,goal2.png,0.7142259478569031,-1.2181907892227173,-1.4830331802368164,-0.7704757452011108,1.0859360694885254,0.48582231998443604,2.3491854667663574,-1.2246450185775757,-1.4638078212738037,-0.7558960914611816,1.1172771453857422,0.4831261932849884,2.323598861694336,-0.0064542293548583984,0.019225358963012695,0.0145796537399292,0.0313410758972168,-0.002696126699447632,-0.025586605072021484
1769719251.547284,full,goal2.png,0.7198570966720581,-1.219675064086914,-1.4852142333984375,-0.7638418078422546,1.102172613143921,0.48439866304397583,2.3368868827819824,-1.2271835803985596,-1.4646567106246948,-0.7521933317184448,1.1320898532867432,0.4802253842353821,2.3095622062683105,-0.007508516311645508,0.020557522773742676,0.011648476123809814,0.029917240142822266,-0.00417327880859375,-0.027324676513671875
1769719251.6497521,full,goal2.png,0.7127941846847534,-1.2210382223129272,-1.4867287874221802,-0.7593889236450195,1.1165614128112793,0.4828234612941742,2.3236796855926514,-1.2298939228057861,-1.4636409282684326,-0.7502552270889282,1.1478193998336792,0.4766812324523926,2.2940099239349365,-0.008855700492858887,0.02308785915374756,0.009133696556091309,0.0312579870223999,-0.006142228841781616,-0.029669761657714844
1769719251.7487197,full,goal2.png,0.7160611152648926,-1.2232192754745483,-1.4878193140029907,-0.7556024193763733,1.1299805641174316,0.4803546071052551,2.311093330383301,-1.2320586442947388,-1.4622550010681152,-0.7481173276901245,1.163705825805664,0.4732553958892822,2.278932809829712,-0.00883936882019043,0.02556431293487549,0.007485091686248779,0.03372526168823242,-0.0070992112159729,-0.03216052055358887
1769719251.8468406,full,goal2.png,0.7162090539932251,-1.2266422510147095,-1.4876980781555176,-0.7532699108123779,1.1467320919036865,0.47715887427330017,2.2946298122406006,-1.2328585386276245,-1.4620708227157593,-0.7448849081993103,1.1780000925064087,0.4701695442199707,2.265374183654785,-0.006216287612915039,0.0256272554397583,0.008385002613067627,0.03126800060272217,-0.006989330053329468,-0.02925562858581543
1769719251.9474328,full,goal2.png,0.719721794128418,-1.2284899950027466,-1.487122654914856,-0.7511495351791382,1.161726713180542,0.4733875095844269,2.2802560329437256,-1.232753872871399,-1.4637151956558228,-0.739890992641449,1.192636251449585,0.46863043308258057,2.2542386054992676,-0.004263877868652344,0.023407459259033203,0.011258542537689209,0.03090953826904297,-0.0047570765018463135,-0.026017427444458008
1769719252.0498528,full,goal2.png,0.716835618019104,-1.2293381690979004,-1.487122654914856,-0.7484534978866577,1.1759941577911377,0.47126704454421997,2.267836570739746,-1.2326421737670898,-1.4667130708694458,-0.7340072989463806,1.2077964544296265,0.46878981590270996,2.243177890777588,-0.003304004669189453,0.020409584045410156,0.0144461989402771,0.03180229663848877,-0.0024772286415100098,-0.024658679962158203
1769719252.1472626,full,goal2.png,0.7073470950126648,-1.2298228740692139,-1.4880919456481934,-0.7443944215774536,1.1895346641540527,0.46996453404426575,2.255901336669922,-1.2333941459655762,-1.469298243522644,-0.7285388708114624,1.2237300872802734,0.46985283493995667,2.231624126434326,-0.0035712718963623047,0.018793702125549316,0.01585555076599121,0.0341954231262207,-0.00011169910430908203,-0.024277210235595703
1769719252.2557235,full,goal2.png,0.7032443284988403,-1.2300955057144165,-1.4905153512954712,-0.7384571433067322,1.2071948051452637,0.4696767330169678,2.2442238330841064,-1.2342071533203125,-1.4683130979537964,-0.7261733412742615,1.2391841411590576,0.46997779607772827,2.2192602157592773,-0.004111647605895996,0.022202253341674805,0.012283802032470703,0.031989336013793945,0.00030106306076049805,-0.0249636173248291
1769719252.3592956,full,goal2.png,0.6954664587974548,-1.2307013273239136,-1.4923933744430542,-0.7337619066238403,1.21970534324646,0.4702826142311096,2.2334702014923096,-1.2342915534973145,-1.4647008180618286,-0.726222038269043,1.2552168369293213,0.469724178314209,2.2052528858184814,-0.003590226173400879,0.027692556381225586,0.007539868354797363,0.03551149368286133,-0.0005584359169006348,-0.028217315673828125
1769719252.4495378,full,goal2.png,0.7008926868438721,-1.231398105621338,-1.4929083585739136,-0.7307024002075195,1.235002875328064,0.47017645835876465,2.2222471237182617,-1.2334787845611572,-1.4594440460205078,-0.7278738617897034,1.2707706689834595,0.4690832495689392,2.192282199859619,-0.002080678939819336,0.03346431255340576,0.002828538417816162,0.03576779365539551,-0.0010932087898254395,-0.029964923858642578
1769719252.551174,full,goal2.png,0.6978029012680054,-1.231398105621338,-1.491060495376587,-0.7299451231956482,1.253238558769226,0.4703279733657837,2.2065255641937256,-1.233084797859192,-1.4549533128738403,-0.7286868691444397,1.287353277206421,0.4672614634037018,2.1790010929107666,-0.001686692237854004,0.03610718250274658,0.001258254051208496,0.034114718437194824,-0.003066509962081909,-0.027524471282958984
1769719252.6497035,full,goal2.png,0.6966050863265991,-1.23182213306427,-1.4881525039672852,-0.7307630777359009,1.268202781677246,0.46878311038017273,2.194469451904297,-1.2323997020721436,-1.4503817558288574,-0.728210985660553,1.3018685579299927,0.46381160616874695,2.1658496856689453,-0.0005775690078735352,0.037770748138427734,0.0025520920753479004,0.03366577625274658,-0.004971504211425781,-0.028619766235351562
1769719252.7489014,full,goal2.png,0.711223304271698,-1.231852412223816,-1.484911322593689,-0.7314596772193909,1.2840758562088013,0.46729880571365356,2.1807773113250732,-1.231233835220337,-1.4465951919555664,-0.7262542843818665,1.3166921138763428,0.4607052803039551,2.1511833667755127,0.0006185770034790039,0.03831613063812256,0.005205392837524414,0.032616257667541504,-0.006593525409698486,-0.029593944549560547
1769719252.849745,full,goal2.png,0.7057076096534729,-1.2316404581069946,-1.482063889503479,-0.7314596772193909,1.3002820014953613,0.46358805894851685,2.1667673587799072,-1.2300701141357422,-1.4435580968856812,-0.7243118286132812,1.330033302307129,0.4606395959854126,2.1372017860412598,0.0015703439712524414,0.03850579261779785,0.007147848606109619,0.029751300811767578,-0.002948462963104248,-0.02956557273864746
1769719252.9498756,full,goal2.png,0.7160404920578003,-1.2312768697738647,-1.4801251888275146,-0.7307326793670654,1.314549446105957,0.4621339738368988,2.1531057357788086,-1.2301623821258545,-1.442312479019165,-0.7207284569740295,1.3440369367599487,0.4618796706199646,2.1216208934783936,0.001114487648010254,0.03781270980834961,0.010004222393035889,0.0294874906539917,-0.0002543032169342041,-0.03148484230041504
1769719253.0498989,full,goal2.png,0.7084213495254517,-1.2307316064834595,-1.4785196781158447,-0.7290363311767578,1.3270601034164429,0.4616645276546478,2.1388533115386963,-1.2315971851348877,-1.442730188369751,-0.7150946855545044,1.3592690229415894,0.4646872282028198,2.10431170463562,-0.0008655786514282227,0.03578948974609375,0.013941645622253418,0.032208919525146484,0.003022700548171997,-0.03454160690307617
1769719253.1488433,full,goal2.png,0.7021440267562866,-1.2308225631713867,-1.4777320623397827,-0.7262495160102844,1.3423575162887573,0.46351227164268494,2.123525619506836,-1.2330667972564697,-1.4437744617462158,-0.7070610523223877,1.3768469095230103,0.466799795627594,2.085822582244873,-0.002244234085083008,0.033957600593566895,0.01918846368789673,0.03448939323425293,0.0032875239849090576,-0.03770303726196289
1769719253.2481513,full,goal2.png,0.7080323696136475,-1.2314586639404297,-1.4780046939849854,-0.7211907505989075,1.3585939407348633,0.46498143672943115,2.1049113273620605,-1.2341538667678833,-1.4443185329437256,-0.6982479095458984,1.3955754041671753,0.4691820442676544,2.067949056625366,-0.0026952028274536133,0.033686161041259766,0.022942841053009033,0.03698146343231201,0.004200607538223267,-0.036962270736694336
1769719253.349092,full,goal2.png,0.7001295685768127,-1.2321857213974,-1.4787317514419556,-0.7145568132400513,1.3761632442474365,0.4674047827720642,2.0875236988067627,-1.2357430458068848,-1.4452672004699707,-0.6876200437545776,1.4148643016815186,0.4722619652748108,2.0511934757232666,-0.0035573244094848633,0.03346455097198486,0.026936769485473633,0.03870105743408203,0.004857182502746582,-0.036330223083496094
1769719253.454858,full,goal2.png,0.703287661075592,-1.2331550121307373,-1.479670763015747,-0.7064385414123535,1.3938841819763184,0.47007057070732117,2.0700149536132812,-1.2377443313598633,-1.4455649852752686,-0.678498387336731,1.4322868585586548,0.47566699981689453,2.0361368656158447,-0.0045893192291259766,0.034105777740478516,0.02794015407562256,0.038402676582336426,0.005596429109573364,-0.03387808799743652
1769719253.5579891,full,goal2.png,0.7074865102767944,-1.2346090078353882,-1.4809733629226685,-0.6971692442893982,1.411786675453186,0.4721303880214691,2.0532634258270264,-1.2397105693817139,-1.444206714630127,-0.6724528670310974,1.4452967643737793,0.4762294888496399,2.0238425731658936,-0.005101561546325684,0.036766648292541504,0.02471637725830078,0.03351008892059326,0.004099100828170776,-0.029420852661132812
1769719253.6502714,full,goal2.png,0.7068802118301392,-1.2361539602279663,-1.4816094636917114,-0.6907473802566528,1.4279322624206543,0.4747808575630188,2.0394654273986816,-1.240532398223877,-1.4424362182617188,-0.6687161922454834,1.453242301940918,0.47824788093566895,2.01430606842041,-0.0043784379959106445,0.039173245429992676,0.022031188011169434,0.025310039520263672,0.0034670233726501465,-0.025159358978271484
1769719253.754941,full,goal2.png,0.6955796480178833,-1.2377290725708008,-1.4817609786987305,-0.684476912021637,1.4412606954574585,0.4765227138996124,2.0267882347106934,-1.2401676177978516,-1.439942717552185,-0.6660928726196289,1.461258053779602,0.4811985194683075,2.005314350128174,-0.0024385452270507812,0.04181826114654541,0.018384039402008057,0.019997358322143555,0.004675805568695068,-0.02147388458251953
1769719253.8534005,full,goal2.png,0.6798534393310547,-1.2386378049850464,-1.481276273727417,-0.6800240278244019,1.4517719745635986,0.4788855016231537,2.0160043239593506,-1.238735556602478,-1.4374650716781616,-0.6626915335655212,1.4715025424957275,0.4866475760936737,1.9936621189117432,-9.775161743164062e-05,0.04381120204925537,0.017332494258880615,0.019730567932128906,0.0077620744705200195,-0.022342205047607422
1769719253.9495525,full,goal2.png,0.6966904401779175,-1.2383955717086792,-1.4794890880584717,-0.6764798164367676,1.460193157196045,0.48159661889076233,2.006235122680664,-1.2373793125152588,-1.4347115755081177,-0.6584630012512207,1.4844753742218018,0.48801207542419434,1.981155276298523,0.0010162591934204102,0.044777512550354004,0.018016815185546875,0.024282217025756836,0.006415456533432007,-0.025079846382141113
1769719254.0506434,full,goal2.png,0.6965988278388977,-1.236699104309082,-1.4769748449325562,-0.6724509596824646,1.4701895713806152,0.48576173186302185,1.9945273399353027,-1.2370729446411133,-1.434709072113037,-0.6518155932426453,1.4995300769805908,0.48778337240219116,1.9694629907608032,-0.00037384033203125,0.04226577281951904,0.020635366439819336,0.029340505599975586,0.0020216405391693115,-0.02506434917449951
1769719254.1494732,full,goal2.png,0.7026312351226807,-1.235487461090088,-1.4746423959732056,-0.6679677963256836,1.484578251838684,0.4872461259365082,1.9819865226745605,-1.2382477521896362,-1.4354032278060913,-0.645978569984436,1.5188796520233154,0.48244228959083557,1.9566456079483032,-0.00276029109954834,0.03923916816711426,0.02198922634124756,0.03430140018463135,-0.004803836345672607,-0.025340914726257324
1769719254.2504854,full,goal2.png,0.689189076423645,-1.2358206510543823,-1.4748847484588623,-0.6626667380332947,1.500208854675293,0.4859738051891327,1.9695364236831665,-1.2395665645599365,-1.4334423542022705,-0.6433600187301636,1.5407955646514893,0.4746611714363098,1.9439913034439087,-0.0037459135055541992,0.0414423942565918,0.019306719303131104,0.04058670997619629,-0.011312633752822876,-0.025545120239257812
1769719254.3513365,full,goal2.png,0.6887231469154358,-1.2367900609970093,-1.4754904508590698,-0.6580926179885864,1.5171420574188232,0.4817480146884918,1.9581921100616455,-1.2401593923568726,-1.4294679164886475,-0.6439489126205444,1.56098210811615,0.46666210889816284,1.931718349456787,-0.0033693313598632812,0.04602253437042236,0.014143705368041992,0.04384005069732666,-0.01508590579032898,-0.0264737606048584
1769719254.4513109,full,goal2.png,0.6910369396209717,-1.2373656034469604,-1.4742788076400757,-0.6549422740936279,1.5382252931594849,0.47447794675827026,1.9460147619247437,-1.2408963441848755,-1.4244842529296875,-0.647262454032898,1.5796244144439697,0.4599909782409668,1.9206726551055908,-0.003530740737915039,0.049794554710388184,0.0076798200607299805,0.04139912128448486,-0.014486968517303467,-0.025342106819152832
1769719254.552137,full,goal2.png,0.6912035942077637,-1.2379714250564575,-1.4698865413665771,-0.6543970108032227,1.5595507621765137,0.46681419014930725,1.9334133863449097,-1.2418503761291504,-1.4201080799102783,-0.6505609750747681,1.5945355892181396,0.45629262924194336,1.9111804962158203,-0.003878951072692871,0.04977846145629883,0.00383603572845459,0.03498482704162598,-0.010521560907363892,-0.022232890129089355
1769719254.650733,full,goal2.png,0.681318461894989,-1.238940715789795,-1.464918613433838,-0.6558510065078735,1.5757569074630737,0.4611494839191437,1.9225082397460938,-1.242698311805725,-1.414736270904541,-0.6549460887908936,1.611344814300537,0.4543339014053345,1.8993034362792969,-0.0037575960159301758,0.050182342529296875,0.0009049177169799805,0.03558790683746338,-0.006815582513809204,-0.023204803466796875
1769719254.7509775,full,goal2.png,0.6879696846008301,-1.2399404048919678,-1.4607383012771606,-0.6584561467170715,1.59272038936615,0.4574538767337799,1.911906123161316,-1.2429158687591553,-1.4098366498947144,-0.6579206585884094,1.6311371326446533,0.4540998637676239,1.8856390714645386,-0.0029754638671875,0.05090165138244629,0.0005354881286621094,0.03841674327850342,-0.003354012966156006,-0.026267051696777344
1769719254.848346,full,goal2.png,0.6834263205528259,-1.240485668182373,-1.4564671516418457,-0.6618488430976868,1.610683560371399,0.45515164732933044,1.899728775024414,-1.2431905269622803,-1.4016202688217163,-0.6651839017868042,1.6535975933074951,0.45375144481658936,1.8704874515533447,-0.0027048587799072266,0.054846882820129395,-0.0033350586891174316,0.04291403293609619,-0.0014002025127410889,-0.029241323471069336
1769719254.9490733,full,goal2.png,0.691447377204895,-1.2404553890228271,-1.4508328437805176,-0.6656050086021423,1.6307975053787231,0.45440956950187683,1.8851431608200073,-1.2436586618423462,-1.392159104347229,-0.673981249332428,1.6748144626617432,0.45245757699012756,1.8561785221099854,-0.003203272819519043,0.058673739433288574,-0.008376240730285645,0.04401695728302002,-0.0019519925117492676,-0.028964638710021973
1769719255.048413,full,goal2.png,0.7127582430839539,-1.2404251098632812,-1.442229986190796,-0.6710575819015503,1.6510628461837769,0.45356136560440063,1.8722084760665894,-1.2440139055252075,-1.3823322057724,-0.6838268637657166,1.6936713457107544,0.4507334232330322,1.8438090085983276,-0.0035887956619262695,0.059897780418395996,-0.01276928186416626,0.04260849952697754,-0.002827942371368408,-0.02839946746826172
1769719255.1496377,full,goal2.png,0.7113518714904785,-1.2408188581466675,-1.430506944656372,-0.6803269386291504,1.6734788417816162,0.4527738094329834,1.857516884803772,-1.2446255683898926,-1.3729606866836548,-0.6926888227462769,1.7125884294509888,0.4482311010360718,1.8317339420318604,-0.0038067102432250977,0.057546257972717285,-0.012361884117126465,0.03910958766937256,-0.004542708396911621,-0.02578294277191162
1769719255.2499366,full,goal2.png,0.7026606202125549,-1.2414549589157104,-1.4209649562835693,-0.6894751191139221,1.69089674949646,0.4512592852115631,1.845642328262329,-1.2456570863723755,-1.3659443855285645,-0.6975041031837463,1.7316458225250244,0.44610702991485596,1.8187472820281982,-0.004202127456665039,0.05502057075500488,-0.008028984069824219,0.04074907302856445,-0.005152255296707153,-0.02689504623413086
1769719255.3491886,full,goal2.png,0.7029634714126587,-1.2415459156036377,-1.4130890369415283,-0.6973206996917725,1.7110711336135864,0.4481542706489563,1.8322988748550415,-1.2472789287567139,-1.3590524196624756,-0.7018874883651733,1.7524683475494385,0.44357186555862427,1.8035061359405518,-0.005733013153076172,0.054036617279052734,-0.004566788673400879,0.04139721393585205,-0.004582405090332031,-0.028792738914489746
1769719255.4508376,full,goal2.png,0.6961332559585571,-1.2422122955322266,-1.405819058418274,-0.702258288860321,1.731518268585205,0.4463973641395569,1.8186976909637451,-1.2499195337295532,-1.3566149473190308,-0.7019493579864502,1.7708590030670166,0.4417265057563782,1.7869758605957031,-0.00770723819732666,0.049204111099243164,0.0003089308738708496,0.03934073448181152,-0.004670858383178711,-0.03172183036804199
1769719255.552197,full,goal2.png,0.7052340507507324,-1.2440601587295532,-1.3987609148025513,-0.7061659097671509,1.7493904829025269,0.4436711072921753,1.8048542737960815,-1.2533818483352661,-1.3579180240631104,-0.698227047920227,1.78778076171875,0.4420889616012573,1.7681002616882324,-0.00932168960571289,0.04084289073944092,0.007938861846923828,0.038390278816223145,-0.0015821456909179688,-0.03675401210784912
1769719255.6517284,full,goal2.png,0.7278724312782288,-1.246968150138855,-1.3943079710006714,-0.7071959376335144,1.767959475517273,0.44271689653396606,1.7873001098632812,-1.2557778358459473,-1.3569767475128174,-0.6981735825538635,1.8029937744140625,0.44481515884399414,1.7485849857330322,-0.008809685707092285,0.037331223487854004,0.009022355079650879,0.03503429889678955,0.002098262310028076,-0.03871512413024902
1769719255.7498565,full,goal2.png,0.7255287170410156,-1.2493308782577515,-1.393671989440918,-0.7061659097671509,1.7852256298065186,0.44324707984924316,1.7696549892425537,-1.2558223009109497,-1.3530707359313965,-0.6998448371887207,1.816192626953125,0.4500654339790344,1.7320775985717773,-0.006491422653198242,0.040601253509521484,0.006321072578430176,0.030966997146606445,0.00681835412979126,-0.03757739067077637
1769719255.8492527,full,goal2.png,0.7168868184089661,-1.2507545948028564,-1.3924906253814697,-0.7060145139694214,1.8008261919021606,0.44601866602897644,1.7501622438430786,-1.2560635805130005,-1.3488188982009888,-0.7014493942260742,1.8314580917358398,0.4554567039012909,1.7175683975219727,-0.005308985710144043,0.04367172718048096,0.004565119743347168,0.0306318998336792,0.009438037872314453,-0.03259384632110596
1769719255.9572432,full,goal2.png,0.7316597700119019,-1.2513604164123535,-1.3880375623703003,-0.7065900564193726,1.8159418106079102,0.45036566257476807,1.7340013980865479,-1.2555657625198364,-1.34541916847229,-0.7017651796340942,1.8464164733886719,0.4622119665145874,1.7037993669509888,-0.00420534610748291,0.042618393898010254,0.00482487678527832,0.03047466278076172,0.011846303939819336,-0.030202031135559082
1769719256.0602326,full,goal2.png,0.7570900321006775,-1.2514513731002808,-1.3831605911254883,-0.7070141434669495,1.8284525871276855,0.45593929290771484,1.720400333404541,-1.2526768445968628,-1.338118314743042,-0.7064436674118042,1.8629140853881836,0.4702177047729492,1.69138503074646,-0.0012254714965820312,0.04504227638244629,0.0005704760551452637,0.03446149826049805,0.014278411865234375,-0.029015302658081055
1769719256.1597974,full,goal2.png,0.756357729434967,-1.2509061098098755,-1.3799799680709839,-0.7080440521240234,1.8432350158691406,0.46228551864624023,1.7074202299118042,-1.2491148710250854,-1.3277945518493652,-0.7140528559684753,1.881474494934082,0.4771459698677063,1.6801717281341553,0.001791238784790039,0.05218541622161865,-0.006008803844451904,0.038239479064941406,0.014860451221466064,-0.027248501777648926
1769719256.2489538,full,goal2.png,0.7640881538391113,-1.2494218349456787,-1.3745880126953125,-0.7123152613639832,1.8600772619247437,0.46920713782310486,1.6953186988830566,-1.2469221353530884,-1.3190010786056519,-0.7196024656295776,1.9020745754241943,0.4834321141242981,1.6681557893753052,0.002499699592590332,0.055586934089660645,-0.007287204265594482,0.041997313499450684,0.014224976301193237,-0.027162909507751465
1769719256.358446,full,goal2.png,0.7876169681549072,-1.2468470335006714,-1.365288496017456,-0.7192217707633972,1.8799790143966675,0.4762803614139557,1.6823385953903198,-1.2446954250335693,-1.3124104738235474,-0.7219063639640808,1.9190925359725952,0.48915180563926697,1.6581923961639404,0.0021516084671020508,0.05287802219390869,-0.0026845932006835938,0.039113521575927734,0.01287144422531128,-0.024146199226379395
1769719256.4498634,full,goal2.png,0.7900582551956177,-1.244726538658142,-1.3576245307922363,-0.7237353324890137,1.897821068763733,0.4828234314918518,1.671675682067871,-1.2418705224990845,-1.3057618141174316,-0.7232438325881958,1.935913324356079,0.49273553490638733,1.6456937789916992,0.002856016159057617,0.05186271667480469,0.0004914999008178711,0.03809225559234619,0.009912103414535522,-0.025981903076171875
1769719256.5545387,full,goal2.png,0.7896760702133179,-1.2421517372131348,-1.3513844013214111,-0.7273703217506409,1.917965054512024,0.488275945186615,1.6593772172927856,-1.238714337348938,-1.3002384901046753,-0.7223953604698181,1.953693151473999,0.4965382218360901,1.6320103406906128,0.0034373998641967773,0.05114591121673584,0.004974961280822754,0.0357280969619751,0.008262276649475098,-0.02736687660217285
1769719256.6523788,full,goal2.png,0.8048145174980164,-1.2394556999206543,-1.3457499742507935,-0.7288546562194824,1.9335956573486328,0.492804616689682,1.6470937728881836,-1.2342016696929932,-1.2930625677108765,-0.7234610319137573,1.9720690250396729,0.4994252920150757,1.6180076599121094,0.005254030227661133,0.05268740653991699,0.005393624305725098,0.03847336769104004,0.006620675325393677,-0.02908611297607422
1769719256.7500837,full,goal2.png,0.8088858723640442,-1.2363659143447876,-1.339297890663147,-0.7290666699409485,1.9515892267227173,0.49597012996673584,1.6336593627929688,-1.2305059432983398,-1.2875882387161255,-0.7209884524345398,1.993008017539978,0.5053489208221436,1.6010459661483765,0.005859971046447754,0.051709651947021484,0.008078217506408691,0.04141879081726074,0.009378790855407715,-0.032613396644592285
1769719256.8504908,full,goal2.png,0.8269650936126709,-1.232427954673767,-1.3335120677947998,-0.7293998599052429,1.9722181558609009,0.5001959204673767,1.6187405586242676,-1.2275638580322266,-1.281171202659607,-0.7190006971359253,2.0185024738311768,0.5110495686531067,1.5796868801116943,0.004864096641540527,0.05234086513519287,0.010399162769317627,0.04628431797027588,0.01085364818572998,-0.03905367851257324
1769719256.956751,full,goal2.png,0.8310352563858032,-1.2281568050384521,-1.327786922454834,-0.7286425828933716,1.9929983615875244,0.505072832107544,1.6005957126617432,-1.2251865863800049,-1.2714101076126099,-0.7226598858833313,2.0457966327667236,0.5133828520774841,1.5585333108901978,0.0029702186584472656,0.05637681484222412,0.005982697010040283,0.05279827117919922,0.008310019969940186,-0.04206240177154541
1769719257.0528498,full,goal2.png,0.8321056365966797,-1.22488534450531,-1.32088041305542,-0.7280671000480652,2.0165352821350098,0.5104649066925049,1.5811784267425537,-1.2218372821807861,-1.2607779502868652,-0.7299467325210571,2.070284843444824,0.5174787044525146,1.5405101776123047,0.0030480623245239258,0.06010246276855469,-0.0018796324729919434,0.05374956130981445,0.007013797760009766,-0.04066824913024902
1769719257.160638,full,goal2.png,0.8256639242172241,-1.2224013805389404,-1.3125803470611572,-0.7303692102432251,2.041707754135132,0.5134940147399902,1.5613676309585571,-1.2178305387496948,-1.2541154623031616,-0.7319373488426208,2.09637451171875,0.5280407667160034,1.5199397802352905,0.0045708417892456055,0.058464884757995605,-0.001568138599395752,0.054666757583618164,0.014546751976013184,-0.0414278507232666
1769719257.26066,full,goal2.png,0.8210239410400391,-1.2193721532821655,-1.3012210130691528,-0.7352462410926819,2.0663046836853027,0.5189011096954346,1.5432682037353516,-1.2137268781661987,-1.2515052556991577,-0.7270506620407104,2.1269125938415527,0.5439895987510681,1.4937735795974731,0.005645275115966797,0.04971575736999512,0.008195579051971436,0.06060791015625,0.025088489055633545,-0.04949462413787842
1769719257.359819,full,goal2.png,0.8225136399269104,-1.2161612510681152,-1.29219388961792,-0.7368517518043518,2.091840982437134,0.5285642147064209,1.5228211879730225,-1.2097941637039185,-1.2499439716339111,-0.7192876935005188,2.161638021469116,0.5596901178359985,1.464012861251831,0.006367087364196777,0.04224991798400879,0.017564058303833008,0.06979703903198242,0.031125903129577637,-0.058808326721191406
1769719257.4523807,full,goal2.png,0.8296504020690918,-1.2120414972305298,-1.2880438566207886,-0.7343980669975281,2.12143611907959,0.542816698551178,1.4973607063293457,-1.20591402053833,-1.2447960376739502,-0.7171390652656555,2.194694995880127,0.5714064836502075,1.4390984773635864,0.006127476692199707,0.04324781894683838,0.01725900173187256,0.07325887680053711,0.02858978509902954,-0.05826222896575928
1769719257.552527,full,goal2.png,0.8258812427520752,-1.207558274269104,-1.2874683141708374,-0.7296119332313538,2.1593315601348877,0.5591440200805664,1.4663417339324951,-1.2015000581741333,-1.2389672994613647,-0.7152285575866699,2.225109100341797,0.5824174880981445,1.4177218675613403,0.006058216094970703,0.048501014709472656,0.014383375644683838,0.06577754020690918,0.023273468017578125,-0.048619866371154785
1769719257.6538703,full,goal2.png,0.8317127227783203,-1.2037718296051025,-1.2845906019210815,-0.7272794246673584,2.1896538734436035,0.5709275603294373,1.442713975906372,-1.1962692737579346,-1.233929991722107,-0.7111479640007019,2.2492284774780273,0.5920920968055725,1.4006468057632446,0.007502555847167969,0.05066061019897461,0.016131460666656494,0.05957460403442383,0.021164536476135254,-0.04206717014312744
1769719257.7526872,full,goal2.png,0.8307973742485046,-1.1993794441223145,-1.2774113416671753,-0.7246743440628052,2.2193095684051514,0.5811360478401184,1.4216914176940918,-1.1913129091262817,-1.2319828271865845,-0.7021803855895996,2.2718136310577393,0.6015333533287048,1.3835265636444092,0.008066534996032715,0.04542851448059082,0.022493958473205566,0.05250406265258789,0.020397305488586426,-0.03816485404968262
1769719257.851186,full,goal2.png,0.8380910158157349,-1.1941087245941162,-1.270928978919983,-0.7196155786514282,2.2472083568573,0.5918289422988892,1.4020016193389893,-1.1869240999221802,-1.2295032739639282,-0.6948166489601135,2.2953438758850098,0.6105540990829468,1.363999843597412,0.007184624671936035,0.04142570495605469,0.024798929691314697,0.04813551902770996,0.018725156784057617,-0.03800177574157715
1769719257.9598446,full,goal2.png,0.8319295644760132,-1.1890802383422852,-1.2683844566345215,-0.7121031880378723,2.269806146621704,0.6012194752693176,1.3837356567382812,-1.1814789772033691,-1.2261226177215576,-0.6894676685333252,2.3184525966644287,0.6222711801528931,1.343475103378296,0.007601261138916016,0.04226183891296387,0.02263551950454712,0.04864645004272461,0.02105170488357544,-0.04026055335998535
1769719258.052446,full,goal2.png,0.829494297504425,-1.1853240728378296,-1.2669304609298706,-0.7058630585670471,2.290950059890747,0.610185980796814,1.366772174835205,-1.1755046844482422,-1.2214504480361938,-0.686906099319458,2.3379738330841064,0.6336658000946045,1.325269103050232,0.009819388389587402,0.04548001289367676,0.01895695924758911,0.047023773193359375,0.023479819297790527,-0.041503071784973145
1769719258.1537352,full,goal2.png,0.8198360204696655,-1.1809014081954956,-1.264416217803955,-0.7004711031913757,2.3157591819763184,0.6226813793182373,1.345552682876587,-1.1699292659759521,-1.2167328596115112,-0.68393474817276,2.3571290969848633,0.6453913450241089,1.3068631887435913,0.010972142219543457,0.04768335819244385,0.016536355018615723,0.04136991500854492,0.022709965705871582,-0.038689494132995605
1769719258.2645903,full,goal2.png,0.8184628486633301,-1.1760547161102295,-1.260205626487732,-0.6972601413726807,2.3355398178100586,0.6333744525909424,1.327589511871338,-1.1651910543441772,-1.2120475769042969,-0.6812285780906677,2.3753299713134766,0.6557326912879944,1.2890360355377197,0.010863661766052246,0.04815804958343506,0.01603156328201294,0.03979015350341797,0.022358238697052002,-0.038553476333618164
1769719258.3571448,full,goal2.png,0.8085712194442749,-1.170541524887085,-1.2548136711120605,-0.6948367953300476,2.3513519763946533,0.642780065536499,1.3117315769195557,-1.1611672639846802,-1.2085607051849365,-0.6765449643135071,2.3930864334106445,0.6643616557121277,1.2721389532089233,0.009374260902404785,0.04625296592712402,0.018291831016540527,0.04173445701599121,0.021581590175628662,-0.039592623710632324
1769719258.4553797,full,goal2.png,0.8144770264625549,-1.1646648645401,-1.2497245073318481,-0.6919893026351929,2.3718597888946533,0.6545637249946594,1.2917691469192505,-1.1573162078857422,-1.2052597999572754,-0.6721906661987305,2.4105119705200195,0.6719689965248108,1.2568907737731934,0.00734865665435791,0.044464707374572754,0.019798636436462402,0.03865218162536621,0.017405271530151367,-0.03487837314605713
1769719258.5548034,full,goal2.png,0.817449688911438,-1.1602120399475098,-1.2468165159225464,-0.6883543133735657,2.390852928161621,0.6632270216941833,1.2752299308776855,-1.153886079788208,-1.2023887634277344,-0.6669676303863525,2.4275949001312256,0.6794034242630005,1.242046594619751,0.006325960159301758,0.04442775249481201,0.021386682987213135,0.03674197196960449,0.01617640256881714,-0.03318333625793457
1769719258.654387,full,goal2.png,0.8315649628639221,-1.1566375494003296,-1.2440903186798096,-0.6836590766906738,2.4073922634124756,0.6712392568588257,1.2594629526138306,-1.1507413387298584,-1.1991273164749146,-0.6630616784095764,2.444042205810547,0.6865281462669373,1.227773904800415,0.005896210670471191,0.04496300220489502,0.020597398281097412,0.03664994239807129,0.015288889408111572,-0.03168904781341553
1769719258.7546463,full,goal2.png,0.8228947520256042,-1.153365969657898,-1.2407581806182861,-0.6778430342674255,2.426142930984497,0.6791910529136658,1.2439684867858887,-1.14725923538208,-1.195345401763916,-0.6596469283103943,2.4591763019561768,0.6930967569351196,1.2156649827957153,0.006106734275817871,0.04541277885437012,0.01819610595703125,0.03303337097167969,0.013905704021453857,-0.02830350399017334
1769719258.8553286,full,goal2.png,0.8214356899261475,-1.1507608890533447,-1.2377593517303467,-0.6732991933822632,2.4421370029449463,0.6865065097808838,1.2301099300384521,-1.143994927406311,-1.1914616823196411,-0.6570316553115845,2.472018003463745,0.7000619173049927,1.2054399251937866,0.006765961647033691,0.046297669410705566,0.01626753807067871,0.029881000518798828,0.013555407524108887,-0.024670004844665527
1769719258.956624,full,goal2.png,0.8250492811203003,-1.147701382637024,-1.234154462814331,-0.6701488494873047,2.455859422683716,0.6931252479553223,1.2181295156478882,-1.1411592960357666,-1.189185380935669,-0.6512889266014099,2.4829201698303223,0.7086725831031799,1.1944971084594727,0.006542086601257324,0.04496908187866211,0.018859922885894775,0.027060747146606445,0.015547335147857666,-0.023632407188415527
1769719259.0545628,full,goal2.png,0.8263041377067566,-1.144187569618225,-1.2302165031433105,-0.6670287251472473,2.4698240756988525,0.7001530528068542,1.2072243690490723,-1.1386213302612305,-1.187870740890503,-0.6443720459938049,2.492245674133301,0.7174507975578308,1.182968258857727,0.005566239356994629,0.04234576225280762,0.022656679153442383,0.022421598434448242,0.017297744750976562,-0.024256110191345215
1769719259.1535418,full,goal2.png,0.8331888914108276,-1.1409159898757935,-1.2277629375457764,-0.6619396805763245,2.4808197021484375,0.708665132522583,1.1965010166168213,-1.1369937658309937,-1.187239170074463,-0.637598991394043,2.500579357147217,0.7259294986724854,1.171687364578247,0.003922224044799805,0.04052376747131348,0.024340689182281494,0.019759654998779297,0.017264366149902344,-0.02481365203857422
1769719259.2550359,full,goal2.png,0.8324694633483887,-1.1380988359451294,-1.227247953414917,-0.6557904481887817,2.490180253982544,0.717479944229126,1.1850507259368896,-1.1355862617492676,-1.1856176853179932,-0.6351973414421082,2.50702166557312,0.7327746748924255,1.162153720855713,0.0025125741958618164,0.04163026809692383,0.020593106746673584,0.016841411590576172,0.01529473066329956,-0.022897005081176758
1769719259.3558576,full,goal2.png,0.8398159742355347,-1.1362208127975464,-1.2268540859222412,-0.6496411561965942,2.4994797706604004,0.7263101935386658,1.1734943389892578,-1.1329444646835327,-1.1831843852996826,-0.6319741010665894,2.5117573738098145,0.7415804862976074,1.1542460918426514,0.003276348114013672,0.043669700622558594,0.017667055130004883,0.012277603149414062,0.01527029275894165,-0.019248247146606445
1769719259.4556363,full,goal2.png,0.8364472389221191,-1.135069727897644,-1.2254606485366821,-0.6460667252540588,2.5051443576812744,0.7330198287963867,1.165421485900879,-1.1296182870864868,-1.1810728311538696,-0.6253044605255127,2.516148328781128,0.7534526586532593,1.1464922428131104,0.0054514408111572266,0.0443878173828125,0.020762264728546143,0.011003971099853516,0.02043282985687256,-0.018929243087768555
1769719259.5560591,full,goal2.png,0.8338062167167664,-1.1330703496932983,-1.2234008312225342,-0.6424317359924316,2.5098395347595215,0.742289125919342,1.156273365020752,-1.1268932819366455,-1.1798489093780518,-0.6186443567276001,2.5212697982788086,0.7632099986076355,1.1389018297195435,0.006177067756652832,0.04355192184448242,0.023787379264831543,0.01143026351928711,0.020920872688293457,-0.017371535301208496
1769719259.6642041,full,goal2.png,0.8264029622077942,-1.1299502849578857,-1.2218862771987915,-0.6370700597763062,2.5146255493164062,0.7518310546875,1.1478825807571411,-1.125018835067749,-1.179404854774475,-0.6138010025024414,2.525925636291504,0.7708660960197449,1.131955623626709,0.004931449890136719,0.042481422424316406,0.023269057273864746,0.011300086975097656,0.019035041332244873,-0.01592695713043213
1769719259.767083,full,goal2.png,0.828574538230896,-1.1274360418319702,-1.221401572227478,-0.6316477060317993,2.519835948944092,0.7602825164794922,1.1407335996627808,-1.1231595277786255,-1.17851984500885,-0.6114010810852051,2.528841495513916,0.7768716812133789,1.1267396211624146,0.0042765140533447266,0.04288172721862793,0.02024662494659424,0.009005546569824219,0.01658916473388672,-0.013993978500366211
1769719259.866865,full,goal2.png,0.8373611569404602,-1.1248916387557983,-1.2211593389511108,-0.6266496181488037,2.5244100093841553,0.7677041292190552,1.1340693235397339,-1.1206810474395752,-1.177158236503601,-0.607280969619751,2.5316970348358154,0.7848025560379028,1.1218018531799316,0.0042105913162231445,0.044001102447509766,0.019368648529052734,0.007287025451660156,0.017098426818847656,-0.012267470359802246
1769719259.9664164,full,goal2.png,0.8336997628211975,-1.1230134963989258,-1.2200384140014648,-0.6228024959564209,2.527984619140625,0.7747166752815247,1.128207802772522,-1.1178048849105835,-1.1756994724273682,-0.6009823083877563,2.535546064376831,0.7934480905532837,1.116104245185852,0.005208611488342285,0.04433894157409668,0.02182018756866455,0.007561445236206055,0.018731415271759033,-0.012103557586669922
1769719260.0667179,full,goal2.png,0.8393707871437073,-1.1210445165634155,-1.2178272008895874,-0.6183192729949951,2.5310137271881104,0.7825471758842468,1.1228007078170776,-1.11491060256958,-1.1742565631866455,-0.5960655212402344,2.539231300354004,0.8001748323440552,1.1119945049285889,0.006133913993835449,0.043570637702941895,0.022253751754760742,0.008217573165893555,0.01762765645980835,-0.01080620288848877
1769719260.1664293,full,goal2.png,0.8305041790008545,-1.1182879209518433,-1.2154340744018555,-0.6131999492645264,2.5341639518737793,0.7903019189834595,1.1177723407745361,-1.1127351522445679,-1.1724040508270264,-0.5939329862594604,2.5413694381713867,0.8046171069145203,1.11042320728302,0.005552768707275391,0.0430300235748291,0.019266963005065918,0.007205486297607422,0.014315187931060791,-0.007349133491516113
1769719260.2564116,full,goal2.png,0.8348343372344971,-1.1154707670211792,-1.2139800786972046,-0.6088681817054749,2.5371932983398438,0.7961937189102173,1.1140007972717285,-1.1108509302139282,-1.1716675758361816,-0.5890452861785889,2.5429458618164062,0.8101006150245667,1.1085307598114014,0.0046198368072509766,0.04231250286102295,0.019822895526885986,0.0057525634765625,0.013906896114349365,-0.0054700374603271484
1769719260.3627162,full,goal2.png,0.8384435176849365,-1.1137744188308716,-1.2130107879638672,-0.6067175269126892,2.5391623973846436,0.8007224202156067,1.1116836071014404,-1.109483242034912,-1.1708093881607056,-0.5849537253379822,2.5443835258483887,0.814285159111023,1.1064705848693848,0.004291176795959473,0.04220139980316162,0.02176380157470703,0.005221128463745117,0.01356273889541626,-0.005213022232055664
1769719260.4617314,full,goal2.png,0.8345584869384766,-1.1117146015167236,-1.2112537622451782,-0.6024463176727295,2.5409796237945557,0.8067201375961304,1.1095631122589111,-1.1086432933807373,-1.1709843873977661,-0.579203724861145,2.546598196029663,0.818210244178772,1.1027061939239502,0.003071308135986328,0.04026937484741211,0.023242592811584473,0.005618572235107422,0.011490106582641602,-0.0068569183349609375
1769719260.5644484,full,goal2.png,0.8292188048362732,-1.1102908849716187,-1.2084972858428955,-0.5978721976280212,2.5428881645202637,0.8106277585029602,1.1084423065185547,-1.108677864074707,-1.1700834035873413,-0.5753910541534424,2.550931930541992,0.8212438821792603,1.0980788469314575,0.001613020896911621,0.0384138822555542,0.022481143474578857,0.008043766021728516,0.010616123676300049,-0.010363459587097168
1769719260.6579456,full,goal2.png,0.8320051431655884,-1.1091700792312622,-1.2056195735931396,-0.5904810428619385,2.545947790145874,0.8165045380592346,1.1036258935928345,-1.107883334159851,-1.1694269180297852,-0.5706169605255127,2.5565338134765625,0.8241950273513794,1.0929546356201172,0.0012867450714111328,0.03619265556335449,0.01986408233642578,0.010586023330688477,0.007690489292144775,-0.010671257972717285
1769719260.7663822,full,goal2.png,0.8321622610092163,-1.1085035800933838,-1.2041047811508179,-0.5862401127815247,2.5504913330078125,0.8207604289054871,1.099066972732544,-1.1066514253616333,-1.1691664457321167,-0.5673998594284058,2.560049057006836,0.8264988660812378,1.0896337032318115,0.0018521547317504883,0.03493833541870117,0.018840253353118896,0.009557723999023438,0.005738437175750732,-0.009433269500732422
1769719260.8538678,full,goal2.png,0.8335293531417847,-1.1081703901290894,-1.2035293579101562,-0.5835744142532349,2.553490400314331,0.8228960037231445,1.0965375900268555,-1.1054341793060303,-1.1685869693756104,-0.5650978088378906,2.561901092529297,0.8284150958061218,1.0875847339630127,0.002736210823059082,0.0349423885345459,0.01847660541534424,0.00841069221496582,0.005519092082977295,-0.008952856063842773
1769719260.9574883,full,goal2.png,0.8321865797042847,-1.1069587469100952,-1.2018027305603027,-0.5781219005584717,2.5586702823638916,0.8260312080383301,1.0921907424926758,-1.1042150259017944,-1.168007254600525,-0.560971200466156,2.56551456451416,0.831346869468689,1.083704948425293,0.0027437210083007812,0.03379547595977783,0.017150700092315674,0.006844282150268555,0.005315661430358887,-0.008485794067382812
1769719261.0559523,full,goal2.png,0.8280218839645386,-1.1063529253005981,-1.2010453939437866,-0.5761831998825073,2.5599119663238525,0.8273034691810608,1.0906155109405518,-1.1032196283340454,-1.1674261093139648,-0.5568322539329529,2.5696752071380615,0.8333182334899902,1.0794062614440918,0.0031332969665527344,0.03361928462982178,0.019350945949554443,0.009763240814208984,0.006014764308929443,-0.011209249496459961
1769719261.160304,full,goal2.png,0.8336250185966492,-1.1052321195602417,-1.2006515264511108,-0.5722755789756775,2.562941551208496,0.8305144906044006,1.08661687374115,-1.1024038791656494,-1.1672027111053467,-0.5521457195281982,2.574357748031616,0.8349380493164062,1.0744216442108154,0.002828240394592285,0.03344881534576416,0.020129859447479248,0.011416196823120117,0.004423558712005615,-0.012195229530334473
1769719261.2601712,full,goal2.png,0.8326603770256042,-1.103990077972412,-1.2005304098129272,-0.5680043697357178,2.566667318344116,0.8328620791435242,1.0825427770614624,-1.1022380590438843,-1.1677515506744385,-0.5475130081176758,2.577892780303955,0.8362863659858704,1.0701308250427246,0.001752018928527832,0.03277885913848877,0.020491361618041992,0.011225461959838867,0.0034242868423461914,-0.012411952018737793
1769719261.353024,full,goal2.png,0.829620361328125,-1.1030813455581665,-1.2002274990081787,-0.5633696913719177,2.571211338043213,0.8342857956886292,1.0778777599334717,-1.1023681163787842,-1.1689958572387695,-0.5420503616333008,2.580528974533081,0.8380339741706848,1.0670900344848633,0.0007132291793823242,0.03123164176940918,0.021319329738616943,0.009317636489868164,0.003748178482055664,-0.010787725448608398
1769719261.4508874,full,goal2.png,0.8267899751663208,-1.1025663614273071,-1.1999245882034302,-0.5589168071746826,2.575542688369751,0.8352248668670654,1.073970079421997,-1.1026151180267334,-1.1706023216247559,-0.535616397857666,2.5834600925445557,0.8411035537719727,1.064946174621582,-4.875659942626953e-05,0.029322266578674316,0.0233004093170166,0.007917404174804688,0.0058786869049072266,-0.009023904800415039
1769719261.5545335,full,goal2.png,0.8258414268493652,-1.1025058031082153,-1.2004698514938354,-0.5539791584014893,2.5791778564453125,0.8374664187431335,1.0699412822723389,-1.102205514907837,-1.1718987226486206,-0.5279666185379028,2.586197853088379,0.8466366529464722,1.0638601779937744,0.00030028820037841797,0.028571128845214844,0.026012539863586426,0.007019996643066406,0.009170234203338623,-0.006081104278564453
1769719261.652907,full,goal2.png,0.8264833092689514,-1.1025663614273071,-1.202166199684143,-0.5488295555114746,2.582146406173706,0.8403896689414978,1.066896915435791,-1.10114586353302,-1.1725374460220337,-0.520542323589325,2.588747501373291,0.8531680703163147,1.0636601448059082,0.0014204978942871094,0.029628753662109375,0.028287231922149658,0.006601095199584961,0.012778401374816895,-0.0032367706298828125
1769719261.7538228,full,goal2.png,0.8330520391464233,-1.1023544073104858,-1.2042866945266724,-0.5416200757026672,2.5844788551330566,0.8441306352615356,1.064367651939392,-1.1000381708145142,-1.173393964767456,-0.5134091377258301,2.590599298477173,0.8587049841880798,1.0633735656738281,0.0023162364959716797,0.03089272975921631,0.028210937976837158,0.006120443344116211,0.01457434892654419,-0.0009940862655639648
1769719261.8527565,full,goal2.png,0.8286927342414856,-1.1020210981369019,-1.2057406902313232,-0.5334109663963318,2.587174892425537,0.8498406410217285,1.0643221139907837,-1.0995324850082397,-1.173511028289795,-0.5095943212509155,2.590562343597412,0.8625218868255615,1.064189076423645,0.0024886131286621094,0.03222966194152832,0.02381664514541626,0.003387451171875,0.012681245803833008,-0.00013303756713867188
1769719261.9550834,full,goal2.png,0.8280900716781616,-1.1015970706939697,-1.2068312168121338,-0.5271102786064148,2.58905291557312,0.8549752235412598,1.0643069744110107,-1.0997966527938843,-1.1737552881240845,-0.5083262920379639,2.59024977684021,0.8642321228981018,1.0655708312988281,0.0018004179000854492,0.033075928688049316,0.018783986568450928,0.0011968612670898438,0.009256899356842041,0.0012638568878173828
1769719262.053259,full,goal2.png,0.8327110409736633,-1.1009609699249268,-1.2088607549667358,-0.5227178931236267,2.589749813079834,0.8596250414848328,1.064685583114624,-1.100304365158081,-1.1738128662109375,-0.5083825588226318,2.5903263092041016,0.8643416166305542,1.0663630962371826,0.0006566047668457031,0.03504788875579834,0.014335334300994873,0.0005764961242675781,0.0047165751457214355,0.0016775131225585938
1769719262.1528459,full,goal2.png,0.8384568691253662,-1.1003551483154297,-1.2111629247665405,-0.5201430916786194,2.5899012088775635,0.8623663783073425,1.0652763843536377,-1.1007450819015503,-1.1739821434020996,-0.5081850290298462,2.5919504165649414,0.8627873659133911,1.0655468702316284,-0.00038993358612060547,0.03718078136444092,0.011958062648773193,0.0020492076873779297,0.000420987606048584,0.00027048587799072266
1769719262.2526348,full,goal2.png,0.8347598314285278,-1.1003551483154297,-1.2111629247665405,-0.518992006778717,2.5899314880371094,0.8633357286453247,1.0661851167678833,-1.1013338565826416,-1.1738742589950562,-0.5082118511199951,2.5934829711914062,0.8610129952430725,1.0641045570373535,-0.000978708267211914,0.037288665771484375,0.010780155658721924,0.003551483154296875,-0.0023227334022521973,-0.002080559730529785
1769719262.3533666,full,goal2.png,0.8367029428482056,-1.1008700132369995,-1.2107387781143188,-0.5182649493217468,2.590688705444336,0.8631690740585327,1.0661396980285645,-1.1020194292068481,-1.173774003982544,-0.5090895891189575,2.5945518016815186,0.859235942363739,1.0633175373077393,-0.0011494159698486328,0.0369647741317749,0.009175360202789307,0.003863096237182617,-0.003933131694793701,-0.0028221607208251953
1769719262.4554439,full,goal2.png,0.8357875943183899,-1.1014152765274048,-1.211041808128357,-0.5181135535240173,2.5918397903442383,0.862214982509613,1.0653672218322754,-1.1023050546646118,-1.1733182668685913,-0.511021614074707,2.596290111541748,0.8564168214797974,1.0631719827651978,-0.0008897781372070312,0.037723541259765625,0.007091939449310303,0.004450321197509766,-0.005798161029815674,-0.0021952390670776367
1769719262.5544636,full,goal2.png,0.8352850675582886,-1.1017788648605347,-1.2112537622451782,-0.5181438326835632,2.592960834503174,0.8608972430229187,1.0645039081573486,-1.1025108098983765,-1.172745704650879,-0.5134896039962769,2.597879648208618,0.854022204875946,1.063336730003357,-0.0007319450378417969,0.038508057594299316,0.004654228687286377,0.004918813705444336,-0.006875038146972656,-0.0011671781539916992
1769719262.6519158,full,goal2.png,0.8314989805221558,-1.1020210981369019,-1.2107387781143188,-0.5189011096954346,2.594536066055298,0.8584132790565491,1.0642918348312378,-1.1031959056854248,-1.1723897457122803,-0.515106737613678,2.5998880863189697,0.8522605895996094,1.062637209892273,-0.0011748075485229492,0.038349032402038574,0.003794372081756592,0.005352020263671875,-0.006152689456939697,-0.0016546249389648438
1769719262.7516472,full,goal2.png,0.8296573162078857,-1.1020514965057373,-1.2094361782073975,-0.520415723323822,2.5959293842315674,0.8561415076255798,1.064049482345581,-1.103338599205017,-1.1729272603988647,-0.5143581032752991,2.601531505584717,0.8516604900360107,1.0618877410888672,-0.0012871026992797852,0.036508917808532715,0.006057620048522949,0.005602121353149414,-0.004481017589569092,-0.002161741256713867
1769719262.8509474,full,goal2.png,0.8309599161148071,-1.1022634506225586,-1.208618402481079,-0.5222331881523132,2.598261833190918,0.8540815114974976,1.0638375282287598,-1.1034808158874512,-1.173622488975525,-0.5131918787956238,2.6028058528900146,0.8507332801818848,1.0610549449920654,-0.0012173652648925781,0.0349959135055542,0.009041309356689453,0.00454401969909668,-0.003348231315612793,-0.002782583236694336
1769719262.9533446,full,goal2.png,0.8327791094779968,-1.1023846864700317,-1.2085578441619873,-0.5223544239997864,2.5999279022216797,0.852990984916687,1.0630801916122437,-1.1034348011016846,-1.1745927333831787,-0.5103596448898315,2.603813886642456,0.8510552644729614,1.0596137046813965,-0.001050114631652832,0.033965110778808594,0.011994779109954834,0.003885984420776367,-0.001935720443725586,-0.003466486930847168
1769719263.0544055,full,goal2.png,0.8339887857437134,-1.1025967597961426,-1.20883047580719,-0.5221726298332214,2.6015937328338623,0.852082371711731,1.0623228549957275,-1.1037520170211792,-1.1756412982940674,-0.5071150064468384,2.60465669631958,0.8520917892456055,1.0576937198638916,-0.001155257225036621,0.03318917751312256,0.015057623386383057,0.0030629634857177734,9.417533874511719e-06,-0.0046291351318359375
1769719263.154049,full,goal2.png,0.8280712962150574,-1.1028389930725098,-1.2091636657714844,-0.5204460024833679,2.6027753353118896,0.8515370488166809,1.0613535642623901,-1.1038044691085815,-1.175950527191162,-0.5051527619361877,2.605264663696289,0.8526731133460999,1.0561130046844482,-0.0009654760360717773,0.033213138580322266,0.015293240547180176,0.002489328384399414,0.0011360645294189453,-0.0052405595779418945
1769719263.2544284,full,goal2.png,0.8295935392379761,-1.1028389930725098,-1.2097089290618896,-0.518204391002655,2.603623390197754,0.8519005179405212,1.0597177743911743,-1.103962779045105,-1.1765024662017822,-0.5035294890403748,2.6058077812194824,0.8526142239570618,1.0547726154327393,-0.0011237859725952148,0.03320646286010742,0.014674901962280273,0.0021843910217285156,0.0007137060165405273,-0.004945158958435059
1769719263.3545234,full,goal2.png,0.8285799026489258,-1.1024755239486694,-1.210254192352295,-0.5160536766052246,2.6043806076049805,0.8523398637771606,1.0583090782165527,-1.1033167839050293,-1.1774383783340454,-0.49964043498039246,2.6068434715270996,0.8541723489761353,1.05367112159729,-0.0008412599563598633,0.03281581401824951,0.016413241624832153,0.0024628639221191406,0.0018324851989746094,-0.004637956619262695
1769719263.4524987,full,goal2.png,0.8289690017700195,-1.1025663614273071,-1.2103147506713867,-0.5139938592910767,2.6051077842712402,0.8526880741119385,1.0566279888153076,-1.1020618677139282,-1.1783654689788818,-0.4948325753211975,2.606032371520996,0.8581931591033936,1.0536975860595703,0.0005044937133789062,0.03194928169250488,0.01916128396987915,0.0009245872497558594,0.005505084991455078,-0.0029304027557373047
1769719263.5534704,full,goal2.png,0.8261561989784241,-1.1022028923034668,-1.2103147506713867,-0.5104799270629883,2.606198310852051,0.8538240790367126,1.0553103685379028,-1.1006616353988647,-1.1789032220840454,-0.4906003773212433,2.6039879322052,0.8633561134338379,1.055121898651123,0.0015412569046020508,0.03141152858734131,0.019879549741744995,-0.002210378646850586,0.009532034397125244,-0.00018846988677978516
1769719263.652651,full,goal2.png,0.8296170234680176,-1.101506233215332,-1.2109812498092651,-0.506239116191864,2.6062588691711426,0.8560960292816162,1.0539472103118896,-1.0996365547180176,-1.1794254779815674,-0.48690879344940186,2.601745367050171,0.8675832748413086,1.0570154190063477,0.0018696784973144531,0.031555771827697754,0.019330322742462158,-0.00451350212097168,0.011487245559692383,0.003068208694458008
1769719263.7538316,full,goal2.png,0.8225206136703491,-1.10071861743927,-1.211617350578308,-0.5027554631233215,2.605562210083008,0.8606851696968079,1.0548710823059082,-1.0985757112503052,-1.1800763607025146,-0.4822445511817932,2.6002581119537354,0.8715364933013916,1.0584720373153687,0.0021429061889648438,0.03154098987579346,0.02051091194152832,-0.005304098129272461,0.01085132360458374,0.0036009550094604492
1769719263.8529432,full,goal2.png,0.8265588879585266,-1.099900722503662,-1.212435245513916,-0.4993930757045746,2.603623390197754,0.8655017018318176,1.0564764738082886,-1.0981613397598267,-1.1803498268127441,-0.48006296157836914,2.5998482704162598,0.8736642003059387,1.059929609298706,0.0017393827438354492,0.032085418701171875,0.019330114126205444,-0.0037751197814941406,0.008162498474121094,0.0034531354904174805
1769719263.9534543,full,goal2.png,0.8253796696662903,-1.098507285118103,-1.212768316268921,-0.4952430725097656,2.60204815864563,0.869076132774353,1.0580517053604126,-1.097758412361145,-1.1804468631744385,-0.47895151376724243,2.599905490875244,0.8755472302436829,1.061704158782959,0.0007488727569580078,0.03232145309448242,0.016291558742523193,-0.002142667770385742,0.006471097469329834,0.0036524534225463867
1769719264.0529087,full,goal2.png,0.8263405561447144,-1.0970532894134521,-1.2129502296447754,-0.4917898178100586,2.6012303829193115,0.8718477487564087,1.0595815181732178,-1.097449541091919,-1.180525302886963,-0.47892308235168457,2.60036301612854,0.8767961263656616,1.0635275840759277,-0.0003962516784667969,0.0324249267578125,0.012866735458374023,-0.0008673667907714844,0.00494837760925293,0.003946065902709961
1769719264.1531239,full,goal2.png,0.8231956958770752,-1.0959930419921875,-1.2129199504852295,-0.4896087944507599,2.6009881496429443,0.8738622665405273,1.0613534450531006,-1.0970537662506104,-1.180362582206726,-0.47973373532295227,2.6014556884765625,0.8775654435157776,1.0658270120620728,-0.0010607242584228516,0.03255736827850342,0.009875059127807617,0.00046753883361816406,0.003703176975250244,0.004473567008972168
1769719264.2530997,full,goal2.png,0.8214117288589478,-1.095508337020874,-1.2126169204711914,-0.4886394441127777,2.601018190383911,0.8753616809844971,1.0629438161849976,-1.0961532592773438,-1.1802682876586914,-0.4795101583003998,2.602140426635742,0.8794070482254028,1.0679657459259033,-0.0006449222564697266,0.0323486328125,0.00912928581237793,0.0011222362518310547,0.004045367240905762,0.005021929740905762
1769719264.353821,full,goal2.png,0.8242192268371582,-1.095690131187439,-1.2128593921661377,-0.4886697232723236,2.601442575454712,0.8768308758735657,1.064837098121643,-1.09575617313385,-1.1806093454360962,-0.4794219434261322,2.602224349975586,0.8813249468803406,1.0699565410614014,-6.604194641113281e-05,0.032250046730041504,0.009247779846191406,0.0007817745208740234,0.004494071006774902,0.005119442939758301
1769719264.4540324,full,goal2.png,0.8280771374702454,-1.0954477787017822,-1.2132530212402344,-0.4887000024318695,2.601987600326538,0.878678560256958,1.0669878721237183,-1.09508216381073,-1.1823396682739258,-0.47676146030426025,2.600886821746826,0.8846065998077393,1.0702012777328491,0.0003656148910522461,0.030913352966308594,0.011938542127609253,-0.001100778579711914,0.00592803955078125,0.0032134056091308594
1769719264.5532472,full,goal2.png,0.8218429684638977,-1.094902515411377,-1.2131924629211426,-0.4886394441127777,2.6021692752838135,0.8803749084472656,1.0688053369522095,-1.0941593647003174,-1.184301733970642,-0.4730936288833618,2.598611354827881,0.8885655403137207,1.0698119401931763,0.0007431507110595703,0.02889072895050049,0.015545815229415894,-0.003557920455932617,0.008190631866455078,0.0010066032409667969
1769719264.6535733,full,goal2.png,0.8282179236412048,-1.0943572521209717,-1.2137680053710938,-0.48718544840812683,2.6019270420074463,0.8823893070220947,1.0701230764389038,-1.0929243564605713,-1.185975432395935,-0.46832019090652466,2.5955631732940674,0.8936117887496948,1.0695743560791016,0.0014328956604003906,0.02779257297515869,0.018865257501602173,-0.006363868713378906,0.011222481727600098,-0.0005487203598022461
1769719264.753582,full,goal2.png,0.8373093605041504,-1.0933879613876343,-1.2155553102493286,-0.48412591218948364,2.6005942821502686,0.8855095505714417,1.0702139139175415,-1.0919764041900635,-1.1868090629577637,-0.4650994539260864,2.593606472015381,0.8977314233779907,1.0698268413543701,0.0014115571975708008,0.02874624729156494,0.019026458263397217,-0.006987810134887695,0.012221872806549072,-0.0003870725631713867
1769719264.8536463,full,goal2.png,0.8293318152427673,-1.0922974348068237,-1.2180088758468628,-0.4797942340373993,2.5977768898010254,0.8904621601104736,1.0698353052139282,-1.0909607410430908,-1.1874363422393799,-0.4620100259780884,2.5914554595947266,0.9013453722000122,1.070783257484436,0.0013366937637329102,0.03057253360748291,0.017784208059310913,-0.006321430206298828,0.010883212089538574,0.0009479522705078125
1769719264.954181,full,goal2.png,0.830163836479187,-1.0916916131973267,-1.218705654144287,-0.47652265429496765,2.595383882522583,0.8946424722671509,1.0695626735687256,-1.0906155109405518,-1.1874511241912842,-0.4616105556488037,2.58951997756958,0.9024290442466736,1.0722720623016357,0.0010761022567749023,0.03125452995300293,0.01491209864616394,-0.00586390495300293,0.007786571979522705,0.0027093887329101562
