timestamp,model_type,goal_image,similarity_score,curr_j0,curr_j1,curr_j2,curr_j3,curr_j4,curr_j5,cmd_j0,cmd_j1,cmd_j2,cmd_j3,cmd_j4,cmd_j5,step_diff_j0,step_diff_j1,step_diff_j2,step_diff_j3,step_diff_j4,step_diff_j5
1769719533.1769402,full,goal16.png,0.7112794518470764,0.4967576563358307,-1.3160035610198975,-1.7296401262283325,2.2853763103485107,1.50822114944458,2.8387792110443115,0.4628585875034332,-1.1557443141937256,-1.6502608060836792,2.1005780696868896,1.3762333393096924,2.693117380142212,-0.03389906883239746,0.16025924682617188,0.07937932014465332,-0.1847982406616211,-0.1319878101348877,-0.1456618309020996
1769719533.1882725,full,goal16.png,0.7112794518470764,0.4950006604194641,-1.3159427642822266,-1.7297008037567139,2.285921573638916,1.508236289024353,2.838763952255249,0.46294596791267395,-1.1570351123809814,-1.6515685319900513,2.0989809036254883,1.3763413429260254,2.693300724029541,-0.03205469250679016,0.15890765190124512,0.0781322717666626,-0.18694067001342773,-0.13189494609832764,-0.145463228225708
1769719533.3167853,full,goal16.png,0.691789984703064,0.486579567193985,-1.310126781463623,-1.723006248474121,2.274016857147217,1.500390648841858,2.8285858631134033,0.46323513984680176,-1.157611608505249,-1.651999592781067,2.0987138748168945,1.3762435913085938,2.69413161277771,-0.023344427347183228,0.15251517295837402,0.0710066556930542,-0.17530298233032227,-0.12414705753326416,-0.13445425033569336
1769719533.361622,full,goal16.png,0.6856219172477722,0.4762500524520874,-1.2906490564346313,-1.6981971263885498,2.238302707672119,1.480958342552185,2.8037314414978027,0.4598255157470703,-1.1565243005752563,-1.6526250839233398,2.0970258712768555,1.3767378330230713,2.697279930114746,-0.01642453670501709,0.134124755859375,0.04557204246520996,-0.14127683639526367,-0.10422050952911377,-0.10645151138305664
1769719533.4608712,full,goal16.png,0.6681736707687378,0.46725326776504517,-1.2536323070526123,-1.6635127067565918,2.1863820552825928,1.449469804763794,2.769758939743042,0.45004695653915405,-1.1486750841140747,-1.6503156423568726,2.089293956756592,1.3742687702178955,2.6982603073120117,-0.017206311225891113,0.1049572229385376,0.013197064399719238,-0.09708809852600098,-0.07520103454589844,-0.07149863243103027
1769719533.5609074,full,goal16.png,0.733239471912384,0.4577416777610779,-1.2101331949234009,-1.6580904722213745,2.127070426940918,1.411771535873413,2.7332117557525635,0.4417533874511719,-1.1379821300506592,-1.6490474939346313,2.0805177688598633,1.3698832988739014,2.6960690021514893,-0.015988290309906006,0.0721510648727417,0.009042978286743164,-0.04655265808105469,-0.04188823699951172,-0.03714275360107422
1769719533.6609218,full,goal16.png,0.6691385507583618,0.4509260058403015,-1.1778721809387207,-1.6552733182907104,2.0944764614105225,1.3757543563842773,2.6994664669036865,0.43909233808517456,-1.1271898746490479,-1.6483790874481201,2.0759544372558594,1.3659746646881104,2.6911637783050537,-0.011833667755126953,0.05068230628967285,0.006894230842590332,-0.018522024154663086,-0.009779691696166992,-0.008302688598632812
1769719533.763064,full,goal16.png,0.6754772663116455,0.44510993361473083,-1.163635015487671,-1.6523350477218628,2.085116147994995,1.371770977973938,2.697209596633911,0.44084540009498596,-1.1239582300186157,-1.6516497135162354,2.0739665031433105,1.3677247762680054,2.690284252166748,-0.004264533519744873,0.039676785469055176,0.0006853342056274414,-0.01114964485168457,-0.004046201705932617,-0.006925344467163086
1769719533.8616877,full,goal16.png,0.6760007739067078,0.4412022829055786,-1.1572129726409912,-1.6521533727645874,2.0784518718719482,1.3676663637161255,2.6931354999542236,0.43960097432136536,-1.1248533725738525,-1.6564092636108398,2.070277690887451,1.3714276552200317,2.6915500164031982,-0.0016013085842132568,0.03235960006713867,-0.004255890846252441,-0.00817418098449707,0.00376129150390625,-0.0015854835510253906
1769719533.9585385,full,goal16.png,0.670613169670105,0.4411417245864868,-1.1540324687957764,-1.6538193225860596,2.075695276260376,1.3677875995635986,2.691833019256592,0.43681812286376953,-1.1252554655075073,-1.6605017185211182,2.0667731761932373,1.3748146295547485,2.6929049491882324,-0.004323601722717285,0.028777003288269043,-0.006682395935058594,-0.008922100067138672,0.007027029991149902,0.001071929931640625
1769719534.0609646,full,goal16.png,0.6689382791519165,0.4399299621582031,-1.1526389122009277,-1.6575149297714233,2.071878433227539,1.3703018426895142,2.691711664199829,0.43150797486305237,-1.1222448348999023,-1.6633353233337402,2.063694477081299,1.3755161762237549,2.693892240524292,-0.008421987295150757,0.03039407730102539,-0.0058203935623168945,-0.008183956146240234,0.005214333534240723,0.0021805763244628906
1769719534.1612048,full,goal16.png,0.68255615234375,0.43802157044410706,-1.1529722213745117,-1.6611803770065308,2.0686371326446533,1.372997760772705,2.6925296783447266,0.42962777614593506,-1.1201750040054321,-1.6652302742004395,2.0625321865081787,1.3762333393096924,2.693880081176758,-0.008393794298171997,0.03279721736907959,-0.004049897193908691,-0.006104946136474609,0.0032355785369873047,0.00135040283203125
1769719534.2564979,full,goal16.png,0.6711807250976562,0.43484100699424744,-1.1524269580841064,-1.664270043373108,2.065971851348877,1.3744670152664185,2.693453550338745,0.4294220805168152,-1.1193227767944336,-1.666345477104187,2.0642662048339844,1.377144455909729,2.6939799785614014,-0.005418926477432251,0.03310418128967285,-0.0020754337310791016,-0.0017056465148925781,0.002677440643310547,0.00052642822265625
1769719534.3637462,full,goal16.png,0.6788985729217529,0.4317511320114136,-1.1507911682128906,-1.666602611541748,2.064426898956299,1.3752696514129639,2.693620204925537,0.4269891381263733,-1.1178758144378662,-1.6691350936889648,2.0639753341674805,1.3783316612243652,2.694288969039917,-0.004761993885040283,0.032915353775024414,-0.002532482147216797,-0.0004515647888183594,0.003062009811401367,0.0006687641143798828
1769719534.459331,full,goal16.png,0.6735532283782959,0.42953988909721375,-1.1493067741394043,-1.6684807538986206,2.0645480155944824,1.3762542009353638,2.6939079761505127,0.42298975586891174,-1.114404559135437,-1.6725959777832031,2.0630249977111816,1.37897527217865,2.6968941688537598,-0.006550133228302002,0.034902215003967285,-0.0041152238845825195,-0.0015230178833007812,0.002721071243286133,0.0029861927032470703
1769719534.5605776,full,goal16.png,0.6789373159408569,0.4271771013736725,-1.1488827466964722,-1.6709645986557007,2.0645480155944824,1.3773447275161743,2.6945137977600098,0.41849392652511597,-1.1112381219863892,-1.6742628812789917,2.0598459243774414,1.3768682479858398,2.6966097354888916,-0.008683174848556519,0.03764462471008301,-0.0032982826232910156,-0.004702091217041016,-0.00047647953033447266,0.002095937728881836
1769719534.6599445,full,goal16.png,0.6801357865333557,0.42363283038139343,-1.146610975265503,-1.6734788417816162,2.063699722290039,1.3779656887054443,2.6957404613494873,0.4134286642074585,-1.1081397533416748,-1.6756662130355835,2.056089162826538,1.3735930919647217,2.695340633392334,-0.010204166173934937,0.038471221923828125,-0.002187371253967285,-0.0076105594635009766,-0.004372596740722656,-0.0003998279571533203
1769719534.7592163,full,goal16.png,0.6979153156280518,0.41908910870552063,-1.142460823059082,-1.6753872632980347,2.060610055923462,1.376784324645996,2.6960132122039795,0.4074384272098541,-1.1023602485656738,-1.6787726879119873,2.052513599395752,1.3701131343841553,2.6939094066619873,-0.011650681495666504,0.0401005744934082,-0.0033854246139526367,-0.008096456527709961,-0.00667119026184082,-0.0021038055419921875
1769719534.8598835,full,goal16.png,0.6927733421325684,0.41454535722732544,-1.1384927034378052,-1.676992654800415,2.0576415061950684,1.3743457794189453,2.6955437660217285,0.40334945917129517,-1.0969173908233643,-1.6817798614501953,2.0495223999023438,1.3671377897262573,2.6917295455932617,-0.011195898056030273,0.04157531261444092,-0.0047872066497802734,-0.00811910629272461,-0.007207989692687988,-0.003814220428466797
1769719534.9583719,full,goal16.png,0.7021855115890503,0.40972891449928284,-1.1329188346862793,-1.6792343854904175,2.0540668964385986,1.371286392211914,2.694089651107788,0.40169644355773926,-1.0923967361450195,-1.6838946342468262,2.0460073947906494,1.3642191886901855,2.6889989376068115,-0.008032470941543579,0.040522098541259766,-0.004660248756408691,-0.008059501647949219,-0.007067203521728516,-0.0050907135009765625
1769719535.061222,full,goal16.png,0.7074815034866333,0.4051244556903839,-1.1272846460342407,-1.6817485094070435,2.050734758377075,1.3678330183029175,2.6920602321624756,0.39757558703422546,-1.0879383087158203,-1.6867828369140625,2.042034864425659,1.3610661029815674,2.6861510276794434,-0.007548868656158447,0.03934633731842041,-0.005034327507019043,-0.008699893951416016,-0.006766915321350098,-0.0059092044830322266
1769719535.1589644,full,goal16.png,0.697342038154602,0.4016712009906769,-1.1233769655227661,-1.6844747066497803,2.047311544418335,1.3649704456329346,2.6898033618927,0.391840398311615,-1.0849562883377075,-1.6898977756500244,2.036069869995117,1.3577803373336792,2.6834399700164795,-0.00983080267906189,0.038420677185058594,-0.005423069000244141,-0.011241674423217773,-0.007190108299255371,-0.006363391876220703
1769719535.2609541,full,goal16.png,0.7112560868263245,0.39782410860061646,-1.1200448274612427,-1.6875040531158447,2.043282985687256,1.3619109392166138,2.6871376037597656,0.38692283630371094,-1.0825951099395752,-1.690489649772644,2.0302960872650146,1.353092074394226,2.677445650100708,-0.010901272296905518,0.03744971752166748,-0.0029855966567993164,-0.012986898422241211,-0.008818864822387695,-0.009691953659057617
1769719535.3603928,full,goal16.png,0.704123854637146,0.39328038692474365,-1.1165612936019897,-1.6899880170822144,2.038133144378662,1.3585031032562256,2.684062957763672,0.38063952326774597,-1.076312780380249,-1.6906237602233887,2.0238983631134033,1.3471568822860718,2.67155122756958,-0.01264086365699768,0.04024851322174072,-0.0006357431411743164,-0.014234781265258789,-0.011346220970153809,-0.012511730194091797
1769719535.4580758,full,goal16.png,0.6875463724136353,0.38800954818725586,-1.1128050088882446,-1.6914117336273193,2.0314085483551025,1.3529444932937622,2.67820143699646,0.3738773465156555,-1.0649324655532837,-1.6918272972106934,2.019226312637329,1.3422178030014038,2.6677205562591553,-0.014132201671600342,0.04787254333496094,-0.00041556358337402344,-0.012182235717773438,-0.010726690292358398,-0.010480880737304688
1769719535.559099,full,goal16.png,0.6931809186935425,0.3824056386947632,-1.1077160835266113,-1.692290186882019,2.0251986980438232,1.3479464054107666,2.6732640266418457,0.367162823677063,-1.0514111518859863,-1.694995403289795,2.017268657684326,1.3403149843215942,2.668876886367798,-0.015242815017700195,0.056304931640625,-0.002705216407775879,-0.00793004035949707,-0.007631421089172363,-0.0043871402740478516
1769719535.6596913,full,goal16.png,0.6771279573440552,0.375832200050354,-1.0991131067276,-1.693532109260559,2.0210487842559814,1.3443113565444946,2.6703860759735107,0.3650844991207123,-1.0404765605926514,-1.6956630945205688,2.020512104034424,1.3396103382110596,2.6675755977630615,-0.010747700929641724,0.05863654613494873,-0.0021309852600097656,-0.0005366802215576172,-0.004701018333435059,-0.0028104782104492188
1769719535.7594123,full,goal16.png,0.676964282989502,0.3695314824581146,-1.0872082710266113,-1.696379542350769,2.0194733142852783,1.3421908617019653,2.669750213623047,0.3646976947784424,-1.0312976837158203,-1.6988567113876343,2.023837089538574,1.339699625968933,2.667569160461426,-0.004833787679672241,0.055910587310791016,-0.0024771690368652344,0.0043637752532958984,-0.0024912357330322266,-0.0021810531616210938
1769719535.858544,full,goal16.png,0.6880455017089844,0.3661387860774994,-1.0754247903823853,-1.6979849338531494,2.0203821659088135,1.3409943580627441,2.6687958240509033,0.3620821237564087,-1.02249276638031,-1.7065342664718628,2.0251569747924805,1.3403136730194092,2.6703543663024902,-0.004056662321090698,0.052932024002075195,-0.008549332618713379,0.004774808883666992,-0.0006806850433349609,0.001558542251586914
1769719535.9589698,full,goal16.png,0.6792540550231934,0.36498773097991943,-1.0651861429214478,-1.7011959552764893,2.022139072418213,1.3405550718307495,2.668720245361328,0.35562852025032043,-1.0125772953033447,-1.7160866260528564,2.0246119499206543,1.340705156326294,2.6752827167510986,-0.009359210729598999,0.05260884761810303,-0.014890670776367188,0.0024728775024414062,0.0001500844955444336,0.006562471389770508
1769719536.058882,full,goal16.png,0.6857005953788757,0.3625643849372864,-1.0568256378173828,-1.7072542905807495,2.0235023498535156,1.3400099277496338,2.6705074310302734,0.35071033239364624,-1.0024685859680176,-1.7239046096801758,2.024420738220215,1.3405718803405762,2.6800711154937744,-0.011854052543640137,0.054357051849365234,-0.01665031909942627,0.0009183883666992188,0.0005619525909423828,0.009563684463500977
1769719536.1588404,full,goal16.png,0.6891018748283386,0.35808104276657104,-1.048586130142212,-1.7161298990249634,2.023653984069824,1.340237021446228,2.6744604110717773,0.34901145100593567,-0.9925252199172974,-1.7294273376464844,2.0223641395568848,1.3403401374816895,2.6828970909118652,-0.009069591760635376,0.05606091022491455,-0.013297438621520996,-0.0012898445129394531,0.00010311603546142578,0.00843667984008789
1769719536.2612586,full,goal16.png,0.6928688883781433,0.35326462984085083,-1.0364996194839478,-1.7243996858596802,2.0235023498535156,1.3406460285186768,2.6784136295318604,0.35021910071372986,-0.9854007959365845,-1.7329641580581665,2.020693302154541,1.3406860828399658,2.6839380264282227,-0.0030455291271209717,0.05109882354736328,-0.008564472198486328,-0.0028090476989746094,4.00543212890625e-05,0.005524396896362305
1769719536.363026,full,goal16.png,0.6915106177330017,0.3506292998790741,-1.0276544094085693,-1.7293977737426758,2.0226540565490723,1.3405097723007202,2.681124687194824,0.35300955176353455,-0.9804191589355469,-1.73347806930542,2.021390199661255,1.3409478664398193,2.6826443672180176,0.0023802518844604492,0.04723525047302246,-0.004080295562744141,-0.0012638568878173828,0.0004380941390991211,0.0015196800231933594
1769719536.4620302,full,goal16.png,0.6999984979629517,0.3508717119693756,-1.0225350856781006,-1.7328510284423828,2.021563768386841,1.3405247926712036,2.6823818683624268,0.3579849302768707,-0.9775056838989258,-1.7329633235931396,2.023469924926758,1.3419303894042969,2.679625988006592,0.007113218307495117,0.045029401779174805,-0.00011229515075683594,0.0019061565399169922,0.0014055967330932617,-0.002755880355834961
1769719536.5623584,full,goal16.png,0.6816633939743042,0.353719025850296,-1.0159313678741455,-1.734244465827942,2.021563768386841,1.3408429622650146,2.6819727420806885,0.35865268111228943,-0.974429190158844,-1.7342736721038818,2.0254225730895996,1.3423832654953003,2.6781530380249023,0.004933655261993408,0.041502177715301514,-2.9206275939941406e-05,0.003858804702758789,0.0015403032302856445,-0.003819704055786133
1769719536.6575108,full,goal16.png,0.6847084760665894,0.35659676790237427,-1.0112664699554443,-1.7346080541610718,2.022411823272705,1.3419333696365356,2.6803977489471436,0.3570464849472046,-0.9709221720695496,-1.7360403537750244,2.024655818939209,1.3426551818847656,2.6757397651672363,0.00044971704483032227,0.040344297885894775,-0.0014322996139526367,0.0022439956665039062,0.0007218122482299805,-0.0046579837799072266
1769719536.7588103,full,goal16.png,0.6896565556526184,0.35799020528793335,-1.008509874343872,-1.735607624053955,2.023714542388916,1.3425544500350952,2.6789891719818115,0.35342323780059814,-0.9671643972396851,-1.7381410598754883,2.0234527587890625,1.341590404510498,2.674884080886841,-0.004566967487335205,0.04134547710418701,-0.002533435821533203,-0.0002617835998535156,-0.000964045524597168,-0.004105091094970703
1769719536.8589654,full,goal16.png,0.682451605796814,0.35783880949020386,-1.0053898096084595,-1.73703134059906,2.023714542388916,1.3427209854125977,2.67742919921875,0.3542041778564453,-0.964142918586731,-1.7386538982391357,2.0223841667175293,1.3405578136444092,2.672764778137207,-0.003634631633758545,0.041246891021728516,-0.0016225576400756836,-0.0013303756713867188,-0.0021631717681884766,-0.004664421081542969
1769719536.9610107,full,goal16.png,0.6863353252410889,0.3553245961666107,-1.001421570777893,-1.7389700412750244,2.023381233215332,1.3419486284255981,2.6762022972106934,0.35490304231643677,-0.9620530605316162,-1.7392213344573975,2.021085262298584,1.3399461507797241,2.671079635620117,-0.0004215538501739502,0.039368510246276855,-0.0002512931823730469,-0.002295970916748047,-0.0020024776458740234,-0.005122661590576172
1769719537.0609856,full,goal16.png,0.6953333616256714,0.3548702001571655,-0.9980894923210144,-1.7399394512176514,2.0226237773895264,1.3410701751708984,2.6746573448181152,0.3575281798839569,-0.9625157713890076,-1.7400426864624023,2.019681692123413,1.3411145210266113,2.6707589626312256,0.002657979726791382,0.035573720932006836,-0.00010323524475097656,-0.0029420852661132812,4.4345855712890625e-05,-0.0038983821868896484
1769719537.1575916,full,goal16.png,0.6852399706840515,0.3555668592453003,-0.9958175420761108,-1.7407572269439697,2.021533250808716,1.3407368659973145,2.673173189163208,0.3586229681968689,-0.9617801904678345,-1.743231177330017,2.016653060913086,1.3427726030349731,2.6700034141540527,0.0030561089515686035,0.03403735160827637,-0.0024739503860473633,-0.004880189895629883,0.0020357370376586914,-0.0031697750091552734
1769719537.257772,full,goal16.png,0.6814173460006714,0.35750553011894226,-0.9946665167808533,-1.7420295476913452,2.020291566848755,1.3414639234542847,2.6723854541778564,0.36185595393180847,-0.959417462348938,-1.7456947565078735,2.013641357421875,1.3434066772460938,2.667280912399292,0.004350423812866211,0.03524905443191528,-0.0036652088165283203,-0.006650209426879883,0.001942753791809082,-0.005104541778564453
1769719537.3573244,full,goal16.png,0.6783753633499146,0.35883840918540955,-0.9939091205596924,-1.7447255849838257,2.0178377628326416,1.3428422212600708,2.671097993850708,0.3660179674625397,-0.9562647342681885,-1.74806809425354,2.01222825050354,1.3435661792755127,2.6650638580322266,0.007179558277130127,0.037644386291503906,-0.0033425092697143555,-0.0056095123291015625,0.0007239580154418945,-0.006034135818481445
1769719537.4587934,full,goal16.png,0.67229163646698,0.3615950345993042,-0.9921825528144836,-1.747270107269287,2.015474796295166,1.3437509536743164,2.669250249862671,0.36834344267845154,-0.9537674188613892,-1.751950979232788,2.0122323036193848,1.3425519466400146,2.6675772666931152,0.006748408079147339,0.03841513395309448,-0.0046808719635009766,-0.00324249267578125,-0.0011990070343017578,-0.001672983169555664
1769719537.5578074,full,goal16.png,0.6702122092247009,0.365229994058609,-0.9884566068649292,-1.7503900527954102,2.013960599899292,1.3439327478408813,2.6674327850341797,0.3623333275318146,-0.9489043354988098,-1.7579047679901123,2.0165960788726807,1.3420108556747437,2.6725659370422363,-0.0028966665267944336,0.039552271366119385,-0.0075147151947021484,0.002635478973388672,-0.0019218921661376953,0.005133152008056641
1769719537.6596053,full,goal16.png,0.680493950843811,0.3674413859844208,-0.9850033521652222,-1.7541463375091553,2.0137178897857666,1.3429330587387085,2.6685233116149902,0.3553490936756134,-0.943936824798584,-1.765209436416626,2.026364326477051,1.3423237800598145,2.679515838623047,-0.012092292308807373,0.041066527366638184,-0.011063098907470703,0.01264643669128418,-0.000609278678894043,0.01099252700805664
1769719537.7590182,full,goal16.png,0.6752690076828003,0.36353373527526855,-0.9819135069847107,-1.7595685720443726,2.016777515411377,1.341842532157898,2.6724915504455566,0.34855711460113525,-0.9389462471008301,-1.771390438079834,2.035935401916504,1.3417103290557861,2.6824891567230225,-0.0149766206741333,0.042967259883880615,-0.011821866035461426,0.019157886505126953,-0.0001322031021118164,0.00999760627746582
1769719537.865293,full,goal16.png,0.6798291206359863,0.3565059006214142,-0.9769759178161621,-1.7656573057174683,2.0238962173461914,1.3421151638031006,2.677368402481079,0.3446727693080902,-0.9336017370223999,-1.7763930559158325,2.0381312370300293,1.3412381410598755,2.683562994003296,-0.011833131313323975,0.04337418079376221,-0.010735750198364258,0.01423501968383789,-0.0008770227432250977,0.006194591522216797
1769719537.957083,full,goal16.png,0.6764518618583679,0.3502960205078125,-0.9709781408309937,-1.7716248035430908,2.0320143699645996,1.341842532157898,2.68027663230896,0.34387269616127014,-0.9292370080947876,-1.7814534902572632,2.0384371280670166,1.340965747833252,2.6836109161376953,-0.006423324346542358,0.041741132736206055,-0.009828686714172363,0.006422758102416992,-0.0008767843246459961,0.0033342838287353516
1769719538.0585384,full,goal16.png,0.7055343389511108,0.34508591890335083,-0.9662222862243652,-1.7778346538543701,2.036224842071533,1.341206431388855,2.6820032596588135,0.34912601113319397,-0.924778938293457,-1.7861382961273193,2.039998769760132,1.3403831720352173,2.6831159591674805,0.00404009222984314,0.0414433479309082,-0.008303642272949219,0.003773927688598633,-0.0008232593536376953,0.0011126995086669922
1769719538.1577275,full,goal16.png,0.7104489803314209,0.34272313117980957,-0.9621329307556152,-1.7829841375350952,2.0377092361450195,1.3409186601638794,2.6825029850006104,0.3546876311302185,-0.9176753759384155,-1.791778564453125,2.043046236038208,1.3398008346557617,2.6838767528533936,0.011964499950408936,0.04445755481719971,-0.008794426918029785,0.0053369998931884766,-0.0011178255081176758,0.0013737678527832031
1769719538.2565844,full,goal16.png,0.7009236812591553,0.3446618318557739,-0.9576193690299988,-1.787194848060608,2.0395872592926025,1.3406308889389038,2.6826999187469482,0.3589293956756592,-0.908460795879364,-1.7990208864212036,2.0433859825134277,1.340110421180725,2.6881039142608643,0.014267563819885254,0.049158573150634766,-0.011826038360595703,0.0037987232208251953,-0.0005204677581787109,0.005403995513916016
1769719538.3582847,full,goal16.png,0.7041915655136108,0.34947824478149414,-0.9516821503639221,-1.7925868034362793,2.0415866374969482,1.339964509010315,2.6835784912109375,0.36118173599243164,-0.8993530869483948,-1.805618405342102,2.0452089309692383,1.3408122062683105,2.6928281784057617,0.0117034912109375,0.052329063415527344,-0.013031601905822754,0.003622293472290039,0.0008476972579956055,0.009249687194824219
1769719538.4592438,full,goal16.png,0.703401505947113,0.35390084981918335,-0.941322386264801,-1.7999780178070068,2.0427982807159424,1.3401461839675903,2.6870920658111572,0.3620516359806061,-0.8901793956756592,-1.8122870922088623,2.04880952835083,1.340070366859436,2.6969690322875977,0.00815078616142273,0.051142990589141846,-0.012309074401855469,0.006011247634887695,-7.581710815429688e-05,0.00987696647644043
1769719538.558287,full,goal16.png,0.6962273120880127,0.3563242256641388,-0.9316592216491699,-1.8069754838943481,2.044555187225342,1.3400704860687256,2.691499710083008,0.3627437353134155,-0.8825026750564575,-1.8180205821990967,2.0523171424865723,1.3385899066925049,2.7009377479553223,0.006419509649276733,0.0491565465927124,-0.011045098304748535,0.007761955261230469,-0.0014805793762207031,0.009438037872314453
1769719538.6567414,full,goal16.png,0.7036315202713013,0.35817205905914307,-0.9228140115737915,-1.813336730003357,2.0477054119110107,1.3395100831985474,2.696028232574463,0.36463552713394165,-0.8750301003456116,-1.8236699104309082,2.0555238723754883,1.3375970125198364,2.7040390968322754,0.006463468074798584,0.04778391122817993,-0.01033318042755127,0.007818460464477539,-0.0019130706787109375,0.0080108642578125
1769719538.7578545,full,goal16.png,0.7082866430282593,0.35914140939712524,-0.9146957397460938,-1.8187892436981201,2.050856113433838,1.3387527465820312,2.699814796447754,0.36552050709724426,-0.8690465092658997,-1.8293532133102417,2.0601048469543457,1.3374091386795044,2.7043347358703613,0.0063790977001190186,0.04564923048019409,-0.010563969612121582,0.009248733520507812,-0.0013436079025268555,0.004519939422607422
1769719538.8563178,full,goal16.png,0.7139664888381958,0.3608376681804657,-0.907667875289917,-1.8244236707687378,2.0541577339172363,1.3381166458129883,2.7022078037261963,0.36518630385398865,-0.8611859083175659,-1.8363077640533447,2.0625739097595215,1.3383227586746216,2.7042646408081055,0.004348635673522949,0.046481966972351074,-0.011884093284606934,0.008416175842285156,0.00020611286163330078,0.0020568370819091797
1769719538.9603665,full,goal16.png,0.7046729326248169,0.3625341057777405,-0.9004282355308533,-1.8303306102752686,2.0585498809814453,1.3379955291748047,2.7030863761901855,0.36168232560157776,-0.8546688556671143,-1.843717098236084,2.062659502029419,1.3405070304870605,2.7073235511779785,-0.0008517801761627197,0.045759379863739014,-0.01338648796081543,0.004109621047973633,0.0025115013122558594,0.004237174987792969
1769719539.0582795,full,goal16.png,0.718898355960846,0.36350342631340027,-0.8924311399459839,-1.836812973022461,2.0610339641571045,1.3386921882629395,2.7037527561187744,0.35906368494033813,-0.8472671508789062,-1.8512585163116455,2.0593812465667725,1.3420155048370361,2.711121082305908,-0.004439741373062134,0.04516398906707764,-0.01444554328918457,-0.0016527175903320312,0.0033233165740966797,0.007368326187133789
1769719539.1584918,full,goal16.png,0.7100156545639038,0.36226141452789307,-0.886160671710968,-1.8438711166381836,2.0617005825042725,1.3405399322509766,2.7066001892089844,0.3567744493484497,-0.8401328325271606,-1.8569931983947754,2.05328369140625,1.3432774543762207,2.7140889167785645,-0.005486965179443359,0.04602783918380737,-0.013122081756591797,-0.008416891098022461,0.0027375221252441406,0.007488727569580078
1769719539.258389,full,goal16.png,0.7000219225883484,0.36008045077323914,-0.8807081580162048,-1.8512320518493652,2.0597314834594727,1.3417212963104248,2.709811210632324,0.35793861746788025,-0.8333210945129395,-1.8626079559326172,2.0489540100097656,1.3444480895996094,2.715803861618042,-0.0021418333053588867,0.04738706350326538,-0.011375904083251953,-0.010777473449707031,0.0027267932891845703,0.0059926509857177734
1769719539.3590238,full,goal16.png,0.6952076554298401,0.35802048444747925,-0.8716205358505249,-1.8580780029296875,2.0547635555267334,1.343069314956665,2.7124011516571045,0.3587740361690521,-0.8260757327079773,-1.8690001964569092,2.046847343444824,1.3457045555114746,2.7163190841674805,0.000753551721572876,0.04554480314254761,-0.01092219352722168,-0.00791621208190918,0.0026352405548095703,0.0039179325103759766
1769719539.45638,full,goal16.png,0.7056121230125427,0.357687383890152,-0.8640173673629761,-1.8639848232269287,2.0506439208984375,1.3441144227981567,2.71429443359375,0.3569872975349426,-0.8189329504966736,-1.877382755279541,2.0424368381500244,1.3459137678146362,2.7176668643951416,-0.0007000863552093506,0.04508441686630249,-0.013397932052612305,-0.008207082748413086,0.0017993450164794922,0.0033724308013916016
1769719539.5606632,full,goal16.png,0.7067241668701172,0.35808104276657104,-0.858201265335083,-1.8700131177902222,2.0478265285491943,1.3452049493789673,2.7153849601745605,0.3527664542198181,-0.8130528330802917,-1.88667631149292,2.038644552230835,1.3455911874771118,2.7216944694519043,-0.00531458854675293,0.04514843225479126,-0.016663193702697754,-0.009181976318359375,0.00038623809814453125,0.00630950927734375
1769719539.6597245,full,goal16.png,0.7094331979751587,0.35735413432121277,-0.8500829935073853,-1.8767985105514526,2.044221878051758,1.3456896543502808,2.7168993949890137,0.34908318519592285,-0.8056936860084534,-1.8949735164642334,2.0371415615081787,1.3450804948806763,2.7249412536621094,-0.008270949125289917,0.044389307498931885,-0.01817500591278076,-0.0070803165435791016,-0.0006091594696044922,0.008041858673095703
1769719539.7616777,full,goal16.png,0.6918532848358154,0.35390084981918335,-0.8410256505012512,-1.8866130113601685,2.0405261516571045,1.3453867435455322,2.720534563064575,0.3432755172252655,-0.7960112690925598,-1.9041061401367188,2.0339083671569824,1.3441940546035767,2.7279763221740723,-0.010625332593917847,0.045014381408691406,-0.017493128776550293,-0.00661778450012207,-0.0011926889419555664,0.00744175910949707
1769719539.857485,full,goal16.png,0.69392991065979,0.3504475951194763,-0.8353004455566406,-1.8951857089996338,2.038557529449463,1.3447505235671997,2.723745346069336,0.3404988646507263,-0.7858923673629761,-1.9140329360961914,2.0307438373565674,1.344099998474121,2.731910228729248,-0.00994873046875,0.04940807819366455,-0.018847227096557617,-0.007813692092895508,-0.0006505250930786133,0.00816488265991211
1769719539.960558,full,goal16.png,0.7059080004692078,0.3461158275604248,-0.8275154232978821,-1.9031524658203125,2.0355584621429443,1.344008445739746,2.726789712905884,0.33565884828567505,-0.7747234106063843,-1.923222303390503,2.024355411529541,1.3437347412109375,2.734659194946289,-0.010456979274749756,0.0527920126914978,-0.02006983757019043,-0.01120305061340332,-0.00027370452880859375,0.007869482040405273
1769719540.0610776,full,goal16.png,0.6981856822967529,0.3417537808418274,-0.8172464966773987,-1.9133305549621582,2.0319840908050537,1.3437963724136353,2.730182647705078,0.33025240898132324,-0.7616021633148193,-1.932782530784607,2.0166008472442627,1.3425493240356445,2.735177755355835,-0.01150137186050415,0.055644333362579346,-0.01945197582244873,-0.015383243560791016,-0.0012470483779907227,0.004995107650756836
1769719540.1604862,full,goal16.png,0.7115992307662964,0.3369676470756531,-0.8050994277000427,-1.9226300716400146,2.025865077972412,1.343735694885254,2.7326362133026123,0.32619133591651917,-0.7511909008026123,-1.9385344982147217,2.0088655948638916,1.3409180641174316,2.733175277709961,-0.010776311159133911,0.05390852689743042,-0.01590442657470703,-0.016999483108520508,-0.0028176307678222656,0.0005390644073486328
1769719540.25967,full,goal16.png,0.7169123291969299,0.33230262994766235,-0.7933461666107178,-1.930415153503418,2.0193521976470947,1.3430390357971191,2.7335448265075684,0.3264123797416687,-0.7411415576934814,-1.9441187381744385,2.0029666423797607,1.3396871089935303,2.732619047164917,-0.005890250205993652,0.05220460891723633,-0.013703584671020508,-0.016385555267333984,-0.003351926803588867,-0.0009257793426513672
1769719540.3591545,full,goal16.png,0.6958758234977722,0.32872822880744934,-0.7828044891357422,-1.9378669261932373,2.0124456882476807,1.3422060012817383,2.7331056594848633,0.33084961771965027,-0.7313945293426514,-1.949828863143921,2.0003442764282227,1.3386667966842651,2.737436294555664,0.0021213889122009277,0.05140995979309082,-0.011961936950683594,-0.012101411819458008,-0.0035392045974731445,0.004330635070800781
1769719540.4571393,full,goal16.png,0.7085828185081482,0.32781943678855896,-0.7722023129463196,-1.9451067447662354,2.005963087081909,1.3406460285186768,2.7332420349121094,0.3319454491138458,-0.7195252180099487,-1.9589440822601318,1.9965040683746338,1.338157057762146,2.7496893405914307,0.004126012325286865,0.05267709493637085,-0.013837337493896484,-0.00945901870727539,-0.0024889707565307617,0.01644730567932129
1769719540.5590186,full,goal16.png,0.7047587633132935,0.3298186957836151,-0.7622060775756836,-1.9513468742370605,2.001964569091797,1.3389192819595337,2.7378463745117188,0.3354203402996063,-0.7095020413398743,-1.9702222347259521,1.9929429292678833,1.3381896018981934,2.7642524242401123,0.005601644515991211,0.052704036235809326,-0.0188753604888916,-0.009021639823913574,-0.000729680061340332,0.026406049728393555
1769719540.6581733,full,goal16.png,0.7044035792350769,0.33175739645957947,-0.7508465051651001,-1.958465576171875,1.9977844953536987,1.3378894329071045,2.747570037841797,0.3367959260940552,-0.7010620832443237,-1.9786372184753418,1.9877188205718994,1.3373022079467773,2.7799324989318848,0.005038529634475708,0.04978442192077637,-0.020171642303466797,-0.010065674781799316,-0.0005872249603271484,0.03236246109008789
1769719540.7602935,full,goal16.png,0.7068750858306885,0.3347259759902954,-0.7405775189399719,-1.9686739444732666,1.9941493272781372,1.3381620645523071,2.7603230476379395,0.33834150433540344,-0.6927863955497742,-1.9839377403259277,1.983504056930542,1.3372511863708496,2.7930893898010254,0.0036155283451080322,0.047791123390197754,-0.015263795852661133,-0.010645270347595215,-0.0009108781814575195,0.03276634216308594
1769719540.8585463,full,goal16.png,0.7061692476272583,0.33666467666625977,-0.7313385009765625,-1.9775797128677368,1.9894542694091797,1.3369050025939941,2.775423526763916,0.33472368121147156,-0.6839558482170105,-1.9878604412078857,1.977403163909912,1.3352700471878052,2.8020875453948975,-0.001940995454788208,0.047382652759552,-0.010280728340148926,-0.012051105499267578,-0.0016349554061889648,0.026664018630981445
1769719540.9687505,full,goal16.png,0.6921243071556091,0.33763399720191956,-0.72252357006073,-1.983214020729065,1.985243558883667,1.3369351625442505,2.7879037857055664,0.3307662904262543,-0.6730208992958069,-1.9928901195526123,1.970684289932251,1.3333299160003662,2.803927183151245,-0.006867706775665283,0.049502670764923096,-0.009676098823547363,-0.014559268951416016,-0.0036052465438842773,0.01602339744567871
1769719541.0733867,full,goal16.png,0.693549394607544,0.3362405598163605,-0.7138903141021729,-1.9879395961761475,1.9803059101104736,1.3352843523025513,2.7974307537078857,0.32981806993484497,-0.6635243892669678,-1.9987714290618896,1.9671213626861572,1.3323278427124023,2.79964280128479,-0.006422489881515503,0.05036592483520508,-0.010831832885742188,-0.013184547424316406,-0.0029565095901489258,0.002212047576904297
1769719541.157288,full,goal16.png,0.6979875564575195,0.3329388499259949,-0.7020764946937561,-1.9935132265090942,1.9734599590301514,1.3336031436920166,2.8013837337493896,0.33518463373184204,-0.6518366932868958,-2.0064456462860107,1.967069387435913,1.3319607973098755,2.7950048446655273,0.002245783805847168,0.05023980140686035,-0.012932419776916504,-0.006390571594238281,-0.0016423463821411133,-0.006378889083862305
1769719541.2570002,full,goal16.png,0.6978120803833008,0.3313635587692261,-0.6925042271614075,-2.000359296798706,1.969128131866455,1.3330578804016113,2.8004143238067627,0.3408464193344116,-0.6391007304191589,-2.0127596855163574,1.9680681228637695,1.330802083015442,2.7922208309173584,0.009482860565185547,0.053403496742248535,-0.012400388717651367,-0.0010600090026855469,-0.0022557973861694336,-0.008193492889404297
1769719541.3564084,full,goal16.png,0.7056596279144287,0.33454427123069763,-0.6807812452316284,-2.007871627807617,1.9680681228637695,1.3317856788635254,2.7966885566711426,0.34084945917129517,-0.6262884140014648,-2.018974781036377,1.9659702777862549,1.3271697759628296,2.7903921604156494,0.006305187940597534,0.054492831230163574,-0.011103153228759766,-0.0020978450775146484,-0.004615902900695801,-0.006296396255493164
1769719541.45823,full,goal16.png,0.7150525450706482,0.33790668845176697,-0.6672407388687134,-2.0130817890167236,1.967947006225586,1.330331563949585,2.7942044734954834,0.3369629383087158,-0.6125353574752808,-2.024254560470581,1.9630277156829834,1.3228956460952759,2.787907123565674,-0.0009437501430511475,0.05470538139343262,-0.011172771453857422,-0.004919290542602539,-0.007435917854309082,-0.00629734992980957
1769719541.5575273,full,goal16.png,0.7170500755310059,0.33878520131111145,-0.6546695828437805,-2.019594669342041,1.9664021730422974,1.3272721767425537,2.791508674621582,0.32959818840026855,-0.596822202205658,-2.030653953552246,1.960552453994751,1.3201203346252441,2.7860705852508545,-0.009187012910842896,0.05784738063812256,-0.011059284210205078,-0.005849719047546387,-0.00715184211730957,-0.005438089370727539
1769719541.658565,full,goal16.png,0.7144800424575806,0.3361194431781769,-0.6405232548713684,-2.026289224624634,1.9640696048736572,1.3236522674560547,2.7887065410614014,0.3225958049297333,-0.5807880163192749,-2.0401875972747803,1.9573071002960205,1.3177409172058105,2.7840962409973145,-0.013523638248443604,0.059735238552093506,-0.013898372650146484,-0.006762504577636719,-0.005911350250244141,-0.004610300064086914
1769719541.7584667,full,goal16.png,0.7143409252166748,0.3306063413619995,-0.6264072060585022,-2.0326807498931885,1.9616460800170898,1.3208653926849365,2.786677122116089,0.32040834426879883,-0.5670162439346313,-2.0541019439697266,1.9546525478363037,1.3163704872131348,2.7828407287597656,-0.010197997093200684,0.05939096212387085,-0.021421194076538086,-0.006993532180786133,-0.004494905471801758,-0.003836393356323242
1769719541.8569891,full,goal16.png,0.7229286432266235,0.32515382766723633,-0.610231339931488,-2.041404962539673,1.9588290452957153,1.3187146186828613,2.785041332244873,0.32090961933135986,-0.5534560084342957,-2.0687599182128906,1.9511100053787231,1.3145396709442139,2.7806878089904785,-0.004244208335876465,0.05677533149719238,-0.027354955673217773,-0.0077190399169921875,-0.004174947738647461,-0.004353523254394531
1769719541.9563775,full,goal16.png,0.7249490022659302,0.3213370144367218,-0.594661295413971,-2.0560965538024902,1.9561632871627808,1.3168365955352783,2.7833752632141113,0.31663447618484497,-0.5388572216033936,-2.081204891204834,1.9464304447174072,1.3114491701126099,2.778211832046509,-0.004702538251876831,0.05580407381057739,-0.02510833740234375,-0.009732842445373535,-0.005387425422668457,-0.005163431167602539
1769719542.0577319,full,goal16.png,0.7237151265144348,0.31945890188217163,-0.5812419056892395,-2.0673649311065674,1.9527403116226196,1.3152159452438354,2.781754493713379,0.30920708179473877,-0.521062970161438,-2.0931777954101562,1.9425227642059326,1.3080739974975586,2.773355007171631,-0.010251820087432861,0.060178935527801514,-0.025812864303588867,-0.010217547416687012,-0.0071419477462768555,-0.008399486541748047
1769719542.1574864,full,goal16.png,0.7250258326530457,0.31618732213974,-0.5655204653739929,-2.0809056758880615,1.9481358528137207,1.3122775554656982,2.7789676189422607,0.2989846467971802,-0.5038687586784363,-2.1046509742736816,1.93622887134552,1.3027676343917847,2.765961170196533,-0.017202675342559814,0.06165170669555664,-0.023745298385620117,-0.011906981468200684,-0.009509921073913574,-0.013006448745727539
1769719542.2601607,full,goal16.png,0.723080575466156,0.3098260462284088,-0.5494049787521362,-2.0929617881774902,1.9432286024093628,1.3081427812576294,2.774317979812622,0.2888766825199127,-0.48779532313346863,-2.117739200592041,1.9332141876220703,1.300537109375,2.762528657913208,-0.020949363708496094,0.0616096556186676,-0.02477741241455078,-0.01001441478729248,-0.0076056718826293945,-0.011789321899414062
1769719542.3664024,full,goal16.png,0.7035659551620483,0.300586998462677,-0.5307452082633972,-2.104987621307373,1.9378063678741455,1.303371787071228,2.7683353424072266,0.2808971405029297,-0.4748632311820984,-2.1298325061798096,1.9265797138214111,1.2996833324432373,2.7605648040771484,-0.019689857959747314,0.05588197708129883,-0.024844884872436523,-0.011226654052734375,-0.0036884546279907227,-0.007770538330078125
1769719542.4633973,full,goal16.png,0.7148193717002869,0.29146909713745117,-0.5153871774673462,-2.1167712211608887,1.934504508972168,1.3011150360107422,2.76513934135437,0.2785508632659912,-0.46142369508743286,-2.143972635269165,1.9176836013793945,1.2994438409805298,2.75681734085083,-0.012918233871459961,0.05396348237991333,-0.027201414108276367,-0.016820907592773438,-0.0016711950302124023,-0.008322000503540039
1769719542.5587814,full,goal16.png,0.7134015560150146,0.28359320759773254,-0.5026342868804932,-2.128282308578491,1.9291126728057861,1.2999942302703857,2.762352705001831,0.2771688401699066,-0.4432622790336609,-2.157647132873535,1.9066996574401855,1.2998868227005005,2.7491602897644043,-0.006424367427825928,0.059372007846832275,-0.029364824295043945,-0.022413015365600586,-0.0001074075698852539,-0.013192415237426758
1769719542.6584988,full,goal16.png,0.7134937644004822,0.27950385212898254,-0.48824554681777954,-2.144367218017578,1.9197826385498047,1.2993581295013428,2.7574150562286377,0.2690763473510742,-0.4255465865135193,-2.169616937637329,1.8968383073806763,1.2971951961517334,2.739055633544922,-0.010427504777908325,0.06269896030426025,-0.025249719619750977,-0.022944331169128418,-0.002162933349609375,-0.01835942268371582
1769719542.7569628,full,goal16.png,0.726269543170929,0.2760504484176636,-0.4700098931789398,-2.15639328956604,1.909574270248413,1.2995095252990723,2.750084400177002,0.2600042223930359,-0.4104474186897278,-2.1782116889953613,1.8896795511245728,1.2919355630874634,2.7302775382995605,-0.016046226024627686,0.059562474489212036,-0.02181839942932129,-0.019894719123840332,-0.007573962211608887,-0.019806861877441406
1769719542.8569832,full,goal16.png,0.7238054275512695,0.2701132595539093,-0.4510471224784851,-2.1691460609436035,1.900607943534851,1.2972527742385864,2.741345167160034,0.24738362431526184,-0.39559727907180786,-2.187614679336548,1.8792083263397217,1.2870023250579834,2.726199150085449,-0.02272963523864746,0.055449843406677246,-0.018468618392944336,-0.021399617195129395,-0.010250449180603027,-0.015146017074584961
1769719542.959069,full,goal16.png,0.7383763790130615,0.25960204005241394,-0.4347499907016754,-2.1791727542877197,1.8903690576553345,1.291860818862915,2.7330451011657715,0.2336028814315796,-0.38003867864608765,-2.1994805335998535,1.865344762802124,1.2855801582336426,2.7257513999938965,-0.02599915862083435,0.05471131205558777,-0.02030777931213379,-0.02502429485321045,-0.006280660629272461,-0.007293701171875
1769719543.0596302,full,goal16.png,0.7338970303535461,0.24842432141304016,-0.41893768310546875,-2.1893811225891113,1.8809788227081299,1.2882863283157349,2.729137420654297,0.21671324968338013,-0.36348527669906616,-2.2115912437438965,1.8522734642028809,1.2867012023925781,2.7220940589904785,-0.031711071729660034,0.05545240640640259,-0.022210121154785156,-0.028705358505249023,-0.0015851259231567383,-0.007043361663818359
1769719543.1610348,full,goal16.png,0.7403857707977295,0.23530776798725128,-0.40394315123558044,-2.199559211730957,1.870043396949768,1.286635398864746,2.727426052093506,0.20220422744750977,-0.3470207154750824,-2.2241477966308594,1.844304084777832,1.2876317501068115,2.715681314468384,-0.033103540539741516,0.05692243576049805,-0.024588584899902344,-0.025739312171936035,0.0009963512420654297,-0.01174473762512207
1769719543.2595198,full,goal16.png,0.7523409724235535,0.22028310596942902,-0.3895846903324127,-2.209949254989624,1.8571085929870605,1.2868930101394653,2.72407865524292,0.18878377974033356,-0.3315698504447937,-2.2373831272125244,1.832762360572815,1.2877697944641113,2.710299015045166,-0.03149932622909546,0.05801483988761902,-0.02743387222290039,-0.024346232414245605,0.0008767843246459961,-0.013779640197753906
1769719543.3584425,full,goal16.png,0.7448520660400391,0.20389512181282043,-0.3711066246032715,-2.2249438762664795,1.8467185497283936,1.287801742553711,2.7178990840911865,0.17693088948726654,-0.3180868625640869,-2.2518372535705566,1.820169448852539,1.287915587425232,2.705591917037964,-0.026964232325553894,0.05301976203918457,-0.02689337730407715,-0.026549100875854492,0.0001138448715209961,-0.012307167053222656
1769719543.4571517,full,goal16.png,0.726905107498169,0.19062714278697968,-0.3554759919643402,-2.2374846935272217,1.8353286981582642,1.2878623008728027,2.7118711471557617,0.1647457778453827,-0.303189754486084,-2.2651093006134033,1.8079402446746826,1.2866051197052002,2.698491334915161,-0.025881364941596985,0.052286237478256226,-0.02762460708618164,-0.027388453483581543,-0.001257181167602539,-0.013379812240600586
1769719543.5579627,full,goal16.png,0.7288598418235779,0.17863163352012634,-0.3413902521133423,-2.251570463180542,1.8235149383544922,1.287604808807373,2.706554889678955,0.1532936543226242,-0.2868231534957886,-2.2772393226623535,1.7987682819366455,1.2865396738052368,2.6898856163024902,-0.025337979197502136,0.05456709861755371,-0.025668859481811523,-0.02474665641784668,-0.0010651350021362305,-0.016669273376464844
1769719543.6590452,full,goal16.png,0.7371665239334106,0.16630280017852783,-0.3240329325199127,-2.2643232345581055,1.811731219291687,1.2865899801254272,2.700178384780884,0.1439577341079712,-0.2738969922065735,-2.2867558002471924,1.7898977994918823,1.2860554456710815,2.6847264766693115,-0.02234506607055664,0.05013594031333923,-0.022432565689086914,-0.021833419799804688,-0.0005345344543457031,-0.015451908111572266
1769719543.7582748,full,goal16.png,0.7270388007164001,0.15564002096652985,-0.30849316716194153,-2.277682065963745,1.8012199401855469,1.2864234447479248,2.692741632461548,0.13706755638122559,-0.264274537563324,-2.292940616607666,1.7793622016906738,1.2873356342315674,2.6817452907562256,-0.01857246458530426,0.044218629598617554,-0.015258550643920898,-0.021857738494873047,0.0009121894836425781,-0.010996341705322266
1769719543.8622048,full,goal16.png,0.7395890951156616,0.14600716531276703,-0.2953464686870575,-2.2867395877838135,1.7923747301101685,1.2865294218063354,2.686880111694336,0.13039010763168335,-0.2563912868499756,-2.29738712310791,1.7673759460449219,1.2882969379425049,2.6792805194854736,-0.01561705768108368,0.03895518183708191,-0.01064753532409668,-0.024998784065246582,0.0017675161361694336,-0.007599592208862305
1769719543.9626791,full,goal16.png,0.7505378723144531,0.13900971412658691,-0.28313884139060974,-2.2933428287506104,1.7829841375350952,1.2872262001037598,2.6834874153137207,0.12195918709039688,-0.24755994975566864,-2.30123233795166,1.7515959739685059,1.2896063327789307,2.6739349365234375,-0.017050527036190033,0.0355788916349411,-0.007889509201049805,-0.031388163566589355,0.0023801326751708984,-0.009552478790283203
1769719544.0587063,full,goal16.png,0.7326608300209045,0.13158822059631348,-0.27411192655563354,-2.299128770828247,1.7701706886291504,1.2883167266845703,2.679973602294922,0.11320992559194565,-0.23939719796180725,-2.304867744445801,1.7356103658676147,1.2912298440933228,2.6681981086730957,-0.01837829500436783,0.034714728593826294,-0.005738973617553711,-0.034560322761535645,0.0029131174087524414,-0.011775493621826172
1769719544.1601129,full,goal16.png,0.7323019504547119,0.12325789034366608,-0.2665994465351105,-2.3034300804138184,1.7554489374160767,1.2894222736358643,2.675657033920288,0.10410469770431519,-0.23150858283042908,-2.3102383613586426,1.7175920009613037,1.2927508354187012,2.6626975536346436,-0.01915319263935089,0.035090863704681396,-0.006808280944824219,-0.03785693645477295,0.003328561782836914,-0.012959480285644531
1769719544.259561,full,goal16.png,0.7240898609161377,0.1151396781206131,-0.2573299705982208,-2.3071863651275635,1.740666389465332,1.2909369468688965,2.670689105987549,0.09442845731973648,-0.22474965453147888,-2.3147685527801514,1.6964606046676636,1.2940059900283813,2.6546123027801514,-0.020711220800876617,0.03258031606674194,-0.007582187652587891,-0.04420578479766846,0.0030690431594848633,-0.01607680320739746
1769719544.3583257,full,goal16.png,0.727810800075531,0.10565830022096634,-0.2495146542787552,-2.312093734741211,1.721309781074524,1.2927846908569336,2.6638734340667725,0.08344800770282745,-0.2186201959848404,-2.3192059993743896,1.6736843585968018,1.292842149734497,2.644630193710327,-0.022210292518138885,0.030894458293914795,-0.007112264633178711,-0.04762542247772217,5.745887756347656e-05,-0.019243240356445312
1769719544.4579067,full,goal16.png,0.7131533026695251,0.09541963785886765,-0.2428503781557083,-2.3163042068481445,1.7010141611099243,1.2930421829223633,2.6560733318328857,0.07018090784549713,-0.20930345356464386,-2.32135009765625,1.6484066247940063,1.2897979021072388,2.631396532058716,-0.025238730013370514,0.03354692459106445,-0.005045890808105469,-0.05260753631591797,-0.0032442808151245117,-0.024676799774169922
1769719544.5573788,full,goal16.png,0.7246873378753662,0.084605373442173,-0.23455055058002472,-2.321120500564575,1.6792949438095093,1.2921940088272095,2.6463193893432617,0.05364520102739334,-0.19727814197540283,-2.3242454528808594,1.62628173828125,1.2847076654434204,2.6214778423309326,-0.030960172414779663,0.03727240860462189,-0.0031249523162841797,-0.05301320552825928,-0.0074863433837890625,-0.0248415470123291
1769719544.6587484,full,goal16.png,0.694857120513916,0.07097400724887848,-0.2263718545436859,-2.3241801261901855,1.6548188924789429,1.2895283699035645,2.634263038635254,0.037929534912109375,-0.18366745114326477,-2.32780385017395,1.6100542545318604,1.28492271900177,2.616551637649536,-0.033044472336769104,0.04270440340042114,-0.0036237239837646484,-0.04476463794708252,-0.004605650901794434,-0.017711400985717773
1769719544.758334,full,goal16.png,0.6912480592727661,0.05555536970496178,-0.2159513384103775,-2.327512502670288,1.6327362060546875,1.2867112159729004,2.6252360343933105,0.024064797908067703,-0.17185349762439728,-2.3330392837524414,1.5987145900726318,1.2866170406341553,2.614845037460327,-0.031490571796894073,0.044097840785980225,-0.00552678108215332,-0.034021615982055664,-9.417533874511719e-05,-0.010390996932983398
1769719544.8584821,full,goal16.png,0.6830804347991943,0.04019737243652344,-0.20195628702640533,-2.331268310546875,1.6160756349563599,1.2858176231384277,2.620192527770996,0.012179642915725708,-0.16002747416496277,-2.339221715927124,1.586768627166748,1.290371298789978,2.614067792892456,-0.02801772952079773,0.041928812861442566,-0.007953405380249023,-0.029307007789611816,0.004553675651550293,-0.006124734878540039
1769719544.9582891,full,goal16.png,0.6744771003723145,0.02647515945136547,-0.18862804770469666,-2.3359639644622803,1.6027470827102661,1.2870898246765137,2.6171934604644775,-0.003912234678864479,-0.15126866102218628,-2.3421108722686768,1.5748618841171265,1.2912181615829468,2.6140999794006348,-0.03038739413022995,0.037359386682510376,-0.006146907806396484,-0.02788519859313965,0.0041283369064331055,-0.0030934810638427734
1769719545.0574374,full,goal16.png,0.6690778732299805,0.014328090474009514,-0.17760157585144043,-2.340083599090576,1.5918117761611938,1.2892405986785889,2.6154062747955322,-0.02062300778925419,-0.14301346242427826,-2.3429250717163086,1.5628374814987183,1.2902814149856567,2.613294839859009,-0.0349510982632637,0.03458811342716217,-0.002841472625732422,-0.028974294662475586,0.001040816307067871,-0.0021114349365234375
1769719545.156268,full,goal16.png,0.6924350261688232,-0.002029608702287078,-0.16784758865833282,-2.3434460163116455,1.5784529447555542,1.2902401685714722,2.6147701740264893,-0.03652484342455864,-0.13851836323738098,-2.343540906906128,1.5523992776870728,1.2878055572509766,2.6127278804779053,-0.03449523448944092,0.029329225420951843,-9.489059448242188e-05,-0.026053667068481445,-0.0024346113204956055,-0.0020422935485839844
1769719545.256738,full,goal16.png,0.6718772649765015,-0.018235819414258003,-0.159123495221138,-2.3450212478637695,1.5667905807495117,1.2902401685714722,2.6144065856933594,-0.05213797092437744,-0.1347217559814453,-2.3466005325317383,1.5428171157836914,1.285666584968567,2.6134161949157715,-0.03390215337276459,0.024401739239692688,-0.00157928466796875,-0.023973464965820312,-0.0045735836029052734,-0.0009903907775878906
1769719545.3574514,full,goal16.png,0.6804823279380798,-0.03359381854534149,-0.15227752923965454,-2.3466267585754395,1.5552796125411987,1.2888922691345215,2.6139976978302,-0.0669192373752594,-0.13012325763702393,-2.3534321784973145,1.5354984998703003,1.2821111679077148,2.617753744125366,-0.03332541882991791,0.022154271602630615,-0.006805419921875,-0.019781112670898438,-0.006781101226806641,0.0037560462951660156
1769719545.4739635,full,goal16.png,0.7052600383758545,-0.05019377917051315,-0.14785507321357727,-2.3498072624206543,1.5463132858276367,1.2864537239074707,2.6151034832000732,-0.08072949945926666,-0.12422452121973038,-2.3597631454467773,1.5271363258361816,1.2754348516464233,2.619198799133301,-0.03053572028875351,0.023630551993846893,-0.009955883026123047,-0.019176959991455078,-0.011018872261047363,0.004095315933227539
1769719545.5704374,full,goal16.png,0.7361893653869629,-0.0628255158662796,-0.14382614195346832,-2.354562997817993,1.5398004055023193,1.2836214303970337,2.6176934242248535,-0.09266453981399536,-0.11572448909282684,-2.3634767532348633,1.5177867412567139,1.2653703689575195,2.6154143810272217,-0.02983902394771576,0.02810165286064148,-0.008913755416870117,-0.02201366424560547,-0.01825106143951416,-0.002279043197631836
1769719545.6606078,full,goal16.png,0.7262439727783203,-0.07585108280181885,-0.1386461704969406,-2.360621452331543,1.5316216945648193,1.2784565687179565,2.618677854537964,-0.10224509239196777,-0.10783003270626068,-2.362886428833008,1.5095959901809692,1.2535094022750854,2.608262538909912,-0.026394009590148926,0.03081613779067993,-0.0022649765014648438,-0.022025704383850098,-0.024947166442871094,-0.010415315628051758
1769719545.76903,full,goal16.png,0.7368960976600647,-0.08851310610771179,-0.13164864480495453,-2.3645594120025635,1.5223826169967651,1.268990397453308,2.615936517715454,-0.11397510766983032,-0.10044512152671814,-2.362799644470215,1.5042383670806885,1.2393653392791748,2.601118326187134,-0.02546200156211853,0.03120352327823639,0.0017597675323486328,-0.01814424991607666,-0.0296250581741333,-0.014818191528320312
1769719545.8726933,full,goal16.png,0.7427178621292114,-0.09938792884349823,-0.12289442121982574,-2.3658618927001953,1.5144460201263428,1.2571159601211548,2.610332489013672,-0.1253826767206192,-0.0928412675857544,-2.362668037414551,1.499185562133789,1.226503849029541,2.5938453674316406,-0.02599474787712097,0.03005315363407135,0.0031938552856445312,-0.015260457992553711,-0.03061211109161377,-0.01648712158203125
1769719545.9721,full,goal16.png,0.7119588851928711,-0.11005070060491562,-0.11577576398849487,-2.3664679527282715,1.5079939365386963,1.2449537515640259,2.604440689086914,-0.1366359293460846,-0.08586981892585754,-2.3626832962036133,1.4918761253356934,1.2148160934448242,2.585697889328003,-0.026585228741168976,0.02990594506263733,0.003784656524658203,-0.01611781120300293,-0.03013765811920166,-0.018742799758911133
1769719546.0571988,full,goal16.png,0.7234114408493042,-0.12101637572050095,-0.10902079194784164,-2.3664374351501465,1.5026928186416626,1.2323068380355835,2.5975189208984375,-0.14516575634479523,-0.08007990568876266,-2.361771583557129,1.4838758707046509,1.205239176750183,2.577516555786133,-0.02414938062429428,0.02894088625907898,0.004665851593017578,-0.01881694793701172,-0.02706766128540039,-0.020002365112304688
1769719546.1582086,full,goal16.png,0.710719883441925,-0.13446597754955292,-0.10056909918785095,-2.3664374351501465,1.494968295097351,1.2186603546142578,2.5873863697052,-0.15417936444282532,-0.07423780858516693,-2.362053632736206,1.4748904705047607,1.1964786052703857,2.5701701641082764,-0.0197133868932724,0.02633129060268402,0.00438380241394043,-0.020077824592590332,-0.02218174934387207,-0.017216205596923828
1769719546.256466,full,goal16.png,0.7106331586837769,-0.1437959372997284,-0.09332931041717529,-2.366285800933838,1.487274169921875,1.2084064483642578,2.5789499282836914,-0.1638457477092743,-0.06683806329965591,-2.3624956607818604,1.4660329818725586,1.1860010623931885,2.561485767364502,-0.0200498104095459,0.02649124711751938,0.003790140151977539,-0.021241188049316406,-0.022405385971069336,-0.017464160919189453
1769719546.3567953,full,goal16.png,0.6887155771255493,-0.1535802036523819,-0.08736199140548706,-2.366316318511963,1.4780350923538208,1.1991370916366577,2.571770668029785,-0.17320995032787323,-0.061493825167417526,-2.36226224899292,1.4593168497085571,1.1728546619415283,2.5542850494384766,-0.019629746675491333,0.025868166238069534,0.004054069519042969,-0.018718242645263672,-0.026282429695129395,-0.017485618591308594
1769719546.4585884,full,goal16.png,0.6821610331535339,-0.16206195950508118,-0.08172763139009476,-2.3664374351501465,1.4694626331329346,1.1896406412124634,2.5645158290863037,-0.18150746822357178,-0.05816236883401871,-2.359126567840576,1.450618028640747,1.1632225513458252,2.5506906509399414,-0.0194455087184906,0.02356526255607605,0.0073108673095703125,-0.0188446044921875,-0.026418089866638184,-0.013825178146362305
1769719546.5574121,full,goal16.png,0.6885669231414795,-0.17160390317440033,-0.0752149224281311,-2.366316318511963,1.4617986679077148,1.1760092973709106,2.5560643672943115,-0.1915019154548645,-0.05600203573703766,-2.354048728942871,1.4410908222198486,1.1564728021621704,2.5493741035461426,-0.019898012280464172,0.019212886691093445,0.012267589569091797,-0.02070784568786621,-0.019536495208740234,-0.006690263748168945
1769719546.6556907,full,goal16.png,0.6695538759231567,-0.1809338629245758,-0.0704287737607956,-2.3647713661193848,1.4535592794418335,1.1663764715194702,2.5529141426086426,-0.2014579176902771,-0.052579957991838455,-2.3460633754730225,1.430859088897705,1.151830792427063,2.5478179454803467,-0.020524054765701294,0.017848815768957138,0.018707990646362305,-0.022700190544128418,-0.014545679092407227,-0.0050961971282958984
1769719546.7557535,full,goal16.png,0.6763840913772583,-0.19014261662960052,-0.06755087524652481,-2.3611061573028564,1.4437750577926636,1.1591215133666992,2.550687551498413,-0.2117094099521637,-0.04959519952535629,-2.3385703563690186,1.422674536705017,1.1456509828567505,2.546170234680176,-0.02156679332256317,0.017955675721168518,0.02253580093383789,-0.021100521087646484,-0.01347053050994873,-0.004517316818237305
1769719546.856489,full,goal16.png,0.6773042678833008,-0.1999874711036682,-0.06430988758802414,-2.354593276977539,1.4343844652175903,1.153365969657898,2.548233985900879,-0.2205495536327362,-0.0440150648355484,-2.3328754901885986,1.4186500310897827,1.138162612915039,2.5418970584869385,-0.020562082529067993,0.02029482275247574,0.02171778678894043,-0.015734434127807617,-0.015203356742858887,-0.00633692741394043
1769719546.9560575,full,goal16.png,0.691704511642456,-0.21004442870616913,-0.061038170009851456,-2.3479292392730713,1.426326870918274,1.1474894285202026,2.5458712577819824,-0.22974804043769836,-0.035097815096378326,-2.3294689655303955,1.417676329612732,1.1276392936706543,2.532968521118164,-0.019703611731529236,0.02594035491347313,0.01846027374267578,-0.008650541305541992,-0.01985013484954834,-0.01290273666381836
1769719547.0596635,full,goal16.png,0.6906201839447021,-0.2186473160982132,-0.056040193885564804,-2.3421432971954346,1.4210560321807861,1.1395983695983887,2.5414938926696777,-0.23970496654510498,-0.024822978302836418,-2.3287513256073,1.4183851480484009,1.117576003074646,2.5234262943267822,-0.021057650446891785,0.031217215582728386,0.013391971588134766,-0.002670884132385254,-0.022022366523742676,-0.018067598342895508
1769719547.1582203,full,goal16.png,0.6870313882827759,-0.22740168869495392,-0.04828545078635216,-2.338901996612549,1.4186931848526,1.1311771869659424,2.5349204540252686,-0.25112879276275635,-0.019081953912973404,-2.32977032661438,1.417540192604065,1.1098531484603882,2.5193405151367188,-0.02372710406780243,0.029203496873378754,0.009131669998168945,-0.0011529922485351562,-0.0213240385055542,-0.015579938888549805
1769719547.2588842,full,goal16.png,0.6773772239685059,-0.2385794073343277,-0.03819819912314415,-2.3374178409576416,1.4183599948883057,1.1206657886505127,2.5258936882019043,-0.2632773518562317,-0.015658773481845856,-2.3316009044647217,1.4157172441482544,1.105480670928955,2.5193676948547363,-0.02469794452190399,0.022539425641298294,0.005816936492919922,-0.0026427507400512695,-0.015185117721557617,-0.006525993347167969
1769719547.3579912,full,goal16.png,0.6845398545265198,-0.2491816133260727,-0.03159449249505997,-2.3374783992767334,1.4177238941192627,1.113471508026123,2.522031307220459,-0.2728111147880554,-0.01167510449886322,-2.3301193714141846,1.411615014076233,1.0990233421325684,2.5145459175109863,-0.023629501461982727,0.019919387996196747,0.007359027862548828,-0.006108880043029785,-0.014448165893554688,-0.007485389709472656
1769719547.4570367,full,goal16.png,0.6740376949310303,-0.26084402203559875,-0.027504991739988327,-2.3379931449890137,1.4160882234573364,1.1075342893600464,2.520426034927368,-0.28001904487609863,-0.005011355504393578,-2.3265814781188965,1.4062596559524536,1.091881513595581,2.503737211227417,-0.019175022840499878,0.02249363623559475,0.011411666870117188,-0.009828567504882812,-0.015652775764465332,-0.016688823699951172
1769719547.5574772,full,goal16.png,0.6648769378662109,-0.2695378065109253,-0.022718843072652817,-2.337629795074463,1.4131194353103638,1.1010820865631104,2.5155186653137207,-0.2843404710292816,-0.0003673546016216278,-2.321486234664917,1.4018954038619995,1.08286452293396,2.491830825805664,-0.014802664518356323,0.02235148847103119,0.0161435604095459,-0.011224031448364258,-0.01821756362915039,-0.02368783950805664
1769719547.6576176,full,goal16.png,0.6872566938400269,-0.2774743437767029,-0.01632726565003395,-2.3355700969696045,1.4085150957107544,1.0921460390090942,2.5052194595336914,-0.2891443371772766,0.003298509865999222,-2.316582202911377,1.3969100713729858,1.073698878288269,2.4828600883483887,-0.01166999340057373,0.019625775516033173,0.01898789405822754,-0.011605024337768555,-0.018447160720825195,-0.022359371185302734
1769719547.7552457,full,goal16.png,0.6795779466629028,-0.2828662693500519,-0.010965597815811634,-2.3321166038513184,1.404395341873169,1.0839670896530151,2.495223045349121,-0.29632413387298584,0.004762942902743816,-2.311802387237549,1.3915257453918457,1.0644097328186035,2.4741947650909424,-0.01345786452293396,0.01572854071855545,0.02031421661376953,-0.012869596481323242,-0.01955735683441162,-0.02102828025817871
1769719547.8578706,full,goal16.png,0.696232795715332,-0.28834909200668335,-0.006997528951615095,-2.3270275592803955,1.3991247415542603,1.0747886896133423,2.485499143600464,-0.3070714473724365,0.004942561965435743,-2.3100414276123047,1.3863924741744995,1.0569912195205688,2.4676589965820312,-0.018722355365753174,0.011940090917050838,0.01698613166809082,-0.012732267379760742,-0.017797470092773438,-0.017840147018432617
1769719547.956907,full,goal16.png,0.6995494365692139,-0.2960735559463501,-0.0050588431768119335,-2.3226656913757324,1.3935508728027344,1.0659586191177368,2.476547956466675,-0.32112306356430054,0.007075323257595301,-2.310380220413208,1.384643793106079,1.0502285957336426,2.462590217590332,-0.02504950761795044,0.012134166434407234,0.012285470962524414,-0.008907079696655273,-0.01573002338409424,-0.013957738876342773
1769719548.0572958,full,goal16.png,0.6976927518844604,-0.30585789680480957,-0.003968068864196539,-2.3200604915618896,1.388976812362671,1.0589611530303955,2.4699747562408447,-0.3365267813205719,0.011637024581432343,-2.3101816177368164,1.3836687803268433,1.0425279140472412,2.458198308944702,-0.03066888451576233,0.015605093911290169,0.009878873825073242,-0.005308032035827637,-0.016433238983154297,-0.011776447296142578
1769719548.1571882,full,goal16.png,0.6883525252342224,-0.31936806440353394,-0.0022113793529570103,-2.319394111633301,1.386735200881958,1.0520696640014648,2.4645068645477295,-0.3502214848995209,0.016593873500823975,-2.308335781097412,1.3813185691833496,1.034760594367981,2.4515769481658936,-0.03085342049598694,0.018805252388119698,0.011058330535888672,-0.0054166316986083984,-0.017309069633483887,-0.012929916381835938
1769719548.2569332,full,goal16.png,0.6891522407531738,-0.3328782916069031,0.0015448620542883873,-2.318727731704712,1.3854628801345825,1.0446178913116455,2.459690570831299,-0.3628092408180237,0.02094891667366028,-2.305816173553467,1.378711462020874,1.0236711502075195,2.443418264389038,-0.029930949211120605,0.019404053688049316,0.012911558151245117,-0.006751418113708496,-0.020946741104125977,-0.016272306442260742
1769719548.3565583,full,goal16.png,0.6826930046081543,-0.3479333817958832,0.006452141795307398,-2.317152500152588,1.3830091953277588,1.0360301733016968,2.4530112743377686,-0.3712249994277954,0.025799307972192764,-2.301849842071533,1.3755550384521484,1.0120961666107178,2.434826612472534,-0.02329161763191223,0.019347166642546654,0.015302658081054688,-0.0074541568756103516,-0.023934006690979004,-0.018184661865234375
1769719548.4568186,full,goal16.png,0.6816643476486206,-0.35950493812561035,0.010693205520510674,-2.3146684169769287,1.3806465864181519,1.0253673791885376,2.444287061691284,-0.3778388202190399,0.030598055571317673,-2.2947282791137695,1.374518871307373,0.998020589351654,2.425877094268799,-0.018333882093429565,0.019904850050807,0.01994013786315918,-0.006127715110778809,-0.027346789836883545,-0.01840996742248535
1769719548.5573735,full,goal16.png,0.6773581504821777,-0.36844101548194885,0.015206661075353622,-2.311184883117676,1.3780111074447632,1.0138412714004517,2.435608386993408,-0.385171115398407,0.03508177399635315,-2.287996530532837,1.374150037765503,0.9833394289016724,2.4167137145996094,-0.01673009991645813,0.019875112920999527,0.023188352584838867,-0.003861069679260254,-0.030501842498779297,-0.018894672393798828
1769719548.6576724,full,goal16.png,0.6762796640396118,-0.3761957585811615,0.01953842118382454,-2.3061869144439697,1.37664794921875,1.0017699003219604,2.427899122238159,-0.3942515254020691,0.03716491162776947,-2.2847702503204346,1.3736653327941895,0.9701349139213562,2.4102694988250732,-0.018055766820907593,0.01762649044394493,0.021416664123535156,-0.002982616424560547,-0.03163498640060425,-0.017629623413085938
1769719548.7564092,full,goal16.png,0.6843140125274658,-0.3842231035232544,0.024142876267433167,-2.2994015216827393,1.3757694959640503,0.9862605333328247,2.4187510013580322,-0.40522271394729614,0.038086481392383575,-2.2836923599243164,1.3710410594940186,0.9590545892715454,2.40590238571167,-0.020999610424041748,0.013943605124950409,0.01570916175842285,-0.004728436470031738,-0.027205944061279297,-0.012848615646362305
1769719548.857365,full,goal16.png,0.6936866641044617,-0.3926745653152466,0.0268689077347517,-2.295645236968994,1.3748306035995483,0.9732652306556702,2.4126622676849365,-0.41792193055152893,0.03979212045669556,-2.2829978466033936,1.3696991205215454,0.9502630233764648,2.4006667137145996,-0.02524736523628235,0.012923212721943855,0.012647390365600586,-0.00513148307800293,-0.023002207279205322,-0.011995553970336914
1769719548.9574175,full,goal16.png,0.6873209476470947,-0.40288296341896057,0.028201943263411522,-2.293827772140503,1.3731341361999512,0.9632840156555176,2.407588481903076,-0.42869603633880615,0.04199196398258209,-2.2807693481445312,1.3683936595916748,0.9426253437995911,2.394303560256958,-0.02581307291984558,0.01379002071917057,0.01305842399597168,-0.004740476608276367,-0.020658671855926514,-0.013284921646118164
1769719549.0579896,full,goal16.png,0.6939734220504761,-0.4151512384414673,0.03008006326854229,-2.2924644947052,1.371165156364441,0.9534391164779663,2.4014997482299805,-0.43752551078796387,0.045046307146549225,-2.2783122062683105,1.367215871810913,0.9329981803894043,2.3859047889709473,-0.022374272346496582,0.014966243878006935,0.014152288436889648,-0.003949284553527832,-0.02044093608856201,-0.015594959259033203
1769719549.157671,full,goal16.png,0.6767544746398926,-0.42632895708084106,0.03259426727890968,-2.290616989135742,1.3698625564575195,0.9443516135215759,2.394684076309204,-0.4438725411891937,0.04656965658068657,-2.2738282680511475,1.3651899099349976,0.9224433898925781,2.378333568572998,-0.01754358410835266,0.013975389301776886,0.016788721084594727,-0.004672646522521973,-0.021908223628997803,-0.016350507736206055
1769719549.2571912,full,goal16.png,0.6753138899803162,-0.4345683753490448,0.035502295941114426,-2.288435697555542,1.3684085607528687,0.9361424446105957,2.3878986835479736,-0.4496114253997803,0.049924157559871674,-2.2678818702697754,1.3641486167907715,0.9118770956993103,2.369030475616455,-0.015043050050735474,0.014421861618757248,0.0205538272857666,-0.004259943962097168,-0.0242653489112854,-0.018868207931518555
1769719549.3586967,full,goal16.png,0.6910320520401001,-0.44150519371032715,0.037834808230400085,-2.285285234451294,1.3665910959243774,0.9256614446640015,2.3799924850463867,-0.4562559127807617,0.05293785035610199,-2.2625529766082764,1.3638452291488647,0.9039410948753357,2.361715316772461,-0.01475071907043457,0.015103042125701904,0.022732257843017578,-0.0027458667755126953,-0.02172034978866577,-0.01827716827392578
1769719549.4579544,full,goal16.png,0.6879370212554932,-0.44810888171195984,0.040682271122932434,-2.2804083824157715,1.365288496017456,0.914862334728241,2.370859384536743,-0.4648917317390442,0.057590551674366,-2.2597458362579346,1.3648489713668823,0.8951984643936157,2.3538408279418945,-0.01678285002708435,0.016908280551433563,0.020662546157836914,-0.00043952465057373047,-0.019663870334625244,-0.017018556594848633
1769719549.557825,full,goal16.png,0.6878588199615479,-0.45465195178985596,0.044105254113674164,-2.275773525238037,1.364652395248413,0.9068500995635986,2.3639073371887207,-0.4739762842655182,0.06220051646232605,-2.256265163421631,1.3654245138168335,0.8862666487693787,2.3456971645355225,-0.01932433247566223,0.018095262348651886,0.01950836181640625,0.0007721185684204102,-0.02058345079421997,-0.018210172653198242
1769719549.6581304,full,goal16.png,0.6760533452033997,-0.46273988485336304,0.04837614670395851,-2.271744966506958,1.3648039102554321,0.898065447807312,2.3560616970062256,-0.4844205379486084,0.06831246614456177,-2.253532648086548,1.3652292490005493,0.8753848671913147,2.3352856636047363,-0.02168065309524536,0.019936319440603256,0.018212318420410156,0.0004253387451171875,-0.022680580615997314,-0.020776033401489258
1769719549.757471,full,goal16.png,0.687942624092102,-0.4727059304714203,0.052768774330616,-2.267897844314575,1.3651976585388184,0.888129711151123,2.3472166061401367,-0.49501416087150574,0.0725267082452774,-2.249962091445923,1.3650412559509277,0.8650075197219849,2.324943780899048,-0.02230823040008545,0.019757933914661407,0.017935752868652344,-0.000156402587890625,-0.023122191429138184,-0.022272825241088867
1769719549.8581161,full,goal16.png,0.6876501441001892,-0.48276287317276,0.05806957557797432,-2.2646565437316895,1.3652279376983643,0.8775274753570557,2.3372504711151123,-0.503269612789154,0.07607349753379822,-2.2443604469299316,1.3661024570465088,0.8539324998855591,2.3157620429992676,-0.020506739616394043,0.0180039219558239,0.020296096801757812,0.0008745193481445312,-0.023594975471496582,-0.021488428115844727
1769719549.9559624,full,goal16.png,0.6931999921798706,-0.4929106533527374,0.06358280777931213,-2.260748863220215,1.3652582168579102,0.8665769696235657,2.3266937732696533,-0.5119997262954712,0.07836426794528961,-2.2374680042266846,1.3681682348251343,0.8449956774711609,2.308300733566284,-0.019089072942733765,0.014781460165977478,0.023280858993530273,0.002910017967224121,-0.021581292152404785,-0.01839303970336914
1769719550.060203,full,goal16.png,0.6824040412902832,-0.5012712478637695,0.06733904778957367,-2.2560839653015137,1.365954875946045,0.8566260933876038,2.3180150985717773,-0.5210870504379272,0.08025005459785461,-2.2329421043395996,1.3686199188232422,0.836516261100769,2.302903652191162,-0.019815802574157715,0.012911006808280945,0.023141860961914062,0.0026650428771972656,-0.020109832286834717,-0.015111446380615234
1769719550.1565795,full,goal16.png,0.6820214986801147,-0.509480357170105,0.07018651068210602,-2.2511463165283203,1.3672271966934204,0.8478413820266724,2.3110783100128174,-0.5303261280059814,0.0806119292974472,-2.2290616035461426,1.3685745000839233,0.8293458223342896,2.298672676086426,-0.020845770835876465,0.010425418615341187,0.022084712982177734,0.0013473033905029297,-0.018495559692382812,-0.012405633926391602
1769719550.256807,full,goal16.png,0.6880275011062622,-0.5200219750404358,0.0722767636179924,-2.2454516887664795,1.367984414100647,0.8380116820335388,2.3043079376220703,-0.5398493409156799,0.08049340546131134,-2.2249813079833984,1.3671092987060547,0.8211027383804321,2.2936298847198486,-0.01982736587524414,0.00821664184331894,0.020470380783081055,-0.0008751153945922852,-0.01690894365310669,-0.01067805290222168
1769719550.357328,full,goal16.png,0.6823757886886597,-0.5283522009849548,0.07324610650539398,-2.241483211517334,1.3681360483169556,0.8311656713485718,2.299643039703369,-0.5488409399986267,0.08023488521575928,-2.2199039459228516,1.3649418354034424,0.8134607672691345,2.2871975898742676,-0.020488739013671875,0.006988778710365295,0.021579265594482422,-0.0031942129135131836,-0.017704904079437256,-0.012445449829101562
1769719550.4573834,full,goal16.png,0.6846132278442383,-0.5382577180862427,0.07360949367284775,-2.237333059310913,1.3675302267074585,0.8232746124267578,2.294114828109741,-0.557988166809082,0.0797392874956131,-2.215742349624634,1.361312985420227,0.8036792874336243,2.279874801635742,-0.019730448722839355,0.00612979382276535,0.021590709686279297,-0.006217241287231445,-0.019595324993133545,-0.014240026473999023
1769719550.5571744,full,goal16.png,0.6802892088890076,-0.547678530216217,0.07333680242300034,-2.2321534156799316,1.3655004501342773,0.8147171139717102,2.287405014038086,-0.5659211874008179,0.07871134579181671,-2.2110607624053955,1.3587332963943481,0.7938390970230103,2.2732911109924316,-0.01824265718460083,0.005374543368816376,0.021092653274536133,-0.006767153739929199,-0.02087801694869995,-0.014113903045654297
1769719550.6565828,full,goal16.png,0.6831967234611511,-0.5558876395225525,0.07309453934431076,-2.228245735168457,1.3625319004058838,0.805629551410675,2.2810134887695312,-0.5740814208984375,0.07795778661966324,-2.2063870429992676,1.3587603569030762,0.7828340530395508,2.266110897064209,-0.01819378137588501,0.004863247275352478,0.021858692169189453,-0.003771543502807617,-0.022795498371124268,-0.014902591705322266
1769719550.757084,full,goal16.png,0.6851204633712769,-0.5642784833908081,0.07257958501577377,-2.2239441871643066,1.360411524772644,0.7957392334938049,2.2740917205810547,-0.5821923017501831,0.07691123336553574,-2.2014994621276855,1.3574072122573853,0.773687481880188,2.2603912353515625,-0.017913818359375,0.004331648349761963,0.022444725036621094,-0.003004312515258789,-0.022051751613616943,-0.013700485229492188
1769719550.8568249,full,goal16.png,0.6847503185272217,-0.5730025768280029,0.07151924818754196,-2.2185826301574707,1.3595633506774902,0.7847887277603149,2.266897439956665,-0.5898438096046448,0.07704000174999237,-2.198319911956787,1.356818675994873,0.7670770287513733,2.256631851196289,-0.016841232776641846,0.005520753562450409,0.020262718200683594,-0.0027446746826171875,-0.01771169900894165,-0.010265588760375977
1769719550.9547992,full,goal16.png,0.6977283358573914,-0.580848217010498,0.07079246640205383,-2.2135539054870605,1.3587453365325928,0.7758828997612,2.261626720428467,-0.5981225967407227,0.07885424047708511,-2.19630765914917,1.3570046424865723,0.7601194977760315,2.2525758743286133,-0.01727437973022461,0.00806177407503128,0.017246246337890625,-0.0017406940460205078,-0.015763401985168457,-0.009050846099853516
1769719551.0570762,full,goal16.png,0.682633101940155,-0.5889058113098145,0.07061047106981277,-2.2101309299468994,1.358351707458496,0.7681130170822144,2.2571585178375244,-0.6045958399772644,0.07997342199087143,-2.193099021911621,1.3607280254364014,0.7537263035774231,2.247807741165161,-0.01569002866744995,0.009362950921058655,0.01703190803527832,0.0023763179779052734,-0.01438671350479126,-0.009350776672363281
1769719551.1608279,full,goal16.png,0.6792571544647217,-0.5972058773040771,0.07142855226993561,-2.20713210105896,1.3586242198944092,0.761115550994873,2.2530388832092285,-0.611656665802002,0.08063600957393646,-2.189000129699707,1.3617923259735107,0.7443177700042725,2.2410027980804443,-0.014450788497924805,0.009207457304000854,0.01813197135925293,0.0031681060791015625,-0.016797780990600586,-0.01203608512878418
1769719551.2569277,full,goal16.png,0.6762497425079346,-0.6030521988868713,0.07230689376592636,-2.204224109649658,1.3597450256347656,0.7544816136360168,2.2482829093933105,-0.6184753775596619,0.07953786104917526,-2.1851794719696045,1.360199213027954,0.7363854646682739,2.2355105876922607,-0.015423178672790527,0.007230967283248901,0.01904463768005371,0.00045418739318847656,-0.01809614896774292,-0.012772321701049805
1769719551.357716,full,goal16.png,0.6767964363098145,-0.6100496649742126,0.07291284948587418,-2.200831413269043,1.360775113105774,0.7464845776557922,2.2426183223724365,-0.6248602867126465,0.07893270254135132,-2.1802725791931152,1.3580281734466553,0.7280088663101196,2.227477550506592,-0.014810621738433838,0.006019853055477142,0.020558834075927734,-0.0027469396591186523,-0.018475711345672607,-0.015140771865844727
1769719551.4585145,full,goal16.png,0.6757168769836426,-0.6179558634757996,0.072731152176857,-2.1971359252929688,1.3602601289749146,0.7374272346496582,2.2353787422180176,-0.6295779943466187,0.07884305715560913,-2.175454616546631,1.356194257736206,0.7213387489318848,2.2215089797973633,-0.011622130870819092,0.006111904978752136,0.02168130874633789,-0.004065871238708496,-0.016088485717773438,-0.013869762420654297
1769719551.55699,full,goal16.png,0.6781915426254272,-0.623317539691925,0.07236745953559875,-2.1930463314056396,1.3591392040252686,0.7305358052253723,2.2292444705963135,-0.6353267431259155,0.07854506373405457,-2.170649528503418,1.3535959720611572,0.7136012315750122,2.215315341949463,-0.012009203433990479,0.0061776041984558105,0.02239680290222168,-0.005543231964111328,-0.016934573650360107,-0.013929128646850586
1769719551.6576574,full,goal16.png,0.6873842477798462,-0.6283459663391113,0.0719435065984726,-2.188805341720581,1.3578367233276367,0.7229476571083069,2.2224137783050537,-0.6422358751296997,0.07835758477449417,-2.167717456817627,1.3541665077209473,0.705387532711029,2.2112574577331543,-0.013889908790588379,0.006414078176021576,0.0210878849029541,-0.003670215606689453,-0.017560124397277832,-0.011156320571899414
1769719551.7578819,full,goal16.png,0.6876834034919739,-0.6348587274551392,0.07185250520706177,-2.1835954189300537,1.3556556701660156,0.7147234082221985,2.2162492275238037,-0.650987982749939,0.07917055487632751,-2.1659412384033203,1.356247901916504,0.6968088746070862,2.206336259841919,-0.016129255294799805,0.007318049669265747,0.0176541805267334,0.0005922317504882812,-0.017914533615112305,-0.009912967681884766
1769719551.8571427,full,goal16.png,0.6851180791854858,-0.6419167518615723,0.07173137366771698,-2.1798088550567627,1.3556253910064697,0.7066354751586914,2.2112812995910645,-0.6584746837615967,0.080654576420784,-2.1631364822387695,1.3577214479446411,0.6871919631958008,2.2003402709960938,-0.016557931900024414,0.008923202753067017,0.016672372817993164,0.0020960569381713867,-0.019443511962890625,-0.010941028594970703
1769719551.9571633,full,goal16.png,0.6835341453552246,-0.6496714949607849,0.07191307097673416,-2.1773552894592285,1.35635244846344,0.6986232399940491,2.206904172897339,-0.6641756892204285,0.08151651173830032,-2.15909481048584,1.3574985265731812,0.6806962490081787,2.194420337677002,-0.014504194259643555,0.009603440761566162,0.018260478973388672,0.001146078109741211,-0.01792699098587036,-0.012483835220336914
1769719552.0581872,full,goal16.png,0.6826331615447998,-0.6563963294029236,0.07282184809446335,-2.174689292907715,1.3573216199874878,0.6897022724151611,2.201072931289673,-0.6714239716529846,0.08221083879470825,-2.1564183235168457,1.3587114810943604,0.6716392636299133,2.1883010864257812,-0.015027642250061035,0.009388990700244904,0.01827096939086914,0.0013898611068725586,-0.018063008785247803,-0.012771844863891602
1769719552.1578,full,goal16.png,0.6852808594703674,-0.6635755300521851,0.07385175675153732,-2.1712965965270996,1.3578670024871826,0.6815991997718811,2.1947269439697266,-0.6778393983840942,0.08200819045305252,-2.153158187866211,1.359231948852539,0.6644889116287231,2.1823225021362305,-0.01426386833190918,0.008156433701515198,0.018138408660888672,0.0013649463653564453,-0.01711028814315796,-0.012404441833496094
1769719552.2566814,full,goal16.png,0.6797961592674255,-0.6700882911682129,0.0744878426194191,-2.1687521934509277,1.3584728240966797,0.6733294725418091,2.1890015602111816,-0.6857693195343018,0.08271531760692596,-2.151427745819092,1.3605766296386719,0.6543632745742798,2.1762824058532715,-0.015681028366088867,0.008227474987506866,0.017324447631835938,0.0021038055419921875,-0.018966197967529297,-0.012719154357910156
1769719552.358251,full,goal16.png,0.6824724078178406,-0.6775704026222229,0.07485153526067734,-2.1657533645629883,1.3591392040252686,0.6650749444961548,2.183049201965332,-0.6944515109062195,0.08303680270910263,-2.149301767349243,1.3599215745925903,0.644861102104187,2.170156955718994,-0.016881108283996582,0.008185267448425293,0.016451597213745117,0.0007823705673217773,-0.020213842391967773,-0.01289224624633789
1769719552.456144,full,goal16.png,0.6907204389572144,-0.6846889853477478,0.07512422651052475,-2.1634209156036377,1.3597147464752197,0.6562448143959045,2.17755126953125,-0.7032907605171204,0.08331918716430664,-2.1466612815856934,1.3597444295883179,0.635017454624176,2.16586971282959,-0.01860177516937256,0.008194960653781891,0.016759634017944336,2.968311309814453e-05,-0.021227359771728516,-0.011681556701660156
1769719552.559809,full,goal16.png,0.6835201978683472,-0.6937159895896912,0.07545718550682068,-2.1606340408325195,1.3596844673156738,0.6456274390220642,2.1712961196899414,-0.712460458278656,0.08447220921516418,-2.144132137298584,1.359657645225525,0.6262072920799255,2.1604669094085693,-0.018744468688964844,0.009015023708343506,0.016501903533935547,-2.682209014892578e-05,-0.019420146942138672,-0.01082921028137207
1769719552.657495,full,goal16.png,0.683426022529602,-0.7025006413459778,0.07554817944765091,-2.158240795135498,1.359654188156128,0.6372365951538086,2.1667826175689697,-0.720034122467041,0.08594729751348495,-2.1403489112854004,1.3609833717346191,0.6176950931549072,2.1557252407073975,-0.017533481121063232,0.010399118065834045,0.017891883850097656,0.001329183578491211,-0.019541501998901367,-0.011057376861572266
1769719552.7587755,full,goal16.png,0.6939034461975098,-0.7110430002212524,0.07618426531553268,-2.1553025245666504,1.3597147464752197,0.628436803817749,2.1610724925994873,-0.7273275852203369,0.08635478466749191,-2.136773109436035,1.3601794242858887,0.6103677749633789,2.151784658432007,-0.016284584999084473,0.010170519351959229,0.018529415130615234,0.0004646778106689453,-0.018069028854370117,-0.009287834167480469
1769719552.8580132,full,goal16.png,0.691126823425293,-0.7194641828536987,0.07733530551195145,-2.151697874069214,1.3601086139678955,0.6199096441268921,2.1564226150512695,-0.7338698506355286,0.08534001559019089,-2.1327390670776367,1.3565737009048462,0.6039090752601624,2.149327039718628,-0.014405667781829834,0.008004710078239441,0.01895880699157715,-0.0035349130630493164,-0.016000568866729736,-0.0070955753326416016
1769719552.9571927,full,goal16.png,0.6842795610427856,-0.7267948389053345,0.07800181955099106,-2.148244619369507,1.3596844673156738,0.612276017665863,2.152514934539795,-0.7399299740791321,0.08364184945821762,-2.1287808418273926,1.3526923656463623,0.598770260810852,2.146519660949707,-0.013135135173797607,0.0056400299072265625,0.019463777542114258,-0.0069921016693115234,-0.013505756855010986,-0.005995273590087891
1769719553.0575607,full,goal16.png,0.6805245876312256,-0.7336710691452026,0.0775778666138649,-2.145003318786621,1.3578063249588013,0.6058238744735718,2.1495463848114014,-0.7463787198066711,0.0836028978228569,-2.125739574432373,1.352086067199707,0.5925177335739136,2.1431097984313965,-0.012707650661468506,0.006025031208992004,0.019263744354248047,-0.005720257759094238,-0.013306140899658203,-0.006436586380004883
1769719553.1582963,full,goal16.png,0.6726298332214355,-0.7402141690254211,0.07648709416389465,-2.141519784927368,1.3551104068756104,0.5998715162277222,2.1467747688293457,-0.7524323463439941,0.08282335102558136,-2.122382640838623,1.3527802228927612,0.5867120027542114,2.140346050262451,-0.012218177318572998,0.0063362568616867065,0.019137144088745117,-0.002330183982849121,-0.013159513473510742,-0.006428718566894531
1769719553.2576458,full,goal16.png,0.6806069016456604,-0.746545135974884,0.07588144391775131,-2.1382784843444824,1.3542319536209106,0.5936464667320251,2.1438817977905273,-0.7576636075973511,0.08124470710754395,-2.11907696723938,1.3540592193603516,0.5827958583831787,2.1385114192962646,-0.011118471622467041,0.005363263189792633,0.01920151710510254,-0.00017273426055908203,-0.010850608348846436,-0.005370378494262695
1769719553.3573015,full,goal16.png,0.6746530532836914,-0.7527247071266174,0.07545718550682068,-2.1345224380493164,1.3542622327804565,0.5884514451026917,2.1414735317230225,-0.7624506950378418,0.0786672830581665,-2.116326093673706,1.3521473407745361,0.5785918831825256,2.1374077796936035,-0.009725987911224365,0.003210097551345825,0.01819634437561035,-0.00211489200592041,-0.009859561920166016,-0.004065752029418945
1769719553.4573166,full,goal16.png,0.6756260991096497,-0.7586013674736023,0.07421544939279556,-2.130584239959717,1.3544743061065674,0.5840742588043213,2.1397621631622314,-0.7668295502662659,0.07626781612634659,-2.1140036582946777,1.3473066091537476,0.5757184028625488,2.135920524597168,-0.008228182792663574,0.0020523667335510254,0.016580581665039062,-0.007167696952819824,-0.008355855941772461,-0.0038416385650634766
1769719553.559906,full,goal16.png,0.671960711479187,-0.7637509703636169,0.07167080789804459,-2.1274642944335938,1.3530505895614624,0.5803483724594116,2.1384291648864746,-0.7706018686294556,0.07389672100543976,-2.1113386154174805,1.3426498174667358,0.5739472508430481,2.134786605834961,-0.006850898265838623,0.002225913107395172,0.01612567901611328,-0.010400772094726562,-0.006401121616363525,-0.003642559051513672
1769719553.6590466,full,goal16.png,0.6854335069656372,-0.767991840839386,0.069247305393219,-2.124526023864746,1.3498092889785767,0.577637255191803,2.1367783546447754,-0.772718071937561,0.07205856591463089,-2.1063060760498047,1.340944528579712,0.5703684091567993,2.131864309310913,-0.004726231098175049,0.0028112605214118958,0.018219947814941406,-0.008864760398864746,-0.007268846035003662,-0.004914045333862305
1769719553.7571425,full,goal16.png,0.6899034976959229,-0.772020697593689,0.06667253375053406,-2.1212241649627686,1.34547758102417,0.5748806595802307,2.134718418121338,-0.77362459897995,0.07037778198719025,-2.1003079414367676,1.3413877487182617,0.5658385157585144,2.128419876098633,-0.0016039013862609863,0.003705248236656189,0.020916223526000977,-0.004089832305908203,-0.009042143821716309,-0.006298542022705078
1769719553.8571332,full,goal16.png,0.6886770725250244,-0.7740805149078369,0.0643400251865387,-2.117013692855835,1.343417763710022,0.5714576840400696,2.1320528984069824,-0.7735439538955688,0.06901837885379791,-2.093928337097168,1.3444437980651855,0.5629138946533203,2.124419927597046,0.0005365610122680664,0.004678353667259216,0.023085355758666992,0.0010260343551635742,-0.008543789386749268,-0.0076329708099365234
1769719553.9587567,full,goal16.png,0.680128276348114,-0.7749286890029907,0.06225007399916649,-2.1120457649230957,1.3433269262313843,0.5675196647644043,2.1288115978240967,-0.775235116481781,0.0672137513756752,-2.088499069213867,1.346189022064209,0.5593048930168152,2.1208367347717285,-0.0003064274787902832,0.004963677376508713,0.023546695709228516,0.002862095832824707,-0.008214771747589111,-0.007974863052368164
1769719554.0587072,full,goal16.png,0.6828457713127136,-0.7752619385719299,0.06067477911710739,-2.106259822845459,1.3445384502410889,0.5640058517456055,2.1253280639648438,-0.7787604331970215,0.06902320683002472,-2.0867154598236084,1.3503340482711792,0.5561594367027283,2.1168861389160156,-0.0034984946250915527,0.008348427712917328,0.019544363021850586,0.005795598030090332,-0.007846415042877197,-0.008441925048828125
1769719554.1584244,full,goal16.png,0.6825583577156067,-0.7767765522003174,0.05940261110663414,-2.1011407375335693,1.3471132516860962,0.5601587891578674,2.121480941772461,-0.7826949954032898,0.07347893714904785,-2.0876870155334473,1.355666160583496,0.5520310401916504,2.113524913787842,-0.005918443202972412,0.014076326042413712,0.01345372200012207,0.008552908897399902,-0.008127748966217041,-0.00795602798461914
1769719554.2569163,full,goal16.png,0.6774585843086243,-0.7800177931785583,0.06000826135277748,-2.0989291667938232,1.350960373878479,0.5566751956939697,2.117936849594116,-0.786151111125946,0.07718315720558167,-2.08879017829895,1.3603191375732422,0.548189103603363,2.109173059463501,-0.006133317947387695,0.017174895852804184,0.010138988494873047,0.009358763694763184,-0.00848609209060669,-0.008763790130615234
1769719554.357111,full,goal16.png,0.6841117739677429,-0.7838042974472046,0.06309828907251358,-2.09865665435791,1.355231523513794,0.5529492497444153,2.1143622398376465,-0.7899824976921082,0.0773819237947464,-2.0880067348480225,1.3612076044082642,0.5436920523643494,2.104731559753418,-0.0061782002449035645,0.014283634722232819,0.010649919509887695,0.005976080894470215,-0.009257197380065918,-0.009630680084228516
1769719554.4594738,full,goal16.png,0.6858922243118286,-0.7874090075492859,0.06700579077005386,-2.098717212677002,1.3587150573730469,0.5485115051269531,2.1098639965057373,-0.7946323752403259,0.07709477841854095,-2.0874269008636475,1.363353967666626,0.5396705865859985,2.0992000102996826,-0.007223367691040039,0.010088987648487091,0.011290311813354492,0.0046389102935791016,-0.00884091854095459,-0.010663986206054688
1769719554.5586321,full,goal16.png,0.6883248686790466,-0.7910440564155579,0.06858108937740326,-2.0985960960388184,1.360229730606079,0.5444977879524231,2.105759382247925,-0.7975413203239441,0.07541333884000778,-2.0857768058776855,1.3626834154129028,0.5375831723213196,2.094986915588379,-0.0064972639083862305,0.006832249462604523,0.012819290161132812,0.0024536848068237305,-0.006914615631103516,-0.010772466659545898
1769719554.6575367,full,goal16.png,0.6799179315567017,-0.7946487665176392,0.06821739673614502,-2.0982325077056885,1.361835241317749,0.5409687757492065,2.1015942096710205,-0.7985884547233582,0.07418827712535858,-2.083693027496338,1.3630017042160034,0.5357972383499146,2.0911426544189453,-0.003939688205718994,0.005970880389213562,0.014539480209350586,0.0011664628982543945,-0.005171537399291992,-0.010451555252075195
1769719554.7577472,full,goal16.png,0.6826255321502686,-0.7974053621292114,0.06733904778957367,-2.0969905853271484,1.3620774745941162,0.5379396080970764,2.097353458404541,-0.7998899817466736,0.07343562692403793,-2.0816495418548584,1.364824891090393,0.5350034236907959,2.087803602218628,-0.002484619617462158,0.006096579134464264,0.015341043472290039,0.0027474164962768555,-0.0029361844062805176,-0.009549856185913086
1769719554.8644736,full,goal16.png,0.6878256797790527,-0.7992228865623474,0.06661196798086166,-2.0951731204986572,1.3625621795654297,0.5360009074211121,2.093294143676758,-0.8017926216125488,0.07264252007007599,-2.078714370727539,1.3680572509765625,0.5336709022521973,2.084571123123169,-0.002569735050201416,0.006030552089214325,0.016458749771118164,0.0054950714111328125,-0.002330005168914795,-0.008723020553588867
1769719554.9610054,full,goal16.png,0.6843572854995728,-0.8004648089408875,0.06558205932378769,-2.093355655670166,1.3639253377914429,0.5348801016807556,2.090416431427002,-0.8030954599380493,0.07170609384775162,-2.0752625465393066,1.3718194961547852,0.5317243337631226,2.0807318687438965,-0.0026306509971618652,0.006124034523963928,0.018093109130859375,0.007894158363342285,-0.0031557679176330566,-0.009684562683105469
1769719555.0659382,full,goal16.png,0.6870050430297852,-0.80234295129776,0.06412819772958755,-2.090780735015869,1.3674088716506958,0.5336835980415344,2.086463451385498,-0.8052811622619629,0.0691281110048294,-2.07269287109375,1.3747479915618896,0.5276818871498108,2.078040838241577,-0.002938210964202881,0.004999913275241852,0.01808786392211914,0.007339119911193848,-0.006001710891723633,-0.008422613143920898
1769719555.1609704,full,goal16.png,0.6806474924087524,-0.8036454916000366,0.06321942061185837,-2.0881149768829346,1.370831847190857,0.5319417715072632,2.083509922027588,-0.8062118291854858,0.0656232237815857,-2.0698649883270264,1.376824975013733,0.5242756605148315,2.077439785003662,-0.0025663375854492188,0.0024038031697273254,0.018249988555908203,0.0059931278228759766,-0.007666110992431641,-0.006070137023925781
1769719555.2584386,full,goal16.png,0.6811554431915283,-0.8053721189498901,0.061401862651109695,-2.08544921875,1.373982310295105,0.5287914276123047,2.080601930618286,-0.8071251511573792,0.06221380829811096,-2.066494941711426,1.378938913345337,0.5215231776237488,2.076528787612915,-0.0017530322074890137,0.0008119456470012665,0.01895427703857422,0.004956603050231934,-0.007268249988555908,-0.004073143005371094
1769719555.3592155,full,goal16.png,0.6669318079948425,-0.8066443800926208,0.05806957557797432,-2.0823898315429688,1.3763148784637451,0.5257470607757568,2.078617811203003,-0.8088496923446655,0.05945409834384918,-2.062443733215332,1.3789840936660767,0.5197182893753052,2.0753581523895264,-0.0022053122520446777,0.0013845227658748627,0.01994609832763672,0.002669215202331543,-0.00602877140045166,-0.0032596588134765625
1769719555.4602017,full,goal16.png,0.6706411838531494,-0.8079469203948975,0.05437420308589935,-2.0783307552337646,1.3783444166183472,0.5229753851890564,2.0773909091949463,-0.8118433356285095,0.056138355284929276,-2.0595242977142334,1.3777289390563965,0.5174335241317749,2.0744144916534424,-0.0038964152336120605,0.0017641521990299225,0.01880645751953125,-0.0006154775619506836,-0.005541861057281494,-0.0029764175415039062
1769719555.5620165,full,goal16.png,0.6635124683380127,-0.8100976943969727,0.051677998155355453,-2.0743625164031982,1.3787381649017334,0.5207640528678894,2.076573133468628,-0.8153898119926453,0.051493700593709946,-2.0579044818878174,1.3744046688079834,0.5149310827255249,2.0754623413085938,-0.005292117595672607,-0.0001842975616455078,0.01645803451538086,-0.00433349609375,-0.005832970142364502,-0.0011107921600341797
1769719555.6590571,full,goal16.png,0.6694572567939758,-0.8127027750015259,0.04886097088456154,-2.0710606575012207,1.3782535791397095,0.5188254117965698,2.075967311859131,-0.8176196217536926,0.04564465582370758,-2.0545482635498047,1.3728572130203247,0.5113540291786194,2.075629234313965,-0.004916846752166748,-0.003216315060853958,0.016512393951416016,-0.005396366119384766,-0.0074713826179504395,-0.0003380775451660156
1769719555.760291,full,goal16.png,0.6734482049942017,-0.816307544708252,0.04404468834400177,-2.0680012702941895,1.3761026859283447,0.5160839557647705,2.0763156414031982,-0.8186026811599731,0.0404822900891304,-2.0502099990844727,1.3700028657913208,0.508765459060669,2.076359748840332,-0.0022951364517211914,-0.0035623982548713684,0.017791271209716797,-0.006099820137023926,-0.0073184967041015625,4.410743713378906e-05
1769719555.859123,full,goal16.png,0.681647777557373,-0.8182461857795715,0.03828919678926468,-2.065032482147217,1.3740731477737427,0.5136303305625916,2.0765275955200195,-0.8202350735664368,0.03693118691444397,-2.0457301139831543,1.368671178817749,0.5056488513946533,2.0747156143188477,-0.0019888877868652344,-0.0013580098748207092,0.0193023681640625,-0.005401968955993652,-0.007981479167938232,-0.001811981201171875
1769719555.9590049,full,goal16.png,0.6811846494674683,-0.8195487856864929,0.032382138073444366,-2.06179141998291,1.371468186378479,0.5110251903533936,2.07637619972229,-0.823983907699585,0.03400524705648422,-2.0418312549591064,1.3687855005264282,0.5028502345085144,2.072902202606201,-0.004435122013092041,0.001623108983039856,0.01996016502380371,-0.0026826858520507812,-0.00817495584487915,-0.003473997116088867
1769719556.0592709,full,goal16.png,0.6833029389381409,-0.8215480446815491,0.02802024781703949,-2.0582168102264404,1.3702564239501953,0.5077688097953796,2.0754220485687256,-0.8323596119880676,0.03125283122062683,-2.039475679397583,1.3739402294158936,0.49824196100234985,2.068692684173584,-0.010811567306518555,0.0032325834035873413,0.018741130828857422,0.003683805465698242,-0.009526848793029785,-0.0067293643951416016
1769719556.1592932,full,goal16.png,0.6861274242401123,-0.8259100914001465,0.025172783061861992,-2.0547332763671875,1.3704684972763062,0.5043912529945374,2.0730440616607666,-0.8398579359054565,0.026017794385552406,-2.0379018783569336,1.3775339126586914,0.4948437213897705,2.068085193634033,-0.013947844505310059,0.0008450113236904144,0.016831398010253906,0.007065415382385254,-0.009547531604766846,-0.0049588680267333984
1769719556.2610426,full,goal16.png,0.7013552188873291,-0.8323925733566284,0.02226475439965725,-2.052098035812378,1.3735582828521729,0.5004684925079346,2.0700299739837646,-0.8471980690956116,0.019918059930205345,-2.0341241359710693,1.3807685375213623,0.4901425242424011,2.0656769275665283,-0.014805495738983154,-0.0023466944694519043,0.017973899841308594,0.007210254669189453,-0.010325968265533447,-0.004353046417236328
1769719556.3589716,full,goal16.png,0.71965491771698,-0.8396323323249817,0.017932994291186333,-2.0500683784484863,1.376950979232788,0.4965001940727234,2.068333625793457,-0.8516539335250854,0.01494582649320364,-2.0294718742370605,1.3797245025634766,0.4883062541484833,2.0647873878479004,-0.01202160120010376,-0.0029871677979826927,0.02059650421142578,0.0027735233306884766,-0.008193939924240112,-0.0035462379455566406
1769719556.461893,full,goal16.png,0.698383629322052,-0.8469023704528809,0.012025938369333744,-2.046372652053833,1.379465103149414,0.4924713671207428,2.0660314559936523,-0.8538485765457153,0.012884896248579025,-2.0244908332824707,1.378706455230713,0.4895191192626953,2.0646069049835205,-0.006946206092834473,0.0008589578792452812,0.021881818771362305,-0.0007586479187011719,-0.0029522478580474854,-0.001424551010131836
1769719556.5621767,full,goal16.png,0.7134459018707275,-0.8509917855262756,0.007300354540348053,-2.041950225830078,1.3796467781066895,0.4905175566673279,2.065380096435547,-0.855736494064331,0.012452825903892517,-2.022298812866211,1.3788249492645264,0.49035388231277466,2.06489896774292,-0.00474470853805542,0.005152471363544464,0.019651412963867188,-0.0008218288421630859,-0.00016367435455322266,-0.0004811286926269531
1769719556.6602004,full,goal16.png,0.704156756401062,-0.8536574840545654,0.004483324009925127,-2.0373153686523438,1.3794348239898682,0.4903963804244995,2.0651984214782715,-0.8593342304229736,0.012550253421068192,-2.0209643840789795,1.3821070194244385,0.48807865381240845,2.063434362411499,-0.005676746368408203,0.008066929876804352,0.016350984573364258,0.0026721954345703125,-0.0023177266120910645,-0.001764059066772461
1769719556.7588518,full,goal16.png,0.7006098031997681,-0.8564443588256836,0.003574546193704009,-2.03471040725708,1.3797075748443604,0.49038127064704895,2.0650317668914795,-0.8653979301452637,0.009681489318609238,-2.0177969932556152,1.3850637674331665,0.48145556449890137,2.0606510639190674,-0.008953571319580078,0.006106942892074585,0.016913414001464844,0.005356192588806152,-0.008925706148147583,-0.004380702972412109
1769719556.8598468,full,goal16.png,0.7123430967330933,-0.8600794076919556,0.0029384619556367397,-2.0326504707336426,1.3820701837539673,0.4880639314651489,2.063229560852051,-0.8745254278182983,0.00485001178458333,-2.0150814056396484,1.3869233131408691,0.4736180305480957,2.0580906867980957,-0.014446020126342773,0.0019115498289465904,0.01756906509399414,0.0048531293869018555,-0.014445900917053223,-0.005138874053955078
1769719556.9605217,full,goal16.png,0.7126555442810059,-0.8666224479675293,0.0006966493092477322,-2.0301666259765625,1.3844330310821533,0.48196008801460266,2.061427116394043,-0.884477972984314,-0.0014308963436633348,-2.0135080814361572,1.389847993850708,0.46631965041160583,2.0555596351623535,-0.017855525016784668,-0.002127545652911067,0.016658544540405273,0.0054149627685546875,-0.015640437602996826,-0.005867481231689453
1769719557.0596733,full,goal16.png,0.7052187919616699,-0.8751041889190674,-0.004059066995978355,-2.0277130603790283,1.3866746425628662,0.47467485070228577,2.0592007637023926,-0.8938608765602112,-0.007145121693611145,-2.0114877223968506,1.3964183330535889,0.45928800106048584,2.0508687496185303,-0.0187566876411438,-0.0030860546976327896,0.016225337982177734,0.009743690490722656,-0.015386849641799927,-0.008332014083862305
1769719557.162029,full,goal16.png,0.7298299074172974,-0.8840402960777283,-0.009784125722944736,-2.0257742404937744,1.3900976181030273,0.4677985906600952,2.0557775497436523,-0.9009168148040771,-0.013823338784277439,-2.0063226222991943,1.4047863483428955,0.45473384857177734,2.0446605682373047,-0.016876518726348877,-0.004039213061332703,0.019451618194580078,0.014688730239868164,-0.013064742088317871,-0.011116981506347656
1769719557.262171,full,goal16.png,0.7310789227485657,-0.8929159045219421,-0.015509486198425293,-2.023078203201294,1.3957319259643555,0.46166446805000305,2.050945997238159,-0.9068508744239807,-0.02085289917886257,-1.9980809688568115,1.4131454229354858,0.450246661901474,2.0364224910736084,-0.013934969902038574,-0.005343412980437279,0.024997234344482422,0.01741349697113037,-0.011417806148529053,-0.014523506164550781
1769719557.3595304,full,goal16.png,0.742477297782898,-0.8999133110046387,-0.021143848076462746,-2.018383026123047,1.4035775661468506,0.45666632056236267,2.045644998550415,-0.9131731986999512,-0.030038096010684967,-1.9869225025177002,1.4217578172683716,0.4427095651626587,2.0247182846069336,-0.0132598876953125,-0.008894247934222221,0.03146052360534668,0.018180251121520996,-0.01395675539970398,-0.020926713943481445
1769719557.4612906,full,goal16.png,0.7406187057495117,-0.9062746167182922,-0.02929241582751274,-2.009901285171509,1.4119986295700073,0.4499717652797699,2.0373146533966064,-0.9189308881759644,-0.039040349423885345,-1.9744594097137451,1.4326167106628418,0.43527743220329285,2.011024236679077,-0.01265627145767212,-0.009747933596372604,0.03544187545776367,0.020618081092834473,-0.01469433307647705,-0.026290416717529297
1769719557.5617318,full,goal16.png,0.7350315451622009,-0.912181556224823,-0.03862215206027031,-2.000995397567749,1.4204198122024536,0.4428531527519226,2.0263187885284424,-0.9228721857070923,-0.049404487013816833,-1.96477210521698,1.4409462213516235,0.4306700825691223,2.0007877349853516,-0.010690629482269287,-0.010782334953546524,0.03622329235076904,0.020526409149169922,-0.012183070182800293,-0.02553105354309082
1769719557.6627154,full,goal16.png,0.7423707842826843,-0.9175129532814026,-0.047164544463157654,-1.9894542694091797,1.4305979013442993,0.436673641204834,2.0149896144866943,-0.9271695017814636,-0.058561719954013824,-1.9549572467803955,1.4484636783599854,0.4251341223716736,1.9921808242797852,-0.009656548500061035,-0.01139717549085617,0.03449702262878418,0.017865777015686035,-0.0115395188331604,-0.02280879020690918
1769719557.762211,full,goal16.png,0.7455542087554932,-0.9224505424499512,-0.05670640990138054,-1.9787914752960205,1.4386556148529053,0.43191778659820557,2.0041146278381348,-0.9320522546768188,-0.06674213707447052,-1.9453247785568237,1.455340027809143,0.41762787103652954,1.984676718711853,-0.009601712226867676,-0.010035727173089981,0.03346669673919678,0.016684412956237793,-0.014289915561676025,-0.01943790912628174
1769719557.8628616,full,goal16.png,0.7493971586227417,-0.9266914129257202,-0.06712692230939865,-1.9694615602493286,1.4458954334259033,0.4257230758666992,1.9947999715805054,-0.9365592002868652,-0.07497464865446091,-1.9327037334442139,1.4619182348251343,0.4094294607639313,1.9768195152282715,-0.00986778736114502,-0.007847726345062256,0.036757826805114746,0.016022801399230957,-0.016293615102767944,-0.017980456352233887
1769719557.9616466,full,goal16.png,0.7400620579719543,-0.9311745762825012,-0.07700204849243164,-1.957829475402832,1.4541651010513306,0.41805920004844666,1.9860153198242188,-0.9396696090698242,-0.08357927203178406,-1.9188488721847534,1.4673035144805908,0.40145236253738403,1.969456672668457,-0.008495032787322998,-0.006577223539352417,0.03898060321807861,0.013138413429260254,-0.016606837511062622,-0.01655864715576172
1769719558.0633526,full,goal16.png,0.7137789130210876,-0.9349308013916016,-0.08533231168985367,-1.947106122970581,1.4608596563339233,0.4105619490146637,1.9783060550689697,-0.9433456659317017,-0.09135693311691284,-1.9060258865356445,1.471859335899353,0.3937777578830719,1.9622211456298828,-0.008414864540100098,-0.006024621427059174,0.04108023643493652,0.010999679565429688,-0.016784191131591797,-0.016084909439086914
1769719558.1618137,full,goal16.png,0.7117300033569336,-0.9384446740150452,-0.09369300305843353,-1.9329596757888794,1.4655852317810059,0.40314042568206787,1.9708541631698608,-0.9467689394950867,-0.09749563038349152,-1.8955509662628174,1.477912425994873,0.38647520542144775,1.9552876949310303,-0.008324265480041504,-0.0038026273250579834,0.03740870952606201,0.012327194213867188,-0.016665220260620117,-0.015566468238830566
1769719558.2654715,full,goal16.png,0.7129749059677124,-0.9422917366027832,-0.10193226486444473,-1.9207217693328857,1.4707651138305664,0.39520394802093506,1.9632508754730225,-0.9532605409622192,-0.10296177119016647,-1.8868000507354736,1.488206386566162,0.3773810863494873,1.9464999437332153,-0.010968804359436035,-0.0010295063257217407,0.03392171859741211,0.017441272735595703,-0.017822861671447754,-0.01675093173980713
1769719558.3607478,full,goal16.png,0.7127960324287415,-0.9461691379547119,-0.10902079194784164,-1.9105132818222046,1.4769446849822998,0.38811561465263367,1.9563443660736084,-0.9613689184188843,-0.10927393287420273,-1.8771779537200928,1.5027430057525635,0.3683377802371979,1.9363439083099365,-0.015199780464172363,-0.000253140926361084,0.033335328102111816,0.025798320770263672,-0.01977783441543579,-0.020000457763671875
1769719558.4622052,full,goal16.png,0.7144525647163391,-0.9529242515563965,-0.1158667579293251,-1.900941014289856,1.4885162115097046,0.37904319167137146,1.9471204280853271,-0.971660315990448,-0.11520722508430481,-1.8689401149749756,1.5188632011413574,0.35883182287216187,1.9254952669143677,-0.018736064434051514,0.0006595328450202942,0.03200089931488037,0.030346989631652832,-0.020211368799209595,-0.021625161170959473
1769719558.562128,full,goal16.png,0.7206432819366455,-0.9606789946556091,-0.12107686698436737,-1.892247200012207,1.500178575515747,0.37048569321632385,1.938048005104065,-0.9805819988250732,-0.1231982633471489,-1.8587489128112793,1.5317091941833496,0.34922152757644653,1.915112018585205,-0.01990300416946411,-0.0021213963627815247,0.033498287200927734,0.03153061866760254,-0.02126416563987732,-0.022935986518859863
1769719558.6621213,full,goal16.png,0.7095991969108582,-0.9703118205070496,-0.12786225974559784,-1.8823115825653076,1.516748309135437,0.3597774803638458,1.926491618156433,-0.9870725870132446,-0.13332287967205048,-1.847538948059082,1.5426055192947388,0.3401494026184082,1.9062459468841553,-0.01676076650619507,-0.005460619926452637,0.034772634506225586,0.025857210159301758,-0.019628077745437622,-0.020245671272277832
1769719558.7609909,full,goal16.png,0.7244449257850647,-0.9788238406181335,-0.1357685774564743,-1.8718911409378052,1.5290164947509766,0.35046273469924927,1.916571021080017,-0.9922335743904114,-0.14228405058383942,-1.8362376689910889,1.5526623725891113,0.331999272108078,1.899291753768921,-0.013409733772277832,-0.006515473127365112,0.03565347194671631,0.023645877838134766,-0.018463462591171265,-0.01727926731109619
1769719558.862397,full,goal16.png,0.7245283126831055,-0.9853366017341614,-0.14428052306175232,-1.8628641366958618,1.5404366254806519,0.34261709451675415,1.9084527492523193,-0.9976425170898438,-0.14979241788387299,-1.826625108718872,1.5609158277511597,0.32547521591186523,1.8924213647842407,-0.012305915355682373,-0.0055118948221206665,0.036239027976989746,0.020479202270507812,-0.017141878604888916,-0.016031384468078613
1769719558.9608047,full,goal16.png,0.7102113962173462,-0.9914252758026123,-0.15330743789672852,-1.8511412143707275,1.5507055521011353,0.3338930308818817,1.900061845779419,-1.0016467571258545,-0.15715406835079193,-1.8172485828399658,1.5674434900283813,0.3207838237285614,1.8873103857040405,-0.010221481323242188,-0.0038466304540634155,0.03389263153076172,0.016737937927246094,-0.013109207153320312,-0.012751460075378418
1769719559.063033,full,goal16.png,0.7049931287765503,-0.9961508512496948,-0.16139544546604156,-1.8406298160552979,1.5584906339645386,0.327577143907547,1.8935946226119995,-1.0084911584854126,-0.16373008489608765,-1.8096392154693604,1.5765899419784546,0.3149973154067993,1.879424810409546,-0.012340307235717773,-0.0023346394300460815,0.0309906005859375,0.018099308013916016,-0.01257982850074768,-0.014169812202453613
1769719559.1649296,full,goal16.png,0.7180824279785156,-1.0010581016540527,-0.1699378341436386,-1.8324207067489624,1.566093921661377,0.3223669230937958,1.888081431388855,-1.015070915222168,-0.17307326197624207,-1.80100417137146,1.5837676525115967,0.3086630702018738,1.8728950023651123,-0.014012813568115234,-0.0031354278326034546,0.03141653537750244,0.017673730850219727,-0.013703852891921997,-0.015186429023742676
1769719559.2639594,full,goal16.png,0.7289960384368896,-1.0079344511032104,-0.1786314845085144,-1.8228485584259033,1.5751510858535767,0.31599047780036926,1.8809173107147217,-1.0211212635040283,-0.18300379812717438,-1.7925212383270264,1.5886220932006836,0.30213820934295654,1.8677833080291748,-0.013186812400817871,-0.004372313618659973,0.030327320098876953,0.013471007347106934,-0.01385226845741272,-0.013134002685546875
1769719559.3723948,full,goal16.png,0.7402704954147339,-1.0142654180526733,-0.18547745048999786,-1.8148211240768433,1.5817548036575317,0.30996236205101013,1.874556064605713,-1.0255824327468872,-0.1947980523109436,-1.7820384502410889,1.5912951231002808,0.2973053455352783,1.8675549030303955,-0.011317014694213867,-0.00932060182094574,0.032782673835754395,0.009540319442749023,-0.012657016515731812,-0.007001161575317383
1769719559.461103,full,goal16.png,0.753282904624939,-1.0195059776306152,-0.19468636810779572,-1.807672142982483,1.5865106582641602,0.3049793541431427,1.8700577020645142,-1.0285769701004028,-0.20444771647453308,-1.7711901664733887,1.5939127206802368,0.2951098084449768,1.8671331405639648,-0.009070992469787598,-0.009761348366737366,0.03648197650909424,0.00740206241607666,-0.009869545698165894,-0.0029245615005493164
1769719559.5621676,full,goal16.png,0.7551401257514954,-1.0238982439041138,-0.20859041810035706,-1.7957977056503296,1.5904788970947266,0.2997085452079773,1.8686037063598633,-1.030933141708374,-0.21528586745262146,-1.7597651481628418,1.6000328063964844,0.29515540599823,1.8662776947021484,-0.007034897804260254,-0.006695449352264404,0.03603255748748779,0.009553909301757812,-0.0045531392097473145,-0.0023260116577148438
1769719559.66337,full,goal16.png,0.7511698007583618,-1.0273514986038208,-0.22016197443008423,-1.7849228382110596,1.5941441059112549,0.29705801606178284,1.8680130243301392,-1.033562421798706,-0.2284018099308014,-1.7483344078063965,1.6092560291290283,0.2921491861343384,1.8619260787963867,-0.006210923194885254,-0.008239835500717163,0.036588430404663086,0.015111923217773438,-0.004908829927444458,-0.006086945533752441
1769719559.763183,full,goal16.png,0.7499122619628906,-1.030259609222412,-0.2302187979221344,-1.774411678314209,1.5994755029678345,0.2956191599369049,1.8665741682052612,-1.0370254516601562,-0.24188533425331116,-1.7382135391235352,1.613945484161377,0.2891496419906616,1.8596030473709106,-0.006765842437744141,-0.011666536331176758,0.03619813919067383,0.01446998119354248,-0.006469517946243286,-0.006971120834350586
1769719559.8609273,full,goal16.png,0.7471839785575867,-1.0328041315078735,-0.24163877964019775,-1.763355016708374,1.606230616569519,0.2929382920265198,1.863620638847351,-1.0396599769592285,-0.25462543964385986,-1.7290101051330566,1.6167044639587402,0.28592830896377563,1.8586621284484863,-0.0068558454513549805,-0.01298666000366211,0.03434491157531738,0.010473847389221191,-0.007009983062744141,-0.004958510398864746
1769719559.9607198,full,goal16.png,0.7774814367294312,-1.0361058712005615,-0.25702711939811707,-1.7531769275665283,1.6112895011901855,0.28987881541252136,1.8607732057571411,-1.0410246849060059,-0.2684424817562103,-1.719677209854126,1.6181154251098633,0.2833418548107147,1.8583433628082275,-0.004918813705444336,-0.011415362358093262,0.033499717712402344,0.006825923919677734,-0.006536960601806641,-0.0024298429489135742
1769719560.0611567,full,goal16.png,0.7782334685325623,-1.0390442609786987,-0.2711433172225952,-1.7429382801055908,1.6148033142089844,0.2870616614818573,1.8596221208572388,-1.043600082397461,-0.281576544046402,-1.7092089653015137,1.627539873123169,0.27862289547920227,1.8536481857299805,-0.004555821418762207,-0.010433226823806763,0.03372931480407715,0.01273655891418457,-0.00843876600265503,-0.005973935127258301
1769719560.1605303,full,goal16.png,0.7758960723876953,-1.0406800508499146,-0.28232088685035706,-1.7330024242401123,1.6190745830535889,0.2838052809238434,1.8580621480941772,-1.047190546989441,-0.2938140630722046,-1.6977201700210571,1.6429486274719238,0.27530109882354736,1.8453648090362549,-0.006510496139526367,-0.011493176221847534,0.035282254219055176,0.02387404441833496,-0.00850418210029602,-0.012697339057922363
1769719560.2610562,full,goal16.png,0.7701268196105957,-1.043073058128357,-0.2952556014060974,-1.7228243350982666,1.6286163330078125,0.2795492708683014,1.8536243438720703,-1.0521483421325684,-0.3048800826072693,-1.6846789121627808,1.661118984222412,0.27515852451324463,1.8359296321868896,-0.009075284004211426,-0.009624481201171875,0.03814542293548584,0.03250265121459961,-0.004390746355056763,-0.017694711685180664
1769719560.3609238,full,goal16.png,0.7795447707176208,-1.0467383861541748,-0.3101895749568939,-1.7112529277801514,1.6419751644134521,0.2762625813484192,1.846157431602478,-1.058131217956543,-0.3177262246608734,-1.6713536977767944,1.6759196519851685,0.2731025516986847,1.826812505722046,-0.011392831802368164,-0.007536649703979492,0.039899230003356934,0.03394448757171631,-0.003160029649734497,-0.01934492588043213
1769719560.4610848,full,goal16.png,0.7944291830062866,-1.0516153573989868,-0.32342711091041565,-1.6991361379623413,1.6584237813949585,0.2755507230758667,1.8374181985855103,-1.0644429922103882,-0.3325324058532715,-1.6575525999069214,1.6899030208587646,0.2693621516227722,1.8153080940246582,-0.012827634811401367,-0.009105294942855835,0.04158353805541992,0.03147923946380615,-0.006188571453094482,-0.02211010456085205
1769719560.5613225,full,goal16.png,0.7837069034576416,-1.0577343702316284,-0.3343624472618103,-1.6849291324615479,1.673539400100708,0.27326369285583496,1.8278003931045532,-1.0688755512237549,-0.3485589027404785,-1.6429020166397095,1.701035499572754,0.2672154903411865,1.8028333187103271,-0.011141180992126465,-0.014196455478668213,0.04202711582183838,0.0274960994720459,-0.0060482025146484375,-0.024967074394226074
1769719560.660932,full,goal16.png,0.7878484129905701,-1.0634897947311401,-0.3501143455505371,-1.6706011295318604,1.6875343322753906,0.2697952389717102,1.8166378736495972,-1.0726063251495361,-0.36560460925102234,-1.625956416130066,1.7136297225952148,0.2663141191005707,1.7907557487487793,-0.009116530418395996,-0.01549026370048523,0.044644713401794434,0.02609539031982422,-0.0034811198711395264,-0.02588212490081787
1769719560.7608259,full,goal16.png,0.8088744282722473,-1.0678216218948364,-0.36895596981048584,-1.65687894821167,1.6988332271575928,0.2684321105480194,1.804702877998352,-1.0771491527557373,-0.3862369656562805,-1.6064811944961548,1.726456642150879,0.2642461657524109,1.7784558534622192,-0.009327530860900879,-0.017280995845794678,0.05039775371551514,0.027623414993286133,-0.0041859447956085205,-0.026247024536132812
1769719560.8605611,full,goal16.png,0.7983464002609253,-1.0716686248779297,-0.3852832317352295,-1.6398850679397583,1.7118587493896484,0.2668266296386719,1.792616367340088,-1.0811119079589844,-0.4077240228652954,-1.586604356765747,1.7405931949615479,0.2638837695121765,1.7672576904296875,-0.009443283081054688,-0.022440791130065918,0.05328071117401123,0.028734445571899414,-0.0029428601264953613,-0.02535867691040039
1769719560.9623759,full,goal16.png,0.7965306043624878,-1.0759398937225342,-0.40354931354522705,-1.6204074621200562,1.7251266241073608,0.26535746455192566,1.780908465385437,-1.0843088626861572,-0.4287896156311035,-1.566376805305481,1.7543482780456543,0.26530927419662476,1.7571492195129395,-0.008368968963623047,-0.025240302085876465,0.054030656814575195,0.029221653938293457,-4.819035530090332e-05,-0.02375924587249756
1769719561.0673182,full,goal16.png,0.786481499671936,-1.0798777341842651,-0.42369338870048523,-1.6014444828033447,1.7388790845870972,0.26490309834480286,1.7692158222198486,-1.0869083404541016,-0.451046884059906,-1.544900894165039,1.768446683883667,0.26773545145988464,1.7461247444152832,-0.007030606269836426,-0.027353495359420776,0.056543588638305664,0.029567599296569824,0.002832353115081787,-0.02309107780456543
1769719561.16384,full,goal16.png,0.7909455299377441,-1.0832401514053345,-0.4457460343837738,-1.581966757774353,1.7506325244903564,0.26552408933639526,1.7595072984695435,-1.0891269445419312,-0.4737040400505066,-1.5219027996063232,1.7873589992523193,0.2684732675552368,1.7330057621002197,-0.00588679313659668,-0.027958005666732788,0.060063958168029785,0.03672647476196289,0.0029491782188415527,-0.02650153636932373
1769719561.262104,full,goal16.png,0.7972592115402222,-1.0860270261764526,-0.4704339802265167,-1.5600354671478271,1.7680200338363647,0.26770511269569397,1.7469360828399658,-1.091095209121704,-0.4973616600036621,-1.4964890480041504,1.8081461191177368,0.26639676094055176,1.7197387218475342,-0.005068182945251465,-0.026927679777145386,0.06354641914367676,0.04012608528137207,-0.001308351755142212,-0.02719736099243164
1769719561.3630893,full,goal16.png,0.7970806360244751,-1.0883898735046387,-0.49415260553359985,-1.5358624458312988,1.7856800556182861,0.26776570081710815,1.7350919246673584,-1.0919227600097656,-0.5187373161315918,-1.4714813232421875,1.8291066884994507,0.2662864029407501,1.7095673084259033,-0.003532886505126953,-0.024584710597991943,0.06438112258911133,0.04342663288116455,-0.0014792978763580322,-0.025524616241455078
1769719561.4627147,full,goal16.png,0.8051009178161621,-1.090358853340149,-0.5175076723098755,-1.5120832920074463,1.805127501487732,0.2670387029647827,1.722005844116211,-1.092894434928894,-0.538938045501709,-1.447191596031189,1.8467836380004883,0.266902357339859,1.7018287181854248,-0.002535581588745117,-0.021430373191833496,0.06489169597625732,0.04165613651275635,-0.00013634562492370605,-0.020177125930786133
1769719561.5625224,full,goal16.png,0.7916228771209717,-1.0911767482757568,-0.5385605096817017,-1.488364815711975,1.8246357440948486,0.2669629454612732,1.7124184370040894,-1.0950301885604858,-0.5588629841804504,-1.423309087753296,1.8640830516815186,0.2696210741996765,1.693863868713379,-0.003853440284729004,-0.02030247449874878,0.0650557279586792,0.03944730758666992,0.0026581287384033203,-0.01855456829071045
1769719561.662107,full,goal16.png,0.7949215173721313,-1.0926307439804077,-0.5594316720962524,-1.4628891944885254,1.8439618349075317,0.26776570081710815,1.7038911581039429,-1.0982210636138916,-0.5781830549240112,-1.4000847339630127,1.884023666381836,0.27489224076271057,1.6845390796661377,-0.005590319633483887,-0.01875138282775879,0.0628044605255127,0.0400618314743042,0.007126539945602417,-0.019352078437805176
1769719561.7651596,full,goal16.png,0.8078969717025757,-1.0948723554611206,-0.5800303220748901,-1.4381103515625,1.861682653427124,0.27082517743110657,1.6948338747024536,-1.1016604900360107,-0.5980649590492249,-1.376089096069336,1.9056916236877441,0.2829400300979614,1.675820231437683,-0.006788134574890137,-0.018034636974334717,0.06202125549316406,0.04400897026062012,0.012114852666854858,-0.019013643264770508
1769719561.8638074,full,goal16.png,0.8078462481498718,-1.0971745252609253,-0.6012951135635376,-1.4174511432647705,1.8803123235702515,0.27505090832710266,1.6870640516281128,-1.1062883138656616,-0.6190970540046692,-1.35271155834198,1.9260574579238892,0.2914620041847229,1.6674000024795532,-0.009113788604736328,-0.017801940441131592,0.06473958492279053,0.045745134353637695,0.01641109585762024,-0.01966404914855957
1769719561.964391,full,goal16.png,0.8154762983322144,-1.1007792949676514,-0.6235597133636475,-1.3916727304458618,1.9030916690826416,0.2837446928024292,1.6772494316101074,-1.1113109588623047,-0.6406998634338379,-1.3286212682724,1.944591999053955,0.2997998595237732,1.6601258516311646,-0.01053166389465332,-0.01714015007019043,0.06305146217346191,0.04150032997131348,0.016055166721343994,-0.01712357997894287
1769719562.064244,full,goal16.png,0.799823522567749,-1.1054744720458984,-0.643097996711731,-1.368287444114685,1.922842264175415,0.2915448844432831,1.6693886518478394,-1.1160242557525635,-0.6643162369728088,-1.3035650253295898,1.9624242782592773,0.307271271944046,1.6485472917556763,-0.010549783706665039,-0.02121824026107788,0.06472241878509521,0.039582014083862305,0.01572638750076294,-0.020841360092163086
1769719562.166747,full,goal16.png,0.7995220422744751,-1.1101092100143433,-0.6641812920570374,-1.3453261852264404,1.9398661851882935,0.299057275056839,1.6616339683532715,-1.1199363470077515,-0.690434992313385,-1.2748749256134033,1.9811742305755615,0.31440162658691406,1.6309460401535034,-0.009827136993408203,-0.026253700256347656,0.07045125961303711,0.041308045387268066,0.015344351530075073,-0.030687928199768066
1769719562.2609937,full,goal16.png,0.7811758518218994,-1.1151982545852661,-0.6875969171524048,-1.3184572458267212,1.9605255126953125,0.30734214186668396,1.6483206748962402,-1.1227443218231201,-0.7163604497909546,-1.2459065914154053,1.9988936185836792,0.3221772313117981,1.6106373071670532,-0.007546067237854004,-0.028763532638549805,0.07255065441131592,0.0383681058883667,0.014835089445114136,-0.03768336772918701
1769719562.3611534,full,goal16.png,0.8070967197418213,-1.1188938617706299,-0.7126181721687317,-1.2899222373962402,1.9782460927963257,0.3147333562374115,1.631811499595642,-1.1238267421722412,-0.7397089600563049,-1.2174382209777832,2.020580768585205,0.3344036340713501,1.5916919708251953,-0.004932880401611328,-0.027090787887573242,0.07248401641845703,0.042334675788879395,0.0196702778339386,-0.04011952877044678
1769719562.4625773,full,goal16.png,0.7998800277709961,-1.1218624114990234,-0.7408502101898193,-1.2625079154968262,1.9968150854110718,0.3234877586364746,1.6129093170166016,-1.12453293800354,-0.7625188827514648,-1.1893069744110107,2.044299364089966,0.3476164937019348,1.5735726356506348,-0.0026705265045166016,-0.021668672561645508,0.07320094108581543,0.04748427867889404,0.024128735065460205,-0.0393366813659668
1769719562.5633826,full,goal16.png,0.8133437633514404,-1.1233466863632202,-0.7675071358680725,-1.2332762479782104,2.0191402435302734,0.33564993739128113,1.5939011573791504,-1.1252524852752686,-0.7849206328392029,-1.1607475280761719,2.066372871398926,0.35882771015167236,1.5569005012512207,-0.0019057989120483398,-0.01741349697113037,0.07252871990203857,0.047232627868652344,0.023177772760391235,-0.03700065612792969
1769719562.6618202,full,goal16.png,0.7852684855461121,-1.1244069337844849,-0.7880147695541382,-1.2052863836288452,2.0414350032806396,0.34769099950790405,1.577013373374939,-1.1266593933105469,-0.8048108816146851,-1.1331474781036377,2.090608596801758,0.36745685338974,1.5390269756317139,-0.0022524595260620117,-0.016796112060546875,0.07213890552520752,0.049173593521118164,0.019765853881835938,-0.0379863977432251
1769719562.763912,full,goal16.png,0.8019066452980042,-1.1259821653366089,-0.805796205997467,-1.1765999794006348,2.064093589782715,0.35818716883659363,1.5597318410873413,-1.1273372173309326,-0.8204474449157715,-1.1055152416229248,2.1143016815185547,0.37745651602745056,1.5244686603546143,-0.0013550519943237305,-0.014651238918304443,0.07108473777770996,0.050208091735839844,0.019269347190856934,-0.03526318073272705
1769719562.86422,full,goal16.png,0.8212114572525024,-1.1276785135269165,-0.8287574648857117,-1.1473076343536377,2.087751626968384,0.3674868047237396,1.5419504642486572,-1.1290698051452637,-0.8346613645553589,-1.07765531539917,2.1353485584259033,0.39001941680908203,1.5113403797149658,-0.001391291618347168,-0.005903899669647217,0.06965231895446777,0.04759693145751953,0.022532612085342407,-0.030610084533691406
1769719562.9629605,full,goal16.png,0.8281287550926208,-1.1291022300720215,-0.847720205783844,-1.1214081048965454,2.1101677417755127,0.37780120968818665,1.5267893075942993,-1.1303681135177612,-0.8517990112304688,-1.0507240295410156,2.1541006565093994,0.40207260847091675,1.4975876808166504,-0.001265883445739746,-0.004078805446624756,0.07068407535552979,0.04393291473388672,0.024271398782730103,-0.029201626777648926
1769719563.0652301,full,goal16.png,0.8194277286529541,-1.1309196949005127,-0.8640173673629761,-1.094084620475769,2.1312811374664307,0.38959991931915283,1.512839913368225,-1.1322543621063232,-0.8718248009681702,-1.025676965713501,2.173778533935547,0.41185906529426575,1.4788837432861328,-0.0013346672058105469,-0.007807433605194092,0.06840765476226807,0.04249739646911621,0.022259145975112915,-0.033956170082092285
1769719563.1631923,full,goal16.png,0.7954936027526855,-1.1319496631622314,-0.8774365782737732,-1.0676701068878174,2.150425672531128,0.40042930841445923,1.499284267425537,-1.1326079368591309,-0.8897111415863037,-1.0060601234436035,2.194760799407959,0.4219561219215393,1.4600902795791626,-0.0006582736968994141,-0.012274563312530518,0.06160998344421387,0.044335126876831055,0.021526813507080078,-0.03919398784637451
1769719563.263299,full,goal16.png,0.814265251159668,-1.13349449634552,-0.8975505232810974,-1.0417401790618896,2.1714179515838623,0.4115767180919647,1.4802911281585693,-1.13296377658844,-0.9042925834655762,-0.9894673824310303,2.2180380821228027,0.43314599990844727,1.442244291305542,0.0005307197570800781,-0.00674206018447876,0.052272796630859375,0.04662013053894043,0.021569281816482544,-0.038046836853027344
1769719563.3649857,full,goal16.png,0.8292230367660522,-1.134433627128601,-0.9185428023338318,-1.0222018957138062,2.192289113998413,0.4217245280742645,1.462267518043518,-1.1338286399841309,-0.9132234454154968,-0.9810105562210083,2.236924648284912,0.44328996539115906,1.4285109043121338,0.0006049871444702148,0.005319356918334961,0.04119133949279785,0.04463553428649902,0.02156543731689453,-0.03375661373138428
1769719563.4659772,full,goal16.png,0.8404098749160767,-1.1355241537094116,-0.9317803382873535,-1.00808584690094,2.21282696723938,0.4318874776363373,1.4463187456130981,-1.1345586776733398,-0.9220750331878662,-0.9715838432312012,2.2506959438323975,0.45150187611579895,1.4164711236953735,0.0009654760360717773,0.009705305099487305,0.03650200366973877,0.03786897659301758,0.01961439847946167,-0.02984762191772461
1769719563.564174,full,goal16.png,0.8604241609573364,-1.1364631652832031,-0.939171552658081,-0.9947271347045898,2.23297119140625,0.4423685073852539,1.4310818910598755,-1.1356326341629028,-0.9318583011627197,-0.9592783451080322,2.267366409301758,0.46101444959640503,1.4018256664276123,0.000830531120300293,0.007313251495361328,0.03544878959655762,0.03439521789550781,0.018645942211151123,-0.029256224632263184
1769719563.6619828,full,goal16.png,0.8584505319595337,-1.1369478702545166,-0.9489558339118958,-0.9838219881057739,2.2482683658599854,0.45112287998199463,1.417995810508728,-1.136997938156128,-0.942484974861145,-0.9417071342468262,2.288349151611328,0.47272035479545593,1.3849818706512451,-5.0067901611328125e-05,0.006470859050750732,0.042114853858947754,0.04008078575134277,0.021597474813461304,-0.03301393985748291
1769719563.7662625,full,goal16.png,0.8580504059791565,-1.1384927034378052,-0.9624963402748108,-0.9713114500045776,2.265989303588867,0.46104347705841064,1.4035617113113403,-1.1396209001541138,-0.9516997337341309,-0.9268509149551392,2.308199405670166,0.48432934284210205,1.3687502145767212,-0.0011281967163085938,0.010796606540679932,0.04446053504943848,0.04221010208129883,0.023285865783691406,-0.03481149673461914
1769719563.8614213,full,goal16.png,0.8553184270858765,-1.1402193307876587,-0.9728260040283203,-0.9564986824989319,2.2864365577697754,0.47249385714530945,1.3871433734893799,-1.14371919631958,-0.9612467288970947,-0.9137246012687683,2.326681137084961,0.4959535002708435,1.351853370666504,-0.0034998655319213867,0.011579275131225586,0.042774081230163574,0.04024457931518555,0.023459643125534058,-0.03529000282287598
1769719563.9632812,full,goal16.png,0.8614729046821594,-1.1425821781158447,-0.9794295430183411,-0.9400198459625244,2.304884195327759,0.48371702432632446,1.3711038827896118,-1.1488256454467773,-0.9694724678993225,-0.9016607999801636,2.3465802669525146,0.5078206658363342,1.333932638168335,-0.006243467330932617,0.009957075119018555,0.03835904598236084,0.04169607162475586,0.024103641510009766,-0.037171244621276855
1769719564.065892,full,goal16.png,0.832597017288208,-1.145641565322876,-0.9877598285675049,-0.9269337058067322,2.324028730392456,0.49506133794784546,1.353882908821106,-1.1532484292984009,-0.9768011569976807,-0.8879885673522949,2.370993137359619,0.5200744867324829,1.3137736320495605,-0.007606863975524902,0.010958671569824219,0.038945138454437256,0.046964406967163086,0.02501314878463745,-0.04010927677154541
1769719564.1652844,full,goal16.png,0.8567139506340027,-1.150246024131775,-0.9992707967758179,-0.9155741930007935,2.343960762023926,0.5063299536705017,1.3368284702301025,-1.155442237854004,-0.985258162021637,-0.8747577667236328,2.396505832672119,0.5306479930877686,1.2920513153076172,-0.005196213722229004,0.014012634754180908,0.040816426277160645,0.05254507064819336,0.024318039417266846,-0.04477715492248535
1769719564.264362,full,goal16.png,0.8789851069450378,-1.1548503637313843,-1.0095700025558472,-0.902094304561615,2.368557929992676,0.5189768671989441,1.315699815750122,-1.1573281288146973,-0.9964096546173096,-0.8587735891342163,2.4199166297912598,0.5432201027870178,1.2703860998153687,-0.0024777650833129883,0.013160347938537598,0.04332071542739868,0.051358699798583984,0.02424323558807373,-0.04531371593475342
1769719564.3645384,full,goal16.png,0.8832501173019409,-1.158121943473816,-1.0169613361358643,-0.8869785666465759,2.393003463745117,0.5308361649513245,1.294450044631958,-1.1590423583984375,-1.0087419748306274,-0.8387475609779358,2.4422965049743652,0.558249294757843,1.2483196258544922,-0.000920414924621582,0.008219361305236816,0.04823100566864014,0.04929304122924805,0.027413129806518555,-0.04613041877746582
1769719564.4621785,full,goal16.png,0.8831608295440674,-1.159969687461853,-1.0268062353134155,-0.871135950088501,2.415783166885376,0.5439677238464355,1.2726550102233887,-1.1609798669815063,-1.0211071968078613,-0.814928412437439,2.4634952545166016,0.5763937830924988,1.2254416942596436,-0.0010101795196533203,0.005699038505554199,0.05620753765106201,0.047712087631225586,0.03242605924606323,-0.04721331596374512
1769719564.5638387,full,goal16.png,0.8899065256118774,-1.160908818244934,-1.039862036705017,-0.8502345085144043,2.4404711723327637,0.5601890087127686,1.2494059801101685,-1.1627241373062134,-1.0333294868469238,-0.7909430861473083,2.4828031063079834,0.5949506163597107,1.2019009590148926,-0.0018153190612792969,0.006532549858093262,0.05929142236709595,0.04233193397521973,0.03476160764694214,-0.04750502109527588
1769719564.6636941,full,goal16.png,0.880635142326355,-1.1624839305877686,-1.0531299114227295,-0.8292422294616699,2.460221290588379,0.5767890214920044,1.227292776107788,-1.1637133359909058,-1.0450818538665771,-0.7689776420593262,2.499673366546631,0.6134107112884521,1.178656816482544,-0.001229405403137207,0.008048057556152344,0.06026458740234375,0.03945207595825195,0.036621689796447754,-0.04863595962524414
1769719564.7643921,full,goal16.png,0.9087037444114685,-1.1641197204589844,-1.0621569156646729,-0.8071290254592896,2.4798505306243896,0.5938888192176819,1.2045587301254272,-1.1633694171905518,-1.0569990873336792,-0.7496345639228821,2.514035224914551,0.6298877000808716,1.1572322845458984,0.0007503032684326172,0.005157828330993652,0.05749446153640747,0.03418469429016113,0.0359988808631897,-0.04732644557952881
1769719564.8644361,full,goal16.png,0.9084635972976685,-1.1660584211349487,-1.0714868307113647,-0.7835316061973572,2.496177911758423,0.6138966679573059,1.1798858642578125,-1.16115403175354,-1.0687837600708008,-0.7302055954933167,2.5261754989624023,0.6459689140319824,1.140180230140686,0.004904389381408691,0.002703070640563965,0.05332601070404053,0.029997587203979492,0.032072246074676514,-0.039705634117126465
1769719564.9647949,full,goal16.png,0.8799970149993896,-1.1666945219039917,-1.0842700004577637,-0.7641144394874573,2.5110814571380615,0.629072904586792,1.1612260341644287,-1.1581567525863647,-1.078211784362793,-0.7120729088783264,2.5360143184661865,0.6624831557273865,1.127812385559082,0.008537769317626953,0.006058216094970703,0.05204153060913086,0.024932861328125,0.03341025114059448,-0.03341364860534668
1769719565.0619044,full,goal16.png,0.8573420643806458,-1.1661492586135864,-1.093963384628296,-0.7521491646766663,2.5182912349700928,0.6387814879417419,1.1508207321166992,-1.1561143398284912,-1.087132453918457,-0.6944699883460999,2.546440839767456,0.6782253384590149,1.1149189472198486,0.010034918785095215,0.006830930709838867,0.057679176330566406,0.02814960479736328,0.03944385051727295,-0.035901784896850586
1769719565.160558,full,goal16.png,0.9194166660308838,-1.1630291938781738,-1.108443021774292,-0.734186053276062,2.530438184738159,0.6546847820281982,1.1357959508895874,-1.1556687355041504,-1.0975747108459473,-0.6760271787643433,2.5580267906188965,0.6926986575126648,1.099543571472168,0.0073604583740234375,0.010868310928344727,0.05815887451171875,0.027588605880737305,0.03801387548446655,-0.036252379417419434
1769719565.2632153,full,goal16.png,0.9116631746292114,-1.1597576141357422,-1.1207717657089233,-0.7074987888336182,2.545583963394165,0.6779792904853821,1.1143189668655396,-1.1562998294830322,-1.1090357303619385,-0.6548635959625244,2.570802927017212,0.7059030532836914,1.0830141305923462,0.003457784652709961,0.011736035346984863,0.05263519287109375,0.025218963623046875,0.027923762798309326,-0.03130483627319336
1769719565.3634472,full,goal16.png,0.9044093489646912,-1.1592124700546265,-1.1290719509124756,-0.6887178421020508,2.5568528175354004,0.6921104788780212,1.1004301309585571,-1.1565518379211426,-1.1193348169326782,-0.6342365145683289,2.582294464111328,0.7183643579483032,1.0684771537780762,0.0026606321334838867,0.009737133979797363,0.054481327533721924,0.025441646575927734,0.026253879070281982,-0.03195297718048096
1769719565.4647188,full,goal16.png,0.8609346151351929,-1.1602423191070557,-1.1420973539352417,-0.6683313250541687,2.570120334625244,0.7070595622062683,1.0848145484924316,-1.1555521488189697,-1.128783106803894,-0.6132723093032837,2.5919039249420166,0.7314378619194031,1.0563684701919556,0.0046901702880859375,0.013314247131347656,0.05505901575088501,0.02178359031677246,0.024378299713134766,-0.028446078300476074
1769719565.567776,full,goal16.png,0.8988936543464661,-1.1614843606948853,-1.153547763824463,-0.6472784280776978,2.5808136463165283,0.7199184894561768,1.0708348751068115,-1.1541805267333984,-1.1371990442276,-0.5928269624710083,2.599623203277588,0.7438886761665344,1.046585202217102,0.007303833961486816,0.016348719596862793,0.05445146560668945,0.01880955696105957,0.023970186710357666,-0.024249672889709473
1769719565.665167,full,goal16.png,0.8881553411483765,-1.1610602140426636,-1.160423994064331,-0.6271948218345642,2.5901737213134766,0.731596052646637,1.0590966939926147,-1.1520744562149048,-1.1450612545013428,-0.5710926651954651,2.6062121391296387,0.757136344909668,1.0386719703674316,0.008985757827758789,0.015362739562988281,0.05610215663909912,0.01603841781616211,0.025540292263031006,-0.020424723625183105
1769719565.7705345,full,goal16.png,0.8881688117980957,-1.1598485708236694,-1.1649072170257568,-0.6136240363121033,2.595081090927124,0.7379724979400635,1.0528414249420166,-1.1500368118286133,-1.1524014472961426,-0.5509408116340637,2.6127870082855225,0.7691872119903564,1.0318043231964111,0.009811758995056152,0.012505769729614258,0.06268322467803955,0.017705917358398438,0.03121471405029297,-0.02103710174560547
1769719565.8622017,full,goal16.png,0.8932613134384155,-1.1580309867858887,-1.1721469163894653,-0.5926620364189148,2.601654291152954,0.7503164410591125,1.042799711227417,-1.1479976177215576,-1.158781886100769,-0.5326746702194214,2.6176347732543945,0.7822076082229614,1.027984380722046,0.010033369064331055,0.013365030288696289,0.05998736619949341,0.01598048210144043,0.03189116716384888,-0.014815330505371094
1769719565.96258,full,goal16.png,0.8977248668670654,-1.156698226928711,-1.1785688400268555,-0.5736083388328552,2.6085002422332764,0.7620546221733093,1.0356658697128296,-1.144843339920044,-1.1630795001983643,-0.5178509950637817,2.6209890842437744,0.7944167852401733,1.0269570350646973,0.011854887008666992,0.015489339828491211,0.055757343769073486,0.012488842010498047,0.032362163066864014,-0.008708834648132324
1769719566.061284,full,goal16.png,0.8989149332046509,-1.1548806428909302,-1.1860510110855103,-0.5517981648445129,2.615285634994507,0.7758071422576904,1.0309706926345825,-1.140423059463501,-1.1649454832077026,-0.5059846043586731,2.622602939605713,0.805961012840271,1.0277397632598877,0.0144575834274292,0.021105527877807617,0.045813560485839844,0.007317304611206055,0.030153870582580566,-0.0032309293746948242
1769719566.1603913,full,goal16.png,0.8973113298416138,-1.1513668298721313,-1.1907463073730469,-0.5366522073745728,2.6192235946655273,0.7891204953193665,1.0283807516098022,-1.1358104944229126,-1.1653871536254883,-0.49717575311660767,2.623318672180176,0.8155162930488586,1.0298116207122803,0.01555633544921875,0.025359153747558594,0.03947645425796509,0.0040950775146484375,0.026395797729492188,0.0014308691024780273
1769719566.266951,full,goal16.png,0.9021580219268799,-1.145793080329895,-1.1935633420944214,-0.5185375809669495,2.6217987537384033,0.8052206635475159,1.0288501977920532,-1.1314996480941772,-1.1660492420196533,-0.4878169298171997,2.6230180263519287,0.8267759084701538,1.0327849388122559,0.014293432235717773,0.027514100074768066,0.030720651149749756,0.0012192726135253906,0.02155524492263794,0.003934741020202637
1769719566.3642788,full,goal16.png,0.9058828949928284,-1.1434606313705444,-1.1936239004135132,-0.5130547881126404,2.622464895248413,0.8107792139053345,1.0293197631835938,-1.1275663375854492,-1.1666913032531738,-0.4790838956832886,2.622645139694214,0.8370139598846436,1.0348923206329346,0.015894293785095215,0.026932597160339355,0.03397089242935181,0.00018024444580078125,0.026234745979309082,0.00557255744934082
1769719566.463283,full,goal16.png,0.9048480987548828,-1.1388258934020996,-1.1943206787109375,-0.5031493306159973,2.6226770877838135,0.820790708065033,1.0315765142440796,-1.1236404180526733,-1.1667673587799072,-0.4721643328666687,2.6218273639678955,0.846500039100647,1.0376262664794922,0.01518547534942627,0.027553319931030273,0.030984997749328613,-0.0008497238159179688,0.025709331035614014,0.006049752235412598
1769719566.563086,full,goal16.png,0.9053924679756165,-1.1347970962524414,-1.1956535577774048,-0.49409204721450806,2.6227076053619385,0.8309990763664246,1.0349692106246948,-1.1199541091918945,-1.1667182445526123,-0.4666917026042938,2.6212656497955322,0.8539834022521973,1.0398473739624023,0.014842987060546875,0.02893531322479248,0.027400344610214233,-0.00144195556640625,0.022984325885772705,0.0048781633377075195
1769719566.6622975,full,goal16.png,0.9009767770767212,-1.1307077407836914,-1.1960777044296265,-0.48797309398651123,2.6225860118865967,0.8411166071891785,1.0366050004959106,-1.116827368736267,-1.1665863990783691,-0.46275416016578674,2.6202728748321533,0.8600142002105713,1.04276704788208,0.013880372047424316,0.029491305351257324,0.025218933820724487,-0.0023131370544433594,0.018897593021392822,0.006162047386169434
1769719566.762167,full,goal16.png,0.9062275886535645,-1.1262547969818115,-1.1961685419082642,-0.48130881786346436,2.6223742961883545,0.8496740460395813,1.0390434265136719,-1.1141345500946045,-1.166386604309082,-0.45999425649642944,2.6183738708496094,0.8651100993156433,1.045964002609253,0.012120246887207031,0.02978193759918213,0.021314561367034912,-0.004000425338745117,0.015436053276062012,0.006920576095581055
1769719566.861396,full,goal16.png,0.8979788422584534,-1.1238919496536255,-1.1969560384750366,-0.4761289060115814,2.6217987537384033,0.8562625646591187,1.0415425300598145,-1.1118311882019043,-1.166704773902893,-0.45669853687286377,2.6171231269836426,0.8702088594436646,1.048161506652832,0.012060761451721191,0.030251264572143555,0.01943036913871765,-0.004675626754760742,0.013946294784545898,0.006618976593017578
1769719566.9660232,full,goal16.png,0.8977396488189697,-1.119348168373108,-1.198561668395996,-0.4714033305644989,2.619647979736328,0.863865852355957,1.0460257530212402,-1.110489845275879,-1.1677249670028687,-0.45289576053619385,2.6171247959136963,0.8747823238372803,1.049112319946289,0.008858323097229004,0.03083670139312744,0.018507570028305054,-0.002523183822631836,0.010916471481323242,0.003086566925048828
1769719567.0633097,full,goal16.png,0.8909352421760559,-1.1167128086090088,-1.1997126340866089,-0.4696767032146454,2.6189513206481934,0.8664406538009644,1.0476009845733643,-1.1094328165054321,-1.1689728498458862,-0.4486030340194702,2.6162374019622803,0.879348635673523,1.0502917766571045,0.00727999210357666,0.030739784240722656,0.02107366919517517,-0.002713918685913086,0.012907981872558594,0.0026907920837402344
1769719567.1620393,full,goal16.png,0.8949605822563171,-1.1133201122283936,-1.201711893081665,-0.46679896116256714,2.6185269355773926,0.8714691400527954,1.0495699644088745,-1.1098097562789917,-1.1704063415527344,-0.44682005047798157,2.616011142730713,0.8816323280334473,1.0507533550262451,0.0035103559494018555,0.031305551528930664,0.01997891068458557,-0.0025157928466796875,0.010163187980651855,0.0011833906173706055
1769719567.2630284,full,goal16.png,0.8964762687683105,-1.1111087799072266,-1.2030447721481323,-0.46319419145584106,2.6179213523864746,0.8761643767356873,1.0505998134613037,-1.111427664756775,-1.1711164712905884,-0.44892168045043945,2.6153805255889893,0.8810535073280334,1.0510993003845215,-0.00031888484954833984,0.031928300857543945,0.014272511005401611,-0.0025408267974853516,0.004889130592346191,0.0004994869232177734
1769719567.362643,full,goal16.png,0.8927568197250366,-1.110957384109497,-1.2048320770263672,-0.46061941981315613,2.6175577640533447,0.8793147206306458,1.0509936809539795,-1.1134121417999268,-1.171584963798523,-0.45217132568359375,2.6151201725006104,0.8794314861297607,1.0513629913330078,-0.0024547576904296875,0.03324711322784424,0.008448094129562378,-0.002437591552734375,0.00011676549911499023,0.0003693103790283203
1769719567.4626412,full,goal16.png,0.8939881920814514,-1.112199306488037,-1.2078914642333984,-0.46083149313926697,2.617163896560669,0.879859983921051,1.0512360334396362,-1.1148029565811157,-1.1726661920547485,-0.45333945751190186,2.6145858764648438,0.8791123628616333,1.0514745712280273,-0.0026036500930786133,0.0352252721786499,0.007492035627365112,-0.0025780200958251953,-0.0007476210594177246,0.00023853778839111328
1769719567.5607,full,goal16.png,0.8959048986434937,-1.1137441396713257,-1.2114053964614868,-0.4624671936035156,2.6167399883270264,0.8796176910400391,1.0513571500778198,-1.1151273250579834,-1.1733667850494385,-0.4549349248409271,2.6127431392669678,0.8785936832427979,1.052527904510498,-0.0013831853866577148,0.03803861141204834,0.007532268762588501,-0.003996849060058594,-0.001024007797241211,0.0011707544326782227
1769719567.662626,full,goal16.png,0.9027750492095947,-1.1148953437805176,-1.2155554294586182,-0.4637395143508911,2.616164445877075,0.8793449997901917,1.0516297817230225,-1.114461898803711,-1.17372465133667,-0.4561096727848053,2.6098546981811523,0.8783888220787048,1.053868293762207,0.0004334449768066406,0.04183077812194824,0.007629841566085815,-0.0063097476959228516,-0.0009561777114868164,0.0022385120391845703
1769719567.766822,full,goal16.png,0.902573823928833,-1.1151982545852661,-1.2179787158966064,-0.46543586254119873,2.613740921020508,0.8784817457199097,1.052553653717041,-1.1132335662841797,-1.1737635135650635,-0.45682984590530396,2.606142044067383,0.8786858916282654,1.055655837059021,0.0019646883010864258,0.04421520233154297,0.008606016635894775,-0.007598876953125,0.0002041459083557129,0.0031021833419799805
1769719567.860735,full,goal16.png,0.9068852066993713,-1.1151678562164307,-1.2180089950561523,-0.46585988998413086,2.612105369567871,0.8782393336296082,1.052917242050171,-1.1122084856033325,-1.1739082336425781,-0.4567428231239319,2.6035032272338867,0.8789685964584351,1.057269811630249,0.0029593706130981445,0.04410076141357422,0.009117066860198975,-0.008602142333984375,0.0007292628288269043,0.004352569580078125
1769719567.9640563,full,goal16.png,0.8965739607810974,-1.1145620346069336,-1.2179181575775146,-0.4665868878364563,2.6081674098968506,0.878451406955719,1.0544015169143677,-1.1112486124038696,-1.174782156944275,-0.45493876934051514,2.60183048248291,0.8801733255386353,1.0577731132507324,0.003313422203063965,0.043136000633239746,0.011648118495941162,-0.00633692741394043,0.0017219185829162598,0.003371596336364746
1769719568.0627005,full,goal16.png,0.9031209945678711,-1.11283540725708,-1.218281626701355,-0.4669504463672638,2.6051077842712402,0.8784665465354919,1.0561130046844482,-1.1106317043304443,-1.1750445365905762,-0.4549703598022461,2.60064959526062,0.8804117441177368,1.0580335855484009,0.002203702926635742,0.04323709011077881,0.0119800865650177,-0.004458189010620117,0.001945197582244873,0.0019205808639526367
1769719568.1644697,full,goal16.png,0.8977979421615601,-1.1111087799072266,-1.2185239791870117,-0.4664960503578186,2.6028964519500732,0.8793147206306458,1.056991457939148,-1.1099601984024048,-1.1751291751861572,-0.4560839533805847,2.598554849624634,0.8804357051849365,1.057496190071106,0.0011485815048217773,0.04339480400085449,0.010412096977233887,-0.004341602325439453,0.0011209845542907715,0.0005047321319580078
1769719568.2612216,full,goal16.png,0.9035289287567139,-1.1108967065811157,-1.2187964916229248,-0.46631428599357605,2.6016242504119873,0.8797691464424133,1.0575367212295532,-1.1091163158416748,-1.175133466720581,-0.457905650138855,2.5960121154785156,0.8805976510047913,1.0573656558990479,0.001780390739440918,0.04366302490234375,0.00840863585472107,-0.00561213493347168,0.0008285045623779297,-0.0001710653305053711
1769719568.3636851,full,goal16.png,0.907750129699707,-1.112229585647583,-1.219099521636963,-0.4664354920387268,2.5995945930480957,0.879859983921051,1.0575367212295532,-1.1084794998168945,-1.1744945049285889,-0.4597378969192505,2.5938940048217773,0.8801758289337158,1.0585260391235352,0.0037500858306884766,0.04460501670837402,0.006697595119476318,-0.005700588226318359,0.0003158450126647949,0.0009893178939819336
1769719568.4626925,full,goal16.png,0.9005472660064697,-1.1125930547714233,-1.2183119058609009,-0.4669807255268097,2.597625732421875,0.8799508810043335,1.0574761629104614,-1.1089191436767578,-1.1744838953018188,-0.4609874188899994,2.5912749767303467,0.8804454803466797,1.0611228942871094,0.0036739110946655273,0.04382801055908203,0.005993306636810303,-0.00635075569152832,0.0004945993423461914,0.0036467313766479492
1769719568.5615385,full,goal16.png,0.8934974074363708,-1.1105635166168213,-1.216676115989685,-0.46795007586479187,2.595717191696167,0.8799357414245605,1.057794213294983,-1.110129714012146,-1.1751723289489746,-0.46237272024154663,2.5883848667144775,0.8799893856048584,1.0639029741287231,0.00043380260467529297,0.04150378704071045,0.005577355623245239,-0.007332324981689453,5.364418029785156e-05,0.006108760833740234
1769719568.6620014,full,goal16.png,0.8857100605964661,-1.1098365783691406,-1.2145254611968994,-0.46897998452186584,2.593263626098633,0.8800417184829712,1.0595662593841553,-1.1105401515960693,-1.176658272743225,-0.461582750082016,2.5872347354888916,0.88033127784729,1.0646123886108398,-0.0007035732269287109,0.037867188453674316,0.0073972344398498535,-0.006028890609741211,0.00028955936431884766,0.00504612922668457
1769719568.7616014,full,goal16.png,0.8974988460540771,-1.110836148262024,-1.2115265130996704,-0.4696767032146454,2.5908403396606445,0.8798448443412781,1.062004804611206,-1.1109349727630615,-1.1783310174942017,-0.4598996043205261,2.5880205631256104,0.8799841403961182,1.063856601715088,-9.882450103759766e-05,0.03319549560546875,0.009777098894119263,-0.0028197765350341797,0.0001392960548400879,0.001851797103881836
1769719568.8630428,full,goal16.png,0.9034903049468994,-1.1111390590667725,-1.2080732583999634,-0.46946462988853455,2.5892953872680664,0.8800871968269348,1.0629740953445435,-1.1105211973190308,-1.1788853406906128,-0.4565841555595398,2.5901288986206055,0.8815963268280029,1.0630452632904053,0.0006178617477416992,0.029187917709350586,0.012880474328994751,0.0008335113525390625,0.0015091300010681152,7.11679458618164e-05
1769719568.962871,full,goal16.png,0.8958737850189209,-1.1110179424285889,-1.2076793909072876,-0.4686165153980255,2.5892348289489746,0.8801477551460266,1.0630043745040894,-1.109468936920166,-1.1787222623825073,-0.45253145694732666,2.592435359954834,0.8850886821746826,1.063025712966919,0.0015490055084228516,0.028957128524780273,0.016085058450698853,0.003200531005859375,0.004940927028656006,2.1338462829589844e-05
1769719569.0626466,full,goal16.png,0.8984596133232117,-1.110836148262024,-1.208709478378296,-0.4670715630054474,2.590052604675293,0.8804810047149658,1.0628529787063599,-1.1083920001983643,-1.1778749227523804,-0.44937407970428467,2.594660520553589,0.8889933824539185,1.0633693933486938,0.002444148063659668,0.030834555625915527,0.01769748330116272,0.0046079158782958984,0.008512377738952637,0.0005164146423339844
1769719569.1620905,full,goal16.png,0.8953796029090881,-1.1105635166168213,-1.2088911533355713,-0.46416354179382324,2.5915369987487793,0.8827226161956787,1.0636101961135864,-1.1076240539550781,-1.1775763034820557,-0.4464688301086426,2.5971217155456543,0.8928557634353638,1.0631332397460938,0.002939462661743164,0.031314849853515625,0.017694711685180664,0.005584716796875,0.010133147239685059,-0.0004769563674926758
1769719569.260159,full,goal16.png,0.9018747806549072,-1.1101092100143433,-1.208345890045166,-0.46083149313926697,2.5935966968536377,0.8862970471382141,1.0641251802444458,-1.1069873571395874,-1.1773486137390137,-0.4441789984703064,2.598952293395996,0.8952676057815552,1.063295841217041,0.0031218528747558594,0.030997276306152344,0.01665249466896057,0.0053555965423583984,0.008970558643341064,-0.0008293390274047852
1769719569.3605585,full,goal16.png,0.8957011699676514,-1.1090489625930786,-1.2078914642333984,-0.4581355154514313,2.595717191696167,0.8902198672294617,1.0641403198242188,-1.1062514781951904,-1.1773396730422974,-0.4419962763786316,2.6008479595184326,0.8973712921142578,1.0634124279022217,0.0027974843978881836,0.030551791191101074,0.016139239072799683,0.005130767822265625,0.007151424884796143,-0.0007278919219970703
1769719569.4619517,full,goal16.png,0.8956773281097412,-1.1077766418457031,-1.2073160409927368,-0.4555000960826874,2.597655773162842,0.8933550715446472,1.0639132261276245,-1.1050885915756226,-1.176973819732666,-0.44041907787323,2.6004014015197754,0.9001076817512512,1.064292550086975,0.0026880502700805664,0.0303422212600708,0.015081018209457397,0.0027456283569335938,0.006752610206604004,0.00037932395935058594
1769719569.563004,full,goal16.png,0.8925942182540894,-1.107322335243225,-1.2068010568618774,-0.4527737498283386,2.5992918014526367,0.8957178592681885,1.0635193586349487,-1.1038236618041992,-1.1768840551376343,-0.4383784532546997,2.59987735748291,0.9036020636558533,1.0656461715698242,0.003498673439025879,0.029917001724243164,0.014395296573638916,0.0005855560302734375,0.007884204387664795,0.0021268129348754883
1769719569.66271,full,goal16.png,0.8979964256286621,-1.1069891452789307,-1.2060739994049072,-0.450623095035553,2.5995945930480957,0.8982775211334229,1.0644129514694214,-1.1022381782531738,-1.1770185232162476,-0.43463754653930664,2.598647117614746,0.9078031182289124,1.0678327083587646,0.004750967025756836,0.029055476188659668,0.015985548496246338,-0.0009474754333496094,0.009525597095489502,0.0034197568893432617
1769719569.763436,full,goal16.png,0.9051368236541748,-1.1061409711837769,-1.2051348686218262,-0.44847235083580017,2.59956431388855,0.9015187621116638,1.0652308464050293,-1.101225733757019,-1.1778303384780884,-0.43071573972702026,2.5997369289398193,0.9103653430938721,1.0690418481826782,0.0049152374267578125,0.027304530143737793,0.017756611108779907,0.00017261505126953125,0.008846580982208252,0.0038110017776489258
1769719569.8633564,full,goal16.png,0.8979910612106323,-1.1047778129577637,-1.2048017978668213,-0.445564329624176,2.5990796089172363,0.9052597880363464,1.0673362016677856,-1.1000277996063232,-1.178423285484314,-0.4266142249107361,2.6005778312683105,0.9125946760177612,1.0699143409729004,0.00475001335144043,0.026378512382507324,0.01895010471343994,0.0014982223510742188,0.007334887981414795,0.002578139305114746
1769719569.9630728,full,goal16.png,0.9027766585350037,-1.103111743927002,-1.205528736114502,-0.4422019124031067,2.599170684814453,0.9088948369026184,1.068487286567688,-1.0984938144683838,-1.1788853406906128,-0.42239388823509216,2.6017367839813232,0.915662407875061,1.0707972049713135,0.004617929458618164,0.02664339542388916,0.019808024168014526,0.002566099166870117,0.006767570972442627,0.0023099184036254883
1769719570.062894,full,goal16.png,0.9015915989875793,-1.1015970706939697,-1.2056195735931396,-0.43829426169395447,2.599473476409912,0.910984992980957,1.0696080923080444,-1.0970566272735596,-1.1791558265686035,-0.41910555958747864,2.6007466316223145,0.9190134406089783,1.072003722190857,0.004540443420410156,0.026463747024536133,0.01918870210647583,0.0012731552124023438,0.00802844762802124,0.0023956298828125
1769719570.164965,full,goal16.png,0.8997787833213806,-1.1001733541488647,-1.205498456954956,-0.4342956840991974,2.600170135498047,0.9135143756866455,1.070531964302063,-1.0961847305297852,-1.1793502569198608,-0.41680461168289185,2.6005191802978516,0.9205988645553589,1.072927474975586,0.00398862361907959,0.026148200035095215,0.017491072416305542,0.0003490447998046875,0.007084488868713379,0.0023955106735229492
1769719570.2627957,full,goal16.png,0.9029669761657715,-1.0992040634155273,-1.2057104110717773,-0.43084242939949036,2.6002306938171387,0.9163769483566284,1.07175874710083,-1.0954638719558716,-1.1786686182022095,-0.4164455533027649,2.6000049114227295,0.9203643202781677,1.07393479347229,0.0037401914596557617,0.02704179286956787,0.014396876096725464,-0.0002257823944091797,0.003987371921539307,0.002176046371459961
1769719570.3626394,full,goal16.png,0.9079477787017822,-1.0990222692489624,-1.2059528827667236,-0.42817673087120056,2.600170135498047,0.9180278778076172,1.0728644132614136,-1.094771146774292,-1.1771340370178223,-0.41840410232543945,2.5998077392578125,0.9197726845741272,1.0755219459533691,0.00425112247467041,0.028818845748901367,0.009772628545761108,-0.000362396240234375,0.0017448067665100098,0.0026575326919555664
1769719570.460331,full,goal16.png,0.9083253145217896,-1.0983861684799194,-1.2057406902313232,-0.4267529845237732,2.5999581813812256,0.9188305735588074,1.0736974477767944,-1.094376802444458,-1.174694538116455,-0.423164427280426,2.5990540981292725,0.9169085025787354,1.077913761138916,0.004009366035461426,0.031046152114868164,0.003588557243347168,-0.000904083251953125,-0.0019220709800720215,0.004216313362121582
1769719570.5634003,full,goal16.png,0.9058665633201599,-1.0971139669418335,-1.2054681777954102,-0.42696505784988403,2.599806785583496,0.91910320520401,1.0743639469146729,-1.0940653085708618,-1.1723172664642334,-0.4277085065841675,2.5979819297790527,0.9140647649765015,1.080348014831543,0.0030486583709716797,0.03315091133117676,-0.0007434487342834473,-0.0018248558044433594,-0.005038440227508545,0.005984067916870117
1769719570.6642742,full,goal16.png,0.9034394025802612,-1.095871925354004,-1.2044684886932373,-0.4298125207424164,2.599443197250366,0.9179218411445618,1.0756967067718506,-1.0935909748077393,-1.1715677976608276,-0.42778897285461426,2.598362684249878,0.9134739637374878,1.081186056137085,0.0022809505462646484,0.03290069103240967,0.002023547887802124,-0.0010805130004882812,-0.004447877407073975,0.005489349365234375
1769719570.763083,full,goal16.png,0.9090918898582458,-1.0953569412231445,-1.2009849548339844,-0.4332354962825775,2.598928451538086,0.9155439138412476,1.0780746936798096,-1.0932153463363647,-1.171502709388733,-0.4248846769332886,2.5997796058654785,0.9155179262161255,1.0814679861068726,0.002141594886779785,0.029482245445251465,0.00835081934928894,0.0008511543273925781,-2.5987625122070312e-05,0.0033932924270629883
1769719570.8638163,full,goal16.png,0.9095042943954468,-1.0953569412231445,-1.1985313892364502,-0.4342351257801056,2.598867893218994,0.9144837260246277,1.0790742635726929,-1.0932291746139526,-1.1706167459487915,-0.42448991537094116,2.6012890338897705,0.915073573589325,1.081334114074707,0.0021277666091918945,0.02791464328765869,0.009745210409164429,0.002421140670776367,0.0005898475646972656,0.00225985050201416
1769719570.963706,full,goal16.png,0.9107567071914673,-1.0953569412231445,-1.1980466842651367,-0.4336293041706085,2.599231243133545,0.9149380922317505,1.07968008518219,-1.0932546854019165,-1.1689960956573486,-0.42704322934150696,2.6018781661987305,0.9117154479026794,1.081054925918579,0.0021022558212280273,0.029050588607788086,0.0065860748291015625,0.002646923065185547,-0.003222644329071045,0.0013748407363891602
1769719571.0641,full,goal16.png,0.911940336227417,-1.0949329137802124,-1.1975922584533691,-0.4332052171230316,2.6000490188598633,0.9149986505508423,1.0797407627105713,-1.0932122468948364,-1.167230248451233,-0.42999139428138733,2.6019999980926514,0.9085949659347534,1.0807344913482666,0.0017206668853759766,0.03036201000213623,0.003213822841644287,0.001950979232788086,-0.006403684616088867,0.0009937286376953125
1769719571.1630592,full,goal16.png,0.909224271774292,-1.0948419570922852,-1.196229100227356,-0.4337201714515686,2.6006851196289062,0.9136961102485657,1.080437421798706,-1.0928032398223877,-1.1650416851043701,-0.43263867497444153,2.60314679145813,0.9063628911972046,1.0808122158050537,0.002038717269897461,0.03118741512298584,0.0010814964771270752,0.002461671829223633,-0.007333219051361084,0.00037479400634765625
1769719571.262794,full,goal16.png,0.9104677438735962,-1.0948419570922852,-1.194017767906189,-0.4356285631656647,2.6009881496429443,0.9110606908798218,1.0807706117630005,-1.0919119119644165,-1.1626213788986206,-0.43453848361968994,2.6035003662109375,0.9057700037956238,1.0819611549377441,0.0029300451278686523,0.03139638900756836,0.0010900795459747314,0.002512216567993164,-0.005290687084197998,0.0011905431747436523
1769719571.3643298,full,goal16.png,0.9124008417129517,-1.0942058563232422,-1.1922911405563354,-0.43750667572021484,2.6018664836883545,0.908546507358551,1.0810129642486572,-1.0916368961334229,-1.160344123840332,-0.43758881092071533,2.6037065982818604,0.9041153192520142,1.082974910736084,0.002568960189819336,0.03194701671600342,-8.213520050048828e-05,0.0018401145935058594,-0.004431188106536865,0.001961946487426758
1769719571.4630253,full,goal16.png,0.9076838493347168,-1.0936908721923828,-1.1908674240112305,-0.43932417035102844,2.6022298336029053,0.9072287678718567,1.0819368362426758,-1.0913279056549072,-1.1587544679641724,-0.4407314360141754,2.6038131713867188,0.9027400612831116,1.0831650495529175,0.002362966537475586,0.032112956047058105,-0.0014072656631469727,0.0015833377838134766,-0.004488706588745117,0.0012282133102416992
1769719571.5619726,full,goal16.png,0.9118064641952515,-1.0933274030685425,-1.1890195608139038,-0.44189900159835815,2.6025631427764893,0.9055930376052856,1.0830879211425781,-1.091304063796997,-1.1575572490692139,-0.4430863857269287,2.6035079956054688,0.9010916948318481,1.0830224752426147,0.00202333927154541,0.03146231174468994,-0.0011873841285705566,0.0009448528289794922,-0.0045013427734375,-6.54458999633789e-05
