timestamp,model_type,goal_image,similarity_score,curr_j0,curr_j1,curr_j2,curr_j3,curr_j4,curr_j5,cmd_j0,cmd_j1,cmd_j2,cmd_j3,cmd_j4,cmd_j5,step_diff_j0,step_diff_j1,step_diff_j2,step_diff_j3,step_diff_j4,step_diff_j5
1769719287.8787668,full,goal2.png,0.7328399419784546,0.16575756669044495,-0.8204876184463501,-2.267019271850586,1.7569330930709839,1.4307342767715454,3.189681053161621,0.08421830087900162,-0.7288646101951599,-2.261512279510498,1.7147302627563477,1.3672527074813843,3.0707290172576904,-0.08153926581144333,0.09162300825119019,0.005506992340087891,-0.04220283031463623,-0.06348156929016113,-0.11895203590393066
1769719287.896579,full,goal2.png,0.7328399419784546,0.16569699347019196,-0.8221537470817566,-2.267019271850586,1.7569330930709839,1.4307342767715454,3.189681053161621,0.08384602516889572,-0.7276889085769653,-2.2610676288604736,1.7139465808868408,1.36704421043396,3.0705535411834717,-0.08185096830129623,0.09446483850479126,0.005951642990112305,-0.042986512184143066,-0.06369006633758545,-0.11912751197814941
1769719287.9707305,full,goal2.png,0.7183660864830017,0.16572727262973785,-0.8252737522125244,-2.266958713531494,1.7569330930709839,1.4307645559310913,3.189681053161621,0.08445209264755249,-0.7270761728286743,-2.2604005336761475,1.7137805223464966,1.367168664932251,3.0697686672210693,-0.08127517998218536,0.0981975793838501,0.00655817985534668,-0.043152570724487305,-0.06359589099884033,-0.11991238594055176
1769719288.0709386,full,goal2.png,0.7168290615081787,0.13307252526283264,-0.8008887767791748,-2.265383720397949,1.7301852703094482,1.4164516925811768,3.1411080360412598,0.08225902169942856,-0.7268781065940857,-2.2584457397460938,1.710674524307251,1.3685529232025146,3.0689897537231445,-0.05081350356340408,0.07401067018508911,0.006937980651855469,-0.019510746002197266,-0.04789876937866211,-0.07211828231811523
1769719288.1690316,full,goal2.png,0.7025591135025024,0.09445029497146606,-0.7551479339599609,-2.2629904747009277,1.7190680503845215,1.3888102769851685,3.098623514175415,0.07388781011104584,-0.7203813791275024,-2.257289409637451,1.705296516418457,1.3686169385910034,3.065903902053833,-0.020562484860420227,0.034766554832458496,0.0057010650634765625,-0.013771533966064453,-0.02019333839416504,-0.03271961212158203
1769719288.2693536,full,goal2.png,0.7107729911804199,0.08193975687026978,-0.7317019104957581,-2.2615063190460205,1.7125252485275269,1.3698322772979736,3.0743749141693115,0.06065986305475235,-0.7090713977813721,-2.259641647338867,1.6991653442382812,1.3662245273590088,3.057807445526123,-0.021279893815517426,0.022630512714385986,0.0018646717071533203,-0.013359904289245605,-0.0036077499389648438,-0.016567468643188477
1769719288.3694851,full,goal2.png,0.701551079750061,0.07881967723369598,-0.7347917556762695,-2.2614152431488037,1.707708716392517,1.368499517440796,3.069528102874756,0.04670343175530434,-0.6972978711128235,-2.264397144317627,1.6929709911346436,1.36250638961792,3.0510244369506836,-0.03211624547839165,0.037493884563446045,-0.002981901168823242,-0.014737725257873535,-0.0059931278228759766,-0.018503665924072266
1769719288.4683053,full,goal2.png,0.7234140634536743,0.0703076422214508,-0.7305811047554016,-2.2612640857696533,1.7021348476409912,1.3665759563446045,3.0623035430908203,0.033722538501024246,-0.6872771978378296,-2.268427610397339,1.688262939453125,1.3596124649047852,3.046192169189453,-0.03658510372042656,0.04330390691757202,-0.007163524627685547,-0.013871908187866211,-0.006963491439819336,-0.016111373901367188
1769719288.5717187,full,goal2.png,0.7089418172836304,0.05246564745903015,-0.717707097530365,-2.264232635498047,1.6964703798294067,1.3636678457260132,3.055124282836914,0.02238539792597294,-0.6790051460266113,-2.271928310394287,1.6841357946395874,1.3566715717315674,3.0433778762817383,-0.030080249533057213,0.03870195150375366,-0.007695674896240234,-0.012334585189819336,-0.006996273994445801,-0.011746406555175781
1769719288.6721568,full,goal2.png,0.7172123193740845,0.03947044163942337,-0.7111034393310547,-2.2668678760528564,1.6905937194824219,1.3610023260116577,3.0493991374969482,0.011952906847000122,-0.6692378520965576,-2.277925729751587,1.680755376815796,1.352554440498352,3.04325008392334,-0.02751753479242325,0.04186558723449707,-0.011057853698730469,-0.009838342666625977,-0.008447885513305664,-0.0061490535736083984
1769719288.7698386,full,goal2.png,0.7199413776397705,0.028868233785033226,-0.7049540877342224,-2.269594192504883,1.6861408948898315,1.358397126197815,3.046036720275879,0.0017725173383951187,-0.6593950986862183,-2.2845945358276367,1.6775422096252441,1.3477189540863037,3.0489120483398438,-0.027095716446638107,0.04555898904800415,-0.015000343322753906,-0.008598685264587402,-0.01067817211151123,0.0028753280639648438
1769719288.8698432,full,goal2.png,0.7352290153503418,0.017811713740229607,-0.6961997151374817,-2.2741682529449463,1.6827481985092163,1.3553224802017212,3.044325351715088,-0.008298870176076889,-0.6460381746292114,-2.2904670238494873,1.6752073764801025,1.3440499305725098,3.049722909927368,-0.026110583916306496,0.050161540508270264,-0.016298770904541016,-0.0075408220291137695,-0.011272549629211426,0.0053975582122802734
1769719288.9694667,full,goal2.png,0.7454140186309814,0.0074215601198375225,-0.6875967979431152,-2.2807114124298096,1.6799007654190063,1.3507332801818848,3.0480360984802246,-0.018649756908416748,-0.6313046216964722,-2.292958974838257,1.6713091135025024,1.3430558443069458,3.0411503314971924,-0.026071317493915558,0.056292176246643066,-0.012247562408447266,-0.008591651916503906,-0.007677435874938965,-0.0068857669830322266
1769719289.0704353,full,goal2.png,0.7352001667022705,-0.0028473883867263794,-0.6756013035774231,-2.28749680519104,1.6771440505981445,1.3465529680252075,3.049520254135132,-0.030750583857297897,-0.6188186407089233,-2.293458938598633,1.6625266075134277,1.3432327508926392,3.031316041946411,-0.027903195470571518,0.056782662868499756,-0.0059621334075927734,-0.014617443084716797,-0.0033202171325683594,-0.018204212188720703
1769719289.1745331,full,goal2.png,0.7363746166229248,-0.013207259587943554,-0.6622727513313293,-2.2914648056030273,1.6739635467529297,1.3436752557754517,3.0448553562164307,-0.043283864855766296,-0.6116910576820374,-2.294753074645996,1.6522510051727295,1.341557264328003,3.024693489074707,-0.030076604336500168,0.05058169364929199,-0.00328826904296875,-0.021712541580200195,-0.0021179914474487305,-0.020161867141723633
1769719289.2824423,full,goal2.png,0.7451081275939941,-0.0248393751680851,-0.6485505104064941,-2.2927675247192383,1.6665116548538208,1.3433268070220947,3.03672194480896,-0.05616230517625809,-0.6047652959823608,-2.2988059520721436,1.6423019170761108,1.338819980621338,3.0213117599487305,-0.03132293000817299,0.0437852144241333,-0.0060384273529052734,-0.02420973777770996,-0.004506826400756836,-0.015410184860229492
1769719289.3729947,full,goal2.png,0.7450320720672607,-0.03704700991511345,-0.6376152038574219,-2.2942516803741455,1.6566364765167236,1.3423423767089844,3.0288004875183105,-0.06867245584726334,-0.5958518385887146,-2.302114248275757,1.6356635093688965,1.3358814716339111,3.0203471183776855,-0.03162544593214989,0.041763365268707275,-0.007862567901611328,-0.02097296714782715,-0.006460905075073242,-0.008453369140625
1769719289.4704373,full,goal2.png,0.7473318576812744,-0.04943641275167465,-0.6304965615272522,-2.296675205230713,1.6480032205581665,1.3398432731628418,3.0240297317504883,-0.08288480341434479,-0.5859993100166321,-2.3040337562561035,1.6302074193954468,1.331839680671692,3.0193679332733154,-0.033448390662670135,0.04449725151062012,-0.007358551025390625,-0.017795801162719727,-0.008003592491149902,-0.0046617984771728516
1769719289.5699978,full,goal2.png,0.7347323894500732,-0.0624619759619236,-0.6231053471565247,-2.299795150756836,1.6404606103897095,1.337389588356018,3.021575927734375,-0.09634241461753845,-0.575354814529419,-2.304237127304077,1.6272226572036743,1.3274916410446167,3.016561269760132,-0.03388043865561485,0.04775053262710571,-0.004441976547241211,-0.013237953186035156,-0.009897947311401367,-0.005014657974243164
1769719289.6708066,full,goal2.png,0.7387514710426331,-0.0771232545375824,-0.6129575371742249,-2.3024303913116455,1.6334025859832764,1.3339213132858276,3.019925117492676,-0.10979729145765305,-0.5650814771652222,-2.3048648834228516,1.6230545043945312,1.3232898712158203,3.0112998485565186,-0.03267403692007065,0.047876060009002686,-0.0024344921112060547,-0.010348081588745117,-0.010631442070007324,-0.008625268936157227
1769719289.7720935,full,goal2.png,0.7356564998626709,-0.0903003066778183,-0.601082980632782,-2.303581714630127,1.62943434715271,1.3300893306732178,3.0176985263824463,-0.12288454920053482,-0.5554668307304382,-2.3059170246124268,1.6145296096801758,1.3206011056900024,3.006398916244507,-0.03258424252271652,0.04561614990234375,-0.0023353099822998047,-0.01490473747253418,-0.009488224983215332,-0.011299610137939453
1769719289.8681865,full,goal2.png,0.7539136409759521,-0.10344699770212173,-0.5920863747596741,-2.304490566253662,1.6257688999176025,1.3258938789367676,3.013593912124634,-0.1370919942855835,-0.5495039820671082,-2.307704210281372,1.603018045425415,1.3171744346618652,3.0023179054260254,-0.03364499658346176,0.04258239269256592,-0.003213644027709961,-0.0227508544921875,-0.008719444274902344,-0.011276006698608398
1769719289.970261,full,goal2.png,0.7498427629470825,-0.1173812672495842,-0.5815750360488892,-2.3056416511535645,1.6179536581039429,1.3220164775848389,3.0087170600891113,-0.15046074986457825,-0.5423808097839355,-2.310027599334717,1.5910050868988037,1.3130794763565063,2.9996070861816406,-0.03307948261499405,0.03919422626495361,-0.004385948181152344,-0.02694857120513916,-0.00893700122833252,-0.009109973907470703
1769719290.0713801,full,goal2.png,0.7472296953201294,-0.13083092868328094,-0.5740019679069519,-2.3072471618652344,1.6075332164764404,1.3187752962112427,3.0046579837799072,-0.16347810626029968,-0.5322712659835815,-2.3135008811950684,1.5792126655578613,1.3084405660629272,2.998384714126587,-0.03264717757701874,0.04173070192337036,-0.006253719329833984,-0.0283205509185791,-0.01033473014831543,-0.0062732696533203125
1769719290.1695979,full,goal2.png,0.7386616468429565,-0.14421996474266052,-0.5683980584144592,-2.309155225753784,1.597082495689392,1.3152766227722168,3.0013105869293213,-0.17607556283473969,-0.522010087966919,-2.3182249069213867,1.5653263330459595,1.303452491760254,2.994202136993408,-0.03185559809207916,0.04638797044754028,-0.009069681167602539,-0.03175616264343262,-0.01182413101196289,-0.007108449935913086
1769719290.272193,full,goal2.png,0.744480311870575,-0.15694254636764526,-0.5593407154083252,-2.3122148513793945,1.5860260725021362,1.3111871480941772,2.99949312210083,-0.1899299919605255,-0.5149362087249756,-2.3223118782043457,1.55184805393219,1.2991288900375366,2.9891204833984375,-0.03298744559288025,0.04440450668334961,-0.010097026824951172,-0.03417801856994629,-0.012058258056640625,-0.010372638702392578
1769719290.371677,full,goal2.png,0.7376136779785156,-0.17024073004722595,-0.548041820526123,-2.3166377544403076,1.5713646411895752,1.3061435222625732,2.995903491973877,-0.20575758814811707,-0.5093256235122681,-2.3255434036254883,1.5378316640853882,1.2953228950500488,2.9854376316070557,-0.03551685810089111,0.03871619701385498,-0.008905649185180664,-0.03353297710418701,-0.010820627212524414,-0.010465860366821289
1769719290.470985,full,goal2.png,0.7470865845680237,-0.18305425345897675,-0.5399841070175171,-2.320575475692749,1.5589752197265625,1.3017663955688477,2.991586923599243,-0.22087329626083374,-0.5026389360427856,-2.3279170989990234,1.5242513418197632,1.2926992177963257,2.987063407897949,-0.037819042801856995,0.037345170974731445,-0.007341623306274414,-0.034723877906799316,-0.009067177772521973,-0.004523515701293945
1769719290.5692275,full,goal2.png,0.7431130409240723,-0.19816991686820984,-0.5340166687965393,-2.3239076137542725,1.5450409650802612,1.297888994216919,2.9877700805664062,-0.23478484153747559,-0.4957848787307739,-2.3302979469299316,1.5131181478500366,1.290879487991333,2.986208200454712,-0.03661492466926575,0.03823179006576538,-0.00639033317565918,-0.03192281723022461,-0.0070095062255859375,-0.001561880111694336
1769719290.6697705,full,goal2.png,0.746292233467102,-0.21476994454860687,-0.5274130702018738,-2.326815605163574,1.5312581062316895,1.2946022748947144,2.9876034259796143,-0.24931731820106506,-0.4898383915424347,-2.3325672149658203,1.5020363330841064,1.2879141569137573,2.983813524246216,-0.03454737365245819,0.03757467865943909,-0.005751609802246094,-0.029221773147583008,-0.006688117980957031,-0.0037899017333984375
1769719290.770316,full,goal2.png,0.7396416068077087,-0.22776515781879425,-0.5193250775337219,-2.3291783332824707,1.5185356140136719,1.2919820547103882,2.986952304840088,-0.2642883062362671,-0.48344144225120544,-2.334928035736084,1.4906433820724487,1.2842280864715576,2.981729507446289,-0.03652314841747284,0.03588363528251648,-0.005749702453613281,-0.027892231941223145,-0.007753968238830566,-0.005222797393798828
1769719290.8717,full,goal2.png,0.7550535202026367,-0.24239614605903625,-0.5129940509796143,-2.331874370574951,1.5082058906555176,1.2894223928451538,2.98514986038208,-0.27905815839767456,-0.4767444133758545,-2.3377997875213623,1.4774761199951172,1.279937744140625,2.9805946350097656,-0.036662012338638306,0.036249637603759766,-0.005925416946411133,-0.03072977066040039,-0.009484648704528809,-0.004555225372314453
1769719290.9705238,full,goal2.png,0.7521862387657166,-0.25832974910736084,-0.5071174502372742,-2.3349337577819824,1.4958771467208862,1.2858781814575195,2.983029365539551,-0.2927074730396271,-0.47123128175735474,-2.3398022651672363,1.4652819633483887,1.2750940322875977,2.979994058609009,-0.034377723932266235,0.035886168479919434,-0.004868507385253906,-0.03059518337249756,-0.010784149169921875,-0.003035306930541992
1769719291.0700953,full,goal2.png,0.761414647102356,-0.27244576811790466,-0.4993324279785156,-2.3374483585357666,1.4839117527008057,1.2823340892791748,2.981726884841919,-0.30582308769226074,-0.4659196138381958,-2.3404600620269775,1.4525582790374756,1.2705199718475342,2.981440305709839,-0.03337731957435608,0.033412814140319824,-0.0030117034912109375,-0.03135347366333008,-0.011814117431640625,-0.0002865791320800781
1769719291.1692286,full,goal2.png,0.7541300058364868,-0.285895437002182,-0.49321338534355164,-2.339871406555176,1.4716132879257202,1.2781689167022705,2.980681896209717,-0.31824469566345215,-0.4617854356765747,-2.3412415981292725,1.439321517944336,1.266549825668335,2.983476161956787,-0.03234925866127014,0.03142794966697693,-0.0013701915740966797,-0.03229176998138428,-0.011619091033935547,0.0027942657470703125
1769719291.2669988,full,goal2.png,0.7611566781997681,-0.2993753254413605,-0.48857879638671875,-2.3412647247314453,1.4593753814697266,1.2736856937408447,2.9814391136169434,-0.33040013909339905,-0.4576634466648102,-2.3428640365600586,1.4256138801574707,1.263023853302002,2.985999345779419,-0.031024813652038574,0.03091534972190857,-0.0015993118286132812,-0.03376150131225586,-0.010661840438842773,0.004560232162475586
1769719291.370156,full,goal2.png,0.7441345453262329,-0.3128249943256378,-0.4841257631778717,-2.342628002166748,1.4458045959472656,1.2691419124603271,2.9832262992858887,-0.3427612781524658,-0.45420268177986145,-2.345161199569702,1.4117926359176636,1.2589528560638428,2.9891364574432373,-0.029936283826828003,0.029923081398010254,-0.0025331974029541016,-0.03401196002960205,-0.010189056396484375,0.005910158157348633
1769719291.4689157,full,goal2.png,0.7607617378234863,-0.3247600197792053,-0.4799758493900299,-2.3438398838043213,1.43241548538208,1.2651433944702148,2.9854981899261475,-0.35553067922592163,-0.45061469078063965,-2.345776319503784,1.3992929458618164,1.2551249265670776,2.99041485786438,-0.03077065944671631,0.02936115860939026,-0.0019364356994628906,-0.03312253952026367,-0.010018467903137207,0.004916667938232422
1769719291.5707047,full,goal2.png,0.759449303150177,-0.33666473627090454,-0.4756743609905243,-2.345808744430542,1.419329285621643,1.2613871097564697,2.988406181335449,-0.3692781329154968,-0.448474645614624,-2.3457388877868652,1.386418104171753,1.2511436939239502,2.988461494445801,-0.032613396644592285,0.02719971537590027,6.985664367675781e-05,-0.03291118144989014,-0.010243415832519531,5.53131103515625e-05
1769719291.67524,full,goal2.png,0.7659887671470642,-0.35038694739341736,-0.47100934386253357,-2.3468990325927734,1.4053040742874146,1.2577219009399414,2.989769458770752,-0.3826795220375061,-0.4469119906425476,-2.34495210647583,1.3740853071212769,1.246302843093872,2.983297824859619,-0.032292574644088745,0.024097353219985962,0.0019469261169433594,-0.031218767166137695,-0.011419057846069336,-0.0064716339111328125
1769719291.7799394,full,goal2.png,0.7578876614570618,-0.36310961842536926,-0.4684648811817169,-2.347323417663574,1.3936114311218262,1.2538747787475586,2.989193916320801,-0.39544257521629333,-0.44605204463005066,-2.3445522785186768,1.3605704307556152,1.2421222925186157,2.9796552658081055,-0.03233295679092407,0.02241283655166626,0.002771139144897461,-0.03304100036621094,-0.011752486228942871,-0.009538650512695312
1769719291.8802733,full,goal2.png,0.7610979080200195,-0.3762865960597992,-0.4668594300746918,-2.3471717834472656,1.3801618814468384,1.2493007183074951,2.9851953983306885,-0.4074784517288208,-0.44553887844085693,-2.344146251678467,1.3479095697402954,1.2380515336990356,2.977125644683838,-0.031191855669021606,0.02132055163383484,0.003025531768798828,-0.03225231170654297,-0.011249184608459473,-0.008069753646850586
1769719291.9704163,full,goal2.png,0.7576019763946533,-0.38940301537513733,-0.4654357135295868,-2.347020149230957,1.3679238557815552,1.2447872161865234,2.981196641921997,-0.42037051916122437,-0.44442421197891235,-2.343841552734375,1.334608554840088,1.2339346408843994,2.976093053817749,-0.030967503786087036,0.02101150155067444,0.0031785964965820312,-0.033315300941467285,-0.010852575302124023,-0.005103588104248047
1769719292.0710378,full,goal2.png,0.7523587942123413,-0.4015500843524933,-0.4649207592010498,-2.3469295501708984,1.3542622327804565,1.2404553890228271,2.978318929672241,-0.4328611493110657,-0.44302433729171753,-2.3429417610168457,1.3215341567993164,1.2301148176193237,2.9750475883483887,-0.03131106495857239,0.021896421909332275,0.003987789154052734,-0.03272807598114014,-0.010340571403503418,-0.003271341323852539
1769719292.1691213,full,goal2.png,0.7605682015419006,-0.4138486385345459,-0.4641936719417572,-2.3468689918518066,1.341994047164917,1.2365326881408691,2.9768800735473633,-0.4459562301635742,-0.4422469139099121,-2.3416199684143066,1.3072786331176758,1.2248375415802002,2.9752140045166016,-0.03210759162902832,0.021946758031845093,0.0052490234375,-0.03471541404724121,-0.011695146560668945,-0.0016660690307617188
1769719292.2790372,full,goal2.png,0.7612847685813904,-0.42654094099998474,-0.46292150020599365,-2.346414566040039,1.3279082775115967,1.2325340509414673,2.9759714603424072,-0.45931658148765564,-0.44242173433303833,-2.3397724628448486,1.2934011220932007,1.2184849977493286,2.974334239959717,-0.0327756404876709,0.020499765872955322,0.00664210319519043,-0.034507155418395996,-0.014049053192138672,-0.0016372203826904297
1769719292.3789964,full,goal2.png,0.7599087953567505,-0.44026318192481995,-0.46174004673957825,-2.34553599357605,1.3145191669464111,1.2273995876312256,2.975925922393799,-0.4724637567996979,-0.4441737234592438,-2.338914632797241,1.278849720954895,1.2115635871887207,2.973438024520874,-0.03220057487487793,0.017566323280334473,0.006621360778808594,-0.03566944599151611,-0.015836000442504883,-0.0024878978729248047
1769719292.4718528,full,goal2.png,0.7717519998550415,-0.45216792821884155,-0.4614069163799286,-2.3444154262542725,1.3010696172714233,1.2216440439224243,2.975289821624756,-0.4855495095252991,-0.4468797445297241,-2.3378067016601562,1.2643473148345947,1.2050018310546875,2.9737632274627686,-0.03338158130645752,0.014527171850204468,0.006608724594116211,-0.03672230243682861,-0.016642212867736816,-0.0015265941619873047
1769719292.5684812,full,goal2.png,0.7685799598693848,-0.465314656496048,-0.46219441294670105,-2.3433549404144287,1.2873775959014893,1.2156615257263184,2.9739115238189697,-0.498643696308136,-0.4498613476753235,-2.336714267730713,1.2498949766159058,1.1977801322937012,2.9730753898620605,-0.03332903981208801,0.012333065271377563,0.00664067268371582,-0.037482619285583496,-0.017881393432617188,-0.0008361339569091797
1769719292.6698225,full,goal2.png,0.7631034851074219,-0.4794307053089142,-0.4641936719417572,-2.342597723007202,1.2708381414413452,1.2083157300949097,2.9738965034484863,-0.5123175382614136,-0.45405152440071106,-2.334995746612549,1.2350471019744873,1.1912020444869995,2.972565174102783,-0.03288683295249939,0.010142147541046143,0.00760197639465332,-0.03579103946685791,-0.017113685607910156,-0.001331329345703125
1769719292.7694662,full,goal2.png,0.7946927547454834,-0.49236536026000977,-0.4658598005771637,-2.341325283050537,1.2573583126068115,1.2009546756744385,2.9735631942749023,-0.5244837999343872,-0.4579523801803589,-2.3327577114105225,1.2217741012573242,1.1851876974105835,2.97245717048645,-0.03211843967437744,0.00790742039680481,0.008567571640014648,-0.035584211349487305,-0.01576697826385498,-0.0011060237884521484
1769719292.8695016,full,goal2.png,0.7798535823822021,-0.5065116882324219,-0.4694039225578308,-2.3400230407714844,1.2420003414154053,1.1942903995513916,2.973078489303589,-0.5344085693359375,-0.46292346715927124,-2.329771041870117,1.2122666835784912,1.1809738874435425,2.976494073867798,-0.027896881103515625,0.00648045539855957,0.010251998901367188,-0.029733657836914062,-0.013316512107849121,0.0034155845642089844
1769719292.9778268,full,goal2.png,0.7843421697616577,-0.5200521945953369,-0.47309961915016174,-2.33756947517395,1.2285202741622925,1.1883533000946045,2.972715139389038,-0.5434927940368652,-0.46853965520858765,-2.325282573699951,1.2056190967559814,1.1774811744689941,2.982706069946289,-0.02344059944152832,0.004559963941574097,0.012286901473999023,-0.022901177406311035,-0.010872125625610352,0.009990930557250977
1769719293.0793164,full,goal2.png,0.7786480188369751,-0.5296547412872314,-0.47770389914512634,-2.335418462753296,1.2173426151275635,1.1838852167129517,2.9753050804138184,-0.553607165813446,-0.4745539724826813,-2.3199684619903564,1.19771409034729,1.174292802810669,2.9880030155181885,-0.0239524245262146,0.0031499266624450684,0.015450000762939453,-0.019628524780273438,-0.009592413902282715,0.012697935104370117
1769719293.1796322,full,goal2.png,0.7901753783226013,-0.5388938188552856,-0.4841560423374176,-2.3314199447631836,1.2106177806854248,1.1794019937515259,2.9802122116088867,-0.564658522605896,-0.47956985235214233,-2.314470052719116,1.1871492862701416,1.170527458190918,2.9899730682373047,-0.02576470375061035,0.0045861899852752686,0.016949892044067383,-0.023468494415283203,-0.00887453556060791,0.009760856628417969
1769719293.276125,full,goal2.png,0.7893038988113403,-0.5483449101448059,-0.4898206889629364,-2.3263611793518066,1.203317403793335,1.175918459892273,2.985119581222534,-0.5765731334686279,-0.4847743809223175,-2.3106093406677246,1.175189733505249,1.1651614904403687,2.9890518188476562,-0.02822822332382202,0.0050463080406188965,0.01575183868408203,-0.028127670288085938,-0.010756969451904297,0.00393223762512207
1769719293.36853,full,goal2.png,0.7795880436897278,-0.559280276298523,-0.4944251477718353,-2.3214540481567383,1.1922608613967896,1.1729497909545898,2.9880881309509277,-0.5881365537643433,-0.4906931519508362,-2.3067753314971924,1.1634836196899414,1.1597795486450195,2.987138271331787,-0.028856277465820312,0.0037319958209991455,0.014678716659545898,-0.028777241706848145,-0.013170242309570312,-0.000949859619140625
1769719293.470916,full,goal2.png,0.7707101106643677,-0.5715788006782532,-0.4999382197856903,-2.317091941833496,1.1809619665145874,1.1681030988693237,2.9888455867767334,-0.5989077091217041,-0.49740540981292725,-2.3017818927764893,1.1531014442443848,1.1553854942321777,2.9873149394989014,-0.027328908443450928,0.0025328099727630615,0.015310049057006836,-0.027860522270202637,-0.012717604637145996,-0.0015306472778320312
1769719293.5703123,full,goal2.png,0.7862902879714966,-0.5822718739509583,-0.5067236423492432,-2.313032627105713,1.1698447465896606,1.1631048917770386,2.9880881309509277,-0.6109138131141663,-0.503172755241394,-2.295229911804199,1.1413805484771729,1.1503653526306152,2.9860191345214844,-0.028641939163208008,0.003550887107849121,0.017802715301513672,-0.028464198112487793,-0.01273953914642334,-0.0020689964294433594
1769719293.6696439,full,goal2.png,0.7901270389556885,-0.594237208366394,-0.5134181976318359,-2.3078224658966064,1.15824294090271,1.157909870147705,2.9879822731018066,-0.6245726346969604,-0.5094916820526123,-2.2886672019958496,1.1276030540466309,1.1447370052337646,2.984511137008667,-0.030335426330566406,0.003926515579223633,0.019155263900756836,-0.0306398868560791,-0.01317286491394043,-0.0034711360931396484
1769719293.7681036,full,goal2.png,0.7903164029121399,-0.6053846478462219,-0.5185677409172058,-2.3021881580352783,1.1477620601654053,1.152866244316101,2.986997604370117,-0.6385296583175659,-0.5161420702934265,-2.281467914581299,1.1136552095413208,1.1401779651641846,2.9846248626708984,-0.033145010471343994,0.002425670623779297,0.020720243453979492,-0.03410685062408447,-0.012688279151916504,-0.00237274169921875
1769719293.8702724,full,goal2.png,0.7881642580032349,-0.6192280650138855,-0.5255652666091919,-2.2958271503448486,1.133040189743042,1.1474287509918213,2.9854376316070557,-0.6506530046463013,-0.523328423500061,-2.2742137908935547,1.1012614965438843,1.1371663808822632,2.9871113300323486,-0.03142493963241577,0.0022368431091308594,0.021613359451293945,-0.031778693199157715,-0.010262370109558105,0.0016736984252929688
1769719293.969729,full,goal2.png,0.7832806706428528,-0.6329805850982666,-0.5332291722297668,-2.289738416671753,1.1208324432373047,1.1431273221969604,2.985074281692505,-0.6628405451774597,-0.5317659974098206,-2.266145706176758,1.0890893936157227,1.1343308687210083,2.9919567108154297,-0.029859960079193115,0.001463174819946289,0.023592710494995117,-0.03174304962158203,-0.008796453475952148,0.006882429122924805
1769719294.069841,full,goal2.png,0.7935182452201843,-0.6445823907852173,-0.5389541983604431,-2.2819530963897705,1.1075040102005005,1.1397043466567993,2.986618995666504,-0.676450252532959,-0.5410926342010498,-2.2571754455566406,1.0748658180236816,1.129974365234375,2.997809410095215,-0.0318678617477417,-0.0021384358406066895,0.024777650833129883,-0.03263819217681885,-0.009729981422424316,0.011190414428710938
1769719294.1669378,full,goal2.png,0.7958219647407532,-0.6569111943244934,-0.5453155040740967,-2.2738654613494873,1.0956902503967285,1.1363874673843384,2.9902994632720947,-0.6893273591995239,-0.5500075817108154,-2.2486793994903564,1.0615525245666504,1.1255011558532715,3.003554582595825,-0.03241616487503052,-0.00469207763671875,0.02518606185913086,-0.034137725830078125,-0.010886311531066895,0.013255119323730469
1769719294.270973,full,goal2.png,0.78964763879776,-0.6707243323326111,-0.5552816390991211,-2.265141248703003,1.0808168649673462,1.1316466331481934,2.9958581924438477,-0.7013136744499207,-0.5585497617721558,-2.2402374744415283,1.0479801893234253,1.1216778755187988,3.0088958740234375,-0.03058934211730957,-0.003268122673034668,0.02490377426147461,-0.0328366756439209,-0.009968757629394531,0.013037681579589844
1769719294.3685558,full,goal2.png,0.7887793779373169,-0.6833561062812805,-0.5648539066314697,-2.257295608520508,1.0686697959899902,1.127814769744873,3.000598669052124,-0.7134417295455933,-0.5682953596115112,-2.2313265800476074,1.0331480503082275,1.1174670457839966,3.013892650604248,-0.030085623264312744,-0.003441452980041504,0.02596902847290039,-0.035521745681762695,-0.010347723960876465,0.013293981552124023
1769719294.4681473,full,goal2.png,0.79106605052948,-0.6950790882110596,-0.5720937252044678,-2.248723030090332,1.054826259613037,1.1234982013702393,3.0059754848480225,-0.7258594036102295,-0.5801225304603577,-2.221954107284546,1.01791512966156,1.1140888929367065,3.0207064151763916,-0.030780315399169922,-0.008028805255889893,0.026768922805786133,-0.03691112995147705,-0.009409308433532715,0.01473093032836914
1769719294.5678105,full,goal2.png,0.7989643812179565,-0.7083166837692261,-0.5816053152084351,-2.239514112472534,1.0397106409072876,1.1187877655029297,3.011715888977051,-0.7382857799530029,-0.5915524959564209,-2.212007522583008,1.0042519569396973,1.1105327606201172,3.027174234390259,-0.029969096183776855,-0.00994718074798584,0.027506589889526367,-0.03545868396759033,-0.0082550048828125,0.015458345413208008
1769719294.6699138,full,goal2.png,0.8014806509017944,-0.720463752746582,-0.5922074913978577,-2.2302145957946777,1.0245646238327026,1.1154253482818604,3.017350196838379,-0.75059574842453,-0.6029403209686279,-2.2013518810272217,0.9903872609138489,1.1064643859863281,3.033073663711548,-0.030131995677947998,-0.010732829570770264,0.028862714767456055,-0.03417736291885376,-0.008960962295532227,0.015723466873168945
1769719294.7684462,full,goal2.png,0.7961690425872803,-0.7327622771263123,-0.6016889810562134,-2.2196123600006104,1.0116602182388306,1.1117902994155884,3.023650884628296,-0.7626950740814209,-0.6143407225608826,-2.189673662185669,0.9764260053634644,1.1016689538955688,3.0368683338165283,-0.029932796955108643,-0.01265174150466919,0.029938697814941406,-0.03523421287536621,-0.010121345520019531,0.013217449188232422
1769719294.871434,full,goal2.png,0.7846505641937256,-0.7459695339202881,-0.611806333065033,-2.2091617584228516,0.9958781599998474,1.1074737310409546,3.030148506164551,-0.7737400531768799,-0.6251347064971924,-2.1770222187042236,0.9628886580467224,1.0970290899276733,3.035996198654175,-0.027770519256591797,-0.013328373432159424,0.03213953971862793,-0.032989501953125,-0.01044464111328125,0.0058476924896240234
1769719294.9709032,full,goal2.png,0.7988330721855164,-0.7570866942405701,-0.6239836812019348,-2.198983669281006,0.9836705327033997,1.103702425956726,3.0341320037841797,-0.784095287322998,-0.6355167031288147,-2.1646947860717773,0.9507749676704407,1.093967318534851,3.0354113578796387,-0.02700859308242798,-0.011533021926879883,0.034288883209228516,-0.032895565032958984,-0.009735107421875,0.0012793540954589844
1769719295.0691042,full,goal2.png,0.8138492107391357,-0.7679917812347412,-0.6335257291793823,-2.185988426208496,0.9697362184524536,1.1000370979309082,3.035676956176758,-0.7944043874740601,-0.6461435556411743,-2.1518049240112305,0.9394296407699585,1.090376377105713,3.0367159843444824,-0.026412606239318848,-0.012617826461791992,0.034183502197265625,-0.030306577682495117,-0.009660720825195312,0.0010390281677246094
1769719295.1677067,full,goal2.png,0.8137134313583374,-0.7798662781715393,-0.643097996711731,-2.173023223876953,0.9566500782966614,1.0961445569992065,3.0359039306640625,-0.8052504062652588,-0.6570892333984375,-2.137298107147217,0.927498996257782,1.0850626230239868,3.0374155044555664,-0.025384128093719482,-0.013991236686706543,0.03572511672973633,-0.029151082038879395,-0.011081933975219727,0.0015115737915039062
1769719295.2687404,full,goal2.png,0.810806393623352,-0.7899231910705566,-0.654184877872467,-2.1599977016448975,0.9444121718406677,1.0924186706542969,3.0370852947235107,-0.8165677785873413,-0.6695563793182373,-2.1207222938537598,0.9154760837554932,1.077858328819275,3.034935474395752,-0.026644587516784668,-0.015371501445770264,0.039275407791137695,-0.02893608808517456,-0.014560341835021973,-0.002149820327758789
1769719295.3687754,full,goal2.png,0.8189225196838379,-0.8002830147743225,-0.6641508340835571,-2.1470632553100586,0.9331738948822021,1.0877082347869873,3.0376155376434326,-0.8270131349563599,-0.6820527911186218,-2.1027894020080566,0.9044725894927979,1.0720291137695312,3.034404993057251,-0.026730120182037354,-0.017901957035064697,0.04427385330200195,-0.028701305389404297,-0.015679121017456055,-0.0032105445861816406
1769719295.4699888,full,goal2.png,0.8131577968597412,-0.8111275434494019,-0.6756921410560608,-2.1306753158569336,0.9217537045478821,1.0820436477661133,3.0360705852508545,-0.838015079498291,-0.6949281692504883,-2.084768295288086,0.8932998180389404,1.0674057006835938,3.035128355026245,-0.02688753604888916,-0.01923602819442749,0.045907020568847656,-0.02845388650894165,-0.014637947082519531,-0.000942230224609375
1769719295.570173,full,goal2.png,0.814663290977478,-0.8228808045387268,-0.6880208849906921,-2.113166570663452,0.909334123134613,1.0755006074905396,3.0351922512054443,-0.8495086431503296,-0.7076658010482788,-2.0667786598205566,0.8807485699653625,1.0622419118881226,3.0362138748168945,-0.026627838611602783,-0.01964491605758667,0.04638791084289551,-0.02858555316925049,-0.013258695602416992,0.0010216236114501953
1769719295.6681545,full,goal2.png,0.8165013790130615,-0.8339070677757263,-0.7003195285797119,-2.095627546310425,0.8987318873405457,1.0700631141662598,3.0353286266326904,-0.8600306510925293,-0.7203308343887329,-2.0485682487487793,0.8680609464645386,1.055915355682373,3.0346810817718506,-0.02612358331680298,-0.020011305809020996,0.04705929756164551,-0.03067094087600708,-0.014147758483886719,-0.0006475448608398438
1769719295.7684073,full,goal2.png,0.8122447729110718,-0.8455392122268677,-0.7133146524429321,-2.0758466720581055,0.8855852484703064,1.0645500421524048,3.0362977981567383,-0.8700145483016968,-0.7334111332893372,-2.0302748680114746,0.8561618328094482,1.049513816833496,3.0312554836273193,-0.0244753360748291,-0.02009648084640503,0.04557180404663086,-0.029423415660858154,-0.015036225318908691,-0.005042314529418945
1769719295.87076,full,goal2.png,0.8021295070648193,-0.855596125125885,-0.7252800464630127,-2.0594587326049805,0.8743166327476501,1.0586885213851929,3.0353739261627197,-0.8801136016845703,-0.7454416751861572,-2.009357213973999,0.8440489768981934,1.0407527685165405,3.023510217666626,-0.024517476558685303,-0.02016162872314453,0.050101518630981445,-0.030267655849456787,-0.017935752868652344,-0.01186370849609375
1769719295.9684057,full,goal2.png,0.8017861247062683,-0.8657439351081848,-0.7368818521499634,-2.040677785873413,0.8614122271537781,1.0525999069213867,3.0320115089416504,-0.8900512456893921,-0.7579269409179688,-1.9870705604553223,0.8339335322380066,1.0315210819244385,3.0157101154327393,-0.024307310581207275,-0.02104508876800537,0.05360722541809082,-0.027478694915771484,-0.021078824996948242,-0.016301393508911133
1769719296.067384,full,goal2.png,0.8008376359939575,-0.8763461112976074,-0.7497559785842896,-2.0201399326324463,0.8497195243835449,1.0449966192245483,3.0259833335876465,-0.8986029624938965,-0.7697992324829102,-1.9652544260025024,0.8263642191886902,1.0232411623001099,3.009098768234253,-0.022256851196289062,-0.020043253898620605,0.05488550662994385,-0.023355305194854736,-0.021755456924438477,-0.016884565353393555
1769719296.1703024,full,goal2.png,0.8049876689910889,-0.8865848183631897,-0.7634782195091248,-1.998178243637085,0.8389356136322021,1.0353789329528809,3.018455743789673,-0.9067726135253906,-0.7812221646308899,-1.945065975189209,0.8195300102233887,1.0155010223388672,3.0032057762145996,-0.020187795162200928,-0.017743945121765137,0.05311226844787598,-0.019405603408813477,-0.019877910614013672,-0.015249967575073242
1769719296.2704513,full,goal2.png,0.8055312633514404,-0.8953391909599304,-0.774413526058197,-1.977034568786621,0.8302417993545532,1.0272152423858643,3.0117764472961426,-0.913698673248291,-0.7940861582756042,-1.9258136749267578,0.8132846355438232,1.0112626552581787,2.9994864463806152,-0.018359482288360596,-0.019672632217407227,0.05122089385986328,-0.01695716381072998,-0.015952587127685547,-0.012290000915527344
1769719296.367482,full,goal2.png,0.8084765672683716,-0.9036997556686401,-0.7857428193092346,-1.9572235345840454,0.8233352899551392,1.0194453001022339,3.005793809890747,-0.9210785627365112,-0.8085882067680359,-1.9064258337020874,0.8069040775299072,1.007746934890747,2.996959686279297,-0.017378807067871094,-0.02284538745880127,0.05079770088195801,-0.016431212425231934,-0.011698365211486816,-0.008834123611450195
1769719296.466777,full,goal2.png,0.8011200428009033,-0.9115453958511353,-0.8001616597175598,-1.9352314472198486,0.8163983225822449,1.0139776468276978,3.001325845718384,-0.9271436929702759,-0.8229350447654724,-1.888070821762085,0.8024223446846008,1.00545072555542,2.99550724029541,-0.015598297119140625,-0.022773385047912598,0.04716062545776367,-0.013975977897644043,-0.008526921272277832,-0.005818605422973633
1769719296.5678346,full,goal2.png,0.8092358112335205,-0.9180278778076172,-0.81336909532547,-1.9173290729522705,0.8099764585494995,1.0103577375411987,2.9984025955200195,-0.9324696063995361,-0.8360683917999268,-1.869746446609497,0.7981420755386353,1.0020859241485596,2.9912993907928467,-0.014441728591918945,-0.022699296474456787,0.04758262634277344,-0.011834383010864258,-0.00827181339263916,-0.0071032047271728516
1769719296.670298,full,goal2.png,0.8008325099945068,-0.9244497418403625,-0.8258190155029297,-1.89966881275177,0.8044633865356445,1.0072073936462402,2.996312379837036,-0.9377387166023254,-0.8478227853775024,-1.8511826992034912,0.7929079532623291,0.9969029426574707,2.9847939014434814,-0.01328897476196289,-0.022003769874572754,0.04848611354827881,-0.01155543327331543,-0.010304450988769531,-0.011518478393554688
1769719296.7697887,full,goal2.png,0.8161466717720032,-0.9304172396659851,-0.8393595218658447,-1.8797063827514648,0.7997680902481079,1.0037692785263062,2.992662191390991,-0.9427918195724487,-0.8602724075317383,-1.8304686546325684,0.7885743975639343,0.9903500080108643,2.9788601398468018,-0.012374579906463623,-0.020912885665893555,0.049237728118896484,-0.011193692684173584,-0.013419270515441895,-0.013802051544189453
1769719296.8676846,full,goal2.png,0.819536566734314,-0.935900092124939,-0.8502646684646606,-1.8620765209197998,0.7954060435295105,0.9992860555648804,2.98763370513916,-0.9489696025848389,-0.8725447654724121,-1.8105649948120117,0.7838196158409119,0.9824928045272827,2.974109649658203,-0.013069510459899902,-0.022280097007751465,0.051511526107788086,-0.011586427688598633,-0.016793251037597656,-0.013524055480957031
1769719296.972223,full,goal2.png,0.8207851052284241,-0.9403226971626282,-0.8614121079444885,-1.8415385484695435,0.7912256717681885,0.9932125210762024,2.9814391136169434,-0.955254852771759,-0.8856768012046814,-1.7918345928192139,0.780193567276001,0.9757093191146851,2.9713120460510254,-0.01493215560913086,-0.02426469326019287,0.04970395565032959,-0.0110321044921875,-0.017503201961517334,-0.010127067565917969
1769719297.0727463,full,goal2.png,0.8274112939834595,-0.9460176229476929,-0.8734076619148254,-1.8217579126358032,0.786591112613678,0.9858364462852478,2.9761834144592285,-0.9608726501464844,-0.8990648984909058,-1.7753103971481323,0.7769584655761719,0.9713576436042786,2.969295024871826,-0.014855027198791504,-0.025657236576080322,0.0464475154876709,-0.009632647037506104,-0.014478802680969238,-0.006888389587402344
1769719297.1675174,full,goal2.png,0.8349995613098145,-0.9522274732589722,-0.8857365846633911,-1.8023711442947388,0.7825925946235657,0.9790661334991455,2.973048210144043,-0.966643214225769,-0.9123858213424683,-1.759389877319336,0.7742108702659607,0.967907190322876,2.967221975326538,-0.014415740966796875,-0.02664923667907715,0.04298126697540283,-0.00838172435760498,-0.011158943176269531,-0.005826234817504883
1769719297.2690837,full,goal2.png,0.837128758430481,-0.9581949710845947,-0.8990346789360046,-1.785225749015808,0.7788363695144653,0.97370445728302,2.970564365386963,-0.9722208976745605,-0.9247359037399292,-1.7442411184310913,0.7712498903274536,0.9641914367675781,2.9647138118743896,-0.01402592658996582,-0.02570122480392456,0.0409846305847168,-0.007586479187011719,-0.009513020515441895,-0.005850553512573242
1769719297.3685892,full,goal2.png,0.8319666385650635,-0.964011013507843,-0.9127265810966492,-1.769655704498291,0.7755345106124878,0.9699482917785645,2.96832275390625,-0.9778432846069336,-0.936694860458374,-1.7293221950531006,0.7681874632835388,0.9608023166656494,2.96189546585083,-0.013832271099090576,-0.023968279361724854,0.04033350944519043,-0.007347047328948975,-0.009145975112915039,-0.006427288055419922
1769719297.4713213,full,goal2.png,0.8433322906494141,-0.9695241451263428,-0.9265094995498657,-1.752783179283142,0.7724750638008118,0.9660860896110535,2.9660356044769287,-0.9831896424293518,-0.9481102228164673,-1.7140839099884033,0.7654341459274292,0.9569042921066284,2.95843768119812,-0.013665497303009033,-0.021600723266601562,0.03869926929473877,-0.007040917873382568,-0.009181797504425049,-0.007597923278808594
1769719297.5684483,full,goal2.png,0.8381461501121521,-0.9755522608757019,-0.9382324814796448,-1.7377281188964844,0.7697487473487854,0.9627085328102112,2.963294267654419,-0.9880911707878113,-0.959423303604126,-1.6994704008102417,0.763219952583313,0.955406665802002,2.9556658267974854,-0.012538909912109375,-0.0211908221244812,0.038257718086242676,-0.006528794765472412,-0.0073018670082092285,-0.007628440856933594
1769719297.6670265,full,goal2.png,0.8367291688919067,-0.9810956716537476,-0.9496222138404846,-1.7225819826126099,0.7671739459037781,0.9589523077011108,2.9599015712738037,-0.9929553270339966,-0.9704203605651855,-1.6855494976043701,0.7616209387779236,0.954882800579071,2.952064275741577,-0.011859655380249023,-0.020798146724700928,0.037032485008239746,-0.005553007125854492,-0.004069507122039795,-0.007837295532226562
1769719297.7669506,full,goal2.png,0.8373868465423584,-0.9864270687103271,-0.9608604907989502,-1.708072304725647,0.7647203207015991,0.9566652178764343,2.9572813510894775,-0.9978110194206238,-0.9810479879379272,-1.6717917919158936,0.758958637714386,0.9550750255584717,2.9486918449401855,-0.01138395071029663,-0.02018749713897705,0.03628051280975342,-0.005761682987213135,-0.0015901923179626465,-0.008589506149291992
1769719297.8677268,full,goal2.png,0.8325133919715881,-0.9924854636192322,-0.9724017381668091,-1.691684365272522,0.7628725171089172,0.955059826374054,2.9540703296661377,-1.003767967224121,-0.9915106892585754,-1.6558345556259155,0.7553676962852478,0.9513925909996033,2.940957546234131,-0.011282503604888916,-0.019108951091766357,0.035849809646606445,-0.007504820823669434,-0.0036672353744506836,-0.013112783432006836
1769719297.9664552,full,goal2.png,0.8448219299316406,-0.9979985952377319,-0.9825798273086548,-1.6788101196289062,0.7601461410522461,0.9543933868408203,2.9503443241119385,-1.0099025964736938,-1.001753807067871,-1.6392065286636353,0.7519358396530151,0.9451391696929932,2.93369460105896,-0.011904001235961914,-0.01917397975921631,0.039603590965270996,-0.008210301399230957,-0.009254217147827148,-0.016649723052978516
1769719298.068654,full,goal2.png,0.8414451479911804,-1.0033602714538574,-0.9930306673049927,-1.661876916885376,0.7566928863525391,0.9513792991638184,2.943422794342041,-1.015934944152832,-1.0120518207550049,-1.622571587562561,0.7481944561004639,0.9388952851295471,2.9261598587036133,-0.01257467269897461,-0.019021153450012207,0.03930532932281494,-0.008498430252075195,-0.01248401403427124,-0.017262935638427734
1769719298.1676445,full,goal2.png,0.847341775894165,-1.0081464052200317,-1.002663493156433,-1.6461251974105835,0.753239631652832,0.9460630416870117,2.9365615844726562,-1.0208699703216553,-1.0214133262634277,-1.6061314344406128,0.7437103390693665,0.9346016645431519,2.9216461181640625,-0.012723565101623535,-0.01874983310699463,0.0399937629699707,-0.009529292583465576,-0.011461377143859863,-0.01491546630859375
1769719298.2707527,full,goal2.png,0.8479106426239014,-1.0134172439575195,-1.0133261680603027,-1.630403757095337,0.7493016719818115,0.9407923221588135,2.92974591255188,-1.0245378017425537,-1.0288804769515991,-1.592198371887207,0.740612268447876,0.9322558641433716,2.9179916381835938,-0.01112055778503418,-0.015554308891296387,0.03820538520812988,-0.008689403533935547,-0.008536458015441895,-0.011754274368286133
1769719298.369632,full,goal2.png,0.8473806381225586,-1.0185365676879883,-1.024110198020935,-1.6132280826568604,0.745303213596344,0.9360213279724121,2.924217700958252,-1.027175784111023,-1.035173773765564,-1.5790563821792603,0.7391585111618042,0.9304511547088623,2.9145448207855225,-0.008639216423034668,-0.011063575744628906,0.0341717004776001,-0.006144702434539795,-0.005570173263549805,-0.009672880172729492
1769719298.4675725,full,goal2.png,0.8483819365501404,-1.0226259231567383,-1.0333795547485352,-1.599778413772583,0.7425768375396729,0.9331889748573303,2.920294761657715,-1.0294713973999023,-1.0405995845794678,-1.5669066905975342,0.739148736000061,0.9278702735900879,2.9075632095336914,-0.0068454742431640625,-0.007220029830932617,0.03287172317504883,-0.0034281015396118164,-0.005318701267242432,-0.012731552124023438
1769719298.5660222,full,goal2.png,0.8503115773200989,-1.0266244411468506,-1.041134238243103,-1.5860259532928467,0.7406684756278992,0.9312200546264648,2.9165992736816406,-1.0325560569763184,-1.0474189519882202,-1.554427146911621,0.7396934628486633,0.9237898588180542,2.899686098098755,-0.0059316158294677734,-0.0062847137451171875,0.031598806381225586,-0.0009750127792358398,-0.0074301958084106445,-0.016913175582885742
1769719298.6649063,full,goal2.png,0.8480989933013916,-1.0297749042510986,-1.047465205192566,-1.5736669301986694,0.7402140498161316,0.9283877015113831,2.9101924896240234,-1.0358576774597168,-1.0548884868621826,-1.5419795513153076,0.7410627603530884,0.9189949035644531,2.892390251159668,-0.006082773208618164,-0.007423281669616699,0.031687378883361816,0.0008487105369567871,-0.009392797946929932,-0.01780223846435547
1769719298.767018,full,goal2.png,0.850786566734314,-1.0325011014938354,-1.0548866987228394,-1.5590964555740356,0.7403656244277954,0.9238741993904114,2.9017107486724854,-1.039008617401123,-1.0627070665359497,-1.5293941497802734,0.7425963282585144,0.9142507910728455,2.886669874191284,-0.006507515907287598,-0.007820367813110352,0.029702305793762207,0.002230703830718994,-0.009623408317565918,-0.015040874481201172
1769719298.8666377,full,goal2.png,0.8519139885902405,-1.0345003604888916,-1.0621265172958374,-1.5478277206420898,0.7409108877182007,0.9203754663467407,2.895334243774414,-1.0423486232757568,-1.0692442655563354,-1.5177243947982788,0.7432751059532166,0.9096746444702148,2.88281512260437,-0.007848262786865234,-0.007117748260498047,0.030103325843811035,0.002364218235015869,-0.010700821876525879,-0.012519121170043945
1769719298.967248,full,goal2.png,0.8454443216323853,-1.037044882774353,-1.069517731666565,-1.5366500616073608,0.7419407963752747,0.9154531359672546,2.8893516063690186,-1.045727014541626,-1.0755412578582764,-1.5061330795288086,0.7436877489089966,0.9055663347244263,2.8800692558288574,-0.00868213176727295,-0.006023526191711426,0.030516982078552246,0.0017469525337219238,-0.00988680124282837,-0.009282350540161133
1769719299.065527,full,goal2.png,0.8396308422088623,-1.0404072999954224,-1.0765758752822876,-1.5234427452087402,0.7426677346229553,0.9109092354774475,2.884838104248047,-1.0486624240875244,-1.0815774202346802,-1.49322509765625,0.7459508180618286,0.9007401466369629,2.8737330436706543,-0.00825512409210205,-0.005001544952392578,0.030217647552490234,0.003283083438873291,-0.01016908884048462,-0.011105060577392578
1769719299.1725233,full,goal2.png,0.842829704284668,-1.044496774673462,-1.0825735330581665,-1.5126891136169434,0.7432736754417419,0.9071075916290283,2.88112735748291,-1.0509980916976929,-1.0872786045074463,-1.482422113418579,0.7482265830039978,0.897226095199585,2.8665316104888916,-0.006501317024230957,-0.004705071449279785,0.030267000198364258,0.004952907562255859,-0.00988149642944336,-0.014595746994018555
1769719299.2710352,full,goal2.png,0.8527230620384216,-1.0471926927566528,-1.0886926651000977,-1.5003300905227661,0.7445155382156372,0.9026850461959839,2.876492738723755,-1.054032802581787,-1.0934921503067017,-1.4708937406539917,0.7484129071235657,0.8929792642593384,2.859433650970459,-0.006840109825134277,-0.004799485206604004,0.029436349868774414,0.003897368907928467,-0.009705781936645508,-0.0170590877532959
1769719299.372021,full,goal2.png,0.8504701852798462,-1.0494948625564575,-1.0935090780258179,-1.4903336763381958,0.7463028430938721,0.8985956311225891,2.870070695877075,-1.0574525594711304,-1.100271224975586,-1.4597399234771729,0.7478539347648621,0.889457106590271,2.8531765937805176,-0.007957696914672852,-0.006762146949768066,0.03059375286102295,0.0015510916709899902,-0.009138524532318115,-0.016894102096557617
1769719299.4725869,full,goal2.png,0.8548665046691895,-1.0524029731750488,-1.0993553400039673,-1.4771870374679565,0.74712073802948,0.8940366506576538,2.8631491661071777,-1.0605053901672363,-1.1061947345733643,-1.4482717514038086,0.7472337484359741,0.8853448629379272,2.8459744453430176,-0.0081024169921875,-0.006839394569396973,0.02891528606414795,0.00011301040649414062,-0.008691787719726562,-0.017174720764160156
1769719299.5688858,full,goal2.png,0.8490992188453674,-1.0555230379104614,-1.1057772636413574,-1.4665848016738892,0.74712073802948,0.8902653455734253,2.8567121028900146,-1.0625417232513428,-1.1116530895233154,-1.437699317932129,0.7478444576263428,0.8819775581359863,2.8397912979125977,-0.007018685340881348,-0.005875825881958008,0.028885483741760254,0.000723719596862793,-0.008287787437438965,-0.016920804977416992
1769719299.6654294,full,goal2.png,0.8509902954101562,-1.0584007501602173,-1.11138117313385,-1.4557403326034546,0.7469086050987244,0.8868271708488464,2.850123643875122,-1.0650734901428223,-1.1176908016204834,-1.4261177778244019,0.7478556036949158,0.8777856230735779,2.835066080093384,-0.0066727399826049805,-0.006309628486633301,0.029622554779052734,0.0009469985961914062,-0.009041547775268555,-0.015057563781738281
1769719299.7707028,full,goal2.png,0.8577113747596741,-1.0610967874526978,-1.1177729368209839,-1.4430177211761475,0.7469994425773621,0.8825711011886597,2.8428988456726074,-1.0676417350769043,-1.1243282556533813,-1.4141535758972168,0.7479264736175537,0.8713669180870056,2.8307042121887207,-0.006544947624206543,-0.006555318832397461,0.028864145278930664,0.0009270310401916504,-0.011204183101654053,-0.012194633483886719
1769719299.8692706,full,goal2.png,0.8538791537284851,-1.0636109113693237,-1.1234071254730225,-1.432627558708191,0.747029721736908,0.8790572881698608,2.8381431102752686,-1.0710318088531494,-1.1308255195617676,-1.4014394283294678,0.7478333711624146,0.8621207475662231,2.824409008026123,-0.007420897483825684,-0.007418394088745117,0.031188130378723145,0.0008036494255065918,-0.016936540603637695,-0.013734102249145508
1769719299.9693618,full,goal2.png,0.8640128374099731,-1.0661554336547852,-1.128768801689148,-1.420450210571289,0.7470903396606445,0.873574435710907,2.8331146240234375,-1.0733237266540527,-1.1359612941741943,-1.3894236087799072,0.7484074234962463,0.853015124797821,2.818744659423828,-0.007168292999267578,-0.007192492485046387,0.031026601791381836,0.0013170838356018066,-0.020559310913085938,-0.014369964599609375
1769719300.065888,full,goal2.png,0.8577841520309448,-1.0695481300354004,-1.1355541944503784,-1.4080607891082764,0.74712073802948,0.8643202185630798,2.826162576675415,-1.075211524963379,-1.1403008699417114,-1.3768972158432007,0.7491742372512817,0.8438073396682739,2.813387155532837,-0.005663394927978516,-0.004746675491333008,0.031163573265075684,0.002053499221801758,-0.020512878894805908,-0.012775421142578125
1769719300.164543,full,goal2.png,0.8498756885528564,-1.0723956823349,-1.1418851613998413,-1.3965195417404175,0.7473024129867554,0.856171727180481,2.820770502090454,-1.0765790939331055,-1.144797444343567,-1.3638554811477661,0.7509205341339111,0.8352854251861572,2.8101885318756104,-0.004183411598205566,-0.002912282943725586,0.03266406059265137,0.0036181211471557617,-0.02088630199432373,-0.01058197021484375
1769719300.264279,full,goal2.png,0.8502755761146545,-1.074061632156372,-1.1467015743255615,-1.38343346118927,0.7479082345962524,0.8467206358909607,2.815439224243164,-1.0781675577163696,-1.150265097618103,-1.351559042930603,0.7524913549423218,0.8291599750518799,2.8076860904693604,-0.004105925559997559,-0.003563523292541504,0.03187441825866699,0.004583120346069336,-0.01756066083908081,-0.007753133773803711
1769719300.3635895,full,goal2.png,0.8606456518173218,-1.0755763053894043,-1.1511847972869873,-1.3704683780670166,0.749150276184082,0.8388144373893738,2.8115315437316895,-1.0791610479354858,-1.1554815769195557,-1.3412504196166992,0.7548947930335999,0.8243417739868164,2.8059234619140625,-0.003584742546081543,-0.004296779632568359,0.029217958450317383,0.005744516849517822,-0.014472663402557373,-0.005608081817626953
1769719300.465958,full,goal2.png,0.8685582876205444,-1.0773634910583496,-1.1566071510314941,-1.3573520183563232,0.7512403726577759,0.8316200971603394,2.8081541061401367,-1.0800833702087402,-1.160343885421753,-1.3316172361373901,0.7567586302757263,0.8193678855895996,2.802522897720337,-0.002719879150390625,-0.003736734390258789,0.025734782218933105,0.0055182576179504395,-0.012252211570739746,-0.005631208419799805
1769719300.5661168,full,goal2.png,0.8667036294937134,-1.0784540176391602,-1.1612114906311035,-1.3480523824691772,0.753239631652832,0.8266673684120178,2.806381940841675,-1.0813506841659546,-1.1652294397354126,-1.321496844291687,0.7590572834014893,0.8119965195655823,2.8002963066101074,-0.0028966665267944336,-0.004017949104309082,0.026555538177490234,0.0058176517486572266,-0.014670848846435547,-0.006085634231567383
1769719300.6647875,full,goal2.png,0.8709797859191895,-1.0795748233795166,-1.1670881509780884,-1.3369958400726318,0.7556326985359192,0.8217449188232422,2.8040342330932617,-1.0829050540924072,-1.1708455085754395,-1.3098254203796387,0.7603857517242432,0.8042824864387512,2.798948287963867,-0.003330230712890625,-0.0037573575973510742,0.027170419692993164,0.004753053188323975,-0.017462432384490967,-0.005085945129394531
1769719300.7690232,full,goal2.png,0.8573892116546631,-1.0813922882080078,-1.1729646921157837,-1.3262724876403809,0.7577530741691589,0.8140053749084473,2.8014745712280273,-1.0848150253295898,-1.1776083707809448,-1.2960970401763916,0.7606172561645508,0.7974677085876465,2.7969603538513184,-0.0034227371215820312,-0.004643678665161133,0.030175447463989258,0.0028641819953918457,-0.01653766632080078,-0.004514217376708984
1769719300.8657427,full,goal2.png,0.863052248954773,-1.0832704305648804,-1.1792352199554443,-1.3153067827224731,0.7593586444854736,0.8069169521331787,2.7997782230377197,-1.0859618186950684,-1.1847021579742432,-1.2830785512924194,0.761884868144989,0.7930328845977783,2.7956995964050293,-0.0026913881301879883,-0.005466938018798828,0.03222823143005371,0.002526223659515381,-0.01388406753540039,-0.00407862663269043
1769719300.9654415,full,goal2.png,0.8605687618255615,-1.0850273370742798,-1.1849300861358643,-1.3029779195785522,0.7599947452545166,0.8004648089408875,2.7982637882232666,-1.0870064496994019,-1.1914690732955933,-1.2706748247146606,0.7635783553123474,0.7890692949295044,2.795553684234619,-0.0019791126251220703,-0.006538987159729004,0.0323030948638916,0.0035836100578308105,-0.011395514011383057,-0.002710103988647461
1769719301.0641382,full,goal2.png,0.8621068000793457,-1.0860270261764526,-1.1918668746948242,-1.2887710332870483,0.7612670660018921,0.7956483960151672,2.796809673309326,-1.0881896018981934,-1.197826862335205,-1.2585376501083374,0.7657656669616699,0.7845808267593384,2.7920446395874023,-0.0021625757217407227,-0.005959987640380859,0.030233383178710938,0.004498600959777832,-0.011067569255828857,-0.004765033721923828
1769719301.1664836,full,goal2.png,0.86163330078125,-1.0866025686264038,-1.1990158557891846,-1.2758363485336304,0.7630844712257385,0.7915438413619995,2.7956130504608154,-1.0895601511001587,-1.2040296792984009,-1.2474406957626343,0.7687373757362366,0.7798972725868225,2.7862191200256348,-0.002957582473754883,-0.005013823509216309,0.028395652770996094,0.005652904510498047,-0.011646568775177002,-0.009393930435180664
1769719301.2669866,full,goal2.png,0.8581736087799072,-1.087814211845398,-1.2051348686218262,-1.265537142753601,0.7648414373397827,0.7868486046791077,2.7924931049346924,-1.090999722480774,-1.2113854885101318,-1.2348287105560303,0.7710816264152527,0.7759576439857483,2.7808032035827637,-0.0031855106353759766,-0.006250619888305664,0.0307084321975708,0.006240189075469971,-0.010890960693359375,-0.011689901351928711
1769719301.3650835,full,goal2.png,0.8560909032821655,-1.0895408391952515,-1.2115870714187622,-1.2536929845809937,0.7673859596252441,0.7818352580070496,2.7875404357910156,-1.0925637483596802,-1.2200703620910645,-1.2223834991455078,0.7736411690711975,0.7735105752944946,2.776501178741455,-0.003022909164428711,-0.008483290672302246,0.03130948543548584,0.006255209445953369,-0.008324682712554932,-0.011039257049560547
1769719301.467023,full,goal2.png,0.849798321723938,-1.0909645557403564,-1.2195839881896973,-1.240939974784851,0.7700819969177246,0.7769885063171387,2.781996965408325,-1.0951447486877441,-1.2305372953414917,-1.2076375484466553,0.7778093218803406,0.7696264982223511,2.7715084552764893,-0.004180192947387695,-0.010953307151794434,0.0333024263381958,0.007727324962615967,-0.007362008094787598,-0.010488510131835938
1769719301.5676188,full,goal2.png,0.8499600291252136,-1.0919642448425293,-1.2282172441482544,-1.2280659675598145,0.772323489189148,0.774065375328064,2.778104543685913,-1.0978281497955322,-1.2396055459976196,-1.1933871507644653,0.7852303385734558,0.762008011341095,2.766019344329834,-0.00586390495300293,-0.011388301849365234,0.03467881679534912,0.012906849384307861,-0.012057363986968994,-0.012085199356079102
1769719301.6657572,full,goal2.png,0.8404442071914673,-1.0936908721923828,-1.2385468482971191,-1.21561598777771,0.776110053062439,0.770203173160553,2.773515224456787,-1.1009883880615234,-1.2475974559783936,-1.1785465478897095,0.7940534949302673,0.7499427795410156,2.7590994834899902,-0.007297515869140625,-0.009050607681274414,0.03706943988800049,0.01794344186782837,-0.020260393619537354,-0.014415740966796875
1769719301.7650452,full,goal2.png,0.8169798851013184,-1.097113847732544,-1.2493611574172974,-1.2001973390579224,0.7840769290924072,0.7621909379959106,2.7665328979492188,-1.1048681735992432,-1.2549389600753784,-1.1640794277191162,0.8006781339645386,0.7365818619728088,2.7466657161712646,-0.007754325866699219,-0.005577802658081055,0.03611791133880615,0.016601204872131348,-0.025609076023101807,-0.0198671817779541
1769719301.8639138,full,goal2.png,0.8277415037155151,-1.1008094549179077,-1.2578125,-1.1859904527664185,0.7918619513511658,0.7518311142921448,2.7586872577667236,-1.1103323698043823,-1.2628295421600342,-1.150068998336792,0.8052908778190613,0.7218434810638428,2.7293312549591064,-0.00952291488647461,-0.00501704216003418,0.035921454429626465,0.013428926467895508,-0.029987633228302002,-0.029356002807617188
1769719301.9665446,full,goal2.png,0.8298085331916809,-1.1044142246246338,-1.2652642726898193,-1.1720863580703735,0.79770827293396,0.7401232719421387,2.748645544052124,-1.115599513053894,-1.269865870475769,-1.1391470432281494,0.8088979721069336,0.7130579352378845,2.7136292457580566,-0.011185288429260254,-0.004601597785949707,0.03293931484222412,0.011189699172973633,-0.02706533670425415,-0.03501629829406738
1769719302.063936,full,goal2.png,0.7845281958580017,-1.1088368892669678,-1.274836540222168,-1.1596970558166504,0.8022519946098328,0.726552426815033,2.7340447902679443,-1.11965811252594,-1.2768301963806152,-1.129246473312378,0.8166527152061462,0.7064110040664673,2.702977180480957,-0.010821223258972168,-0.0019936561584472656,0.03045058250427246,0.014400720596313477,-0.020141422748565674,-0.031067609786987305
1769719302.164355,full,goal2.png,0.7904295921325684,-1.112714171409607,-1.2848026752471924,-1.1475197076797485,0.8072501420974731,0.7148900628089905,2.7182021141052246,-1.1229174137115479,-1.2812671661376953,-1.1187772750854492,0.8284556865692139,0.6947504281997681,2.690582513809204,-0.010203242301940918,0.0035355091094970703,0.028742432594299316,0.021205544471740723,-0.020139634609222412,-0.027619600296020508
1769719302.2658353,full,goal2.png,0.7670223712921143,-1.1168642044067383,-1.2922544479370117,-1.137281060218811,0.8145807981491089,0.7070444822311401,2.7069637775421143,-1.1264832019805908,-1.2873523235321045,-1.103738784790039,0.8378554582595825,0.6797050833702087,2.6742537021636963,-0.009618997573852539,0.0049021244049072266,0.03354227542877197,0.023274660110473633,-0.027339398860931396,-0.03271007537841797
1769719302.3672194,full,goal2.png,0.7598865032196045,-1.121347427368164,-1.296555995941162,-1.1273754835128784,0.8241833448410034,0.6965028047561646,2.6943018436431885,-1.1319379806518555,-1.2948720455169678,-1.0881319046020508,0.845016360282898,0.6642780303955078,2.6549155712127686,-0.010590553283691406,0.001683950424194336,0.03924357891082764,0.02083301544189453,-0.03222477436065674,-0.03938627243041992
1769719302.4650576,full,goal2.png,0.7625489234924316,-1.1254065036773682,-1.302583932876587,-1.1116843223571777,0.8341494798660278,0.6814022660255432,2.677232265472412,-1.1386449337005615,-1.3039813041687012,-1.0732932090759277,0.8497213125228882,0.6523501873016357,2.634277582168579,-0.01323843002319336,-0.0013973712921142578,0.03839111328125,0.015571832656860352,-0.02905207872390747,-0.04295468330383301
1769719302.5636125,full,goal2.png,0.7638333439826965,-1.1297080516815186,-1.3103387355804443,-1.098325490951538,0.8419042229652405,0.6685585379600525,2.6603596210479736,-1.1446940898895264,-1.310125470161438,-1.061972975730896,0.8589115142822266,0.6382040977478027,2.6131162643432617,-0.014986038208007812,0.00021326541900634766,0.03635251522064209,0.017007291316986084,-0.030354440212249756,-0.047243356704711914
1769719302.6644495,full,goal2.png,0.764125406742096,-1.1346153020858765,-1.318214774131775,-1.0831189155578613,0.847538411617279,0.6557905077934265,2.640806198120117,-1.1509287357330322,-1.3156566619873047,-1.050102949142456,0.8696674108505249,0.6223133206367493,2.5913665294647217,-0.01631343364715576,0.002558112144470215,0.03301596641540527,0.02212899923324585,-0.033477187156677246,-0.04943966865539551
1769719302.764947,full,goal2.png,0.7545031309127808,-1.1409765481948853,-1.3251515626907349,-1.0706689357757568,0.8562625050544739,0.6393570303916931,2.617678165435791,-1.1563783884048462,-1.3209443092346191,-1.0374003648757935,0.8833047151565552,0.6056468486785889,2.5683979988098145,-0.015401840209960938,0.004207253456115723,0.03326857089996338,0.0270422101020813,-0.03371018171310425,-0.04928016662597656
1769719302.8660011,full,goal2.png,0.7642230987548828,-1.1480345726013184,-1.332815408706665,-1.0579766035079956,0.8674099445343018,0.6243322491645813,2.5961103439331055,-1.160958170890808,-1.3249735832214355,-1.024802327156067,0.8953325748443604,0.5896722674369812,2.5470402240753174,-0.012923598289489746,0.007841825485229492,0.03317427635192871,0.027922630310058594,-0.0346599817276001,-0.049070119857788086
1769719302.964799,full,goal2.png,0.7670614719390869,-1.1536083221435547,-1.3384497165679932,-1.0472835302352905,0.8790420889854431,0.6093680262565613,2.575118064880371,-1.1636674404144287,-1.3284825086593628,-1.0127222537994385,0.9019759893417358,0.5811182260513306,2.527906894683838,-0.010059118270874023,0.009967207908630371,0.03456127643585205,0.022933900356292725,-0.028249800205230713,-0.0472111701965332
1769719303.0652823,full,goal2.png,0.7591046094894409,-1.1578189134597778,-1.342478632926941,-1.0327434539794922,0.8907953500747681,0.5932981967926025,2.5515358448028564,-1.164657711982727,-1.331070065498352,-1.0039290189743042,0.9064321517944336,0.5790437459945679,2.513275623321533,-0.006838798522949219,0.011408567428588867,0.02881443500518799,0.015636801719665527,-0.014254450798034668,-0.03826022148132324
1769719303.1652598,full,goal2.png,0.7551004886627197,-1.160605788230896,-1.3458713293075562,-1.0226866006851196,0.8985500931739807,0.5844832062721252,2.534057140350342,-1.1655747890472412,-1.33396315574646,-0.9964443445205688,0.9116150140762329,0.5795992612838745,2.4993948936462402,-0.004969000816345215,0.011908173561096191,0.02624225616455078,0.013064920902252197,-0.004883944988250732,-0.03466224670410156
1769719303.264451,full,goal2.png,0.7509194612503052,-1.1622415781021118,-1.3499304056167603,-1.0138412714004517,0.9037603139877319,0.5807421803474426,2.519077777862549,-1.1679058074951172,-1.336305022239685,-0.989486575126648,0.9207648634910583,0.5745872259140015,2.4851253032684326,-0.005664229393005371,0.013625383377075195,0.02435469627380371,0.017004549503326416,-0.006154954433441162,-0.03395247459411621
1769719303.3703265,full,goal2.png,0.750458836555481,-1.163453221321106,-1.3547468185424805,-1.0046931505203247,0.9099096655845642,0.5792275667190552,2.5024778842926025,-1.1701061725616455,-1.3387349843978882,-0.9836512804031372,0.9310038089752197,0.566565215587616,2.4706640243530273,-0.006652951240539551,0.016011834144592285,0.0210418701171875,0.021094143390655518,-0.012662351131439209,-0.031813859939575195
1769719303.469414,full,goal2.png,0.728951096534729,-1.1650587320327759,-1.3578062057495117,-0.9982711672782898,0.917634129524231,0.5747140645980835,2.4898462295532227,-1.172057032585144,-1.3401381969451904,-0.9776660203933716,0.9420358538627625,0.5557346940040588,2.4550976753234863,-0.006998300552368164,0.01766800880432129,0.020605146884918213,0.024401724338531494,-0.018979370594024658,-0.03474855422973633
1769719303.5718908,full,goal2.png,0.7197505831718445,-1.167057991027832,-1.3605023622512817,-0.9923945665359497,0.9279636144638062,0.5675803422927856,2.4749577045440674,-1.1732778549194336,-1.3399895429611206,-0.9733976125717163,0.9522174596786499,0.5460164546966553,2.4405384063720703,-0.0062198638916015625,0.020512819290161133,0.0189969539642334,0.02425384521484375,-0.02156388759613037,-0.03441929817199707
1769719303.6701963,full,goal2.png,0.7024298310279846,-1.1682696342468262,-1.3636223077774048,-0.9869420528411865,0.937323808670044,0.5592045783996582,2.4612202644348145,-1.1746528148651123,-1.339675784111023,-0.969062328338623,0.9634524583816528,0.536239504814148,2.4264488220214844,-0.006383180618286133,0.023946523666381836,0.017879724502563477,0.026128649711608887,-0.022965073585510254,-0.03477144241333008
1769719303.7657533,full,goal2.png,0.7248737215995789,-1.169299602508545,-1.3654096126556396,-0.9822165369987488,0.9481381177902222,0.5484660863876343,2.4449989795684814,-1.174676775932312,-1.3419811725616455,-0.9603403210639954,0.972083330154419,0.5332753658294678,2.417310953140259,-0.00537717342376709,0.02342844009399414,0.021876215934753418,0.023945212364196777,-0.015190720558166504,-0.027688026428222656
1769719303.869937,full,goal2.png,0.7172566652297974,-1.1709959506988525,-1.3658941984176636,-0.9771577715873718,0.958891749382019,0.5396662950515747,2.4315340518951416,-1.1751350164413452,-1.3460338115692139,-0.9479535818099976,0.9786893725395203,0.5340437889099121,2.4110074043273926,-0.004139065742492676,0.019860386848449707,0.029204189777374268,0.01979762315750122,-0.005622506141662598,-0.020526647567749023
1769719303.9703486,full,goal2.png,0.7109580039978027,-1.1722681522369385,-1.3668938875198364,-0.9696453809738159,0.9680702090263367,0.5352133512496948,2.421992301940918,-1.176084280014038,-1.3511923551559448,-0.9368112087249756,0.9824267029762268,0.5376364588737488,2.4057798385620117,-0.0038161277770996094,0.0157015323638916,0.03283417224884033,0.014356493949890137,0.002423107624053955,-0.01621246337890625
1769719304.0678973,full,goal2.png,0.7082797884941101,-1.1730254888534546,-1.369408130645752,-0.9588007926940918,0.9754008650779724,0.5344711542129517,2.4143738746643066,-1.1784366369247437,-1.352245569229126,-0.9327799081802368,0.9876277446746826,0.5349971055984497,2.3971707820892334,-0.0054111480712890625,0.017162561416625977,0.02602088451385498,0.012226879596710205,0.0005259513854980469,-0.017203092575073242
1769719304.168871,full,goal2.png,0.708743691444397,-1.173540472984314,-1.372831106185913,-0.9472898840904236,0.9804292321205139,0.536591649055481,2.4078307151794434,-1.180738091468811,-1.3525235652923584,-0.9315088987350464,0.9968692660331726,0.5265612006187439,2.385913372039795,-0.00719761848449707,0.020307540893554688,0.015780985355377197,0.01644003391265869,-0.01003044843673706,-0.021917343139648438
1769719304.2662392,full,goal2.png,0.7187830209732056,-1.1754488945007324,-1.3749514818191528,-0.9420191049575806,0.9856697916984558,0.5348196029663086,2.3994247913360596,-1.1829924583435059,-1.354513168334961,-0.9288187026977539,1.0051209926605225,0.5193980932235718,2.3755874633789062,-0.0075435638427734375,0.020438313484191895,0.01320040225982666,0.01945120096206665,-0.015421509742736816,-0.02383732795715332
1769719304.369184,full,goal2.png,0.7174617648124695,-1.1778721809387207,-1.376314640045166,-0.9396260380744934,0.9931215643882751,0.5280795693397522,2.3894739151000977,-1.186214566230774,-1.3578284978866577,-0.9263250231742859,1.0137780904769897,0.5142149925231934,2.366755723953247,-0.008342385292053223,0.0184861421585083,0.01330101490020752,0.0206565260887146,-0.013864576816558838,-0.022718191146850586
1769719304.4689746,full,goal2.png,0.7011491060256958,-1.180598497390747,-1.3777989149093628,-0.9367482662200928,1.0012096166610718,0.5212487578392029,2.379734992980957,-1.189085602760315,-1.359567642211914,-0.925727367401123,1.0225650072097778,0.5094956159591675,2.3575243949890137,-0.008487105369567871,0.01823127269744873,0.011020898818969727,0.021355390548706055,-0.0117531418800354,-0.02221059799194336
1769719304.564896,full,goal2.png,0.7124580144882202,-1.1835367679595947,-1.3803738355636597,-0.9344158172607422,1.0109635591506958,0.5154023766517639,2.369950771331787,-1.1904925107955933,-1.3611030578613281,-0.9226394891738892,1.0307085514068604,0.50498366355896,2.347747802734375,-0.006955742835998535,0.019270777702331543,0.011776328086853027,0.01974499225616455,-0.010418713092803955,-0.02220296859741211
1769719304.6649296,full,goal2.png,0.7148256897926331,-1.1857178211212158,-1.3827364444732666,-0.9328405857086182,1.0196270942687988,0.5107828974723816,2.3601512908935547,-1.1919004917144775,-1.3637415170669556,-0.913763701915741,1.038393497467041,0.5001781582832336,2.3395020961761475,-0.006182670593261719,0.018994927406311035,0.019076883792877197,0.018766403198242188,-0.01060473918914795,-0.020649194717407227
1769719304.7651582,full,goal2.png,0.7113395929336548,-1.187717080116272,-1.384342074394226,-0.9294478893280029,1.027927041053772,0.5054818391799927,2.3500943183898926,-1.1931116580963135,-1.3670504093170166,-0.9031512141227722,1.044650673866272,0.4981369972229004,2.334268569946289,-0.005394577980041504,0.017291665077209473,0.026296675205230713,0.0167236328125,-0.007344841957092285,-0.015825748443603516
1769719304.863961,full,goal2.png,0.7128629684448242,-1.1890499591827393,-1.38643217086792,-0.922511100769043,1.0354697704315186,0.5017256140708923,2.342975616455078,-1.19491708278656,-1.3706834316253662,-0.893580436706543,1.0525163412094116,0.4965739846229553,2.3313090801239014,-0.005867123603820801,0.01574873924255371,0.0289306640625,0.017046570777893066,-0.005151629447937012,-0.011666536331176758
1769719304.9639604,full,goal2.png,0.7168733477592468,-1.1904131174087524,-1.3891887664794922,-0.9140293598175049,1.041831135749817,0.49913567304611206,2.3370232582092285,-1.1958221197128296,-1.3747862577438354,-0.8851648569107056,1.0635677576065063,0.49604934453964233,2.3256020545959473,-0.0054090023040771484,0.014402508735656738,0.028864502906799316,0.021736621856689453,-0.0030863285064697266,-0.01142120361328125
1769719305.0629716,full,goal2.png,0.711082935333252,-1.1918671131134033,-1.3937628269195557,-0.9036089181900024,1.05013108253479,0.49727270007133484,2.3325552940368652,-1.1962484121322632,-1.378139615058899,-0.8769434690475464,1.0762237310409546,0.4952545762062073,2.318054437637329,-0.004381299018859863,0.015623211860656738,0.026665449142456055,0.02609264850616455,-0.0020181238651275635,-0.014500856399536133
1769719305.1637483,full,goal2.png,0.7015190124511719,-1.1929576396942139,-1.3995788097381592,-0.8942486643791199,1.0613996982574463,0.496273010969162,2.3274965286254883,-1.1968226432800293,-1.383117914199829,-0.866796612739563,1.084956169128418,0.4945807456970215,2.3114256858825684,-0.0038650035858154297,0.016460895538330078,0.027452051639556885,0.02355647087097168,-0.001692265272140503,-0.016070842742919922
1769719305.265639,full,goal2.png,0.7119393348693848,-1.193563461303711,-1.4051223993301392,-0.8868574500083923,1.071850299835205,0.49551576375961304,2.3211352825164795,-1.1973223686218262,-1.3894000053405762,-0.8555926084518433,1.0908775329589844,0.4933238625526428,2.3067197799682617,-0.0037589073181152344,0.01572239398956299,0.03126484155654907,0.019027233123779297,-0.002191901206970215,-0.014415502548217773
1769719305.3667245,full,goal2.png,0.7161761522293091,-1.1938360929489136,-1.409878134727478,-0.8771034479141235,1.080847144126892,0.4947282075881958,2.313683271408081,-1.1979674100875854,-1.3966569900512695,-0.8440076112747192,1.0935536623001099,0.4940984845161438,2.3040714263916016,-0.004131317138671875,0.013221144676208496,0.0330958366394043,0.012706518173217773,-0.000629723072052002,-0.009611845016479492
1769719305.4646277,full,goal2.png,0.6969166994094849,-1.1940784454345703,-1.4149671792984009,-0.8659862875938416,1.0873900651931763,0.49395573139190674,2.3090031147003174,-1.1984460353851318,-1.4045195579528809,-0.8313074111938477,1.0987670421600342,0.49599218368530273,2.2994401454925537,-0.0043675899505615234,0.01044762134552002,0.034678876399993896,0.01137697696685791,0.002036452293395996,-0.009562969207763672
1769719305.5640945,full,goal2.png,0.7160091996192932,-1.1944721937179565,-1.421419382095337,-0.8544147610664368,1.0919642448425293,0.49480387568473816,2.3052773475646973,-1.1994200944900513,-1.4107086658477783,-0.8197615146636963,1.1059083938598633,0.4961168169975281,2.292753219604492,-0.0049479007720947266,0.010710716247558594,0.03465324640274048,0.013944149017333984,0.001312941312789917,-0.012524127960205078
1769719305.6637735,full,goal2.png,0.7094525694847107,-1.1948962211608887,-1.4284168481826782,-0.8419950604438782,1.0963566303253174,0.49587926268577576,2.3012635707855225,-1.2015495300292969,-1.4162724018096924,-0.8099377155303955,1.1133742332458496,0.4934704601764679,2.2846829891204834,-0.006653308868408203,0.01214444637298584,0.032057344913482666,0.017017602920532227,-0.0024088025093078613,-0.016580581665039062
1769719305.7635348,full,goal2.png,0.7181923389434814,-1.1959261894226074,-1.4347176551818848,-0.8308476209640503,1.1032328605651855,0.49548548460006714,2.294478178024292,-1.204437494277954,-1.4192523956298828,-0.8044998645782471,1.1200957298278809,0.4888361096382141,2.277634382247925,-0.00851130485534668,0.015465259552001953,0.026347756385803223,0.016862869262695312,-0.006649374961853027,-0.016843795776367188
1769719305.8641446,full,goal2.png,0.7120174169540405,-1.1973801851272583,-1.4403215646743774,-0.8207300901412964,1.1103514432907104,0.49334993958473206,2.2866477966308594,-1.2082691192626953,-1.419392466545105,-0.806060791015625,1.128617286682129,0.48232501745224,2.2713804244995117,-0.010888934135437012,0.02092909812927246,0.014669299125671387,0.018265843391418457,-0.011024922132492065,-0.015267372131347656
1769719305.9641721,full,goal2.png,0.7002345323562622,-1.2001065015792847,-1.4448652267456055,-0.8134599924087524,1.1173791885375977,0.4897148609161377,2.2803471088409424,-1.211509108543396,-1.4204522371292114,-0.8078775405883789,1.139937400817871,0.4735918641090393,2.265160083770752,-0.011402606964111328,0.024412989616394043,0.005582451820373535,0.022558212280273438,-0.01612299680709839,-0.01518702507019043
1769719306.063826,full,goal2.png,0.6882616877555847,-1.2045594453811646,-1.4465616941452026,-0.811703085899353,1.126436471939087,0.4827173948287964,2.2728044986724854,-1.2139513492584229,-1.4224685430526733,-0.809053897857666,1.1521670818328857,0.4646311402320862,2.2575833797454834,-0.0093919038772583,0.024093151092529297,0.0026491880416870117,0.025730609893798828,-0.018086254596710205,-0.015221118927001953
1769719306.1636531,full,goal2.png,0.7047467231750488,-1.2074674367904663,-1.4473493099212646,-0.8118243217468262,1.1359784603118896,0.47532615065574646,2.266291618347168,-1.2156543731689453,-1.4260351657867432,-0.8076398372650146,1.165073037147522,0.4562467336654663,2.246298313140869,-0.008186936378479004,0.021314144134521484,0.0041844844818115234,0.029094576835632324,-0.01907941699028015,-0.019993305206298828
1769719306.2654262,full,goal2.png,0.7191632986068726,-1.2095879316329956,-1.448470115661621,-0.8119151592254639,1.1491252183914185,0.46658697724342346,2.2583096027374268,-1.2177679538726807,-1.4292733669281006,-0.8056933879852295,1.1807825565338135,0.45086896419525146,2.233323574066162,-0.008180022239685059,0.019196748733520508,0.006221771240234375,0.03165733814239502,-0.015718013048171997,-0.02498602867126465
1769719306.3633657,full,goal2.png,0.7131075859069824,-1.211980938911438,-1.4510449171066284,-0.8107943534851074,1.1618781089782715,0.4581809639930725,2.2478740215301514,-1.2192294597625732,-1.4332201480865479,-0.7995707988739014,1.1960289478302002,0.4486355185508728,2.220686197280884,-0.007248520851135254,0.017824769020080566,0.011223554611206055,0.03415083885192871,-0.009545445442199707,-0.027187824249267578
1769719306.4637709,full,goal2.png,0.717523455619812,-1.2137681245803833,-1.4532562494277954,-0.8084316253662109,1.177024006843567,0.4529707133769989,2.2362420558929443,-1.2198834419250488,-1.4364814758300781,-0.7926376461982727,1.2074750661849976,0.4487614035606384,2.2121918201446533,-0.006115317344665527,0.016774773597717285,0.015793979167938232,0.030451059341430664,-0.004209309816360474,-0.024050235748291016
1769719306.5632045,full,goal2.png,0.7332854866981506,-1.2150404453277588,-1.4558310508728027,-0.8041301369667053,1.1896255016326904,0.4500172436237335,2.2255640029907227,-1.219552993774414,-1.4382843971252441,-0.7852522134780884,1.2193471193313599,0.447437584400177,2.2054567337036133,-0.0045125484466552734,0.017546653747558594,0.018877923488616943,0.029721617698669434,-0.0025796592235565186,-0.020107269287109375
1769719306.6631396,full,goal2.png,0.7128610610961914,-1.215585708618164,-1.458557367324829,-0.7981323003768921,1.204438328742981,0.4492902457714081,2.2152042388916016,-1.2194721698760986,-1.4384033679962158,-0.7799268364906311,1.2330422401428223,0.4440661072731018,2.19791841506958,-0.0038864612579345703,0.02015399932861328,0.018205463886260986,0.02860391139984131,-0.005224138498306274,-0.017285823822021484
1769719306.7634609,full,goal2.png,0.7097675800323486,-1.2157371044158936,-1.46125328540802,-0.7907108068466187,1.2156766653060913,0.44733643531799316,2.207313299179077,-1.2191647291183472,-1.4377795457839966,-0.7751125693321228,1.2480390071868896,0.44092831015586853,2.189028024673462,-0.0034276247024536133,0.023473739624023438,0.01559823751449585,0.03236234188079834,-0.006408125162124634,-0.018285274505615234
1769719306.8628576,full,goal2.png,0.6913198232650757,-1.2169488668441772,-1.4621620178222656,-0.7856520414352417,1.2295805215835571,0.4440951347351074,2.200134038925171,-1.2186923027038574,-1.437882900238037,-0.768875002861023,1.2613040208816528,0.4404788911342621,2.179807424545288,-0.0017434358596801758,0.024279117584228516,0.01677703857421875,0.0317234992980957,-0.003616243600845337,-0.020326614379882812
1769719306.9635243,full,goal2.png,0.7204129099845886,-1.2179484367370605,-1.463464617729187,-0.7797754406929016,1.2433937788009644,0.4417929947376251,2.191652297973633,-1.2190957069396973,-1.437942385673523,-0.7624787092208862,1.2755405902862549,0.4417974054813385,2.173088788986206,-0.0011472702026367188,0.025522232055664062,0.01729673147201538,0.03214681148529053,4.410743713378906e-06,-0.018563508987426758
1769719307.064248,full,goal2.png,0.7116304636001587,-1.2180392742156982,-1.4639796018600464,-0.7750498652458191,1.257873296737671,0.44139915704727173,2.182443380355835,-1.2211802005767822,-1.4390851259231567,-0.7560943961143494,1.28999924659729,0.44307953119277954,2.166116952896118,-0.0031409263610839844,0.02489447593688965,0.018955469131469727,0.03212594985961914,0.0016803741455078125,-0.016326427459716797
1769719307.1634567,full,goal2.png,0.7009533643722534,-1.2179181575775146,-1.4650700092315674,-0.7693852782249451,1.2701717615127563,0.44232308864593506,2.175339937210083,-1.2229996919631958,-1.440819501876831,-0.7486661672592163,1.3055144548416138,0.4433543384075165,2.157538414001465,-0.005081534385681152,0.024250507354736328,0.02071911096572876,0.03534269332885742,0.001031249761581421,-0.017801523208618164
1769719307.2633407,full,goal2.png,0.7015771865844727,-1.219220757484436,-1.4665846824645996,-0.7622666358947754,1.2862567901611328,0.44265633821487427,2.168736457824707,-1.2235139608383179,-1.4425607919692993,-0.7412064671516418,1.3185852766036987,0.44431599974632263,2.1486005783081055,-0.004293203353881836,0.024023890495300293,0.021060168743133545,0.03232848644256592,0.0016596615314483643,-0.020135879516601562
1769719307.3640227,full,goal2.png,0.70814049243927,-1.2205535173416138,-1.4687656164169312,-0.7546936273574829,1.300675868988037,0.4440042972564697,2.1598455905914307,-1.224155306816101,-1.445204734802246,-0.7321487069129944,1.331446886062622,0.4455268979072571,2.140228748321533,-0.0036017894744873047,0.02356088161468506,0.022544920444488525,0.03077101707458496,0.0015226006507873535,-0.01961684226989746
1769719307.4650757,full,goal2.png,0.7127816677093506,-1.2220379114151,-1.4709466695785522,-0.7479687929153442,1.3150341510772705,0.44464045763015747,2.1513941287994385,-1.2267911434173584,-1.4482614994049072,-0.7222805023193359,1.345214605331421,0.4439535140991211,2.1329660415649414,-0.004753232002258301,0.02268517017364502,0.0256882905960083,0.03018045425415039,-0.000686943531036377,-0.01842808723449707
1769719307.5649507,full,goal2.png,0.7127811312675476,-1.2224316596984863,-1.474006175994873,-0.7403352856636047,1.3261815309524536,0.4448372721672058,2.144533157348633,-1.2298063039779663,-1.450968623161316,-0.7129603624343872,1.360849142074585,0.4396823048591614,2.125216245651245,-0.0073746442794799805,0.02303755283355713,0.02737492322921753,0.03466761112213135,-0.005154967308044434,-0.019316911697387695
1769719307.6630542,full,goal2.png,0.7018383741378784,-1.2243703603744507,-1.4772776365280151,-0.7301269173622131,1.3423575162887573,0.44397401809692383,2.135793924331665,-1.2329075336456299,-1.4536728858947754,-0.7042360305786133,1.3749290704727173,0.4363955855369568,2.1157658100128174,-0.0085371732711792,0.023604750633239746,0.025890886783599854,0.03257155418395996,-0.007578432559967041,-0.020028114318847656
1769719307.7641275,full,goal2.png,0.7165086269378662,-1.2272783517837524,-1.4800949096679688,-0.7212513089179993,1.356140375137329,0.44079336524009705,2.1274938583374023,-1.2363048791885376,-1.4549643993377686,-0.6963918209075928,1.387726068496704,0.4331101179122925,2.102574110031128,-0.009026527404785156,0.025130510330200195,0.024859488010406494,0.031585693359375,-0.007683247327804565,-0.024919748306274414
1769719307.8639562,full,goal2.png,0.7098203301429749,-1.2303075790405273,-1.4822455644607544,-0.7128604650497437,1.3712862730026245,0.4377944767475128,2.117770195007324,-1.239303469657898,-1.4528858661651611,-0.6922292709350586,1.3998523950576782,0.43056923151016235,2.088029384613037,-0.008995890617370605,0.02935969829559326,0.02063119411468506,0.02856612205505371,-0.007225245237350464,-0.02974081039428711
1769719307.9641457,full,goal2.png,0.7112935185432434,-1.2334882020950317,-1.4842751026153564,-0.7050754427909851,1.383281946182251,0.43370506167411804,2.1060168743133545,-1.240973949432373,-1.4483988285064697,-0.6913080215454102,1.4118375778198242,0.43206924200057983,2.0743696689605713,-0.007485747337341309,0.03587627410888672,0.013767421245574951,0.028555631637573242,-0.001635819673538208,-0.0316472053527832
1769719308.0635784,full,goal2.png,0.7133142948150635,-1.2364871501922607,-1.4838207960128784,-0.7007739543914795,1.3970344066619873,0.43211469054222107,2.091188907623291,-1.2410354614257812,-1.4426205158233643,-0.6928583979606628,1.4232234954833984,0.4379523992538452,2.0630974769592285,-0.004548311233520508,0.04120028018951416,0.00791555643081665,0.026189088821411133,0.0058377087116241455,-0.0280914306640625
1769719308.1641657,full,goal2.png,0.7088029384613037,-1.2381834983825684,-1.481882095336914,-0.6994714736938477,1.4081213474273682,0.43308404088020325,2.0785269737243652,-1.2410147190093994,-1.437470555305481,-0.6919281482696533,1.4360630512237549,0.44331395626068115,2.0509252548217773,-0.0028312206268310547,0.044411540031433105,0.007543325424194336,0.02794170379638672,0.010229915380477905,-0.02760171890258789
1769719308.2647862,full,goal2.png,0.7007971405982971,-1.2391527891159058,-1.4787620306015015,-0.6995925903320312,1.420753002166748,0.43824878334999084,2.0657286643981934,-1.2401249408721924,-1.4319941997528076,-0.6897655129432678,1.4512585401535034,0.44435590505599976,2.0378975868225098,-0.0009721517562866211,0.04676783084869385,0.009827077388763428,0.03050553798675537,0.006107121706008911,-0.027831077575683594
1769719308.3638632,full,goal2.png,0.7067333459854126,-1.239274024963379,-1.4754904508590698,-0.6994411945343018,1.4334453344345093,0.441823273897171,2.0540964603424072,-1.239227533340454,-1.4270095825195312,-0.6884425282478333,1.467348575592041,0.4437137246131897,2.024880886077881,4.649162292480469e-05,0.048480868339538574,0.010998666286468506,0.03390324115753174,0.0018904507160186768,-0.029215574264526367
1769719308.4637916,full,goal2.png,0.7087717652320862,-1.2386984825134277,-1.4708861112594604,-0.6984718441963196,1.4484398365020752,0.44354990124702454,2.0404651165008545,-1.2383902072906494,-1.4233015775680542,-0.6891918778419495,1.4810682535171509,0.4444999694824219,2.0145630836486816,0.0003082752227783203,0.04758453369140625,0.009279966354370117,0.032628417015075684,0.0009500682353973389,-0.02590203285217285
1769719308.56386,full,goal2.png,0.6992745399475098,-1.2380925416946411,-1.4646157026290894,-0.6974721550941467,1.4632830619812012,0.4437013864517212,2.0284998416900635,-1.2386611700057983,-1.422514796257019,-0.6863126754760742,1.4933717250823975,0.4476086497306824,2.0033657550811768,-0.0005686283111572266,0.04210090637207031,0.01115947961807251,0.03008866310119629,0.003907263278961182,-0.02513408660888672
1769719308.6632535,full,goal2.png,0.6954672932624817,-1.2376079559326172,-1.459829568862915,-0.6969874501228333,1.4772475957870483,0.44529175758361816,2.017125129699707,-1.2401394844055176,-1.4225540161132812,-0.6807801723480225,1.5099276304244995,0.44634461402893066,1.985963225364685,-0.0025315284729003906,0.03727555274963379,0.01620727777481079,0.03268003463745117,0.0010528564453125,-0.031161904335021973
1769719308.7639,full,goal2.png,0.7131304144859314,-1.2373353242874146,-1.4578908681869507,-0.6951094269752502,1.4905154705047607,0.44638222455978394,2.0053112506866455,-1.240252137184143,-1.4214411973953247,-0.6778126955032349,1.528526782989502,0.44327831268310547,1.9670069217681885,-0.0029168128967285156,0.03644967079162598,0.01729673147201538,0.03801131248474121,-0.003103911876678467,-0.03830432891845703
1769719308.86477,full,goal2.png,0.6878774166107178,-1.2373353242874146,-1.4571033716201782,-0.6915954947471619,1.5068124532699585,0.44632166624069214,1.9886506795883179,-1.2395777702331543,-1.4173884391784668,-0.6802191734313965,1.546729564666748,0.4395882487297058,1.9509425163269043,-0.002242445945739746,0.039714932441711426,0.01137632131576538,0.03991711139678955,-0.006733417510986328,-0.037708163261413574
1769719308.9639063,full,goal2.png,0.683042585849762,-1.2376987934112549,-1.4546496868133545,-0.6887481212615967,1.5240486860275269,0.44333791732788086,1.9710965156555176,-1.2391661405563354,-1.4112863540649414,-0.686328113079071,1.5634982585906982,0.43658560514450073,1.9385426044464111,-0.0014673471450805664,0.043363332748413086,0.0024200081825256348,0.03944957256317139,-0.006752312183380127,-0.032553911209106445
1769719309.06414,full,goal2.png,0.6892491579055786,-1.2379714250564575,-1.4514386653900146,-0.6893236637115479,1.5423753261566162,0.4403238296508789,1.9550873041152954,-1.2398995161056519,-1.4066776037216187,-0.689914882183075,1.5813992023468018,0.433712363243103,1.9271669387817383,-0.001928091049194336,0.044761061668395996,-0.0005912184715270996,0.03902387619018555,-0.006611466407775879,-0.02792036533355713
1769719309.163932,full,goal2.png,0.6875470280647278,-1.2376987934112549,-1.4479854106903076,-0.6922922134399414,1.5582178831100464,0.43750664591789246,1.942758321762085,-1.240992784500122,-1.402895450592041,-0.6905906796455383,1.6010698080062866,0.42963433265686035,1.9152450561523438,-0.0032939910888671875,0.0450899600982666,0.0017015337944030762,0.042851924896240234,-0.007872313261032104,-0.02751326560974121
1769719309.2632802,full,goal2.png,0.7150293588638306,-1.237850308418274,-1.442229986190796,-0.6951094269752502,1.5769686698913574,0.4338867664337158,1.930141806602478,-1.241699457168579,-1.3979665040969849,-0.691261351108551,1.6209893226623535,0.42396584153175354,1.901553988456726,-0.0038491487503051758,0.044263482093811035,0.0038480758666992188,0.044020652770996094,-0.00992092490196228,-0.028587818145751953
1769719309.3643425,full,goal2.png,0.7171956896781921,-1.2386075258255005,-1.4353233575820923,-0.6960180997848511,1.5966887474060059,0.43032750487327576,1.9177372455596924,-1.2423527240753174,-1.3913028240203857,-0.6948328018188477,1.6422393321990967,0.41859525442123413,1.888981819152832,-0.0037451982498168945,0.04402053356170654,0.001185297966003418,0.04555058479309082,-0.011732250452041626,-0.02875542640686035
1769719309.4655137,full,goal2.png,0.7168409824371338,-1.2391830682754517,-1.4295376539230347,-0.6968360543251038,1.6163784265518188,0.425041526556015,1.904484510421753,-1.2439377307891846,-1.3853795528411865,-0.6993863582611084,1.6672849655151367,0.41666653752326965,1.8748745918273926,-0.00475466251373291,0.044158101081848145,-0.0025503039360046387,0.05090653896331787,-0.008374989032745361,-0.02960991859436035
1769719309.5639915,full,goal2.png,0.7160669565200806,-1.2393043041229248,-1.4244182109832764,-0.6997743844985962,1.638582468032837,0.41992220282554626,1.8917316198349,-1.2447199821472168,-1.3789000511169434,-0.7060448527336121,1.6959303617477417,0.4181640148162842,1.8599703311920166,-0.005415678024291992,0.04551815986633301,-0.006270468235015869,0.057347893714904785,-0.001758188009262085,-0.0317612886428833
1769719309.6625051,full,goal2.png,0.7095037698745728,-1.2398192882537842,-1.4185415506362915,-0.7041667103767395,1.661725640296936,0.4186347424983978,1.8779942989349365,-1.2467302083969116,-1.3754230737686157,-0.7072391510009766,1.7235069274902344,0.4212402105331421,1.8429622650146484,-0.006910920143127441,0.04311847686767578,-0.0030724406242370605,0.06178128719329834,0.0026054680347442627,-0.035032033920288086
1769719309.7635164,full,goal2.png,0.6976698637008667,-1.2409400939941406,-1.4119683504104614,-0.7092254757881165,1.689170002937317,0.4187256693840027,1.862999677658081,-1.2497334480285645,-1.3747549057006836,-0.7060508131980896,1.7460688352584839,0.42504072189331055,1.8263156414031982,-0.008793354034423828,0.03721344470977783,0.0031746625900268555,0.05689883232116699,0.006315052509307861,-0.03668403625488281
1769719309.8639848,full,goal2.png,0.729373574256897,-1.2428786754608154,-1.407485008239746,-0.7115275859832764,1.7154028415679932,0.42199715971946716,1.8465814590454102,-1.2538673877716064,-1.374826431274414,-0.7048619985580444,1.7658650875091553,0.4281925559043884,1.807388424873352,-0.010988712310791016,0.03265857696533203,0.006665587425231934,0.05046224594116211,0.006195396184921265,-0.039193034172058105
1769719309.9782653,full,goal2.png,0.7247316837310791,-1.2454231977462769,-1.405455470085144,-0.711800217628479,1.7399392127990723,0.42475369572639465,1.8286184072494507,-1.256317377090454,-1.3714181184768677,-0.7073534727096558,1.7842926979064941,0.42914992570877075,1.7869887351989746,-0.010894179344177246,0.03403735160827637,0.004446744918823242,0.044353485107421875,0.004396229982376099,-0.041629672050476074
1769719310.0787692,full,goal2.png,0.7102295756340027,-1.2480283975601196,-1.4044861793518066,-0.7115578651428223,1.7580844163894653,0.42701050639152527,1.8143054246902466,-1.2564125061035156,-1.3649334907531738,-0.7107347846031189,1.8018670082092285,0.4292995035648346,1.7689552307128906,-0.008384108543395996,0.03955268859863281,0.0008230805397033691,0.043782591819763184,0.002288997173309326,-0.04535019397735596
1769719310.163297,full,goal2.png,0.7092990875244141,-1.2505426406860352,-1.4024869203567505,-0.7124060988426208,1.775835394859314,0.4289795458316803,1.7955849170684814,-1.2570254802703857,-1.3625547885894775,-0.7061598300933838,1.8178541660308838,0.43094974756240845,1.7513948678970337,-0.006482839584350586,0.03993213176727295,0.0062462687492370605,0.042018771171569824,0.0019702017307281494,-0.044190049171447754
1769719310.2637136,full,goal2.png,0.7361422777175903,-1.2517845630645752,-1.3969435691833496,-0.7149505615234375,1.7955554723739624,0.4299640357494354,1.773486852645874,-1.2577123641967773,-1.3614922761917114,-0.7004246115684509,1.832127571105957,0.4367610216140747,1.7335419654846191,-0.0059278011322021484,0.035451292991638184,0.014525949954986572,0.03657209873199463,0.006796985864639282,-0.03994488716125488
1769719310.3628461,full,goal2.png,0.7602688074111938,-1.2522389888763428,-1.3925209045410156,-0.7128907442092896,1.8131853342056274,0.43208441138267517,1.7554632425308228,-1.2577215433120728,-1.35972261428833,-0.6949892044067383,1.8429970741271973,0.44694167375564575,1.7164099216461182,-0.0054825544357299805,0.03279829025268555,0.01790153980255127,0.029811739921569824,0.014857262372970581,-0.03905332088470459
1769719310.4787793,full,goal2.png,0.7669813632965088,-1.2523298263549805,-1.3901277780532837,-0.7086499333381653,1.827301263809204,0.4375520646572113,1.7376971244812012,-1.2561476230621338,-1.3552372455596924,-0.6935244202613831,1.8521806001663208,0.4568648636341095,1.703513503074646,-0.0038177967071533203,0.03489053249359131,0.015125513076782227,0.0248793363571167,0.019312798976898193,-0.034183621406555176
1769719310.563269,full,goal2.png,0.7795934677124023,-1.2521783113479614,-1.3882800340652466,-0.7045605182647705,1.8388426303863525,0.44468578696250916,1.723384141921997,-1.2538843154907227,-1.347991943359375,-0.6953792572021484,1.8643171787261963,0.46421945095062256,1.6932353973388672,-0.0017060041427612305,0.04028809070587158,0.00918126106262207,0.02547454833984375,0.019533663988113403,-0.030148744583129883
1769719310.664208,full,goal2.png,0.7986726760864258,-1.2517240047454834,-1.3853113651275635,-0.7025611996650696,1.8489298820495605,0.4546065032482147,1.7087985277175903,-1.2517201900482178,-1.3405189514160156,-0.6980226635932922,1.8862953186035156,0.46978694200515747,1.678956389427185,3.814697265625e-06,0.04479241371154785,0.004538536071777344,0.03736543655395508,0.015180438756942749,-0.029842138290405273
1769719310.7642813,full,goal2.png,0.7937406301498413,-1.2505122423171997,-1.3798891305923462,-0.702833890914917,1.863106369972229,0.46230068802833557,1.6960455179214478,-1.2485222816467285,-1.3321049213409424,-0.7011924386024475,1.915192723274231,0.4763338565826416,1.6596797704696655,0.0019899606704711914,0.04778420925140381,0.0016414523124694824,0.05208635330200195,0.01403316855430603,-0.03636574745178223
1769719310.8650982,full,goal2.png,0.7845260500907898,-1.2485129833221436,-1.372831106185913,-0.7043181657791138,1.8833112716674805,0.4693889617919922,1.6807178258895874,-1.2457176446914673,-1.324743390083313,-0.7020663022994995,1.9448480606079102,0.48232442140579224,1.6358606815338135,0.0027953386306762695,0.0480877161026001,0.002251863479614258,0.06153678894042969,0.012935459613800049,-0.044857144355773926
1769719310.9646575,full,goal2.png,0.8009768724441528,-1.2465137243270874,-1.3660457134246826,-0.706468939781189,1.909271478652954,0.47552308440208435,1.6624971628189087,-1.2435970306396484,-1.3183459043502808,-0.7006775736808777,1.9710718393325806,0.48581933975219727,1.6104434728622437,0.002916693687438965,0.047699809074401855,0.005791366100311279,0.061800360679626465,0.010296255350112915,-0.05205368995666504
1769719311.0658596,full,goal2.png,0.809911847114563,-1.2439086437225342,-1.3595935106277466,-0.7074987888336182,1.937139868736267,0.48099079728126526,1.6398539543151855,-1.2420434951782227,-1.3119614124298096,-0.6972808241844177,1.9982080459594727,0.48880088329315186,1.5848076343536377,0.0018651485443115234,0.04763209819793701,0.01021796464920044,0.061068177223205566,0.007810086011886597,-0.05504631996154785
1769719311.1661313,full,goal2.png,0.8077297210693359,-1.241303563117981,-1.353201985359192,-0.7072564959526062,1.9624336957931519,0.48447442054748535,1.6173471212387085,-1.2404491901397705,-1.3045570850372314,-0.6945363283157349,2.02720308303833,0.4969187378883362,1.5616891384124756,0.0008543729782104492,0.04864490032196045,0.012720167636871338,0.06476938724517822,0.01244431734085083,-0.05565798282623291
1769719311.2645943,full,goal2.png,0.7980198860168457,-1.2393345832824707,-1.3453259468078613,-0.7053480744361877,1.9915441274642944,0.4899117350578308,1.5903115272521973,-1.2382586002349854,-1.2968969345092773,-0.6924799084663391,2.0613577365875244,0.5097072124481201,1.5362552404403687,0.0010759830474853516,0.048429012298583984,0.012868165969848633,0.06981360912322998,0.019795477390289307,-0.05405628681182861
1769719311.3637612,full,goal2.png,0.8083888292312622,-1.2380925416946411,-1.3387526273727417,-0.7031064629554749,2.02113938331604,0.4975907802581787,1.5662143230438232,-1.2346669435501099,-1.2900453805923462,-0.6902523040771484,2.0990843772888184,0.526198148727417,1.5057015419006348,0.00342559814453125,0.04870724678039551,0.012854158878326416,0.07794499397277832,0.02860736846923828,-0.06051278114318848
1769719311.465202,full,goal2.png,0.8127337694168091,-1.236063003540039,-1.332361102104187,-0.7011375427246094,2.0547335147857666,0.5091623067855835,1.54061758518219,-1.2302742004394531,-1.2812914848327637,-0.6902891397476196,2.138990879058838,0.5407518148422241,1.4727051258087158,0.0057888031005859375,0.05106961727142334,0.010848402976989746,0.08425736427307129,0.031589508056640625,-0.06791245937347412
1769719311.5650043,full,goal2.png,0.8125988245010376,-1.2327005863189697,-1.3239095211029053,-0.6995925903320312,2.092113494873047,0.524671733379364,1.5097501277923584,-1.2254109382629395,-1.2710075378417969,-0.694321870803833,2.175872802734375,0.5540576577186584,1.4431402683258057,0.0072896480560302734,0.0529019832611084,0.005270719528198242,0.08375930786132812,0.029385924339294434,-0.06660985946655273
1769719311.6646304,full,goal2.png,0.8042730093002319,-1.2290352582931519,-1.315791368484497,-0.6991382241249084,2.1294634342193604,0.538621187210083,1.4794126749038696,-1.2198861837387085,-1.2605396509170532,-0.6994885802268982,2.2099783420562744,0.5641613006591797,1.416952133178711,0.00914907455444336,0.05525171756744385,-0.0003503561019897461,0.08051490783691406,0.02554011344909668,-0.06246054172515869
1769719311.7649443,full,goal2.png,0.8101959824562073,-1.224128007888794,-1.3070369958877563,-0.700864851474762,2.166783094406128,0.551374077796936,1.4494237899780273,-1.2133809328079224,-1.2493443489074707,-0.7052760124206543,2.240832567214966,0.5733962655067444,1.3927998542785645,0.010747075080871582,0.057692646980285645,-0.004411160945892334,0.07404947280883789,0.02202218770980835,-0.05662393569946289
1769719311.8650048,full,goal2.png,0.8143094778060913,-1.2187057733535767,-1.295616865158081,-0.704863429069519,2.201467514038086,0.5616278648376465,1.42323637008667,-1.2068347930908203,-1.2376818656921387,-0.7105002999305725,2.2697060108184814,0.5821660161018372,1.3700132369995117,0.011870980262756348,0.05793499946594238,-0.005636870861053467,0.06823849678039551,0.020538151264190674,-0.0532231330871582
1769719311.9635515,full,goal2.png,0.7991056442260742,-1.2126473188400269,-1.2837728261947632,-0.7092254757881165,2.233577013015747,0.5722301602363586,1.3978819847106934,-1.2008651494979858,-1.2259892225265503,-0.7147254347801208,2.2967724800109863,0.5913293361663818,1.3485838174819946,0.011782169342041016,0.05778360366821289,-0.0054999589920043945,0.06319546699523926,0.019099175930023193,-0.04929816722869873
1769719312.0638626,full,goal2.png,0.8123443126678467,-1.2071948051452637,-1.2728675603866577,-0.7147386074066162,2.2624146938323975,0.580802857875824,1.3747692108154297,-1.1947977542877197,-1.2171082496643066,-0.7132342457771301,2.3243961334228516,0.6013818383216858,1.3251686096191406,0.012397050857543945,0.055759310722351074,0.001504361629486084,0.0619814395904541,0.020578980445861816,-0.04960060119628906
1769719312.163418,full,goal2.png,0.8141771554946899,-1.2009849548339844,-1.2615385055541992,-0.7188279628753662,2.2924644947052,0.5914503335952759,1.3504902124404907,-1.1880838871002197,-1.2120938301086426,-0.7057005763053894,2.351006031036377,0.6146150231361389,1.3012604713439941,0.012901067733764648,0.04944467544555664,0.013127386569976807,0.05854153633117676,0.023164689540863037,-0.04922974109649658
1769719312.2633734,full,goal2.png,0.8202335238456726,-1.195441484451294,-1.2516026496887207,-0.7185856103897095,2.318000555038452,0.6006742119789124,1.3290889263153076,-1.1811308860778809,-1.2079969644546509,-0.6980983018875122,2.3745675086975098,0.628217875957489,1.2795404195785522,0.014310598373413086,0.043605685234069824,0.020487308502197266,0.05656695365905762,0.02754366397857666,-0.04954850673675537
1769719312.3640766,full,goal2.png,0.8309561014175415,-1.1891710758209229,-1.2451504468917847,-0.7142539620399475,2.3443243503570557,0.61316978931427,1.306597113609314,-1.1744136810302734,-1.2040375471115112,-0.6910779476165771,2.395920991897583,0.6416211128234863,1.2609894275665283,0.014757394790649414,0.04111289978027344,0.02317601442337036,0.051596641540527344,0.02845132350921631,-0.045607686042785645
1769719312.4653847,full,goal2.png,0.820870041847229,-1.1826280355453491,-1.2407279014587402,-0.7074382305145264,2.368800163269043,0.6271040439605713,1.2843629121780396,-1.1686948537826538,-1.2011616230010986,-0.6832744479179382,2.4156856536865234,0.6548053622245789,1.2430799007415771,0.013933181762695312,0.0395662784576416,0.024163782596588135,0.04688549041748047,0.02770131826400757,-0.0412830114364624
1769719312.5637028,full,goal2.png,0.8289651274681091,-1.1765090227127075,-1.2369716167449951,-0.7006224989891052,2.3910951614379883,0.6400235295295715,1.2650518417358398,-1.1636297702789307,-1.2002640962600708,-0.6732378602027893,2.4332425594329834,0.6676473617553711,1.224710464477539,0.012879252433776855,0.036707520484924316,0.027384638786315918,0.04214739799499512,0.02762383222579956,-0.04034137725830078
1769719312.6638389,full,goal2.png,0.8325190544128418,-1.1708444356918335,-1.2326096296310425,-0.693594753742218,2.41005802154541,0.6527613401412964,1.247194528579712,-1.1588743925094604,-1.1993467807769775,-0.6628696322441101,2.4488775730133057,0.6792871356010437,1.2071812152862549,0.011970043182373047,0.03326284885406494,0.03072512149810791,0.03881955146789551,0.026525795459747314,-0.04001331329345703
1769719312.7632236,full,goal2.png,0.8363645076751709,-1.1650587320327759,-1.2303378582000732,-0.684083104133606,2.4285056591033936,0.6657110452651978,1.2291861772537231,-1.1534297466278076,-1.1975682973861694,-0.6543724536895752,2.4609663486480713,0.690346360206604,1.1932594776153564,0.011628985404968262,0.03276956081390381,0.02971065044403076,0.032460689544677734,0.02463531494140625,-0.0359266996383667
1769719312.862574,full,goal2.png,0.8276035189628601,-1.1600605249404907,-1.2297015190124512,-0.673753559589386,2.4446816444396973,0.677600622177124,1.2126315832138062,-1.146897792816162,-1.1946805715560913,-0.6512998342514038,2.4703187942504883,0.6987521648406982,1.1836103200912476,0.013162732124328613,0.03502094745635986,0.022453725337982178,0.025637149810791016,0.02115154266357422,-0.029021263122558594
1769719312.9642773,full,goal2.png,0.8266870379447937,-1.1550017595291138,-1.227429747581482,-0.6655747294425964,2.4572527408599854,0.6892176270484924,1.1976219415664673,-1.1416378021240234,-1.1910576820373535,-0.6538682579994202,2.4765686988830566,0.7048906683921814,1.1780438423156738,0.013363957405090332,0.03637206554412842,0.01170647144317627,0.01931595802307129,0.015673041343688965,-0.019578099250793457
1769719313.0631642,full,goal2.png,0.8110020160675049,-1.1501550674438477,-1.2240673303604126,-0.6615762114524841,2.466885566711426,0.697381317615509,1.1875498294830322,-1.1379170417785645,-1.1885790824890137,-0.6548304557800293,2.4838526248931885,0.7114993929862976,1.170954704284668,0.012238025665283203,0.035488247871398926,0.006745755672454834,0.016967058181762695,0.014118075370788574,-0.016595125198364258
1769719313.1638021,full,goal2.png,0.8152498602867126,-1.1451265811920166,-1.2212198972702026,-0.6615155935287476,2.4745192527770996,0.7040303945541382,1.1806584596633911,-1.1353543996810913,-1.1868443489074707,-0.6514837741851807,2.4918222427368164,0.719874382019043,1.1624436378479004,0.009772181510925293,0.034375548362731934,0.010031819343566895,0.017302989959716797,0.015843987464904785,-0.018214821815490723
1769719313.2644906,full,goal2.png,0.828594446182251,-1.1400072574615479,-1.218887448310852,-0.6616671085357666,2.4818801879882812,0.7113611102104187,1.1730247735977173,-1.1325273513793945,-1.1849768161773682,-0.6455139517784119,2.501741886138916,0.7283357381820679,1.1525874137878418,0.00747990608215332,0.03391063213348389,0.016153156757354736,0.019861698150634766,0.01697462797164917,-0.02043735980987549
1769719313.3667383,full,goal2.png,0.839028537273407,-1.1365842819213867,-1.2164640426635742,-0.6596678495407104,2.489755868911743,0.7194187045097351,1.1647247076034546,-1.1290156841278076,-1.1843152046203613,-0.6342823505401611,2.5135436058044434,0.7383464574813843,1.1407864093780518,0.0075685977935791016,0.03214883804321289,0.025385499000549316,0.023787736892700195,0.01892775297164917,-0.023938298225402832
1769719313.4640093,full,goal2.png,0.835626482963562,-1.1340700387954712,-1.214131474494934,-0.6542454957962036,2.498964786529541,0.7265069484710693,1.1566065549850464,-1.1251676082611084,-1.1842138767242432,-0.6203378438949585,2.5259530544281006,0.7493070960044861,1.1281358003616333,0.008902430534362793,0.029917597770690918,0.03390765190124512,0.02698826789855957,0.022800147533416748,-0.028470754623413086
1769719313.5651598,full,goal2.png,0.833160400390625,-1.1311317682266235,-1.2128896713256836,-0.6434919238090515,2.510324239730835,0.7372000813484192,1.144156575202942,-1.1217049360275269,-1.1835451126098633,-0.6068508625030518,2.5376598834991455,0.7600863575935364,1.1159093379974365,0.00942683219909668,0.029344558715820312,0.036641061305999756,0.027335643768310547,0.022886276245117188,-0.02824723720550537
1769719313.663078,full,goal2.png,0.830385684967041,-1.1275875568389893,-1.2129199504852295,-0.6317992210388184,2.522895336151123,0.7482263445854187,1.1316763162612915,-1.1192632913589478,-1.1811635494232178,-0.5989771485328674,2.5457863807678223,0.7681819200515747,1.1075396537780762,0.008324265480041504,0.03175640106201172,0.03282207250595093,0.02289104461669922,0.019955575466156006,-0.024136662483215332
1769719313.76336,full,goal2.png,0.8360579609870911,-1.1233769655227661,-1.2139497995376587,-0.6188341975212097,2.5340428352355957,0.7581923604011536,1.1198018789291382,-1.1174492835998535,-1.1788824796676636,-0.5908941626548767,2.5523412227630615,0.7766693234443665,1.1009973287582397,0.005927681922912598,0.03506731986999512,0.027940034866333008,0.01829838752746582,0.01847696304321289,-0.018804550170898438
1769719313.863817,full,goal2.png,0.8293741345405579,-1.1201963424682617,-1.2140709161758423,-0.6098678708076477,2.5432820320129395,0.7667953968048096,1.1106536388397217,-1.1154347658157349,-1.176866054534912,-0.5801600217819214,2.5576581954956055,0.7852966785430908,1.095200538635254,0.0047615766525268555,0.037204861640930176,0.02970784902572632,0.014376163482666016,0.01850128173828125,-0.015453100204467773
1769719313.96364,full,goal2.png,0.8257758021354675,-1.1182576417922974,-1.2130107879638672,-0.6019313931465149,2.549976348876953,0.7748984098434448,1.1026414632797241,-1.1135951280593872,-1.1761937141418457,-0.5679271817207336,2.5631370544433594,0.7936521768569946,1.0880815982818604,0.004662513732910156,0.036817073822021484,0.03400421142578125,0.01316070556640625,0.018753767013549805,-0.01455986499786377
1769719314.0647702,full,goal2.png,0.8296403288841248,-1.1165310144424438,-1.2109206914901733,-0.5916926860809326,2.555671215057373,0.782410740852356,1.096401333808899,-1.1119778156280518,-1.1756765842437744,-0.5571197867393494,2.5681848526000977,0.8012797236442566,1.081498622894287,0.00455319881439209,0.035244107246398926,0.03457289934158325,0.01251363754272461,0.018868982791900635,-0.014902710914611816
1769719314.164696,full,goal2.png,0.828279972076416,-1.1144407987594604,-1.2100118398666382,-0.5799999237060547,2.5613057613372803,0.791407585144043,1.0888888835906982,-1.110538363456726,-1.1747403144836426,-0.5476683378219604,2.575303554534912,0.807900607585907,1.0759921073913574,0.003902435302734375,0.035271525382995605,0.03233158588409424,0.013997793197631836,0.016493022441864014,-0.01289677619934082
1769719314.2642362,full,goal2.png,0.8219417929649353,-1.1125627756118774,-1.211617350578308,-0.5700339078903198,2.5663037300109863,0.7986170649528503,1.082648754119873,-1.109081745147705,-1.1734251976013184,-0.5386073589324951,2.5820095539093018,0.8148452639579773,1.0719263553619385,0.0034810304641723633,0.038192152976989746,0.03142654895782471,0.01570582389831543,0.016228199005126953,-0.01072239875793457
1769719314.3645175,full,goal2.png,0.8302507400512695,-1.1106846332550049,-1.2131924629211426,-0.5607948303222656,2.573089122772217,0.8056749701499939,1.077014446258545,-1.1078307628631592,-1.17215895652771,-0.5306439995765686,2.5866453647613525,0.8216336965560913,1.0693790912628174,0.002853870391845703,0.04103350639343262,0.03015083074569702,0.013556241989135742,0.015958726406097412,-0.007635354995727539
1769719314.4634752,full,goal2.png,0.8303873538970947,-1.1094729900360107,-1.2121626138687134,-0.5519496202468872,2.5805108547210693,0.8128239512443542,1.0732581615447998,-1.1073744297027588,-1.1716539859771729,-0.523167610168457,2.5910987854003906,0.8275332450866699,1.0667502880096436,0.002098560333251953,0.04050862789154053,0.028782010078430176,0.010587930679321289,0.014709293842315674,-0.00650787353515625
1769719314.563874,full,goal2.png,0.8261385560035706,-1.1087762117385864,-1.2099815607070923,-0.5432558059692383,2.585357427597046,0.8204423189163208,1.069880723953247,-1.1066713333129883,-1.1711628437042236,-0.5185163021087646,2.595998525619507,0.8328379392623901,1.0654089450836182,0.0021048784255981445,0.03881871700286865,0.024739503860473633,0.010641098022460938,0.012395620346069336,-0.004471778869628906
1769719314.663975,full,goal2.png,0.8347479104995728,-1.108473300933838,-1.2083154916763306,-0.5353496670722961,2.5896589756011963,0.8256829380989075,1.067851185798645,-1.10611891746521,-1.1707212924957275,-0.5182850360870361,2.6011173725128174,0.8362153768539429,1.066554307937622,0.0023543834686279297,0.03759419918060303,0.01706463098526001,0.011458396911621094,0.0105324387550354,-0.0012968778610229492
1769719314.7649577,full,goal2.png,0.8313119411468506,-1.1076858043670654,-1.2077096700668335,-0.5306846499443054,2.594536066055298,0.830877959728241,1.0669878721237183,-1.1052684783935547,-1.1705113649368286,-0.521555483341217,2.6038763523101807,0.8384998440742493,1.070525884628296,0.002417325973510742,0.03719830513000488,0.009129166603088379,0.009340286254882812,0.007621884346008301,0.0035380125045776367
1769719314.8634257,full,goal2.png,0.8371166586875916,-1.1067163944244385,-1.20722496509552,-0.5295336246490479,2.598806858062744,0.834179699420929,1.0676542520523071,-1.104400634765625,-1.171288251876831,-0.5222703218460083,2.6053318977355957,0.841625452041626,1.0738202333450317,0.0023157596588134766,0.035936713218688965,0.007263302803039551,0.0065250396728515625,0.0074457526206970215,0.006165981292724609
1769719314.964263,full,goal2.png,0.8321787118911743,-1.105595588684082,-1.2069220542907715,-0.530109167098999,2.602078676223755,0.8370726704597473,1.07051682472229,-1.1040291786193848,-1.1714760065078735,-0.522386372089386,2.606635808944702,0.842506468296051,1.075507640838623,0.0015664100646972656,0.03544604778289795,0.007722795009613037,0.004557132720947266,0.005433797836303711,0.004990816116333008
1769719315.0641549,full,goal2.png,0.830600917339325,-1.104323387145996,-1.2069826126098633,-0.5306543707847595,2.604259490966797,0.8397685885429382,1.0733642578125,-1.103131890296936,-1.170975923538208,-0.5199481844902039,2.6092822551727295,0.842926561832428,1.0751036405563354,0.0011914968490600586,0.03600668907165527,0.010706186294555664,0.005022764205932617,0.003157973289489746,0.0017393827438354492
1769719315.1642087,full,goal2.png,0.8259932994842529,-1.1038992404937744,-1.2066797018051147,-0.5306846499443054,2.606198310852051,0.8412227034568787,1.0750000476837158,-1.1025362014770508,-1.1704797744750977,-0.5162147283554077,2.612278461456299,0.842964768409729,1.0734195709228516,0.0013630390167236328,0.03619992733001709,0.014469921588897705,0.006080150604248047,0.0017420649528503418,-0.0015804767608642578
1769719315.262671,full,goal2.png,0.8292948603630066,-1.1035963296890259,-1.2058920860290527,-0.5296244621276855,2.6087429523468018,0.8417527675628662,1.0753180980682373,-1.1022905111312866,-1.1696412563323975,-0.5159821510314941,2.6150424480438232,0.8421828746795654,1.0722038745880127,0.0013058185577392578,0.03625082969665527,0.013642311096191406,0.006299495697021484,0.00043010711669921875,-0.0031142234802246094
1769719315.3624308,full,goal2.png,0.8311677575111389,-1.1030813455581665,-1.2054377794265747,-0.527504026889801,2.6116809844970703,0.8424192070960999,1.074318528175354,-1.102379322052002,-1.1687626838684082,-0.5193278789520264,2.617755889892578,0.8401031494140625,1.0718401670455933,0.0007020235061645508,0.036675095558166504,0.008176147937774658,0.0060749053955078125,-0.0023160576820373535,-0.002478361129760742
1769719315.4637702,full,goal2.png,0.8265186548233032,-1.1026573181152344,-1.2044380903244019,-0.5269284844398499,2.6145589351654053,0.8421465158462524,1.0735307931900024,-1.1020843982696533,-1.1685898303985596,-0.5206174254417419,2.6200168132781982,0.839450478553772,1.0717859268188477,0.0005729198455810547,0.035848259925842285,0.00631105899810791,0.005457878112792969,-0.0026960372924804688,-0.0017448663711547852
1769719315.5630758,full,goal2.png,0.8261541128158569,-1.10232412815094,-1.2031052112579346,-0.527504026889801,2.6169216632843018,0.8412377238273621,1.072894811630249,-1.1013262271881104,-1.1693637371063232,-0.5176817178726196,2.6207573413848877,0.84107905626297,1.071763515472412,0.0009979009628295898,0.03374147415161133,0.009822309017181396,0.0038356781005859375,-0.00015866756439208984,-0.001131296157836914
1769719315.6634314,full,goal2.png,0.826208770275116,-1.102112054824829,-1.2028024196624756,-0.5280492305755615,2.6191329956054688,0.8406773805618286,1.0725160837173462,-1.1003848314285278,-1.1697744131088257,-0.5140410661697388,2.6206095218658447,0.8432953357696533,1.072131633758545,0.0017272233963012695,0.0330280065536499,0.014008164405822754,0.0014765262603759766,0.002617955207824707,-0.00038444995880126953
1769719315.7645895,full,goal2.png,0.822797954082489,-1.1014455556869507,-1.2030143737792969,-0.5270798802375793,2.620011329650879,0.8410863876342773,1.072440266609192,-1.0994168519973755,-1.1699886322021484,-0.5108790993690491,2.619554042816162,0.8445587754249573,1.0724663734436035,0.0020287036895751953,0.03302574157714844,0.016200780868530273,-0.0004572868347167969,0.0034723877906799316,2.6106834411621094e-05
1769719315.8647954,full,goal2.png,0.8241424560546875,-1.10071861743927,-1.202953815460205,-0.5248383283615112,2.620253801345825,0.8422526121139526,1.0724554061889648,-1.0986881256103516,-1.169605016708374,-0.5110354423522949,2.618492841720581,0.8437010049819946,1.073244333267212,0.002030491828918457,0.033348798751831055,0.013802886009216309,-0.0017609596252441406,0.0014483928680419922,0.0007889270782470703
1769719315.965197,full,goal2.png,0.8274798393249512,-1.099749207496643,-1.2022571563720703,-0.521839439868927,2.6198902130126953,0.8433279991149902,1.0726220607757568,-1.098137378692627,-1.1693803071975708,-0.5110270977020264,2.616884469985962,0.8433181047439575,1.0747648477554321,0.0016118288040161133,0.03287684917449951,0.010812342166900635,-0.0030057430267333984,-9.894371032714844e-06,0.002142786979675293
1769719316.0643342,full,goal2.png,0.8252394199371338,-1.0989919900894165,-1.2014392614364624,-0.5206277370452881,2.6192541122436523,0.8433734178543091,1.0731219053268433,-1.0978198051452637,-1.1693682670593262,-0.5120137333869934,2.6161398887634277,0.8432533740997314,1.0770134925842285,0.001172184944152832,0.03207099437713623,0.008614003658294678,-0.0031142234802246094,-0.00012004375457763672,0.003891587257385254
1769719316.1641223,full,goal2.png,0.8187797665596008,-1.0981740951538086,-1.2004092931747437,-0.5200825333595276,2.618466377258301,0.8434339761734009,1.0742428302764893,-1.0975055694580078,-1.1695420742034912,-0.5127256512641907,2.6155269145965576,0.8437132835388184,1.079310417175293,0.0006685256958007812,0.03086721897125244,0.007356882095336914,-0.002939462661743164,0.00027930736541748047,0.005067586898803711
1769719316.263606,full,goal2.png,0.8203408718109131,-1.0974470376968384,-1.199530839920044,-0.520021915435791,2.617800235748291,0.8434794545173645,1.0761359930038452,-1.097554326057434,-1.169560194015503,-0.5126485824584961,2.6162281036376953,0.844293475151062,1.0805729627609253,-0.00010728836059570312,0.029970645904541016,0.007373332977294922,-0.0015721321105957031,0.0008140206336975098,0.004436969757080078
1769719316.361964,full,goal2.png,0.8187026381492615,-1.096901774406433,-1.1992580890655518,-0.5201128125190735,2.6172549724578857,0.8437671661376953,1.078574538230896,-1.0979180335998535,-1.1690775156021118,-0.5118517875671387,2.6162543296813965,0.8454569578170776,1.0811972618103027,-0.0010162591934204102,0.03018057346343994,0.008261024951934814,-0.0010006427764892578,0.0016897916793823242,0.0026227235794067383
1769719316.4633813,full,goal2.png,0.8227853178977966,-1.0969927310943604,-1.1992278099060059,-0.5201430916786194,2.6173155307769775,0.844418466091156,1.079801321029663,-1.0983105897903442,-1.1692885160446167,-0.5083436369895935,2.616787910461426,0.8473610877990723,1.0806703567504883,-0.0013178586959838867,0.02993929386138916,0.011799454689025879,-0.0005276203155517578,0.0029426217079162598,0.0008690357208251953
1769719316.5641232,full,goal2.png,0.8174636363983154,-1.0975075960159302,-1.19919753074646,-0.5196887254714966,2.6173458099365234,0.8453878164291382,1.0807100534439087,-1.0984351634979248,-1.1694172620773315,-0.5059752464294434,2.6182498931884766,0.8489141464233398,1.080222249031067,-0.0009275674819946289,0.029780268669128418,0.013713479042053223,0.000904083251953125,0.00352632999420166,-0.0004878044128417969
1769719316.6637166,full,goal2.png,0.8171376585960388,-1.09787118434906,-1.1992580890655518,-0.5172653198242188,2.6176486015319824,0.8464632034301758,1.0809978246688843,-1.0977641344070435,-1.1700665950775146,-0.5043784976005554,2.619962215423584,0.8506424427032471,1.0801175832748413,0.00010704994201660156,0.02919149398803711,0.01288682222366333,0.0023136138916015625,0.004179239273071289,-0.0008802413940429688
1769719316.7643452,full,goal2.png,0.8145484924316406,-1.0982043743133545,-1.1992580890655518,-0.5149934887886047,2.618405818939209,0.8480080962181091,1.0805433988571167,-1.0973117351531982,-1.1699910163879395,-0.5070821046829224,2.620731830596924,0.8502921462059021,1.081411361694336,0.00089263916015625,0.029267072677612305,0.007911384105682373,0.0023260116577148438,0.0022840499877929688,0.0008679628372192383
1769719316.8626018,full,goal2.png,0.8192564845085144,-1.0981438159942627,-1.1994097232818604,-0.5136303305625916,2.619314670562744,0.8494014739990234,1.080604076385498,-1.0973670482635498,-1.1699767112731934,-0.5113945007324219,2.6205811500549316,0.8494178056716919,1.0834633111953735,0.0007767677307128906,0.029433012008666992,0.0022358298301696777,0.0012664794921875,1.633167266845703e-05,0.0028592348098754883
1769719316.9641483,full,goal2.png,0.8132368326187134,-1.0977802276611328,-1.1991066932678223,-0.5143876075744629,2.620011329650879,0.8497498631477356,1.0813764333724976,-1.097472906112671,-1.1689138412475586,-0.5183468461036682,2.6197402477264404,0.8476574420928955,1.0864436626434326,0.00030732154846191406,0.030192852020263672,-0.003959238529205322,-0.00027108192443847656,-0.002092421054840088,0.005067229270935059
1769719317.0623794,full,goal2.png,0.8101763725280762,-1.0975682735443115,-1.1989250183105469,-0.5177500247955322,2.6201024055480957,0.8489924669265747,1.0833152532577515,-1.0973045825958252,-1.1681201457977295,-0.5219376683235168,2.619532585144043,0.8467768430709839,1.0879766941070557,0.0002636909484863281,0.030804872512817383,-0.004187643527984619,-0.0005698204040527344,-0.0022156238555908203,0.004661440849304199
1769719317.1639216,full,goal2.png,0.8243696093559265,-1.0973562002182007,-1.198864459991455,-0.5229299068450928,2.620011329650879,0.8478415012359619,1.085526466369629,-1.0967345237731934,-1.1677722930908203,-0.5217371582984924,2.618960380554199,0.8471187353134155,1.0882289409637451,0.0006216764450073242,0.031092166900634766,0.0011927485466003418,-0.0010509490966796875,-0.0007227659225463867,0.002702474594116211
1769719317.2629979,full,goal2.png,0.8312077522277832,-1.0974470376968384,-1.1983494758605957,-0.5262620449066162,2.6198296546936035,0.8471599221229553,1.0871773958206177,-1.0963248014450073,-1.1681984663009644,-0.5192326307296753,2.6182174682617188,0.8475815057754517,1.0870907306671143,0.0011222362518310547,0.030151009559631348,0.007029414176940918,-0.0016121864318847656,0.0004215836524963379,-8.666515350341797e-05
1769719317.3637989,full,goal2.png,0.8168701529502869,-1.0974470376968384,-1.197471022605896,-0.526716411113739,2.619617462158203,0.8471447825431824,1.0876165628433228,-1.0962445735931396,-1.1690540313720703,-0.5179816484451294,2.6177892684936523,0.8477847576141357,1.0855708122253418,0.0012024641036987305,0.028416991233825684,0.00873476266860962,-0.0018281936645507812,0.0006399750709533691,-0.002045750617980957
1769719317.4655917,full,goal2.png,0.8178328275680542,-1.0974470376968384,-1.1969560384750366,-0.5260499715805054,2.6192235946655273,0.8472962379455566,1.0874046087265015,-1.0962800979614258,-1.1696586608886719,-0.5166387557983398,2.617241859436035,0.8490903377532959,1.0844027996063232,0.0011669397354125977,0.027297377586364746,0.009411215782165527,-0.0019817352294921875,0.0017940998077392578,-0.0030018091201782227
1769719317.5642114,full,goal2.png,0.8218494653701782,-1.097113847732544,-1.1973196268081665,-0.5251715779304504,2.6188602447509766,0.8476293087005615,1.0867987871170044,-1.0961329936981201,-1.170034646987915,-0.5156053304672241,2.617147922515869,0.8507189750671387,1.0837596654891968,0.0009808540344238281,0.027284979820251465,0.009566247463226318,-0.0017123222351074219,0.0030896663665771484,-0.003039121627807617
1769719317.6636236,full,goal2.png,0.8206014633178711,-1.0967806577682495,-1.1976829767227173,-0.5242022275924683,2.6185874938964844,0.8485381007194519,1.085829496383667,-1.0960609912872314,-1.170165777206421,-0.5163043141365051,2.6164016723632812,0.85104900598526,1.0838665962219238,0.0007196664810180664,0.027517199516296387,0.007897913455963135,-0.002185821533203125,0.0025109052658081055,-0.001962900161743164
