timestamp,model_type,goal_image,similarity_score,curr_j0,curr_j1,curr_j2,curr_j3,curr_j4,curr_j5,cmd_j0,cmd_j1,cmd_j2,cmd_j3,cmd_j4,cmd_j5,step_diff_j0,step_diff_j1,step_diff_j2,step_diff_j3,step_diff_j4,step_diff_j5
1769651667.694623,full,goal16.png,0.6842079758644104,0.3793763220310211,-1.1765695810317993,-1.8978815078735352,2.0278947353363037,1.3714680671691895,2.732530117034912,0.3889409303665161,-1.0902280807495117,-1.8523108959197998,1.990978717803955,1.3698817491531372,2.720850706100464,0.009564608335494995,0.0863415002822876,0.04557061195373535,-0.03691601753234863,-0.001586318016052246,-0.011679410934448242
1769651667.714626,full,goal16.png,0.6843829154968262,0.3821026384830475,-1.184566617012024,-1.8915202617645264,1.9805482625961304,1.3714529275894165,2.7325150966644287,0.38527828454971313,-1.0981518030166626,-1.8568696975708008,1.9770461320877075,1.3715747594833374,2.7159759998321533,0.0031756460666656494,0.08641481399536133,0.034650564193725586,-0.0035021305084228516,0.00012183189392089844,-0.01653909683227539
1769651667.7612252,full,goal16.png,0.6796359419822693,0.38813069462776184,-1.1924121379852295,-1.891005277633667,1.9806088209152222,1.3714529275894165,2.7325453758239746,0.3791755735874176,-1.1067315340042114,-1.8600187301635742,1.96053946018219,1.3741511106491089,2.7101190090179443,-0.008955121040344238,0.08568060398101807,0.030986547470092773,-0.020069360733032227,0.002698183059692383,-0.022426366806030273
1769651667.8606808,full,goal16.png,0.6749910712242126,0.3906753361225128,-1.1799622774124146,-1.8769497871398926,1.9791849851608276,1.3710741996765137,2.724108934402466,0.37003523111343384,-1.1162960529327393,-1.860736608505249,1.9429240226745605,1.3776098489761353,2.705549716949463,-0.02064010500907898,0.06366622447967529,0.016213178634643555,-0.03626096248626709,0.006535649299621582,-0.01855921745300293
1769651667.959962,full,goal16.png,0.684023380279541,0.38270846009254456,-1.1391892433166504,-1.868165135383606,1.962554931640625,1.3738913536071777,2.7137491703033447,0.36531123518943787,-1.117085576057434,-1.862410068511963,1.9344208240509033,1.3772422075271606,2.7015697956085205,-0.01739722490310669,0.02210366725921631,0.005755066871643066,-0.02813410758972168,0.00335085391998291,-0.012179374694824219
1769651668.0593657,full,goal16.png,0.6868963837623596,0.37256062030792236,-1.121226191520691,-1.8669536113739014,1.9485297203063965,1.3761482238769531,2.7085540294647217,0.3592069149017334,-1.1091896295547485,-1.8641624450683594,1.9227638244628906,1.3746600151062012,2.691304922103882,-0.013353705406188965,0.012036561965942383,0.002791166305541992,-0.02576589584350586,-0.0014882087707519531,-0.017249107360839844
1769651668.1583893,full,goal16.png,0.6911940574645996,0.36916792392730713,-1.1267998218536377,-1.8648935556411743,1.9386546611785889,1.3765722513198853,2.703101396560669,0.3542724847793579,-1.1002442836761475,-1.8646528720855713,1.9127933979034424,1.3729190826416016,2.684678792953491,-0.014895439147949219,0.026555538177490234,0.00024068355560302734,-0.025861263275146484,-0.0036531686782836914,-0.018422603607177734
1769651668.2609155,full,goal16.png,0.6974831819534302,0.3656238317489624,-1.1255578994750977,-1.8671655654907227,1.9270225763320923,1.3753604888916016,2.694559335708618,0.3489810824394226,-1.0944851636886597,-1.8667646646499634,1.9017813205718994,1.3727567195892334,2.681706666946411,-0.016642749309539795,0.03107273578643799,0.00040090084075927734,-0.02524125576019287,-0.002603769302368164,-0.012852668762207031
1769651668.361164,full,goal16.png,0.7021619081497192,0.3563242256641388,-1.1185301542282104,-1.8672261238098145,1.9159053564071655,1.3735885620117188,2.6873648166656494,0.3426978290081024,-1.0925729274749756,-1.8694186210632324,1.89192533493042,1.372680425643921,2.679487466812134,-0.013626396656036377,0.025957226753234863,-0.0021924972534179688,-0.023980021476745605,-0.0009081363677978516,-0.007877349853515625
1769651668.4600897,full,goal16.png,0.7051012516021729,0.3518410325050354,-1.1164703369140625,-1.86849844455719,1.9053332805633545,1.3730584383010864,2.6836843490600586,0.3318321406841278,-1.0908238887786865,-1.8716219663619995,1.8785815238952637,1.372949481010437,2.678715467453003,-0.020008891820907593,0.025646448135375977,-0.0031235218048095703,-0.02675175666809082,-0.00010895729064941406,-0.004968881607055664
1769651668.5658906,full,goal16.png,0.7044039964675903,0.346055269241333,-1.1171064376831055,-1.8705885410308838,1.8955793380737305,1.3727099895477295,2.6813671588897705,0.3186400234699249,-1.0896131992340088,-1.871534824371338,1.8642669916152954,1.3728570938110352,2.678177833557129,-0.02741524577140808,0.02749323844909668,-0.0009462833404541016,-0.03131234645843506,0.00014710426330566406,-0.0031893253326416016
1769651668.6615055,full,goal16.png,0.6992901563644409,0.3359377384185791,-1.1165611743927002,-1.871588110923767,1.8832204341888428,1.3726645708084106,2.6802613735198975,0.30693063139915466,-1.0894713401794434,-1.8709839582443237,1.8479732275009155,1.3728998899459839,2.6768438816070557,-0.02900710701942444,0.027089834213256836,0.0006041526794433594,-0.035247206687927246,0.0002353191375732422,-0.003417491912841797
1769651668.7618868,full,goal16.png,0.6900845766067505,0.32430562376976013,-1.1165006160736084,-1.8719819784164429,1.8690131902694702,1.3727251291275024,2.679443597793579,0.2974018454551697,-1.0871247053146362,-1.8711369037628174,1.8323107957839966,1.372071385383606,2.676002025604248,-0.026903778314590454,0.029375910758972168,0.0008450746536254883,-0.03670239448547363,-0.0006537437438964844,-0.0034415721893310547
1769651668.8581197,full,goal16.png,0.6923022270202637,0.31285518407821655,-1.1168943643569946,-1.8721030950546265,1.8539279699325562,1.3726494312286377,2.6782469749450684,0.28951162099838257,-1.0822163820266724,-1.8709814548492432,1.8185746669769287,1.3706746101379395,2.6770472526550293,-0.023343563079833984,0.034677982330322266,0.0011216402053833008,-0.03535330295562744,-0.001974821090698242,-0.0011997222900390625
1769651668.9590178,full,goal16.png,0.689557671546936,0.3002840280532837,-1.1163794994354248,-1.8720728158950806,1.8374491930007935,1.3719981908798218,2.6774139404296875,0.2818692624568939,-1.076905608177185,-1.8707096576690674,1.8056037425994873,1.3699958324432373,2.677821636199951,-0.01841476559638977,0.039473891258239746,0.0013631582260131836,-0.03184545040130615,-0.0020023584365844727,0.0004076957702636719
1769651669.0603032,full,goal16.png,0.689465343952179,0.2921053171157837,-1.1137440204620361,-1.8719819784164429,1.8227273225784302,1.3712862730026245,2.6776108741760254,0.2737341523170471,-1.0731661319732666,-1.8701571226119995,1.793489933013916,1.371046543121338,2.6790566444396973,-0.018371164798736572,0.04057788848876953,0.0018248558044433594,-0.02923738956451416,-0.0002397298812866211,0.001445770263671875
1769651669.1604517,full,goal16.png,0.6912730932235718,0.2849563956260681,-1.1103816032409668,-1.8720728158950806,1.8105802536010742,1.3706653118133545,2.678140878677368,0.26474520564079285,-1.069770097732544,-1.8707551956176758,1.7811942100524902,1.3732399940490723,2.6831936836242676,-0.02021118998527527,0.04061150550842285,0.0013176202774047852,-0.029386043548583984,0.0025746822357177734,0.005052804946899414
1769651669.258607,full,goal16.png,0.694902777671814,0.2767472565174103,-1.1062922477722168,-1.8718305826187134,1.7971911430358887,1.3709076642990112,2.6789588928222656,0.25671637058258057,-1.0651655197143555,-1.8724058866500854,1.7705929279327393,1.3753705024719238,2.692291498184204,-0.020030885934829712,0.04112672805786133,-0.0005753040313720703,-0.026598215103149414,0.004462838172912598,0.013332605361938477
1769651669.361075,full,goal16.png,0.6974204182624817,0.26799288392066956,-1.1022937297821045,-1.8720122575759888,1.785771131515503,1.3727858066558838,2.6823818683624268,0.2510000765323639,-1.0587860345840454,-1.8766592741012573,1.763338327407837,1.3777132034301758,2.7026281356811523,-0.016992807388305664,0.04350769519805908,-0.004647016525268555,-0.022432804107666016,0.004927396774291992,0.020246267318725586
1769651669.4600594,full,goal16.png,0.6932003498077393,0.2589052617549896,-1.0980224609375,-1.873345136642456,1.7736846208572388,1.3750121593475342,2.690969705581665,0.24397730827331543,-1.052016019821167,-1.8833038806915283,1.758201003074646,1.3811488151550293,2.71451735496521,-0.014927953481674194,0.04600644111633301,-0.009958744049072266,-0.015483617782592773,0.006136655807495117,0.023547649383544922
1769651669.5621557,full,goal16.png,0.6888343095779419,0.25281664729118347,-1.0928728580474854,-1.8759804964065552,1.765929937362671,1.377284049987793,2.7002086639404297,0.23470374941825867,-1.0447361469268799,-1.8918380737304688,1.7512577772140503,1.384979248046875,2.726797342300415,-0.018112897872924805,0.04813671112060547,-0.015857577323913574,-0.014672160148620605,0.007695198059082031,0.02658867835998535
1769651669.6588337,full,goal16.png,0.6780225038528442,0.2469703108072281,-1.0864812135696411,-1.8811302185058594,1.7604771852493286,1.3797378540039062,2.7113559246063232,0.22180621325969696,-1.0381309986114502,-1.9012635946273804,1.740833044052124,1.3894402980804443,2.7393503189086914,-0.025164097547531128,0.04835021495819092,-0.020133376121520996,-0.01964414119720459,0.009702444076538086,0.027994394302368164
1769651669.7587538,full,goal16.png,0.6738302707672119,0.23703446984291077,-1.0786054134368896,-1.8900965452194214,1.752964735031128,1.3847359418869019,2.7239878177642822,0.20892135798931122,-1.0312727689743042,-1.911393404006958,1.728640079498291,1.3944100141525269,2.751002311706543,-0.02811311185359955,0.04733264446258545,-0.02129685878753662,-0.024324655532836914,0.009674072265625,0.027014493942260742
1769651669.8586357,full,goal16.png,0.6938776969909668,0.22394834458827972,-1.0710020065307617,-1.8998504877090454,1.7425445318222046,1.3892645835876465,2.7366650104522705,0.194915771484375,-1.0238816738128662,-1.92335844039917,1.718229055404663,1.3993709087371826,2.7646257877349854,-0.029032573103904724,0.04712033271789551,-0.02350795269012451,-0.024315476417541504,0.010106325149536133,0.027960777282714844
1769651669.9604983,full,goal16.png,0.6877037286758423,0.21164986491203308,-1.0647315979003906,-1.908362627029419,1.7322756052017212,1.3925663232803345,2.7476913928985596,0.18016603589057922,-1.0142422914505005,-1.9353667497634888,1.7104547023773193,1.402380108833313,2.7781901359558105,-0.03148382902145386,0.05048930644989014,-0.027004122734069824,-0.021820902824401855,0.009813785552978516,0.030498743057250977
1769651670.0592072,full,goal16.png,0.6899996995925903,0.19780637323856354,-1.056734561920166,-1.921267032623291,1.721127986907959,1.3984732627868652,2.761989116668701,0.1670255959033966,-1.004676103591919,-1.9443867206573486,1.7025059461593628,1.4052051305770874,2.7907629013061523,-0.03078077733516693,0.05205845832824707,-0.023119688034057617,-0.01862204074859619,0.006731867790222168,0.028773784637451172
1769651670.1596937,full,goal16.png,0.6753491163253784,0.18411444127559662,-1.0464656352996826,-1.9315056800842285,1.7121918201446533,1.4014723300933838,2.774893283843994,0.15635046362876892,-0.9948469400405884,-1.9510512351989746,1.6914281845092773,1.4079644680023193,2.8014891147613525,-0.027763977646827698,0.05161869525909424,-0.019545555114746094,-0.020763635635375977,0.006492137908935547,0.0265958309173584
1769651670.2600827,full,goal16.png,0.671087920665741,0.16981670260429382,-1.0373173952102661,-1.940956711769104,1.7044068574905396,1.403895616531372,2.7877371311187744,0.14579260349273682,-0.9861862659454346,-1.9565590620040894,1.6802515983581543,1.4104760885238647,2.809593915939331,-0.024024099111557007,0.05113112926483154,-0.015602350234985352,-0.024155259132385254,0.006580471992492676,0.02185678482055664
1769651670.359162,full,goal16.png,0.6600700616836548,0.15827544033527374,-1.0268969535827637,-1.9494688510894775,1.6937742233276367,1.4073337316513062,2.798112154006958,0.13387881219387054,-0.9748997688293457,-1.9633700847625732,1.672295331954956,1.4107917547225952,2.8196194171905518,-0.024396628141403198,0.05199718475341797,-0.013901233673095703,-0.021478891372680664,0.0034580230712890625,0.02150726318359375
1769651670.4582417,full,goal16.png,0.659963846206665,0.1487940549850464,-1.0177791118621826,-1.9553152322769165,1.682687520980835,1.4094996452331543,2.8076086044311523,0.1213420033454895,-0.9641060829162598,-1.9718475341796875,1.6661959886550903,1.410661220550537,2.829861879348755,-0.027452051639556885,0.05367302894592285,-0.016532301902770996,-0.01649153232574463,0.0011615753173828125,0.02225327491760254
1769651670.5582871,full,goal16.png,0.6672013998031616,0.13704073429107666,-1.007570743560791,-1.961737036705017,1.674902319908142,1.409423828125,2.8171961307525635,0.10799095034599304,-0.954631507396698,-1.9794559478759766,1.660671353340149,1.4106578826904297,2.836475133895874,-0.029049783945083618,0.05293923616409302,-0.017718911170959473,-0.014230966567993164,0.0012340545654296875,0.019279003143310547
1769651670.6579611,full,goal16.png,0.6460423469543457,0.12186451256275177,-0.9951510429382324,-1.9700672626495361,1.6677839756011963,1.4101206064224243,2.827040910720825,0.09316004812717438,-0.9444680213928223,-1.988767147064209,1.655561089515686,1.4092400074005127,2.8440213203430176,-0.028704464435577393,0.050683021545410156,-0.01869988441467285,-0.012222886085510254,-0.0008805990219116211,0.016980409622192383
1769651670.759059,full,goal16.png,0.6366198062896729,0.10999006032943726,-0.9874568581581116,-1.9780341386795044,1.6621193885803223,1.4101357460021973,2.8344473838806152,0.07860083878040314,-0.9310020208358765,-2.000187873840332,1.652022361755371,1.4076169729232788,2.856166124343872,-0.03138922154903412,0.05645483732223511,-0.022153735160827637,-0.010097026824951172,-0.002518773078918457,0.021718740463256836
1769651670.8604393,full,goal16.png,0.6392751932144165,0.09723711758852005,-0.9762488603591919,-1.9865461587905884,1.6571816205978394,1.4086666107177734,2.843247175216675,0.06415045261383057,-0.9172189831733704,-2.0110363960266113,1.6460070610046387,1.4064726829528809,2.8707098960876465,-0.033086664974689484,0.05902987718582153,-0.02449023723602295,-0.011174559593200684,-0.002193927764892578,0.02746272087097168
1769651670.9598334,full,goal16.png,0.6303627490997314,0.08097033947706223,-0.9635868072509766,-1.9977540969848633,1.6530619859695435,1.4078941345214844,2.8548338413238525,0.05167011171579361,-0.9048466086387634,-2.020869255065918,1.6384841203689575,1.4063873291015625,2.8841757774353027,-0.029300227761268616,0.058740198612213135,-0.023115158081054688,-0.014577865600585938,-0.001506805419921875,0.029341936111450195
1769651671.0588791,full,goal16.png,0.6037671566009521,0.06649083644151688,-0.9524999260902405,-2.00887131690979,1.6477305889129639,1.4066975116729736,2.8683290481567383,0.03926889970898628,-0.8927971124649048,-2.027782678604126,1.6258121728897095,1.4061880111694336,2.894235372543335,-0.027221936732530594,0.05970281362533569,-0.018911361694335938,-0.021918416023254395,-0.0005095005035400391,0.02590632438659668
1769651671.160164,full,goal16.png,0.6162980198860168,0.055161621421575546,-0.9382627606391907,-2.0172924995422363,1.6397336721420288,1.406258463859558,2.8804609775543213,0.028233185410499573,-0.880469024181366,-2.033231735229492,1.6103515625,1.405775547027588,2.898775815963745,-0.026928436011075974,0.05779373645782471,-0.01593923568725586,-0.02938210964202881,-0.00048291683197021484,0.018314838409423828
1769651671.2612605,full,goal16.png,0.6290907859802246,0.04174230992794037,-0.9235712289810181,-2.0254409313201904,1.6261628866195679,1.4061977863311768,2.8910629749298096,0.017743069678544998,-0.8681434392929077,-2.0367207527160645,1.596078872680664,1.4034230709075928,2.8977627754211426,-0.02399924024939537,0.05542778968811035,-0.011279821395874023,-0.03008401393890381,-0.0027747154235839844,0.006699800491333008
1769651671.3612294,full,goal16.png,0.6188480854034424,0.03001927211880684,-0.9117875099182129,-2.0316507816314697,1.6138339042663574,1.405364751815796,2.8960764408111572,0.009097494184970856,-0.8576905727386475,-2.0411062240600586,1.5864098072052002,1.4010542631149292,2.900691509246826,-0.020921777933835983,0.05409693717956543,-0.009455442428588867,-0.027424097061157227,-0.004310488700866699,0.004615068435668945
1769651671.4589212,full,goal16.png,0.6165916919708252,0.020356200635433197,-0.9004583954811096,-2.035982608795166,1.5999906063079834,1.4036381244659424,2.897712230682373,-0.0002742130309343338,-0.8469362854957581,-2.0469579696655273,1.5766448974609375,1.3989458084106445,2.906839370727539,-0.02063041366636753,0.05352210998535156,-0.010975360870361328,-0.0233457088470459,-0.0046923160552978516,0.009127140045166016
1769651671.5594041,full,goal16.png,0.6260323524475098,0.012147068977355957,-0.8890382647514343,-2.0404052734375,1.5895700454711914,1.4011238813400269,2.9007716178894043,-0.009630832821130753,-0.8367568850517273,-2.0538222789764404,1.5670859813690186,1.398298978805542,2.913848400115967,-0.02177790179848671,0.05228137969970703,-0.01341700553894043,-0.02248406410217285,-0.0028249025344848633,0.0130767822265625
1769651671.6677663,full,goal16.png,0.62175452709198,0.0010299079585820436,-0.8763156533241272,-2.0459790229797363,1.5776957273483276,1.3997910022735596,2.9061031341552734,-0.01945766992866993,-0.8273490071296692,-2.0607166290283203,1.5584332942962646,1.3991270065307617,2.9190993309020996,-0.020487578585743904,0.04896664619445801,-0.014737606048583984,-0.01926243305206299,-0.0006639957427978516,0.012996196746826172
1769651671.7622895,full,goal16.png,0.6125771999359131,-0.007724460680037737,-0.8673796057701111,-2.0525522232055664,1.570031762123108,1.3987005949020386,2.911616086959839,-0.02788531593978405,-0.8187336921691895,-2.067111015319824,1.5490357875823975,1.399994969367981,2.9240307807922363,-0.0201608557254076,0.04864591360092163,-0.014558792114257812,-0.02099597454071045,0.0012943744659423828,0.012414693832397461
1769651671.8605757,full,goal16.png,0.6127412915229797,-0.01611536368727684,-0.858746349811554,-2.0594587326049805,1.5614590644836426,1.3989579677581787,2.9172353744506836,-0.035643190145492554,-0.8091346025466919,-2.074280023574829,1.5377534627914429,1.3984267711639404,2.928605079650879,-0.019527826458215714,0.04961174726486206,-0.014821290969848633,-0.023705601692199707,-0.0005311965942382812,0.011369705200195312
1769651671.9629529,full,goal16.png,0.6175186634063721,-0.026323746889829636,-0.8488712310791016,-2.0664260387420654,1.5498875379562378,1.399048924446106,2.923142194747925,-0.04340090602636337,-0.7957906126976013,-2.080191135406494,1.5273021459579468,1.3934911489486694,2.927686929702759,-0.017077159136533737,0.053080618381500244,-0.013765096664428711,-0.022585391998291016,-0.0055577754974365234,0.004544734954833984
1769651672.0645943,full,goal16.png,0.6178191304206848,-0.03419962152838707,-0.838935375213623,-2.071878671646118,1.540042757987976,1.397625207901001,2.926837921142578,-0.050790008157491684,-0.7845889329910278,-2.0843214988708496,1.5190318822860718,1.3868982791900635,2.927741050720215,-0.016590386629104614,0.054346442222595215,-0.012442827224731445,-0.021010875701904297,-0.0107269287109375,0.0009031295776367188
1769651672.1590776,full,goal16.png,0.6164628267288208,-0.04019744694232941,-0.8279697895050049,-2.0777854919433594,1.53110671043396,1.3947322368621826,2.9274284839630127,-0.05958978086709976,-0.7771235704421997,-2.088095188140869,1.512052297592163,1.380488395690918,2.92802357673645,-0.019392333924770355,0.050846219062805176,-0.010309696197509766,-0.019054412841796875,-0.014243841171264648,0.0005950927734375
1769651672.2587793,full,goal16.png,0.6166894435882568,-0.048315659165382385,-0.81745845079422,-2.0833592414855957,1.5217465162277222,1.3885223865509033,2.9275195598602295,-0.06854434311389923,-0.7706096172332764,-2.091252088546753,1.5066754817962646,1.3739697933197021,2.9308013916015625,-0.020228683948516846,0.046848833560943604,-0.007892847061157227,-0.01507103443145752,-0.014552593231201172,0.003281831741333008
1769651672.3587396,full,goal16.png,0.6193115711212158,-0.058978430926799774,-0.8071592450141907,-2.087933301925659,1.514385461807251,1.3815099000930786,2.928776502609253,-0.07836806774139404,-0.7631207704544067,-2.0948896408081055,1.5009193420410156,1.3693009614944458,2.9343628883361816,-0.01938963681459427,0.044038474559783936,-0.006956338882446289,-0.013466119766235352,-0.012208938598632812,0.005586385726928711
1769651672.460054,full,goal16.png,0.6199843883514404,-0.06676345318555832,-0.8004040718078613,-2.091447114944458,1.508872389793396,1.3756937980651855,2.931260585784912,-0.08963367342948914,-0.752814531326294,-2.097693681716919,1.4944108724594116,1.3658488988876343,2.942784309387207,-0.022870220243930817,0.04758954048156738,-0.0062465667724609375,-0.014461517333984375,-0.00984489917755127,0.011523723602294922
1769651672.5594528,full,goal16.png,0.615169882774353,-0.07588136196136475,-0.7921949625015259,-2.094597578048706,1.5031168460845947,1.3712711334228516,2.9346532821655273,-0.10117479413747787,-0.7406890988349915,-2.098463296890259,1.4892079830169678,1.362730860710144,2.9506001472473145,-0.02529343217611313,0.051505863666534424,-0.0038657188415527344,-0.013908863067626953,-0.00854027271270752,0.01594686508178711
1769651672.6604853,full,goal16.png,0.6265634298324585,-0.08766496926546097,-0.7807445526123047,-2.096778631210327,1.4960589408874512,1.3666819334030151,2.941453695297241,-0.11179199814796448,-0.7281399965286255,-2.100580930709839,1.485874891281128,1.3592052459716797,2.9585680961608887,-0.02412702888250351,0.0526045560836792,-0.0038022994995117188,-0.010184049606323242,-0.007476687431335449,0.01711440086364746
1769651672.7586272,full,goal16.png,0.6357265114784241,-0.09896382689476013,-0.770566463470459,-2.0986263751983643,1.4904547929763794,1.3628196716308594,2.9493448734283447,-0.12304612994194031,-0.7139658331871033,-2.1026577949523926,1.4794498682022095,1.355402946472168,2.9596612453460693,-0.024082303047180176,0.05660063028335571,-0.00403141975402832,-0.011004924774169922,-0.007416725158691406,0.01031637191772461
1769651672.858285,full,goal16.png,0.6326687335968018,-0.10902079194784164,-0.7589950561523438,-2.1003832817077637,1.4865168333053589,1.3599116802215576,2.9553728103637695,-0.1341898888349533,-0.6970640420913696,-2.106173276901245,1.4704318046569824,1.351952314376831,2.9596197605133057,-0.025169096887111664,0.06193101406097412,-0.005789995193481445,-0.016085028648376465,-0.007959365844726562,0.004246950149536133
1769651672.958347,full,goal16.png,0.6185002326965332,-0.1207437589764595,-0.7427584528923035,-2.102837085723877,1.4807614088058472,1.3566855192184448,2.95817494392395,-0.14473311603069305,-0.6785792708396912,-2.107907772064209,1.4632611274719238,1.3483948707580566,2.9565975666046143,-0.02398935705423355,0.0641791820526123,-0.005070686340332031,-0.01750028133392334,-0.008290648460388184,-0.0015773773193359375
1769651673.057628,full,goal16.png,0.6204831004142761,-0.1327999085187912,-0.7265826463699341,-2.10632061958313,1.4722189903259277,1.3526568412780762,2.958811044692993,-0.15473881363868713,-0.6597810983657837,-2.1091976165771484,1.4569092988967896,1.3450403213500977,2.955040216445923,-0.021938905119895935,0.06680154800415039,-0.0028769969940185547,-0.015309691429138184,-0.007616519927978516,-0.0037708282470703125
1769651673.1587574,full,goal16.png,0.6371222138404846,-0.14261454343795776,-0.7095888257026672,-2.108168363571167,1.4644947052001953,1.3494306802749634,2.957160234451294,-0.1655147671699524,-0.640221893787384,-2.112994909286499,1.4504332542419434,1.3413243293762207,2.952007532119751,-0.02290022373199463,0.0693669319152832,-0.004826545715332031,-0.014061450958251953,-0.008106350898742676,-0.005152702331542969
1769651673.260165,full,goal16.png,0.6598356366157532,-0.153095543384552,-0.6901414394378662,-2.1102888584136963,1.4587997198104858,1.345916748046875,2.955251693725586,-0.17497685551643372,-0.6194029450416565,-2.1212263107299805,1.4465172290802002,1.336951494216919,2.952347993850708,-0.021881312131881714,0.07073849439620972,-0.01093745231628418,-0.012282490730285645,-0.008965253829956055,-0.0029036998748779297
1769651673.3587863,full,goal16.png,0.6350575089454651,-0.16309186816215515,-0.671845018863678,-2.1143782138824463,1.4528928995132446,1.3422969579696655,2.9533281326293945,-0.18178656697273254,-0.5967653393745422,-2.130903959274292,1.4431540966033936,1.3346410989761353,2.9568533897399902,-0.018694698810577393,0.07507967948913574,-0.016525745391845703,-0.009738802909851074,-0.0076558589935302734,0.003525257110595703
1769651673.4609268,full,goal16.png,0.6289148330688477,-0.17272473871707916,-0.6483385562896729,-2.1218905448913574,1.44789457321167,1.338374137878418,2.953646183013916,-0.18727754056453705,-0.5711830854415894,-2.1413207054138184,1.4403971433639526,1.3334107398986816,2.96297025680542,-0.014552801847457886,0.0771554708480835,-0.019430160522460938,-0.007497429847717285,-0.004963397979736328,0.009324073791503906
1769651673.5597575,full,goal16.png,0.6133280992507935,-0.17981302738189697,-0.6265283226966858,-2.1300392150878906,1.4443504810333252,1.335996150970459,2.956357479095459,-0.19410356879234314,-0.5459539890289307,-2.1481924057006836,1.4366366863250732,1.3322021961212158,2.963871717453003,-0.014290541410446167,0.08057433366775513,-0.01815319061279297,-0.007713794708251953,-0.003793954849243164,0.007514238357543945
1769651673.6612344,full,goal16.png,0.6159116625785828,-0.18556852638721466,-0.6031732559204102,-2.140368700027466,1.4408366680145264,1.3338302373886108,2.960552930831909,-0.20194768905639648,-0.5244225263595581,-2.1528875827789307,1.4334999322891235,1.3297817707061768,2.9588987827301025,-0.016379162669181824,0.07875072956085205,-0.012518882751464844,-0.007336735725402832,-0.004048466682434082,-0.0016541481018066406
1769651673.7615876,full,goal16.png,0.6140602827072144,-0.1928688883781433,-0.5770918130874634,-2.147911310195923,1.4372014999389648,1.3326488733291626,2.961915969848633,-0.20851503312587738,-0.5061196088790894,-2.1615915298461914,1.4283504486083984,1.328188419342041,2.96030855178833,-0.01564614474773407,0.07097220420837402,-0.013680219650268555,-0.008851051330566406,-0.004460453987121582,-0.0016074180603027344
1769651673.862699,full,goal16.png,0.6359147429466248,-0.19992689788341522,-0.5550695061683655,-2.1534245014190674,1.4339604377746582,1.3308919668197632,2.9601287841796875,-0.2152894139289856,-0.4885392487049103,-2.173768997192383,1.4222745895385742,1.3261078596115112,2.9597558975219727,-0.015362516045570374,0.0665302574634552,-0.02034449577331543,-0.011685848236083984,-0.004784107208251953,-0.00037288665771484375
1769651673.958592,full,goal16.png,0.6183419227600098,-0.2062579095363617,-0.5362582802772522,-2.1613004207611084,1.4299919605255127,1.3293017148971558,2.9602649211883545,-0.22115086019039154,-0.4719470143318176,-2.1841344833374023,1.4153703451156616,1.3229342699050903,2.960129737854004,-0.014892950654029846,0.06431126594543457,-0.022834062576293945,-0.014621615409851074,-0.00636744499206543,-0.00013518333435058594
1769651674.0590937,full,goal16.png,0.6138401031494141,-0.2132856547832489,-0.5176286697387695,-2.172720432281494,1.424418330192566,1.3269691467285156,2.9602346420288086,-0.22850504517555237,-0.45437127351760864,-2.18819522857666,1.407649040222168,1.318403720855713,2.952324390411377,-0.015219390392303467,0.06325739622116089,-0.015474796295166016,-0.01676928997039795,-0.008565425872802734,-0.00791025161743164
1769651674.160152,full,goal16.png,0.6218178272247314,-0.22007104754447937,-0.4981812536716461,-2.182565450668335,1.4172694683074951,1.32357656955719,2.9589624404907227,-0.23863381147384644,-0.4348454177379608,-2.1879770755767822,1.3997704982757568,1.3114315271377563,2.938497304916382,-0.018562763929367065,0.0633358359336853,-0.005411624908447266,-0.01749897003173828,-0.012145042419433594,-0.02046513557434082
1769651674.2604725,full,goal16.png,0.610536515712738,-0.22691701352596283,-0.4810663163661957,-2.188138961791992,1.409423828125,1.3186843395233154,2.952677011489868,-0.24918726086616516,-0.414115846157074,-2.1866166591644287,1.3916015625,1.3013290166854858,2.9208011627197266,-0.02227024734020233,0.0669504702091217,0.0015223026275634766,-0.017822265625,-0.01735532283782959,-0.0318758487701416
1769651674.358791,full,goal16.png,0.6103586554527283,-0.23688305914402008,-0.46210357546806335,-2.189774990081787,1.4020023345947266,1.3118231296539307,2.939939260482788,-0.2589494287967682,-0.3955397605895996,-2.1877737045288086,1.3875634670257568,1.2928073406219482,2.9080607891082764,-0.022066369652748108,0.06656381487846375,0.0020012855529785156,-0.014438867568969727,-0.019015789031982422,-0.03187847137451172
1769651674.4616017,full,goal16.png,0.6076679229736328,-0.24815170466899872,-0.4397178292274475,-2.1900475025177,1.3943384885787964,1.30193293094635,2.9232027530670166,-0.2676541209220886,-0.37927573919296265,-2.191688060760498,1.3828229904174805,1.286116361618042,2.8986904621124268,-0.019502416253089905,0.06044209003448486,-0.0016405582427978516,-0.011515498161315918,-0.015816569328308105,-0.024512290954589844
1769651674.5603044,full,goal16.png,0.628960132598877,-0.256633460521698,-0.4225422143936157,-2.1912591457366943,1.3893402814865112,1.2942235469818115,2.9110405445098877,-0.27904289960861206,-0.3652707636356354,-2.199129581451416,1.3778676986694336,1.2798826694488525,2.8924520015716553,-0.022409439086914062,0.05727145075798035,-0.00787043571472168,-0.011472582817077637,-0.014340877532958984,-0.018588542938232422
1769651674.662156,full,goal16.png,0.6394820213317871,-0.26620569825172424,-0.4051850438117981,-2.1947426795959473,1.3841603994369507,1.2875139713287354,2.9019076824188232,-0.2894585430622101,-0.35185593366622925,-2.207206964492798,1.3733224868774414,1.2730939388275146,2.8843770027160645,-0.02325284481048584,0.05332911014556885,-0.012464284896850586,-0.010837912559509277,-0.014420032501220703,-0.01753067970275879
1769651674.7579064,full,goal16.png,0.635976254940033,-0.27726227045059204,-0.3884032368659973,-2.201497793197632,1.3793742656707764,1.2806830406188965,2.893986225128174,-0.29967203736305237,-0.33842232823371887,-2.2150731086730957,1.3696026802062988,1.2632694244384766,2.8723256587982178,-0.022409766912460327,0.04998090863227844,-0.013575315475463867,-0.009771585464477539,-0.017413616180419922,-0.021660566329956055
1769651674.8609867,full,goal16.png,0.6467361450195312,-0.2876523435115814,-0.3761047422885895,-2.2082529067993164,1.3751029968261719,1.273110032081604,2.8848986625671387,-0.3079564869403839,-0.32535111904144287,-2.21639084815979,1.3656988143920898,1.251490831375122,2.852133274078369,-0.02030414342880249,0.050753623247146606,-0.008137941360473633,-0.009404182434082031,-0.021619200706481934,-0.03276538848876953
1769651674.960895,full,goal16.png,0.6310555338859558,-0.2978304624557495,-0.36068612337112427,-2.21443247795105,1.3715589046478271,1.2637498378753662,2.8729636669158936,-0.31628283858299255,-0.3107103109359741,-2.2122297286987305,1.3607410192489624,1.2385494709014893,2.8238956928253174,-0.018452376127243042,0.049975812435150146,0.002202749252319336,-0.010817885398864746,-0.025200366973876953,-0.04906797409057617
1769651675.0606291,full,goal16.png,0.6310861110687256,-0.30697864294052124,-0.34602484107017517,-2.217552661895752,1.367318034172058,1.2516027688980103,2.851426124572754,-0.32358723878860474,-0.294153094291687,-2.2031545639038086,1.3576196432113647,1.2250511646270752,2.7923800945281982,-0.016608595848083496,0.05187174677848816,0.01439809799194336,-0.00969839096069336,-0.02655160427093506,-0.059046030044555664
1769651675.1600943,full,goal16.png,0.6343234181404114,-0.31409722566604614,-0.3339686095714569,-2.215280532836914,1.3628045320510864,1.2403191328048706,2.82660174369812,-0.3311770260334015,-0.277001291513443,-2.1930248737335205,1.356357455253601,1.2103012800216675,2.761420965194702,-0.017079800367355347,0.056967318058013916,0.022255659103393555,-0.0064470767974853516,-0.030017852783203125,-0.06518077850341797
1769651675.2594275,full,goal16.png,0.639694094657898,-0.32273048162460327,-0.3154602646827698,-2.2086164951324463,1.3590785264968872,1.2251275777816772,2.7951133251190186,-0.3389441668987274,-0.2616763710975647,-2.1861934661865234,1.3571796417236328,1.1944202184677124,2.734869956970215,-0.016213685274124146,0.05378389358520508,0.02242302894592285,-0.0018988847732543945,-0.030707359313964844,-0.06024336814880371
1769651675.359949,full,goal16.png,0.6316136121749878,-0.3302731513977051,-0.2996174991130829,-2.2015583515167236,1.3575639724731445,1.2112540006637573,2.7654573917388916,-0.34661999344825745,-0.24818605184555054,-2.1807451248168945,1.3581141233444214,1.1773391962051392,2.7096526622772217,-0.016346842050552368,0.05143144726753235,0.0208132266998291,0.0005501508712768555,-0.033914804458618164,-0.05580472946166992
1769651675.4586332,full,goal16.png,0.6491144299507141,-0.33751294016838074,-0.2841080129146576,-2.195409059524536,1.3576245307922363,1.1950023174285889,2.738724946975708,-0.3528408706188202,-0.234483003616333,-2.175605297088623,1.3578988313674927,1.1645522117614746,2.6849489212036133,-0.015327930450439453,0.049625009298324585,0.019803762435913086,0.00027430057525634766,-0.030450105667114258,-0.05377602577209473
1769651675.5618274,full,goal16.png,0.6404756307601929,-0.3459947109222412,-0.26684167981147766,-2.1892902851104736,1.3578670024871826,1.1786446571350098,2.710401773452759,-0.357835978269577,-0.22038690745830536,-2.1709322929382324,1.3570622205734253,1.1538819074630737,2.6564271450042725,-0.011841267347335815,0.0464547723531723,0.01835799217224121,-0.0008047819137573242,-0.024762749671936035,-0.05397462844848633
1769651675.659041,full,goal16.png,0.6569091081619263,-0.35199251770973206,-0.2533920109272003,-2.183777093887329,1.3578972816467285,1.1659977436065674,2.686577320098877,-0.36430034041404724,-0.20610228180885315,-2.1669764518737793,1.3537148237228394,1.1433119773864746,2.6281511783599854,-0.012307822704315186,0.04728972911834717,0.016800642013549805,-0.00418245792388916,-0.022685766220092773,-0.0584261417388916
1769651675.7597394,full,goal16.png,0.6559765338897705,-0.3571118712425232,-0.24115410447120667,-2.1792635917663574,1.3570187091827393,1.154941201210022,2.658223867416382,-0.37222111225128174,-0.1927529126405716,-2.1619226932525635,1.3527125120162964,1.13321852684021,2.6028661727905273,-0.015109241008758545,0.04840119183063507,0.017340898513793945,-0.004306197166442871,-0.02172267436981201,-0.05535769462585449
1769651675.8592887,full,goal16.png,0.6762821674346924,-0.3631702661514282,-0.22561433911323547,-2.175598382949829,1.3546559810638428,1.1450660228729248,2.632930278778076,-0.3791118264198303,-0.17871303856372833,-2.157728672027588,1.3539321422576904,1.1242082118988037,2.580899715423584,-0.0159415602684021,0.04690130054950714,0.01786971092224121,-0.0007238388061523438,-0.020857810974121094,-0.05203056335449219
1769651675.9624043,full,goal16.png,0.6775697469711304,-0.37098556756973267,-0.21131645143032074,-2.171114921569824,1.3537471294403076,1.1340851783752441,2.606712579727173,-0.38121354579925537,-0.16383543610572815,-2.1551272869110107,1.3583699464797974,1.116562008857727,2.5646262168884277,-0.010227978229522705,0.04748101532459259,0.015987634658813477,0.004622817039489746,-0.01752316951751709,-0.04208636283874512
1769651676.0591764,full,goal16.png,0.7119587659835815,-0.37698331475257874,-0.19838173687458038,-2.1668741703033447,1.3543531894683838,1.1250884532928467,2.584629774093628,-0.38227778673171997,-0.1499926596879959,-2.152961254119873,1.3564846515655518,1.1080256700515747,2.546919345855713,-0.005294471979141235,0.04838907718658447,0.01391291618347168,0.0021314620971679688,-0.017062783241271973,-0.03771042823791504
1769651676.160175,full,goal16.png,0.7147596478462219,-0.3801034092903137,-0.18344776332378387,-2.1640267372131348,1.356019139289856,1.1165612936019897,2.566833257675171,-0.38639500737190247,-0.1343992054462433,-2.152536392211914,1.3519165515899658,1.094871997833252,2.529571533203125,-0.006291598081588745,0.04904855787754059,0.011490345001220703,-0.004102587699890137,-0.021689295768737793,-0.0372617244720459
1769651676.2592041,full,goal16.png,0.6910872459411621,-0.3820420801639557,-0.16760532557964325,-2.161754846572876,1.355383038520813,1.1067466735839844,2.5490517616271973,-0.3968011736869812,-0.1164126992225647,-2.156768798828125,1.349770426750183,1.082301378250122,2.5153567790985107,-0.014759093523025513,0.05119262635707855,0.0049860477447509766,-0.005612611770629883,-0.024445295333862305,-0.03369498252868652
1769651676.3595622,full,goal16.png,0.7322245836257935,-0.38710084557533264,-0.15345901250839233,-2.161694288253784,1.3529293537139893,1.0952509641647339,2.5324063301086426,-0.40814441442489624,-0.10257847607135773,-2.1661109924316406,1.355035662651062,1.070575475692749,2.508206367492676,-0.0210435688495636,0.05088053643703461,-0.004416704177856445,0.002106308937072754,-0.024675488471984863,-0.024199962615966797
1769651676.4594812,full,goal16.png,0.7370477914810181,-0.3960672616958618,-0.13607139885425568,-2.1647233963012695,1.351747989654541,1.0838611125946045,2.519350528717041,-0.42137494683265686,-0.09309694916009903,-2.1793723106384277,1.362987995147705,1.0573081970214844,2.503757953643799,-0.025307685136795044,0.04297444969415665,-0.014648914337158203,0.011240005493164062,-0.026552915573120117,-0.015592575073242188
1769651676.559793,full,goal16.png,0.7395925521850586,-0.4079417288303375,-0.11935000866651535,-2.1722965240478516,1.355049729347229,1.071441411972046,2.510565996170044,-0.4343807101249695,-0.08606036007404327,-2.1895718574523926,1.3712326288223267,1.0443265438079834,2.498356580734253,-0.026438981294631958,0.033289648592472076,-0.017275333404541016,0.016182899475097656,-0.0271148681640625,-0.012209415435791016
1769651676.660118,full,goal16.png,0.7258156538009644,-0.420391708612442,-0.10974757373332977,-2.1830198764801025,1.362622857093811,1.0584461688995361,2.505113363265991,-0.4507002532482147,-0.07474376261234283,-2.1986515522003174,1.3746323585510254,1.03159499168396,2.4869730472564697,-0.030308544635772705,0.03500381112098694,-0.015631675720214844,0.012009501457214355,-0.026851177215576172,-0.018140316009521484
1769651676.7632527,full,goal16.png,0.7405557632446289,-0.4340837001800537,-0.10214439779520035,-2.1935007572174072,1.3696202039718628,1.0456629991531372,2.4970860481262207,-0.46107643842697144,-0.06308696419000626,-2.200382947921753,1.3764142990112305,1.0213193893432617,2.4739739894866943,-0.026992738246917725,0.03905743360519409,-0.006882190704345703,0.006794095039367676,-0.02434360980987549,-0.023112058639526367
1769651676.8602493,full,goal16.png,0.747616171836853,-0.44771507382392883,-0.09014859050512314,-2.2012856006622314,1.3734370470046997,1.0344700813293457,2.4875893592834473,-0.46903976798057556,-0.04932152479887009,-2.202085018157959,1.3796685934066772,1.0112605094909668,2.4615795612335205,-0.02132469415664673,0.04082706570625305,-0.0007994174957275391,0.006231546401977539,-0.023209571838378906,-0.026009798049926758
1769651676.964422,full,goal16.png,0.7209098935127258,-0.45916542410850525,-0.07724430412054062,-2.204587459564209,1.3760724067687988,1.0232014656066895,2.475412130355835,-0.47830480337142944,-0.040505100041627884,-2.202389717102051,1.3842874765396118,0.9997687339782715,2.450018882751465,-0.019139379262924194,0.036739204078912735,0.002197742462158203,0.008215069770812988,-0.02343273162841797,-0.025393247604370117
1769651677.060133,full,goal16.png,0.7358115911483765,-0.46719276905059814,-0.06636940687894821,-2.20625376701355,1.378889560699463,1.013099193572998,2.464249610900879,-0.4900408983230591,-0.034325532615184784,-2.2022500038146973,1.38667631149292,0.9882514476776123,2.436344861984253,-0.022848129272460938,0.03204387426376343,0.004003763198852539,0.007786750793457031,-0.024847745895385742,-0.027904748916625977
1769651677.161622,full,goal16.png,0.7394793033599854,-0.4775223135948181,-0.05573706701397896,-2.207071542739868,1.3825851678848267,1.0009368658065796,2.451148271560669,-0.5011020302772522,-0.028427213430404663,-2.2012739181518555,1.387840747833252,0.9766995906829834,2.423064708709717,-0.023579716682434082,0.027309853583574295,0.005797624588012695,0.005255579948425293,-0.02423727512359619,-0.02808356285095215
1769651677.2615938,full,goal16.png,0.7592174410820007,-0.4894270598888397,-0.04822458326816559,-2.2073442935943604,1.3853113651275635,0.9887746572494507,2.437441110610962,-0.5127579569816589,-0.021546626463532448,-2.2001352310180664,1.3887386322021484,0.9634969234466553,2.4067864418029785,-0.023330897092819214,0.02667795680463314,0.007209062576293945,0.003427267074584961,-0.02527773380279541,-0.0306546688079834
1769651677.3608012,full,goal16.png,0.732602059841156,-0.5002716183662415,-0.041984569281339645,-2.20713210105896,1.3868261575698853,0.9767791032791138,2.4237189292907715,-0.5243088006973267,-0.01382199302315712,-2.197096586227417,1.3874870538711548,0.9502339363098145,2.388256311416626,-0.024037182331085205,0.028162576258182526,0.010035514831542969,0.0006608963012695312,-0.026545166969299316,-0.03546261787414551
1769651677.460032,full,goal16.png,0.7396275401115417,-0.5116310715675354,-0.034229826182127,-2.2064051628112793,1.3876136541366577,0.9640413522720337,2.4081640243530273,-0.5370637774467468,-0.006385704502463341,-2.193605899810791,1.384995698928833,0.935556948184967,2.3714370727539062,-0.025432705879211426,0.027844121679663658,0.012799263000488281,-0.002617955207824707,-0.02848440408706665,-0.036726951599121094
1769651677.5587623,full,goal16.png,0.7493558526039124,-0.5236873030662537,-0.02689903974533081,-2.204678535461426,1.3871592283248901,0.9504250288009644,2.390700578689575,-0.5502470135688782,0.00020407885313034058,-2.1914255619049072,1.3842990398406982,0.9190259575843811,2.3568203449249268,-0.02655971050262451,0.02710311859846115,0.013252973556518555,-0.0028601884841918945,-0.03139907121658325,-0.03388023376464844
1769651677.6595175,full,goal16.png,0.7568221092224121,-0.5369551181793213,-0.019840946421027184,-2.2022852897644043,1.385947585105896,0.9344915747642517,2.372767686843872,-0.5636837482452393,0.006452526897192001,-2.1913204193115234,1.3846664428710938,0.9018540382385254,2.342132568359375,-0.02672863006591797,0.026293473318219185,0.01096487045288086,-0.001281142234802246,-0.03263753652572632,-0.03063511848449707
1769651677.7598155,full,goal16.png,0.760400652885437,-0.5494657158851624,-0.012662023305892944,-2.2010130882263184,1.385129690170288,0.919512152671814,2.3583641052246094,-0.5763263702392578,0.014707863330841064,-2.193190574645996,1.3877372741699219,0.8831855058670044,2.3262367248535156,-0.02686065435409546,0.02736988663673401,0.007822513580322266,0.002607583999633789,-0.03632664680480957,-0.03212738037109375
1769651677.862008,full,goal16.png,0.7496480941772461,-0.5625215768814087,-0.004997976589947939,-2.2006194591522217,1.3854327201843262,0.9025183916091919,2.3432180881500244,-0.5893903970718384,0.0227765291929245,-2.1940011978149414,1.3924479484558105,0.8642978668212891,2.3105313777923584,-0.026868820190429688,0.02777450531721115,0.0066182613372802734,0.007015228271484375,-0.03822052478790283,-0.032686710357666016
1769651677.9608865,full,goal16.png,0.7675069570541382,-0.5753653645515442,0.0025446382351219654,-2.201103925704956,1.387553095817566,0.8844794631004333,2.3272390365600586,-0.6038159132003784,0.030138764530420303,-2.195101737976074,1.3984427452087402,0.8468603491783142,2.2957396507263184,-0.02845054864883423,0.027594126760959625,0.006002187728881836,0.010889649391174316,-0.03761911392211914,-0.031499385833740234
1769651678.061117,full,goal16.png,0.7607665061950684,-0.5884514451026917,0.01063263975083828,-2.2015886306762695,1.392096757888794,0.866304337978363,2.3114266395568848,-0.6189855933189392,0.03593972697854042,-2.1949660778045654,1.4031312465667725,0.8295609354972839,2.2805376052856445,-0.03053414821624756,0.02530708722770214,0.0066225528717041016,0.011034488677978516,-0.0367434024810791,-0.030889034271240234
1769651678.1627214,full,goal16.png,0.7671413421630859,-0.6030521988868713,0.01872064173221588,-2.202012777328491,1.3977917432785034,0.8488864898681641,2.2964017391204834,-0.632774829864502,0.04201902449131012,-2.193563461303711,1.4063045978546143,0.8119781613349915,2.2660839557647705,-0.029722630977630615,0.02329838275909424,0.008449316024780273,0.00851285457611084,-0.03690832853317261,-0.03031778335571289
1769651678.2645745,full,goal16.png,0.7645497918128967,-0.6162291765213013,0.024173008278012276,-2.202133893966675,1.4017599821090698,0.832680344581604,2.282618999481201,-0.644719123840332,0.04675033688545227,-2.189101457595825,1.4092392921447754,0.7934539914131165,2.2531492710113525,-0.02848994731903076,0.022577328607439995,0.01303243637084961,0.007479310035705566,-0.03922635316848755,-0.029469728469848633
1769651678.3594112,full,goal16.png,0.7653388977050781,-0.6312539577484131,0.029534677043557167,-2.2013766765594482,1.405606985092163,0.8139447569847107,2.267760753631592,-0.655196487903595,0.04944895952939987,-2.183223247528076,1.413170576095581,0.778323769569397,2.240950584411621,-0.023942530155181885,0.019914282485842705,0.01815342903137207,0.007563591003417969,-0.03562098741531372,-0.026810169219970703
1769651678.4613574,full,goal16.png,0.7621493935585022,-0.6429769992828369,0.035593293607234955,-2.1984686851501465,1.4085756540298462,0.7959815859794617,2.2543413639068604,-0.6667869687080383,0.04945576936006546,-2.1786417961120605,1.417826533317566,0.7638958096504211,2.23060941696167,-0.023809969425201416,0.013862475752830505,0.019826889038085938,0.009250879287719727,-0.03208577632904053,-0.02373194694519043
1769651678.5610278,full,goal16.png,0.7484572529792786,-0.6538214683532715,0.03916754201054573,-2.194469928741455,1.4121198654174805,0.7813505530357361,2.2436180114746094,-0.6775866746902466,0.04803517460823059,-2.1738743782043457,1.4216947555541992,0.7506923675537109,2.2212796211242676,-0.023765206336975098,0.00886763259768486,0.020595550537109375,0.00957489013671875,-0.030658185482025146,-0.022338390350341797
1769651678.6616185,full,goal16.png,0.7792993783950806,-0.6656959652900696,0.039591796696186066,-2.189774990081787,1.4173907041549683,0.7654927372932434,2.2321829795837402,-0.6888909339904785,0.0466010607779026,-2.1676273345947266,1.42681884765625,0.7362596988677979,2.209444522857666,-0.023194968700408936,0.0070092640817165375,0.022147655487060547,0.009428143501281738,-0.029233038425445557,-0.02273845672607422
1769651678.7631004,full,goal16.png,0.7752280235290527,-0.6765404343605042,0.039197973906993866,-2.184413194656372,1.421873927116394,0.7519976496696472,2.222050189971924,-0.7003064751625061,0.04570688307285309,-2.160867691040039,1.4348145723342896,0.7208735942840576,2.196209192276001,-0.023766040802001953,0.006508909165859222,0.023545503616333008,0.012940645217895508,-0.0311240553855896,-0.02584099769592285
1769651678.8625426,full,goal16.png,0.762576699256897,-0.6872941255569458,0.03868301957845688,-2.17880916595459,1.4265995025634766,0.7387298345565796,2.2108421325683594,-0.7109282612800598,0.04534038156270981,-2.154366970062256,1.4445791244506836,0.705276370048523,2.1821718215942383,-0.023634135723114014,0.00665736198425293,0.024442195892333984,0.01797962188720703,-0.03345346450805664,-0.028670310974121094
1769651678.9680257,full,goal16.png,0.7646530866622925,-0.6987141370773315,0.03744098171591759,-2.17275071144104,1.434293508529663,0.7222509384155273,2.1965746879577637,-0.7213059663772583,0.04333296790719032,-2.1489782333374023,1.4517450332641602,0.6917254328727722,2.170759677886963,-0.022591829299926758,0.005891986191272736,0.023772478103637695,0.01745152473449707,-0.030525505542755127,-0.02581501007080078
1769651679.0612297,full,goal16.png,0.7628098726272583,-0.7092557549476624,0.03680489957332611,-2.166450023651123,1.4419876337051392,0.7085741758346558,2.18459415435791,-0.7327116131782532,0.04089158773422241,-2.1434261798858643,1.457121729850769,0.6792006492614746,2.160142421722412,-0.02345585823059082,0.004086688160896301,0.02302384376525879,0.015134096145629883,-0.029373526573181152,-0.024451732635498047
1769651679.1634276,full,goal16.png,0.762513279914856,-0.7200700044631958,0.03553273156285286,-2.160452127456665,1.4500453472137451,0.6942309141159058,2.172159433364868,-0.7460296154022217,0.03852566331624985,-2.1362831592559814,1.4650626182556152,0.6652095317840576,2.1471447944641113,-0.02595961093902588,0.002992931753396988,0.024168968200683594,0.015017271041870117,-0.029021382331848145,-0.025014638900756836
1769651679.2620752,full,goal16.png,0.7560014128684998,-0.7325199842453003,0.03271539881825447,-2.154181718826294,1.4568004608154297,0.6806601285934448,2.160557508468628,-0.7591221332550049,0.03733708709478378,-2.127004384994507,1.4750005006790161,0.6500390768051147,2.1315360069274902,-0.02660214900970459,0.004621688276529312,0.02717733383178711,0.018200039863586426,-0.030621051788330078,-0.029021501541137695
1769651679.3629646,full,goal16.png,0.7878256440162659,-0.744909405708313,0.03047388792037964,-2.1483051776885986,1.4645249843597412,0.666438102722168,2.147395610809326,-0.7698122262954712,0.03494241088628769,-2.1181869506835938,1.4817324876785278,0.6365423798561096,2.119206666946411,-0.024902820587158203,0.0044685229659080505,0.030118227005004883,0.01720750331878662,-0.02989572286605835,-0.02818894386291504
1769651679.4619591,full,goal16.png,0.7975242137908936,-0.7574502825737,0.02871689759194851,-2.1401262283325195,1.4733096361160278,0.6519433856010437,2.13338565826416,-0.7768762111663818,0.030855342745780945,-2.108123779296875,1.486784815788269,0.6251288652420044,2.1091880798339844,-0.019425928592681885,0.0021384451538324356,0.03200244903564453,0.013475179672241211,-0.026814520359039307,-0.02419757843017578
1769651679.5721226,full,goal16.png,0.8004964590072632,-0.7675374746322632,0.026111694052815437,-2.13055419921875,1.4800041913986206,0.6397053599357605,2.121844530105591,-0.783499538898468,0.025988658890128136,-2.0976176261901855,1.491110920906067,0.615668535232544,2.0993738174438477,-0.015962064266204834,-0.00012303516268730164,0.03293657302856445,0.011106729507446289,-0.024036824703216553,-0.022470712661743164
1769651679.6630342,full,goal16.png,0.7972835302352905,-0.7743228673934937,0.02256758138537407,-2.121648073196411,1.4846690893173218,0.6289215087890625,2.1118783950805664,-0.7908176183700562,0.021709077060222626,-2.087268352508545,1.497138261795044,0.6063619256019592,2.087219715118408,-0.0164947509765625,-0.0008585043251514435,0.03437972068786621,0.012469172477722168,-0.02255958318710327,-0.024658679962158203
1769651679.7606921,full,goal16.png,0.8049859404563904,-0.7819564342498779,0.01805412396788597,-2.1111369132995605,1.4898186922073364,0.6176983118057251,2.100473403930664,-0.7998768091201782,0.017371971160173416,-2.0788891315460205,1.5019354820251465,0.5991256237030029,2.075855016708374,-0.017920374870300293,-0.0006821528077125549,0.03224778175354004,0.012116789817810059,-0.018572688102722168,-0.02461838722229004
1769651679.8617737,full,goal16.png,0.8003194332122803,-0.7901655435562134,0.013692231848835945,-2.10026216506958,1.4952106475830078,0.6083683967590332,2.0892350673675537,-0.8096381425857544,0.012098899111151695,-2.0705983638763428,1.5050814151763916,0.5929275751113892,2.065742015838623,-0.019472599029541016,-0.0015933327376842499,0.029663801193237305,0.009870767593383789,-0.015440821647644043,-0.023493051528930664
1769651679.9617808,full,goal16.png,0.8043773174285889,-0.7992228269577026,0.00893621426075697,-2.0922348499298096,1.5008145570755005,0.6002653241157532,2.0781633853912354,-0.8196818828582764,0.004920153878629208,-2.0614590644836426,1.5098888874053955,0.5881149768829346,2.056783676147461,-0.02045905590057373,-0.004016060382127762,0.030775785446166992,0.00907433032989502,-0.012150347232818604,-0.021379709243774414
1769651680.0628183,full,goal16.png,0.8005512356758118,-0.8085528016090393,0.0033018526155501604,-2.0830864906311035,1.5051161050796509,0.5936464667320251,2.068030834197998,-0.828368067741394,-0.003393519436940551,-2.0529074668884277,1.5156883001327515,0.5831680297851562,2.049544334411621,-0.019815266132354736,-0.006695372052490711,0.03017902374267578,0.010572195053100586,-0.010478436946868896,-0.018486499786376953
1769651680.1633189,full,goal16.png,0.7954508066177368,-0.8186097145080566,-0.004059066995978355,-2.073211431503296,1.5097205638885498,0.5887392163276672,2.0593671798706055,-0.8346495628356934,-0.009557955898344517,-2.0445032119750977,1.5206252336502075,0.5796136856079102,2.0425057411193848,-0.01603984832763672,-0.005498888902366161,0.028708219528198242,0.010904669761657715,-0.00912553071975708,-0.016861438751220703
1769651680.2639098,full,goal16.png,0.803171694278717,-0.8265764713287354,-0.011450118385255337,-2.0657899379730225,1.5144764184951782,0.5841348171234131,2.0517640113830566,-0.8400444984436035,-0.01376551203429699,-2.035871744155884,1.5229134559631348,0.5748282670974731,2.036116123199463,-0.013468027114868164,-0.0023153936490416527,0.029918193817138672,0.008437037467956543,-0.009306550025939941,-0.01564788818359375
1769651680.3635361,full,goal16.png,0.798690915107727,-0.8331498503684998,-0.0187809057533741,-2.0576415061950684,1.5188686847686768,0.5803483724594116,2.0442214012145996,-0.8451026082038879,-0.019495701417326927,-2.02545166015625,1.5249712467193604,0.5711746215820312,2.032048225402832,-0.011952757835388184,-0.0007147956639528275,0.03218984603881836,0.006102561950683594,-0.009173750877380371,-0.012173175811767578
1769651680.4647536,full,goal16.png,0.7893357872962952,-0.8387841582298279,-0.024505965411663055,-2.0484325885772705,1.5215343236923218,0.5757742524147034,2.03816294670105,-0.8513017892837524,-0.027412759140133858,-2.01585054397583,1.5293971300125122,0.568388044834137,2.030428886413574,-0.01251763105392456,-0.0029067937284708023,0.03258204460144043,0.00786280632019043,-0.007386207580566406,-0.007734060287475586
1769651680.563059,full,goal16.png,0.8037554025650024,-0.8441458344459534,-0.02992819808423519,-2.0390419960021973,1.52432119846344,0.5723512768745422,2.0342249870300293,-0.8573853969573975,-0.03623099625110626,-2.005908489227295,1.5351827144622803,0.566191554069519,2.0274505615234375,-0.013239562511444092,-0.006302798166871071,0.033133506774902344,0.010861515998840332,-0.006159722805023193,-0.006774425506591797
1769651680.6625004,full,goal16.png,0.7963961958885193,-0.8506283164024353,-0.03695616126060486,-2.029045820236206,1.5291074514389038,0.5694735646247864,2.031468391418457,-0.8629069328308105,-0.04647250473499298,-1.9954407215118408,1.5416319370269775,0.5644204020500183,2.024664878845215,-0.012278616428375244,-0.009516343474388123,0.033605098724365234,0.01252448558807373,-0.005053162574768066,-0.0068035125732421875
1769651680.7628446,full,goal16.png,0.7986358404159546,-0.8563534617424011,-0.04622533172369003,-2.0181405544281006,1.53483247756958,0.5671561360359192,2.0288784503936768,-0.8665679693222046,-0.05582389235496521,-1.9847222566604614,1.5489757061004639,0.5628955960273743,2.0207109451293945,-0.010214507579803467,-0.009598560631275177,0.03341829776763916,0.014143228530883789,-0.004260540008544922,-0.008167505264282227
1769651680.8628812,full,goal16.png,0.7865288257598877,-0.8615939617156982,-0.057221364229917526,-2.0090835094451904,1.5409212112426758,0.565338671207428,2.0257279872894287,-0.8694881796836853,-0.06287122517824173,-1.974244475364685,1.5553061962127686,0.5590161681175232,2.0149354934692383,-0.00789421796798706,-0.0056498609483242035,0.03483903408050537,0.014384984970092773,-0.006322503089904785,-0.01079249382019043
1769651680.9627316,full,goal16.png,0.7838321328163147,-0.8647140860557556,-0.06612714380025864,-1.9994202852249146,1.5468584299087524,0.5632030963897705,2.021775007247925,-0.8729015588760376,-0.06887643039226532,-1.9640438556671143,1.5607620477676392,0.5544166564941406,2.0083274841308594,-0.008187472820281982,-0.0027492865920066833,0.03537642955780029,0.013903617858886719,-0.008786439895629883,-0.01344752311706543
1769651681.0683784,full,goal16.png,0.7894954681396484,-0.8687428832054138,-0.07357906550168991,-1.986849069595337,1.5541285276412964,0.5594469308853149,2.016080141067505,-0.8771096467971802,-0.07599574327468872,-1.9529727697372437,1.5645731687545776,0.5497431755065918,2.001917600631714,-0.008366763591766357,-0.00241667777299881,0.03387629985809326,0.01044464111328125,-0.009703755378723145,-0.014162540435791016
1769651681.1691353,full,goal16.png,0.7882905006408691,-0.8723475933074951,-0.07984951138496399,-1.9779129028320312,1.559641718864441,0.5557663440704346,2.0102791786193848,-0.8811733722686768,-0.08461809158325195,-1.9410672187805176,1.5681109428405762,0.5460970997810364,1.996221899986267,-0.00882577896118164,-0.004768580198287964,0.03684568405151367,0.008469223976135254,-0.009669244289398193,-0.014057278633117676
1769651681.271935,full,goal16.png,0.785433292388916,-0.8760735392570496,-0.08672560751438141,-1.966644287109375,1.5637916326522827,0.5511165857315063,2.0041754245758057,-0.885154128074646,-0.09318917989730835,-1.9293372631072998,1.5710302591323853,0.5425500273704529,1.9913172721862793,-0.009080588817596436,-0.006463572382926941,0.037307024002075195,0.007238626480102539,-0.008566558361053467,-0.012858152389526367
1769651681.3631194,full,goal16.png,0.7887204885482788,-0.8802235126495361,-0.09448035061359406,-1.955496907234192,1.5673054456710815,0.5470726490020752,1.998253345489502,-0.8901097774505615,-0.10165645182132721,-1.9198625087738037,1.5737340450286865,0.5384863018989563,1.9863555431365967,-0.00988626480102539,-0.007176101207733154,0.035634398460388184,0.0064285993576049805,-0.008586347103118896,-0.011897802352905273
1769651681.4663713,full,goal16.png,0.7845169305801392,-0.8843735456466675,-0.10359825938940048,-1.943349838256836,1.5702437162399292,0.5430286526679993,1.9931187629699707,-0.8954603672027588,-0.10950253903865814,-1.9113187789916992,1.5746275186538696,0.5344250798225403,1.9827297925949097,-0.011086821556091309,-0.00590427964925766,0.03203105926513672,0.00438380241394043,-0.008603572845458984,-0.010388970375061035
1769651681.5737963,full,goal16.png,0.7822299599647522,-0.8888870477676392,-0.11338268965482712,-1.9329596757888794,1.5722734928131104,0.5389392971992493,1.9883931875228882,-0.900263786315918,-0.11823996156454086,-1.9021501541137695,1.576174020767212,0.5304099917411804,1.9792226552963257,-0.011376738548278809,-0.004857271909713745,0.030809521675109863,0.0039005279541015625,-0.008529305458068848,-0.0091705322265625
1769651681.662485,full,goal16.png,0.779598593711853,-0.8940972685813904,-0.12198564410209656,-1.9253261089324951,1.5736364126205444,0.5351830720901489,1.984515905380249,-0.9046223163604736,-0.12740100920200348,-1.8932337760925293,1.5799195766448975,0.527748703956604,1.9751694202423096,-0.010525047779083252,-0.005415365099906921,0.03209233283996582,0.006283164024353027,-0.007434368133544922,-0.009346485137939453
1769651681.7648518,full,goal16.png,0.7903375625610352,-0.8993377685546875,-0.12931613624095917,-1.915420651435852,1.5756053924560547,0.531548023223877,1.9808202981948853,-0.9087845087051392,-0.1362634152173996,-1.8839037418365479,1.5839201211929321,0.5250163078308105,1.9700939655303955,-0.00944674015045166,-0.00694727897644043,0.0315169095993042,0.008314728736877441,-0.006531715393066406,-0.010726332664489746
1769651681.864754,full,goal16.png,0.7859333157539368,-0.903669536113739,-0.13885830342769623,-1.9068177938461304,1.5785439014434814,0.5282613039016724,1.9769277572631836,-0.9125088453292847,-0.1449606716632843,-1.87368643283844,1.5901458263397217,0.5214006304740906,1.9636991024017334,-0.008839309215545654,-0.006102368235588074,0.03313136100769043,0.011601924896240234,-0.006860673427581787,-0.013228654861450195
1769651681.9619052,full,goal16.png,0.780927836894989,-0.9074559807777405,-0.149581640958786,-1.8983662128448486,1.5828149318695068,0.5250352025032043,1.9717024564743042,-0.916172981262207,-0.15403662621974945,-1.864558458328247,1.596218228340149,0.5179256796836853,1.9584280252456665,-0.008717000484466553,-0.00445498526096344,0.03380775451660156,0.01340329647064209,-0.007109522819519043,-0.013274431228637695
1769651682.0650923,full,goal16.png,0.7851657867431641,-0.9114545583724976,-0.159123495221138,-1.88718843460083,1.5892975330352783,0.5215061902999878,1.9656894207000732,-0.9198354482650757,-0.1626860499382019,-1.8565630912780762,1.6034510135650635,0.5147758722305298,1.9529054164886475,-0.008380889892578125,-0.003562554717063904,0.030625343322753906,0.014153480529785156,-0.006730318069458008,-0.012784004211425781
1769651682.1640363,full,goal16.png,0.7846531867980957,-0.9153319001197815,-0.16824141144752502,-1.8775253295898438,1.5955679416656494,0.5184921026229858,1.960221767425537,-0.9245940446853638,-0.16988423466682434,-1.850987195968628,1.6102991104125977,0.5117263793945312,1.9471908807754517,-0.009262144565582275,-0.0016428232192993164,0.02653813362121582,0.014731168746948242,-0.00676572322845459,-0.01303088665008545
1769651682.2655365,full,goal16.png,0.8000068664550781,-0.9187852144241333,-0.17675337195396423,-1.8712550401687622,1.6017171144485474,0.515144944190979,1.9548449516296387,-0.9296765327453613,-0.1762579083442688,-1.8461098670959473,1.615997076034546,0.5095504522323608,1.9424833059310913,-0.010891318321228027,0.0004954636096954346,0.02514517307281494,0.014279961585998535,-0.005594491958618164,-0.012361645698547363
1769651682.362155,full,goal16.png,0.8070160150527954,-0.923904538154602,-0.1843869835138321,-1.8650754690170288,1.6089872121810913,0.5124943256378174,1.9490137100219727,-0.9348350763320923,-0.18069764971733093,-1.8421719074249268,1.6206756830215454,0.5081117153167725,1.9382057189941406,-0.010930538177490234,0.0036893337965011597,0.02290356159210205,0.011688470840454102,-0.004382610321044922,-0.010807991027832031
1769651682.4637835,full,goal16.png,0.8079788684844971,-0.9291147589683533,-0.19141463935375214,-1.8595621585845947,1.6151365041732788,0.5106011629104614,1.9443639516830444,-0.9390857219696045,-0.18526849150657654,-1.8383234739303589,1.6248174905776978,0.5062271356582642,1.9341384172439575,-0.00997096300125122,0.006146147847175598,0.02123868465423584,0.009680986404418945,-0.004374027252197266,-0.010225534439086914
1769651682.5662773,full,goal16.png,0.7999804019927979,-0.9339008927345276,-0.1974729597568512,-1.8548671007156372,1.619771122932434,0.5085867047309875,1.9397746324539185,-0.9422167539596558,-0.19240906834602356,-1.8315887451171875,1.630077600479126,0.5051107406616211,1.9281139373779297,-0.008315861225128174,0.005063891410827637,0.023278355598449707,0.010306477546691895,-0.003475964069366455,-0.01166069507598877
1769651682.6647284,full,goal16.png,0.8060426712036133,-0.9375662207603455,-0.20116864144802094,-1.8502626419067383,1.62373948097229,0.5070722103118896,1.9352914094924927,-0.9452871084213257,-0.20224636793136597,-1.8232805728912354,1.635804533958435,0.5043022632598877,1.9223287105560303,-0.007720887660980225,-0.0010777264833450317,0.02698206901550293,0.01206505298614502,-0.002769947052001953,-0.012962698936462402
1769651682.7652376,full,goal16.png,0.8280851244926453,-0.9412012100219727,-0.20746950805187225,-1.8441740274429321,1.6288284063339233,0.5059816241264343,1.9292936325073242,-0.948501706123352,-0.21045061945915222,-1.81581449508667,1.6410223245620728,0.5036427974700928,1.9181177616119385,-0.0073004961013793945,-0.0029811114072799683,0.028359532356262207,0.012193918228149414,-0.0023388266563415527,-0.011175870895385742
1769651682.8636808,full,goal16.png,0.8272007703781128,-0.9443516135215759,-0.2176474630832672,-1.8365403413772583,1.6343414783477783,0.5051182508468628,1.9245529174804688,-0.9524958729743958,-0.2161732167005539,-1.8092843294143677,1.648536205291748,0.49993395805358887,1.9121187925338745,-0.008144259452819824,0.0014742463827133179,0.027256011962890625,0.014194726943969727,-0.005184292793273926,-0.012434124946594238
1769651682.9647317,full,goal16.png,0.8278555870056152,-0.947411060333252,-0.22437229752540588,-1.8291795253753662,1.6400667428970337,0.5034976601600647,1.9200546741485596,-0.9569553136825562,-0.2207464575767517,-1.8034379482269287,1.6577472686767578,0.4934574365615845,1.905734896659851,-0.0095442533493042,0.003625839948654175,0.0257415771484375,0.01768052577972412,-0.010040223598480225,-0.014319777488708496
1769651683.0638382,full,goal16.png,0.8246553540229797,-0.9520154595375061,-0.22843152284622192,-1.8219397068023682,1.6483969688415527,0.4993627071380615,1.91373872756958,-0.9612354040145874,-0.22684478759765625,-1.7962136268615723,1.6682024002075195,0.4882444441318512,1.8987319469451904,-0.009219944477081299,0.0015867352485656738,0.0257260799407959,0.019805431365966797,-0.011118263006210327,-0.015006780624389648
1769651683.1643903,full,goal16.png,0.8381561636924744,-0.9563775062561035,-0.2351866364479065,-1.8166385889053345,1.6568485498428345,0.4938344955444336,1.9072412252426147,-0.9659407138824463,-0.23060138523578644,-1.7897632122039795,1.6784647703170776,0.4835393726825714,1.890878438949585,-0.009563207626342773,0.004585251212120056,0.02687537670135498,0.021616220474243164,-0.010295122861862183,-0.016362786293029785
1769651683.2641716,full,goal16.png,0.8367587327957153,-0.9605578184127808,-0.2441226989030838,-1.8101258277893066,1.6662087440490723,0.48895740509033203,1.900364875793457,-0.969893217086792,-0.23592303693294525,-1.784623384475708,1.6860671043395996,0.4812193512916565,1.8845140933990479,-0.00933539867401123,0.00819966197013855,0.025502443313598633,0.019858360290527344,-0.007738053798675537,-0.01585078239440918
1769651683.3634765,full,goal16.png,0.8424249887466431,-0.9647986888885498,-0.2489694207906723,-1.8027344942092896,1.6765382289886475,0.48438340425491333,1.8928828239440918,-0.973035991191864,-0.2426375150680542,-1.7797945737838745,1.693955421447754,0.47847554087638855,1.8776413202285767,-0.008237302303314209,0.006331905722618103,0.02293992042541504,0.017417192459106445,-0.00590786337852478,-0.015241503715515137
1769651683.462738,full,goal16.png,0.8466383218765259,-0.9689183831214905,-0.25218042731285095,-1.7968275547027588,1.6841717958450317,0.48194482922554016,1.886051893234253,-0.9745573997497559,-0.2510421574115753,-1.7749861478805542,1.70115065574646,0.47655707597732544,1.8719146251678467,-0.005639016628265381,0.0011382699012756348,0.02184140682220459,0.016978859901428223,-0.005387753248214722,-0.01413726806640625
1769651683.5630417,full,goal16.png,0.8500558137893677,-0.9719475507736206,-0.259601891040802,-1.7922838926315308,1.6925021409988403,0.47908228635787964,1.8791604042053223,-0.9766595363616943,-0.2571551203727722,-1.7697088718414307,1.7099283933639526,0.4744890034198761,1.8635287284851074,-0.0047119855880737305,0.002446770668029785,0.022575020790100098,0.017426252365112305,-0.00459328293800354,-0.015631675720214844
1769651683.6648812,full,goal16.png,0.8589231371879578,-0.9735833406448364,-0.2679624557495117,-1.7879823446273804,1.7010444402694702,0.47687098383903503,1.8723751306533813,-0.978525698184967,-0.261479914188385,-1.7643284797668457,1.7195148468017578,0.47258007526397705,1.854101300239563,-0.004942357540130615,0.006482541561126709,0.023653864860534668,0.018470406532287598,-0.004290908575057983,-0.01827383041381836
1769651683.7655265,full,goal16.png,0.8606778979301453,-0.975521981716156,-0.2742631733417511,-1.782136082649231,1.7092231512069702,0.474947452545166,1.8643628358840942,-0.9808571338653564,-0.26673367619514465,-1.7577488422393799,1.7302160263061523,0.4704277515411377,1.844200611114502,-0.0053351521492004395,0.007529497146606445,0.024387240409851074,0.02099287509918213,-0.00451970100402832,-0.020162224769592285
1769651683.8673904,full,goal16.png,0.8530725240707397,-0.9778847694396973,-0.2795037031173706,-1.7764108180999756,1.7180683612823486,0.47241801023483276,1.8557145595550537,-0.9824089407920837,-0.272571861743927,-1.750849723815918,1.7386183738708496,0.47188395261764526,1.835595726966858,-0.004524171352386475,0.0069318413734436035,0.025561094284057617,0.020550012588500977,-0.0005340576171875,-0.0201188325881958
1769651683.9712312,full,goal16.png,0.8383883237838745,-0.9800961017608643,-0.28559231758117676,-1.770776629447937,1.727883219718933,0.47188800573349,1.846823811531067,-0.9841974377632141,-0.2783564329147339,-1.7429277896881104,1.747497320175171,0.4748806953430176,1.8272764682769775,-0.0041013360023498535,0.007235884666442871,0.02784883975982666,0.019614100456237793,0.002992689609527588,-0.019547343254089355
1769651684.0794182,full,goal16.png,0.8703111410140991,-0.9812774658203125,-0.2911358177661896,-1.7651423215866089,1.7357892990112305,0.47303903102874756,1.8388267755508423,-0.985802173614502,-0.28364765644073486,-1.7353572845458984,1.7565357685089111,0.4772130250930786,1.816697359085083,-0.004524707794189453,0.007488161325454712,0.02978503704071045,0.020746469497680664,0.004173994064331055,-0.022129416465759277
1769651684.1763754,full,goal16.png,0.8738842010498047,-0.9829738140106201,-0.29677003622055054,-1.757841944694519,1.7446345090866089,0.4746142625808716,1.8304964303970337,-0.9880097508430481,-0.2897454500198364,-1.7270262241363525,1.7674016952514648,0.4768385589122772,1.8038909435272217,-0.0050359368324279785,0.007024586200714111,0.030815720558166504,0.022767186164855957,0.0022242963314056396,-0.02660548686981201
1769651684.2752473,full,goal16.png,0.8715317845344543,-0.9851548671722412,-0.30273765325546265,-1.749541997909546,1.7542067766189575,0.4766438603401184,1.819712519645691,-0.9907126426696777,-0.2966955304145813,-1.7168488502502441,1.7802386283874512,0.4743582606315613,1.789301872253418,-0.0055577754974365234,0.006042122840881348,0.03269314765930176,0.026031851768493652,-0.002285599708557129,-0.03041064739227295
1769651684.36322,full,goal16.png,0.8832293748855591,-0.9873661398887634,-0.3097350299358368,-1.7403937578201294,1.7652027606964111,0.47656816244125366,1.8071564435958862,-0.9941009283065796,-0.3017424941062927,-1.706032395362854,1.7958166599273682,0.47115129232406616,1.773766279220581,-0.006734788417816162,0.007992535829544067,0.03436136245727539,0.03061389923095703,-0.0054168701171875,-0.033390164375305176
1769651684.4678502,full,goal16.png,0.8882490396499634,-0.9896683692932129,-0.31558138132095337,-1.7308214902877808,1.7788947820663452,0.4745537042617798,1.790995717048645,-0.9960569143295288,-0.3051651418209076,-1.6956965923309326,1.8118798732757568,0.47102540731430054,1.759974479675293,-0.006388545036315918,0.010416239500045776,0.035124897956848145,0.03298509120941162,-0.003528296947479248,-0.03102123737335205
1769651684.5673387,full,goal16.png,0.8818376660346985,-0.9927884340286255,-0.3203069567680359,-1.7206131219863892,1.7931320667266846,0.4722363352775574,1.7770766019821167,-0.9980936050415039,-0.3085272014141083,-1.6846574544906616,1.8269026279449463,0.4717988073825836,1.7474210262298584,-0.005305171012878418,0.011779755353927612,0.03595566749572754,0.03377056121826172,-0.0004375278949737549,-0.0296555757522583
1769651684.6654413,full,goal16.png,0.8783941864967346,-0.9955146908760071,-0.32527482509613037,-1.7090414762496948,1.810004711151123,0.4718727767467499,1.7621729373931885,-0.999700665473938,-0.31302669644355774,-1.6734535694122314,1.8410484790802002,0.47391414642333984,1.735137939453125,-0.004185974597930908,0.012248128652572632,0.03558790683746338,0.03104376792907715,0.002041369676589966,-0.027034997940063477
1769651684.7659354,full,goal16.png,0.8819128274917603,-0.9971504807472229,-0.3298185467720032,-1.6985303163528442,1.8239995241165161,0.47244828939437866,1.749904751777649,-1.0020688772201538,-0.3185938596725464,-1.6611825227737427,1.8559911251068115,0.47630152106285095,1.723412275314331,-0.004918396472930908,0.011224687099456787,0.03734779357910156,0.03199160099029541,0.00385323166847229,-0.02649247646331787
1769651684.8655155,full,goal16.png,0.8788889050483704,-0.998786211013794,-0.3338777720928192,-1.6865952014923096,1.8387818336486816,0.4741295874118805,1.7376214265823364,-1.0047917366027832,-0.32510173320770264,-1.648728370666504,1.8722813129425049,0.4776078164577484,1.7110137939453125,-0.006005525588989258,0.008776038885116577,0.037866830825805664,0.03349947929382324,0.00347822904586792,-0.026607632637023926
1769651684.9660313,full,goal16.png,0.8766694068908691,-1.000967264175415,-0.3383609354496002,-1.6758718490600586,1.8523831367492676,0.475795716047287,1.7263224124908447,-1.0083742141723633,-0.3319299817085266,-1.6359524726867676,1.8888418674468994,0.4772188067436218,1.6976124048233032,-0.007406949996948242,0.006430953741073608,0.039919376373291016,0.036458730697631836,0.0014230906963348389,-0.028710007667541504
1769651685.064989,full,goal16.png,0.8859710097312927,-1.0041781663894653,-0.3450857698917389,-1.6623919010162354,1.8703763484954834,0.47737088799476624,1.712388038635254,-1.0111660957336426,-0.3394472897052765,-1.6229050159454346,1.9042260646820068,0.47777387499809265,1.6846373081207275,-0.006987929344177246,0.005638480186462402,0.03948688507080078,0.03384971618652344,0.000402987003326416,-0.027750730514526367
1769651685.1660147,full,goal16.png,0.8763487339019775,-1.0074800252914429,-0.35175004601478577,-1.6495178937911987,1.8863706588745117,0.4775222837924957,1.7000290155410767,-1.0134260654449463,-0.3472490906715393,-1.610818862915039,1.9185160398483276,0.47954457998275757,1.6732914447784424,-0.005946040153503418,0.00450095534324646,0.03869903087615967,0.03214538097381592,0.002022296190261841,-0.026737570762634277
1769651685.2663465,full,goal16.png,0.8702036142349243,-1.0103274583816528,-0.35765695571899414,-1.636855959892273,1.9018195867538452,0.4783705770969391,1.6867611408233643,-1.0149836540222168,-0.35478246212005615,-1.5990983247756958,1.9317700862884521,0.4825458526611328,1.6631461381912231,-0.004656195640563965,0.0028744935989379883,0.03775763511657715,0.029950499534606934,0.004175275564193726,-0.023615002632141113
1769651685.3661907,full,goal16.png,0.8712761998176575,-1.0127205848693848,-0.3638971149921417,-1.6255873441696167,1.91499662399292,0.47950640320777893,1.6766284704208374,-1.0162113904953003,-0.3627122938632965,-1.587046504020691,1.9444385766983032,0.48541969060897827,1.6525294780731201,-0.0034908056259155273,0.0011848211288452148,0.03854084014892578,0.0294419527053833,0.005913287401199341,-0.024098992347717285
1769651685.4686472,full,goal16.png,0.8801908493041992,-1.0143259763717651,-0.3737722337245941,-1.6132886409759521,1.9298700094223022,0.4830353558063507,1.6649812459945679,-1.0181187391281128,-0.3715308904647827,-1.5736970901489258,1.956356406211853,0.4868322014808655,1.6413531303405762,-0.0037927627563476562,0.0022413432598114014,0.03959155082702637,0.02648639678955078,0.0037968456745147705,-0.0236281156539917
1769651685.5669334,full,goal16.png,0.8763893842697144,-1.0156285762786865,-0.3842533230781555,-1.600717544555664,1.9416837692260742,0.48435312509536743,1.655181884765625,-1.0215978622436523,-0.38256359100341797,-1.5590788125991821,1.969699501991272,0.48541635274887085,1.6297407150268555,-0.00596928596496582,0.0016897320747375488,0.041638731956481934,0.028015732765197754,0.001063227653503418,-0.02544116973876953
1769651685.6658535,full,goal16.png,0.8729717135429382,-1.0175975561141968,-0.39243200421333313,-1.5892975330352783,1.9537097215652466,0.4860040247440338,1.6438980102539062,-1.0251370668411255,-0.3941501975059509,-1.5438830852508545,1.9862927198410034,0.485730916261673,1.6182491779327393,-0.007539510726928711,-0.0017181932926177979,0.04541444778442383,0.032582998275756836,-0.00027310848236083984,-0.025648832321166992
1769651685.7791376,full,goal16.png,0.8687469959259033,-1.0208690166473389,-0.40270110964775085,-1.5728187561035156,1.9682799577713013,0.4854587912559509,1.6317812204360962,-1.0271389484405518,-0.40494611859321594,-1.5292270183563232,2.0030078887939453,0.4887115955352783,1.6102756261825562,-0.006269931793212891,-0.002245008945465088,0.04359173774719238,0.03472793102264404,0.0032528042793273926,-0.02150559425354004
1769651685.864653,full,goal16.png,0.8777700066566467,-1.023686170578003,-0.4142422378063202,-1.5599747896194458,1.9821840524673462,0.4858072102069855,1.6225574016571045,-1.0283422470092773,-0.41572922468185425,-1.5144834518432617,2.0173392295837402,0.49394702911376953,1.6039295196533203,-0.004656076431274414,-0.0014869868755340576,0.04549133777618408,0.03515517711639404,0.008139818906784058,-0.01862788200378418
1769651685.9681642,full,goal16.png,0.8879727125167847,-1.02589750289917,-0.42723751068115234,-1.5436475276947021,1.999571681022644,0.489972323179245,1.6130305528640747,-1.0297930240631104,-0.4274686574935913,-1.4993133544921875,2.034654378890991,0.4970293343067169,1.5944756269454956,-0.0038955211639404297,-0.00023114681243896484,0.04433417320251465,0.03508269786834717,0.007057011127471924,-0.0185549259185791
1769651686.067218,full,goal16.png,0.876123309135437,-1.0273817777633667,-0.43817296624183655,-1.5302281379699707,2.0140209197998047,0.4930771291255951,1.606472373008728,-1.0316390991210938,-0.44237571954727173,-1.4819667339324951,2.053280830383301,0.5005456805229187,1.5825066566467285,-0.004257321357727051,-0.004202753305435181,0.048261404037475586,0.039259910583496094,0.007468551397323608,-0.02396571636199951
1769651686.1666114,full,goal16.png,0.8829612135887146,-1.0285329818725586,-0.4512893855571747,-1.513113260269165,2.0335593223571777,0.49719691276550293,1.5955065488815308,-1.032578706741333,-0.4562585949897766,-1.464576244354248,2.07034969329834,0.5041835308074951,1.5707223415374756,-0.004045724868774414,-0.004969209432601929,0.04853701591491699,0.03679037094116211,0.0069866180419921875,-0.024784207344055176
1769651686.2644982,full,goal16.png,0.8860527276992798,-1.0303807258605957,-0.46392112970352173,-1.4963011741638184,2.0503408908843994,0.500256359577179,1.5845106840133667,-1.0344974994659424,-0.46990153193473816,-1.44863760471344,2.083159923553467,0.50835782289505,1.560455322265625,-0.00411677360534668,-0.005980402231216431,0.04766356945037842,0.03281903266906738,0.008101463317871094,-0.0240553617477417
1769651686.36596,full,goal16.png,0.8778465986251831,-1.0321376323699951,-0.47797659039497375,-1.4803069829940796,2.0669407844543457,0.5045427680015564,1.5728027820587158,-1.0369611978530884,-0.48282575607299805,-1.4346795082092285,2.0976994037628174,0.5124139785766602,1.5492806434631348,-0.004823565483093262,-0.004849165678024292,0.045627474784851074,0.03075861930847168,0.00787121057510376,-0.023522138595581055
1769651686.4676797,full,goal16.png,0.8859233260154724,-1.0338037014007568,-0.49139583110809326,-1.4632829427719116,2.0819053649902344,0.5080414414405823,1.5624884366989136,-1.040663242340088,-0.49608081579208374,-1.4204727411270142,2.1117522716522217,0.5151028633117676,1.5370814800262451,-0.006859540939331055,-0.0046849846839904785,0.04281020164489746,0.029846906661987305,0.007061421871185303,-0.025406956672668457
1769651686.566327,full,goal16.png,0.8892704844474792,-1.0363179445266724,-0.5047849416732788,-1.448833703994751,2.0956578254699707,0.5121913552284241,1.550886631011963,-1.044187307357788,-0.5079019665718079,-1.4067020416259766,2.126429796218872,0.5176719427108765,1.5231934785842896,-0.007869362831115723,-0.0031170248985290527,0.042131662368774414,0.030771970748901367,0.005480587482452393,-0.02769315242767334
1769651686.6655378,full,goal16.png,0.8920767903327942,-1.0399832725524902,-0.5190523862838745,-1.4349902868270874,2.109501361846924,0.515205442905426,1.5390273332595825,-1.0478050708770752,-0.5185698866844177,-1.3939987421035767,2.144622564315796,0.5184286236763,1.5042897462844849,-0.007821798324584961,0.0004824995994567871,0.04099154472351074,0.03512120246887207,0.0032231807708740234,-0.034737586975097656
1769651686.7632835,full,goal16.png,0.893154501914978,-1.0435880422592163,-0.531835675239563,-1.4224191904067993,2.1241321563720703,0.517250120639801,1.5259562730789185,-1.0502398014068604,-0.5294385552406311,-1.3813053369522095,2.165194511413574,0.5183170437812805,1.4843647480010986,-0.006651759147644043,0.0023971199989318848,0.041113853454589844,0.041062355041503906,0.0010669231414794922,-0.041591525077819824
1769651686.8661306,full,goal16.png,0.8864591121673584,-1.0468899011611938,-0.5446188449859619,-1.407364010810852,2.143397808074951,0.518371045589447,1.5057212114334106,-1.0524051189422607,-0.5415500402450562,-1.3682541847229004,2.1863608360290527,0.5193533897399902,1.4640891551971436,-0.0055152177810668945,0.0030688047409057617,0.03910982608795166,0.04296302795410156,0.0009823441505432129,-0.04163205623626709
1769651686.9660635,full,goal16.png,0.8928284645080566,-1.0491011142730713,-0.5550089478492737,-1.3957622051239014,2.1628451347351074,0.5183256268501282,1.4863495826721191,-1.055155873298645,-0.5543110370635986,-1.3549158573150635,2.205442190170288,0.521845281124115,1.4446901082992554,-0.0060547590255737305,0.0006979107856750488,0.04084634780883789,0.042597055435180664,0.0035196542739868164,-0.04165947437286377
1769651687.0673764,full,goal16.png,0.8967843055725098,-1.0514336824417114,-0.5675801038742065,-1.3820703029632568,2.183110475540161,0.5197190046310425,1.46714448928833,-1.0611940622329712,-0.5712100863456726,-1.339681625366211,2.224116325378418,0.5226421356201172,1.4226336479187012,-0.009760379791259766,-0.0036299824714660645,0.0423886775970459,0.041005849838256836,0.002923130989074707,-0.044510841369628906
1769651687.1651297,full,goal16.png,0.9034593105316162,-1.0549777746200562,-0.5820899605751038,-1.3686206340789795,2.2031335830688477,0.5215819478034973,1.445743203163147,-1.0684151649475098,-0.5894590616226196,-1.3239227533340454,2.239920139312744,0.5239276885986328,1.4027278423309326,-0.013437390327453613,-0.007369101047515869,0.04469788074493408,0.036786556243896484,0.002345740795135498,-0.043015360832214355
1769651687.2640455,full,goal16.png,0.915976881980896,-1.057855486869812,-0.5916320085525513,-1.3598965406417847,2.213705539703369,0.5222180485725403,1.4345048666000366,-1.0754063129425049,-0.6083914041519165,-1.308286190032959,2.2519235610961914,0.5243083238601685,1.3857715129852295,-0.01755082607269287,-0.016759395599365234,0.051610350608825684,0.038218021392822266,0.002090275287628174,-0.04873335361480713
1769651687.3634906,full,goal16.png,0.9205721020698547,-1.0675489902496338,-0.6130786538124084,-1.3392374515533447,2.2360305786132812,0.5238386392593384,1.406227469444275,-1.081435203552246,-0.6301731467247009,-1.2879377603530884,2.265218734741211,0.5242743492126465,1.366181492805481,-0.013886213302612305,-0.01709449291229248,0.05129969120025635,0.029188156127929688,0.00043570995330810547,-0.040045976638793945
1769651687.4658194,full,goal16.png,0.9148010015487671,-1.075182557106018,-0.6340406537055969,-1.3197293281555176,2.25129771232605,0.5239447355270386,1.386461853981018,-1.086388111114502,-0.6512500047683716,-1.2675397396087646,2.27885103225708,0.5241947174072266,1.3473972082138062,-0.011205554008483887,-0.017209351062774658,0.05218958854675293,0.027553319931030273,0.0002499818801879883,-0.039064645767211914
1769651687.5662663,full,goal16.png,0.8996392488479614,-1.0801503658294678,-0.6552753448486328,-1.3015844821929932,2.2637476921081543,0.5249291658401489,1.3682715892791748,-1.0905894041061401,-0.6715253591537476,-1.2478667497634888,2.2921013832092285,0.5262740850448608,1.330438494682312,-0.010439038276672363,-0.016250014305114746,0.053717732429504395,0.02835369110107422,0.001344919204711914,-0.03783309459686279
1769651687.666935,full,goal16.png,0.9206932783126831,-1.0845427513122559,-0.6782668828964233,-1.2827428579330444,2.277379274368286,0.5247474908828735,1.3500357866287231,-1.095180869102478,-0.6905166506767273,-1.2284504175186157,2.306689977645874,0.5278542041778564,1.3145722150802612,-0.010638117790222168,-0.012249767780303955,0.05429244041442871,0.02931070327758789,0.00310671329498291,-0.035463571548461914
1769651687.7677443,full,goal16.png,0.9250128865242004,-1.0896923542022705,-0.6986231207847595,-1.2631441354751587,2.2901320457458496,0.525928795337677,1.3332843780517578,-1.1001241207122803,-0.7077805399894714,-1.2095012664794922,2.32220721244812,0.5273163914680481,1.2999305725097656,-0.010431766510009766,-0.009157419204711914,0.053642868995666504,0.03207516670227051,0.0013875961303710938,-0.03335380554199219
1769651687.8651268,full,goal16.png,0.9212554693222046,-1.0948723554611206,-0.718949019908905,-1.2432725429534912,2.3056113719940186,0.5277615189552307,1.316972255706787,-1.1061809062957764,-0.7241108417510986,-1.1904743909835815,2.3380370140075684,0.5261254906654358,1.2861298322677612,-0.011308550834655762,-0.0051618218421936035,0.05279815196990967,0.032425642013549805,-0.0016360282897949219,-0.03084242343902588
1769651687.9630923,full,goal16.png,0.9249736070632935,-1.0976591110229492,-0.7296420931816101,-1.2323068380355835,2.3141534328460693,0.5274737477302551,1.3087176084518433,-1.1112316846847534,-0.7386496067047119,-1.1723852157592773,2.353344440460205,0.5262464284896851,1.273223638534546,-0.0135725736618042,-0.009007513523101807,0.05992162227630615,0.03919100761413574,-0.0012273192405700684,-0.03549396991729736
1769651688.0626545,full,goal16.png,0.9263433814048767,-1.1026875972747803,-0.7447274327278137,-1.2124049663543701,2.330056667327881,0.5264892578125,1.2937685251235962,-1.1156535148620605,-0.7552857995033264,-1.152592658996582,2.3689498901367188,0.5276023745536804,1.2607290744781494,-0.012965917587280273,-0.010558366775512695,0.059812307357788086,0.03889322280883789,0.00111311674118042,-0.03303945064544678
1769651688.163326,full,goal16.png,0.924871563911438,-1.1082613468170166,-0.7601460814476013,-1.1936241388320923,2.344899892807007,0.5267012119293213,1.280773401260376,-1.1199536323547363,-0.7712912559509277,-1.1332100629806519,2.3862743377685547,0.529637336730957,1.2477877140045166,-0.011692285537719727,-0.011145174503326416,0.06041407585144043,0.04137444496154785,0.002936124801635742,-0.032985687255859375
1769651688.264548,full,goal16.png,0.9134066104888916,-1.1151072978973389,-0.7857730984687805,-1.1654525995254517,2.3686487674713135,0.5287460684776306,1.2618255615234375,-1.1250354051589966,-0.7888336181640625,-1.1112761497497559,2.406336784362793,0.5340583920478821,1.2325412034988403,-0.009928107261657715,-0.0030605196952819824,0.0541764497756958,0.03768801689147949,0.005312323570251465,-0.029284358024597168
1769651688.3661306,full,goal16.png,0.9011904001235962,-1.1192573308944702,-0.8044934272766113,-1.147701382637024,2.384945869445801,0.5304120182991028,1.24910306930542,-1.1293591260910034,-0.8052601218223572,-1.0877125263214111,2.426797866821289,0.5411556363105774,1.2176542282104492,-0.010101795196533203,-0.0007666945457458496,0.05998885631561279,0.04185199737548828,0.01074361801147461,-0.0314488410949707
1769651688.4635139,full,goal16.png,0.8964548110961914,-1.1221047639846802,-0.8154289126396179,-1.1336458921432495,2.3967597484588623,0.5328354239463806,1.2400457859039307,-1.1322803497314453,-0.8205399513244629,-1.0653407573699951,2.4439797401428223,0.5483137369155884,1.20517897605896,-0.010175585746765137,-0.005111038684844971,0.0683051347732544,0.04721999168395996,0.015478312969207764,-0.0348668098449707
1769651688.5679793,full,goal16.png,0.8946311473846436,-1.1281328201293945,-0.8374813795089722,-1.1018394231796265,2.424900770187378,0.5425742268562317,1.2194623947143555,-1.1350867748260498,-0.8392470479011536,-1.0360749959945679,2.465456962585449,0.5593227744102478,1.191175937652588,-0.0069539546966552734,-0.0017656683921813965,0.0657644271850586,0.04055619239807129,0.016748547554016113,-0.028286457061767578
1769651688.6652498,full,goal16.png,0.8910070657730103,-1.1313741207122803,-0.8544145822525024,-1.0787569284439087,2.442894458770752,0.550192654132843,1.206997275352478,-1.1368542909622192,-0.8577570915222168,-1.0072541236877441,2.4839792251586914,0.5719350576400757,1.1778323650360107,-0.005480170249938965,-0.0033425092697143555,0.07150280475616455,0.04108476638793945,0.021742403507232666,-0.029164910316467285
1769651688.7646925,full,goal16.png,0.8892179727554321,-1.1332521438598633,-0.865259051322937,-1.0621267557144165,2.4552230834960938,0.5552210807800293,1.199121356010437,-1.1380672454833984,-0.873412013053894,-0.982491135597229,2.50020694732666,0.5826207399368286,1.165768027305603,-0.004815101623535156,-0.008152961730957031,0.0796356201171875,0.044983863830566406,0.027399659156799316,-0.033353328704833984
1769651688.8631113,full,goal16.png,0.8944520950317383,-1.1348576545715332,-0.8798599243164062,-1.0336824655532837,2.474367618560791,0.5666412711143494,1.185429334640503,-1.1385060548782349,-0.8892651796340942,-0.9570217132568359,2.5151681900024414,0.5937023162841797,1.1539751291275024,-0.00364840030670166,-0.009405255317687988,0.07666075229644775,0.04080057144165039,0.027061045169830322,-0.03145420551300049
1769651688.9637737,full,goal16.png,0.8908663988113403,-1.1365842819213867,-0.8962174654006958,-1.0074496269226074,2.491028308868408,0.5778795480728149,1.1725552082061768,-1.139418125152588,-0.906764030456543,-0.9297481775283813,2.530668258666992,0.6057935953140259,1.1394230127334595,-0.002833843231201172,-0.010546565055847168,0.07770144939422607,0.039639949798583984,0.027914047241210938,-0.033132195472717285
1769651689.068348,full,goal16.png,0.8870874643325806,-1.1378263235092163,-0.9209357500076294,-0.9721292853355408,2.5127172470092773,0.5933738350868225,1.1553949117660522,-1.140520453453064,-0.9254753589630127,-0.9005111455917358,2.546593189239502,0.619505763053894,1.1230665445327759,-0.0026941299438476562,-0.004539608955383301,0.07161813974380493,0.03387594223022461,0.026131927967071533,-0.03232836723327637
1769651689.1696737,full,goal16.png,0.8868089914321899,-1.1392500400543213,-0.938080906867981,-0.9438972473144531,2.528923511505127,0.6053542494773865,1.1407487392425537,-1.141086220741272,-0.9428380131721497,-0.8732327222824097,2.5623905658721924,0.6320830583572388,1.1082040071487427,-0.0018361806869506836,-0.004757106304168701,0.07066452503204346,0.03346705436706543,0.026728808879852295,-0.032544732093811035
1769651689.2659404,full,goal16.png,0.8856135606765747,-1.139946699142456,-0.9483802914619446,-0.9266611337661743,2.5372838973999023,0.61324542760849,1.1314945220947266,-1.1416640281677246,-0.957953929901123,-0.8492840528488159,2.5752615928649902,0.6440703868865967,1.0947794914245605,-0.0017173290252685547,-0.009573638439178467,0.0773770809173584,0.03797769546508789,0.03082495927810669,-0.036715030670166016
1769651689.367528,full,goal16.png,0.8869775533676147,-1.140582799911499,-0.9715838432312012,-0.887917697429657,2.5596094131469727,0.6308754086494446,1.1111079454421997,-1.1414155960083008,-0.9765074253082275,-0.8182356953620911,2.588371753692627,0.6602983474731445,1.0796988010406494,-0.0008327960968017578,-0.004923582077026367,0.06968200206756592,0.028762340545654297,0.02942293882369995,-0.03140914440155029
1769651689.4636219,full,goal16.png,0.8674100041389465,-1.1408251523971558,-0.9808533191680908,-0.8735895752906799,2.5674548149108887,0.6386755704879761,1.102368712425232,-1.1407639980316162,-0.9920611381530762,-0.7928348779678345,2.5972707271575928,0.6733089685440063,1.0684521198272705,6.115436553955078e-05,-0.011207818984985352,0.08075469732284546,0.0298159122467041,0.03463339805603027,-0.033916592597961426
1769651689.5664425,full,goal16.png,0.8704978227615356,-1.1416733264923096,-0.9979379177093506,-0.8434793949127197,2.5814194679260254,0.6538214087486267,1.0873743295669556,-1.1395564079284668,-1.0059062242507935,-0.7700610160827637,2.606538772583008,0.6849215030670166,1.059268832206726,0.0021169185638427734,-0.007968306541442871,0.07341837882995605,0.025119304656982422,0.031100094318389893,-0.028105497360229492
1769651689.6645772,full,goal16.png,0.8633095026016235,-1.142006516456604,-1.0106908082962036,-0.8181250095367432,2.5918095111846924,0.666892409324646,1.0747274160385132,-1.1385101079940796,-1.017256259918213,-0.7523317933082581,2.61356258392334,0.6936652064323425,1.0527698993682861,0.003496408462524414,-0.006565451622009277,0.06579321622848511,0.02175307273864746,0.026772797107696533,-0.02195751667022705
1769651689.7652528,full,goal16.png,0.8718859553337097,-1.1414916515350342,-1.0256550312042236,-0.7917407751083374,2.601442337036133,0.678388237953186,1.0642311573028564,-1.1378121376037598,-1.029790997505188,-0.7336751818656921,2.619926929473877,0.7025635242462158,1.0456857681274414,0.003679513931274414,-0.0041359663009643555,0.058065593242645264,0.01848459243774414,0.024175286293029785,-0.01854538917541504
1769651689.864918,full,goal16.png,0.8670501708984375,-1.1402193307876587,-1.039710521697998,-0.7728688716888428,2.6097726821899414,0.687127411365509,1.056976318359375,-1.1375762224197388,-1.0419952869415283,-0.7168896198272705,2.6239662170410156,0.7099035382270813,1.0399805307388306,0.002643108367919922,-0.0022847652435302734,0.055979251861572266,0.014193534851074219,0.022776126861572266,-0.016995787620544434
1769651689.9642696,full,goal16.png,0.8657214641571045,-1.1388864517211914,-1.053553819656372,-0.7532093524932861,2.6161036491394043,0.697002649307251,1.048918604850769,-1.1380304098129272,-1.0528507232666016,-0.7024426460266113,2.627129316329956,0.7166997194290161,1.0337717533111572,0.0008560419082641602,0.0007030963897705078,0.050766706466674805,0.011025667190551758,0.019697070121765137,-0.015146851539611816
1769651690.0651774,full,goal16.png,0.866539716720581,-1.1385835409164429,-1.0645499229431152,-0.7363670468330383,2.620344638824463,0.7044847011566162,1.0428602695465088,-1.1382203102111816,-1.062983751296997,-0.6884444355964661,2.6287007331848145,0.7244541049003601,1.027759313583374,0.00036323070526123047,0.001566171646118164,0.047922611236572266,0.008356094360351562,0.019969403743743896,-0.015100955963134766
1769651690.167478,full,goal16.png,0.8669005632400513,-1.1386138200759888,-1.0802713632583618,-0.713557243347168,2.625009775161743,0.7147688269615173,1.0339696407318115,-1.137822151184082,-1.073344349861145,-0.6735331416130066,2.631500482559204,0.7330591082572937,1.0213966369628906,0.0007916688919067383,0.006927013397216797,0.04002410173416138,0.0064907073974609375,0.018290281295776367,-0.012573003768920898
1769651690.2640831,full,goal16.png,0.8705388307571411,-1.1386138200759888,-1.087117314338684,-0.7055601477622986,2.6264333724975586,0.7189643979072571,1.0307434797286987,-1.1371421813964844,-1.081969976425171,-0.6609325408935547,2.6336612701416016,0.7399781346321106,1.0165956020355225,0.0014716386795043945,0.005147337913513184,0.044627606868743896,0.007227897644042969,0.021013736724853516,-0.01414787769317627
1769651690.3655353,full,goal16.png,0.8580408692359924,-1.1384018659591675,-1.0968412160873413,-0.6906262040138245,2.628856658935547,0.7277035117149353,1.0242458581924438,-1.1372807025909424,-1.089733600616455,-0.6499091982841492,2.634364128112793,0.7448190450668335,1.0123599767684937,0.0011211633682250977,0.0071076154708862305,0.04071700572967529,0.005507469177246094,0.017115533351898193,-0.011885881423950195
1769651690.4642334,full,goal16.png,0.8637477159500122,-1.1383109092712402,-1.1048988103866577,-0.6772977113723755,2.6314918994903564,0.7351250648498535,1.019338607788086,-1.1380531787872314,-1.096464991569519,-0.6403809189796448,2.633833885192871,0.7486332058906555,1.0090886354446411,0.00025773048400878906,0.008433818817138672,0.03691679239273071,0.0023419857025146484,0.013508141040802002,-0.010249972343444824
1769651690.5632212,full,goal16.png,0.8690478801727295,-1.1383411884307861,-1.1130473613739014,-0.6643025279045105,2.6327946186065674,0.7410925626754761,1.0143405199050903,-1.1385493278503418,-1.1025798320770264,-0.6297852396965027,2.634537935256958,0.7534103393554688,1.0061931610107422,-0.00020813941955566406,0.010467529296875,0.03451728820800781,0.001743316650390625,0.012317776679992676,-0.008147358894348145
1769651690.66282,full,goal16.png,0.866110622882843,-1.1383109092712402,-1.1191359758377075,-0.654911994934082,2.6330671310424805,0.7451062202453613,1.0111143589019775,-1.1385118961334229,-1.108994722366333,-0.6175193190574646,2.635181427001953,0.7592877745628357,1.0037076473236084,-0.0002009868621826172,0.010141253471374512,0.03739267587661743,0.0021142959594726562,0.014181554317474365,-0.007406711578369141
1769651690.7648516,full,goal16.png,0.865557849407196,-1.1384624242782593,-1.1243764162063599,-0.642613410949707,2.63358211517334,0.750013530254364,1.0079337358474731,-1.1380773782730103,-1.1145583391189575,-0.6073668003082275,2.635523796081543,0.7644885778427124,1.0018815994262695,0.00038504600524902344,0.009818077087402344,0.03524661064147949,0.001941680908203125,0.014475047588348389,-0.006052136421203613
1769651690.864568,full,goal16.png,0.8665070533752441,-1.138704776763916,-1.1297986507415771,-0.6313448548316956,2.634218215942383,0.7560569047927856,1.0052224397659302,-1.1379027366638184,-1.1195493936538696,-0.5987621545791626,2.6348628997802734,0.769692599773407,1.0011334419250488,0.0008020401000976562,0.01024925708770752,0.03258270025253296,0.000644683837890625,0.013635694980621338,-0.004088997840881348
1769651690.9680438,full,goal16.png,0.8660382628440857,-1.1388561725616455,-1.1357662677764893,-0.6212273240089417,2.634854316711426,0.7617820501327515,1.0031929016113281,-1.137580156326294,-1.123807668685913,-0.5911017656326294,2.635309934616089,0.7752101421356201,1.000831127166748,0.0012760162353515625,0.011958599090576172,0.030125558376312256,0.00045561790466308594,0.013428092002868652,-0.002361774444580078
1769651691.0639505,full,goal16.png,0.8638492822647095,-1.138735055923462,-1.1398859024047852,-0.6111704111099243,2.634854316711426,0.7663106918334961,1.002753734588623,-1.1372437477111816,-1.128227710723877,-0.5819129943847656,2.6358394622802734,0.78142249584198,1.0005203485488892,0.0014913082122802734,0.011658191680908203,0.02925741672515869,0.0009851455688476562,0.015111804008483887,-0.0022333860397338867
1769651691.1633992,full,goal16.png,0.8724066019058228,-1.1386744976043701,-1.141491413116455,-0.6027795076370239,2.634854316711426,0.7717329263687134,1.0019055604934692,-1.1366530656814575,-1.1307504177093506,-0.5771635174751282,2.6359493732452393,0.7844964265823364,1.0012907981872559,0.0020214319229125977,0.010740995407104492,0.025615990161895752,0.0010950565338134766,0.012763500213623047,-0.0006147623062133789
1769651691.262672,full,goal16.png,0.8654903769493103,-1.1383109092712402,-1.145914077758789,-0.5943583250045776,2.635157585144043,0.7779427170753479,1.0006332397460938,-1.1355805397033691,-1.1322333812713623,-0.5741225481033325,2.635812997817993,0.7862682938575745,1.002699375152588,0.0027303695678710938,0.013680696487426758,0.020235776901245117,0.0006554126739501953,0.008325576782226562,0.0020661354064941406
1769651691.3650632,full,goal16.png,0.8655871152877808,-1.137099266052246,-1.1513363122940063,-0.5887543559074402,2.6355814933776855,0.7819109559059143,1.0009968280792236,-1.1346442699432373,-1.1337246894836426,-0.570568323135376,2.6366870403289795,0.7883943915367126,1.0034058094024658,0.002454996109008789,0.01761162281036377,0.01818603277206421,0.0011055469512939453,0.00648343563079834,0.0024089813232421875
1769651691.463263,full,goal16.png,0.8724775314331055,-1.1353423595428467,-1.1539413928985596,-0.5838470458984375,2.6356117725372314,0.7843494415283203,1.0020115375518799,-1.1337525844573975,-1.1357303857803345,-0.5645475387573242,2.6366806030273438,0.7925571799278259,1.00411057472229,0.0015897750854492188,0.018211007118225098,0.01929950714111328,0.0010688304901123047,0.008207738399505615,0.0020990371704101562
1769651691.5650492,full,goal16.png,0.8732969164848328,-1.1348576545715332,-1.1545472145080566,-0.5801514387130737,2.63606595993042,0.7870000004768372,1.0028445720672607,-1.1329708099365234,-1.1385269165039062,-0.556563138961792,2.6380209922790527,0.7972763776779175,1.0037339925765991,0.0018868446350097656,0.01602029800415039,0.02358829975128174,0.0019550323486328125,0.010276377201080322,0.0008894205093383789
1769651691.664908,full,goal16.png,0.87315434217453,-1.1345547437667847,-1.1569706201553345,-0.5753955841064453,2.6362175941467285,0.7903472781181335,1.003859281539917,-1.132105827331543,-1.1406992673873901,-0.5506047606468201,2.6395440101623535,0.7996281385421753,1.002899169921875,0.0024489164352416992,0.016271352767944336,0.024790823459625244,0.003326416015625,0.009280860424041748,-0.0009601116180419922
1769651691.765198,full,goal16.png,0.8732507228851318,-1.133524775505066,-1.1600604057312012,-0.5680952072143555,2.637368679046631,0.7944972515106201,1.0045257806777954,-1.131667971611023,-1.142215371131897,-0.546872615814209,2.6415584087371826,0.8010621070861816,1.002177119255066,0.0018568038940429688,0.0178450345993042,0.021222591400146484,0.004189729690551758,0.0065648555755615234,-0.002348661422729492
1769651691.8644714,full,goal16.png,0.8821951150894165,-1.131616473197937,-1.1614538431167603,-0.5613400936126709,2.6386711597442627,0.797208309173584,1.0041775703430176,-1.1310129165649414,-1.1439437866210938,-0.5433197021484375,2.6427078247070312,0.8024860620498657,1.001924991607666,0.0006035566329956055,0.017510056495666504,0.0180203914642334,0.004036664962768555,0.005277752876281738,-0.0022525787353515625
1769651691.9637737,full,goal16.png,0.8785962462425232,-1.1308894157409668,-1.162514090538025,-0.5561299324035645,2.6403675079345703,0.7992379069328308,1.0030869245529175,-1.1301270723342896,-1.1456928253173828,-0.5407213568687439,2.6423845291137695,0.803559422492981,1.0019574165344238,0.0007623434066772461,0.01682126522064209,0.015408575534820557,0.0020170211791992188,0.0043215155601501465,-0.0011295080184936523
1769651692.063461,full,goal16.png,0.8743845224380493,-1.1307682991027832,-1.163725733757019,-0.5523737072944641,2.6418819427490234,0.8006767630577087,1.002768874168396,-1.1290075778961182,-1.1473610401153564,-0.5382886528968811,2.6406469345092773,0.8049991130828857,1.002871036529541,0.001760721206665039,0.016364693641662598,0.014085054397583008,-0.0012350082397460938,0.004322350025177002,0.00010216236114501953
1769651692.1640954,full,goal16.png,0.8760668039321899,-1.1305562257766724,-1.16517972946167,-0.5497989058494568,2.642094135284424,0.802358090877533,1.002420425415039,-1.128247857093811,-1.147799015045166,-0.5383407473564148,2.637803316116333,0.8063745498657227,1.0051524639129639,0.002308368682861328,0.017380714416503906,0.011458158493041992,-0.00429081916809082,0.004016458988189697,0.0027320384979248047
1769651692.2667148,full,goal16.png,0.8764971494674683,-1.1299201250076294,-1.1670881509780884,-0.5475573539733887,2.64176082611084,0.8037211894989014,1.0028446912765503,-1.127549171447754,-1.1486191749572754,-0.5376620888710022,2.635118007659912,0.8080260157585144,1.0068279504776,0.0023709535598754883,0.01846897602081299,0.009895265102386475,-0.006642818450927734,0.004304826259613037,0.003983259201049805
1769651692.364046,full,goal16.png,0.880005419254303,-1.1291627883911133,-1.167724370956421,-0.5466182827949524,2.639913320541382,0.8052963018417358,1.004510760307312,-1.1266518831253052,-1.1497857570648193,-0.5362001061439514,2.6330137252807617,0.8101998567581177,1.0074777603149414,0.0025109052658081055,0.017938613891601562,0.010418176651000977,-0.006899595260620117,0.004903554916381836,0.0029670000076293945
1769651692.4659286,full,goal16.png,0.8784760236740112,-1.127981424331665,-1.1683907508850098,-0.5458003282546997,2.637611150741577,0.8068109154701233,1.0060858726501465,-1.1261303424835205,-1.1514369249343872,-0.533082127571106,2.6328282356262207,0.8123589754104614,1.006887674331665,0.0018510818481445312,0.01695382595062256,0.01271820068359375,-0.004782915115356445,0.005548059940338135,0.0008018016815185547
1769651692.563732,full,goal16.png,0.8764503002166748,-1.1269514560699463,-1.1699053049087524,-0.544861376285553,2.635157585144043,0.8087043166160583,1.0074034929275513,-1.1257351636886597,-1.1524862051010132,-0.5306389331817627,2.6328024864196777,0.8135384321212769,1.0068819522857666,0.001216292381286621,0.017419099807739258,0.014222443103790283,-0.0023550987243652344,0.004834115505218506,-0.000521540641784668
1769651692.6671488,full,goal16.png,0.8779455423355103,-1.1262547969818115,-1.1716623306274414,-0.5427106022834778,2.634218215942383,0.8110669255256653,1.0070401430130005,-1.1252795457839966,-1.1536619663238525,-0.5268849730491638,2.632836103439331,0.8149343729019165,1.0068281888961792,0.0009752511978149414,0.018000364303588867,0.015825629234313965,-0.0013821125030517578,0.0038674473762512207,-0.00021195411682128906
1769651692.7666996,full,goal16.png,0.8742257356643677,-1.1261032819747925,-1.1729646921157837,-0.5398631691932678,2.6337943077087402,0.8124452829360962,1.0070552825927734,-1.124603509902954,-1.1539483070373535,-0.5244410037994385,2.6330032348632812,0.815960705280304,1.0075231790542603,0.001499772071838379,0.019016385078430176,0.015422165393829346,-0.0007910728454589844,0.0035154223442077637,0.0004678964614868164
1769651692.8641477,full,goal16.png,0.8739594221115112,-1.125951886177063,-1.17444908618927,-0.5364401936531067,2.6336123943328857,0.8139446973800659,1.0069794654846191,-1.1243393421173096,-1.1539599895477295,-0.5229762196540833,2.633505344390869,0.8169971704483032,1.0079690217971802,0.001612544059753418,0.020489096641540527,0.013463973999023438,-0.00010704994201660156,0.0030524730682373047,0.0009895563125610352
1769651692.963503,full,goal16.png,0.8760937452316284,-1.125618577003479,-1.1759333610534668,-0.5338350534439087,2.6336123943328857,0.8150957226753235,1.00719153881073,-1.124579906463623,-1.1537861824035645,-0.5219072103500366,2.6340725421905518,0.8171107769012451,1.0078465938568115,0.001038670539855957,0.022147178649902344,0.01192784309387207,0.0004601478576660156,0.002015054225921631,0.000655055046081543
1769651693.0656762,full,goal16.png,0.8719630241394043,-1.125133991241455,-1.1765695810317993,-0.5316842794418335,2.6337032318115234,0.8161559104919434,1.0076762437820435,-1.1247156858444214,-1.1539039611816406,-0.520022988319397,2.6334590911865234,0.8174044489860535,1.0079011917114258,0.0004183053970336914,0.02266561985015869,0.011661291122436523,-0.000244140625,0.0012485384941101074,0.00022494792938232422
1769651693.1628318,full,goal16.png,0.8774558305740356,-1.1249521970748901,-1.1765393018722534,-0.5298668146133423,2.6339457035064697,0.8165801167488098,1.0077670812606812,-1.1241366863250732,-1.1540346145629883,-0.5177642107009888,2.633927822113037,0.8180785179138184,1.0081920623779297,0.0008155107498168945,0.022504687309265137,0.012102603912353516,-1.7881393432617188e-05,0.001498401165008545,0.00042498111724853516
1769651693.2652156,full,goal16.png,0.8754656910896301,-1.1250430345535278,-1.177024006843567,-0.5281704664230347,2.633915424346924,0.8168678879737854,1.0079033374786377,-1.1235898733139038,-1.1545052528381348,-0.5175732374191284,2.6340811252593994,0.817516028881073,1.0085604190826416,0.0014531612396240234,0.02251875400543213,0.01059722900390625,0.00016570091247558594,0.0006481409072875977,0.0006570816040039062
1769651693.3660033,full,goal16.png,0.8752981424331665,-1.1250734329223633,-1.178084135055542,-0.5263226628303528,2.6339457035064697,0.8172920346260071,1.0080548524856567,-1.1229549646377563,-1.1546069383621216,-0.5190325975418091,2.6326353549957275,0.8165969848632812,1.009250283241272,0.0021184682846069336,0.02347719669342041,0.007290065288543701,-0.0013103485107421875,-0.0006950497627258301,0.0011954307556152344
1769651693.46481,full,goal16.png,0.8716417551040649,-1.1250430345535278,-1.178689956665039,-0.5254442095756531,2.634097099304199,0.8173373937606812,1.0081911087036133,-1.1232428550720215,-1.155015468597412,-0.5207630395889282,2.630155563354492,0.815878689289093,1.0100250244140625,0.0018001794815063477,0.023674488067626953,0.0046811699867248535,-0.003941535949707031,-0.0014587044715881348,0.0018339157104492188
1769651693.5652921,full,goal16.png,0.8732166290283203,-1.1242555379867554,-1.1786293983459473,-0.525474488735199,2.6337637901306152,0.8170799016952515,1.008448600769043,-1.1235527992248535,-1.1553829908370972,-0.522813081741333,2.6274545192718506,0.8159118890762329,1.0107752084732056,0.0007027387619018555,0.023246407508850098,0.002661406993865967,-0.0063092708587646484,-0.0011680126190185547,0.0023266077041625977
1769651693.664779,full,goal16.png,0.878324031829834,-1.1236495971679688,-1.1789625883102417,-0.5263529419898987,2.63161301612854,0.8166558742523193,1.008902907371521,-1.1235226392745972,-1.1558319330215454,-0.5220720171928406,2.6261534690856934,0.8170362710952759,1.011788249015808,0.00012695789337158203,0.02313065528869629,0.0042809247970581055,-0.00545954704284668,0.00038039684295654297,0.0028853416442871094
1769651693.7637205,full,goal16.png,0.879035472869873,-1.123740553855896,-1.1800228357315063,-0.5278069376945496,2.6290383338928223,0.8163529634475708,1.0094482898712158,-1.123537302017212,-1.1567702293395996,-0.5198986530303955,2.6269397735595703,0.8172122836112976,1.0112508535385132,0.00020325183868408203,0.02325260639190674,0.007908284664154053,-0.002098560333251953,0.0008593201637268066,0.0018025636672973633
1769651693.865243,full,goal16.png,0.8752142190933228,-1.1240434646606445,-1.1808710098266602,-0.5280492901802063,2.6270694732666016,0.8170799612998962,1.0104175806045532,-1.1238665580749512,-1.1572401523590088,-0.5181390643119812,2.62833833694458,0.8167160153388977,1.0100759267807007,0.00017690658569335938,0.023630857467651367,0.009910225868225098,0.0012688636779785156,-0.00036394596099853516,-0.00034165382385253906
1769651693.966531,full,goal16.png,0.8786137700080872,-1.1244674921035767,-1.181537389755249,-0.5274434685707092,2.6269783973693848,0.8172466158866882,1.0105235576629639,-1.1241803169250488,-1.156713604927063,-0.5188382863998413,2.6283979415893555,0.815895140171051,1.0098748207092285,0.00028717517852783203,0.024823784828186035,0.00860518217086792,0.0014195442199707031,-0.001351475715637207,-0.0006487369537353516
1769651694.0656695,full,goal16.png,0.8766414523124695,-1.1247098445892334,-1.1828399896621704,-0.5263832211494446,2.6273419857025146,0.8172768354415894,1.0103116035461426,-1.123889446258545,-1.1554666757583618,-0.5202698707580566,2.6275362968444824,0.8157309293746948,1.0099998712539673,0.0008203983306884766,0.027373313903808594,0.0061133503913879395,0.00019431114196777344,-0.0015459060668945312,-0.00031173229217529297
1769651694.1635082,full,goal16.png,0.87091463804245,-1.1247098445892334,-1.1841727495193481,-0.5262620449066162,2.627584457397461,0.8170192837715149,1.0100843906402588,-1.123586893081665,-1.1547927856445312,-0.5200073719024658,2.6281661987304688,0.8157006502151489,1.009823203086853,0.0011229515075683594,0.029379963874816895,0.006254673004150391,0.0005817413330078125,-0.0013186335563659668,-0.0002611875534057617
1769651694.2661476,full,goal16.png,0.8718209266662598,-1.1247401237487793,-1.1848998069763184,-0.5268073081970215,2.6274633407592773,0.8168376684188843,1.009993553161621,-1.1235910654067993,-1.1549723148345947,-0.5176510810852051,2.6293506622314453,0.8169203400611877,1.0092861652374268,0.0011490583419799805,0.029927492141723633,0.009156227111816406,0.0018873214721679688,8.26716423034668e-05,-0.0007073879241943359
1769651694.3645453,full,goal16.png,0.8718055486679077,-1.1248613595962524,-1.1854147911071777,-0.5271405577659607,2.627553939819336,0.8167921304702759,1.0099480152130127,-1.124302864074707,-1.155063271522522,-0.5166058540344238,2.629288673400879,0.8185132741928101,1.0099706649780273,0.0005584955215454102,0.03035151958465576,0.010534703731536865,0.0017347335815429688,0.0017211437225341797,2.2649765014648438e-05
1769651694.4648361,full,goal16.png,0.871435284614563,-1.1248008012771606,-1.1855661869049072,-0.5264135599136353,2.6280388832092285,0.8170041441917419,1.0097360610961914,-1.12507164478302,-1.1542084217071533,-0.5180357098579407,2.627812385559082,0.8193816542625427,1.011608600616455,-0.000270843505859375,0.031357765197753906,0.00837785005569458,-0.00022649765014648438,0.0023775100708007812,0.0018725395202636719
1769651694.5645857,full,goal16.png,0.8653746843338013,-1.125164270401001,-1.1862326860427856,-0.5256561636924744,2.6282505989074707,0.8176251649856567,1.0096603631973267,-1.125484824180603,-1.1533602476119995,-0.5194154977798462,2.626418113708496,0.8200675845146179,1.0130789279937744,-0.0003205537796020508,0.03287243843078613,0.006240665912628174,-0.0018324851989746094,0.0024424195289611816,0.003418564796447754
1769651694.6643019,full,goal16.png,0.8698186874389648,-1.1257095336914062,-1.186414361000061,-0.5257471203804016,2.6279783248901367,0.818579375743866,1.0106146335601807,-1.1258045434951782,-1.1528921127319336,-0.5197208523750305,2.626563787460327,0.8207061886787415,1.0140419006347656,-9.500980377197266e-05,0.03352224826812744,0.006026268005371094,-0.0014145374298095703,0.0021268129348754883,0.003427267074584961
1769651694.7652824,full,goal16.png,0.8731303215026855,-1.1260730028152466,-1.185960054397583,-0.5263832211494446,2.627190589904785,0.8193820714950562,1.0116596221923828,-1.1261227130889893,-1.1526349782943726,-0.5206789970397949,2.6273269653320312,0.8206432461738586,1.0153470039367676,-4.971027374267578e-05,0.03332507610321045,0.005704224109649658,0.00013637542724609375,0.0012611746788024902,0.0036873817443847656
1769651694.8657856,full,goal16.png,0.8670246601104736,-1.126436471939087,-1.1858994960784912,-0.5268678665161133,2.626948356628418,0.8202454447746277,1.0126440525054932,-1.1263421773910522,-1.1528599262237549,-0.5212674140930176,2.6272597312927246,0.8213872909545898,1.016406774520874,9.429454803466797e-05,0.03303956985473633,0.005600452423095703,0.0003113746643066406,0.0011418461799621582,0.0037627220153808594
1769651694.9649708,full,goal16.png,0.8658767938613892,-1.1268000602722168,-1.185990333557129,-0.527504026889801,2.6270389556884766,0.8205786943435669,1.0135527849197388,-1.1268868446350098,-1.153642177581787,-0.5217755436897278,2.62676739692688,0.8211725950241089,1.016431212425232,-8.678436279296875e-05,0.0323481559753418,0.005728483200073242,-0.0002715587615966797,0.0005939006805419922,0.002878427505493164
1769651695.0639117,full,goal16.png,0.8673913478851318,-1.1269211769104004,-1.185990333557129,-0.5280492901802063,2.6270694732666016,0.8211692571640015,1.0145677328109741,-1.1274012327194214,-1.1549584865570068,-0.5211582183837891,2.626744031906128,0.821401834487915,1.0158997774124146,-0.0004800558090209961,0.03103184700012207,0.006891071796417236,-0.0003254413604736328,0.00023257732391357422,0.0013320446014404297
1769651695.1637166,full,goal16.png,0.8754095435142517,-1.1269817352294922,-1.1867173910140991,-0.5285642147064209,2.6269783973693848,0.8212753534317017,1.015037178993225,-1.12769615650177,-1.155726671218872,-0.5206588506698608,2.627255439758301,0.8213703632354736,1.015663981437683,-0.000714421272277832,0.03099071979522705,0.007905364036560059,0.0002770423889160156,9.500980377197266e-05,0.0006268024444580078
1769651695.2628803,full,goal16.png,0.8670680522918701,-1.1273149251937866,-1.1880804300308228,-0.528533935546875,2.626948356628418,0.8213208317756653,1.0149916410446167,-1.1283235549926758,-1.1562800407409668,-0.5200711488723755,2.6266989707946777,0.8217678070068359,1.0156265497207642,-0.0010086297988891602,0.03180038928985596,0.008462786674499512,-0.0002493858337402344,0.0004469752311706543,0.0006349086761474609
1769651695.3644643,full,goal16.png,0.8651770353317261,-1.1276482343673706,-1.1896253824234009,-0.5284733772277832,2.6270995140075684,0.8213359117507935,1.0149766206741333,-1.1289879083633423,-1.1566951274871826,-0.5206968784332275,2.6247596740722656,0.8215555548667908,1.0158262252807617,-0.0013396739959716797,0.03293025493621826,0.007776498794555664,-0.0023398399353027344,0.00021964311599731445,0.000849604606628418
1769651695.465616,full,goal16.png,0.8579751253128052,-1.128435730934143,-1.190534234046936,-0.5283522605895996,2.626948356628418,0.8214116096496582,1.0149312019348145,-1.1302788257598877,-1.1571348905563354,-0.5232248902320862,2.6211600303649902,0.8195787072181702,1.0163663625717163,-0.001843094825744629,0.033399343490600586,0.005127370357513428,-0.005788326263427734,-0.0018329024314880371,0.0014351606369018555
1769651695.5666418,full,goal16.png,0.858604907989502,-1.129223346710205,-1.1912611722946167,-0.5283825397491455,2.6255245208740234,0.8213964700698853,1.014915943145752,-1.1314880847930908,-1.1577658653259277,-0.5259127616882324,2.6185102462768555,0.8166094422340393,1.0163428783416748,-0.002264738082885742,0.033495306968688965,0.002469778060913086,-0.007014274597167969,-0.004787027835845947,0.0014269351959228516
1769651695.6737792,full,goal16.png,0.8645367622375488,-1.1301320791244507,-1.1926243305206299,-0.5296547412872314,2.622798204421997,0.8208209276199341,1.0153703689575195,-1.132470965385437,-1.1586381196975708,-0.5275332927703857,2.6173529624938965,0.8142439126968384,1.0157712697982788,-0.002338886260986328,0.03398621082305908,0.002121448516845703,-0.005445241928100586,-0.006577014923095703,0.00040090084075927734
1769651695.7672985,full,goal16.png,0.8587427139282227,-1.1313741207122803,-1.1937147378921509,-0.5321992635726929,2.6201324462890625,0.8190186619758606,1.015718698501587,-1.1330411434173584,-1.1584783792495728,-0.528362512588501,2.619105815887451,0.8109009265899658,1.0156729221343994,-0.001667022705078125,0.035236358642578125,0.0038367509841918945,-0.0010266304016113281,-0.008117735385894775,-4.57763671875e-05
1769651695.8650079,full,goal16.png,0.8588067293167114,-1.1325252056121826,-1.1940783262252808,-0.5338956117630005,2.6188602447509766,0.8166860938072205,1.0158095359802246,-1.13311767578125,-1.1578068733215332,-0.5284824371337891,2.622037172317505,0.8080993294715881,1.0158791542053223,-0.0005924701690673828,0.03627145290374756,0.005413174629211426,0.0031769275665283203,-0.008586764335632324,6.961822509765625e-05
1769651695.9641209,full,goal16.png,0.8587188720703125,-1.1334642171859741,-1.1941086053848267,-0.5351982116699219,2.6189815998077393,0.8133388161659241,1.0161579847335815,-1.1330618858337402,-1.1570799350738525,-0.5271879434585571,2.624743938446045,0.8067430257797241,1.0160484313964844,0.0004023313522338867,0.03702867031097412,0.008010268211364746,0.005762338638305664,-0.006595790386199951,-0.00010955333709716797
1769651696.064248,full,goal16.png,0.8610875606536865,-1.1337671279907227,-1.194320559501648,-0.535804033279419,2.6201930046081543,0.8106125593185425,1.0164003372192383,-1.133347749710083,-1.156307578086853,-0.5272260904312134,2.62686824798584,0.8065668344497681,1.0166722536087036,0.00041937828063964844,0.03801298141479492,0.008577942848205566,0.006675243377685547,-0.004045724868774414,0.00027191638946533203
1769651696.1657808,full,goal16.png,0.8579355478286743,-1.1337065696716309,-1.1941691637039185,-0.5356525778770447,2.6226770877838135,0.808719277381897,1.0167183876037598,-1.1339229345321655,-1.155655860900879,-0.5280046463012695,2.6298489570617676,0.806027352809906,1.0166646242141724,-0.00021636486053466797,0.03851330280303955,0.0076479315757751465,0.0071718692779541016,-0.002691924571990967,-5.3763389587402344e-05
1769651696.264978,full,goal16.png,0.8576700687408447,-1.1337671279907227,-1.193684458732605,-0.5355616807937622,2.624645948410034,0.8080528378486633,1.0170818567276,-1.1343674659729004,-1.1548683643341064,-0.529936671257019,2.6329479217529297,0.8055061101913452,1.01600980758667,-0.0006003379821777344,0.038816094398498535,0.005625009536743164,0.008301973342895508,-0.0025467276573181152,-0.0010720491409301758
1769651696.3644185,full,goal16.png,0.8582955598831177,-1.1340397596359253,-1.1935633420944214,-0.5357434749603271,2.6273419857025146,0.8074925541877747,1.0173393487930298,-1.134629487991333,-1.1549758911132812,-0.5305081009864807,2.636201858520508,0.8051486015319824,1.014099359512329,-0.0005897283554077148,0.03858745098114014,0.0052353739738464355,0.008859872817993164,-0.0023439526557922363,-0.0032399892807006836
1769651696.4648678,full,goal16.png,0.8568931221961975,-1.1344033479690552,-1.1933209896087646,-0.5369248390197754,2.6308257579803467,0.8068866729736328,1.0168546438217163,-1.1351895332336426,-1.1550960540771484,-0.5310198068618774,2.638706684112549,0.8049471378326416,1.0122506618499756,-0.0007861852645874023,0.03822493553161621,0.005905032157897949,0.007880926132202148,-0.001939535140991211,-0.004603981971740723
1769651696.5653548,full,goal16.png,0.8596125841140747,-1.1346153020858765,-1.1933815479278564,-0.5377123951911926,2.634218215942383,0.8060839772224426,1.015870213508606,-1.1355479955673218,-1.1558678150177002,-0.5290799736976624,2.6405558586120605,0.8063637018203735,1.0103857517242432,-0.0009326934814453125,0.03751373291015625,0.008632421493530273,0.006337642669677734,0.0002797245979309082,-0.005484461784362793
1769651696.6650147,full,goal16.png,0.860501766204834,-1.134887933731079,-1.1936239004135132,-0.5386817455291748,2.6372172832489014,0.8055992126464844,1.0145677328109741,-1.1356565952301025,-1.15695321559906,-0.5273072123527527,2.6405997276306152,0.8081068992614746,1.008391261100769,-0.0007686614990234375,0.036670684814453125,0.01137453317642212,0.003382444381713867,0.0025076866149902344,-0.006176471710205078
1769651696.7672093,full,goal16.png,0.8550833463668823,-1.135069727897644,-1.1940783262252808,-0.5382879376411438,2.6394283771514893,0.8060385584831238,1.0129468441009521,-1.1350994110107422,-1.158528208732605,-0.525236189365387,2.639946460723877,0.8096290826797485,1.0064406394958496,-2.968311309814453e-05,0.03555011749267578,0.013051748275756836,0.0005180835723876953,0.003590524196624756,-0.006506204605102539
1769651696.8669634,full,goal16.png,0.8647915720939636,-1.135251522064209,-1.1952595710754395,-0.5372580289840698,2.6400344371795654,0.8075531125068665,1.01091730594635,-1.1343417167663574,-1.1593414545059204,-0.5258938074111938,2.6393394470214844,0.8091785907745361,1.005195140838623,0.0009098052978515625,0.03591811656951904,0.011364221572875977,-0.0006949901580810547,0.0016254782676696777,-0.005722165107727051
1769651696.974887,full,goal16.png,0.8538116216659546,-1.1351302862167358,-1.1968954801559448,-0.5359554886817932,2.6400647163391113,0.8093857169151306,1.0086607933044434,-1.133678913116455,-1.1585676670074463,-0.5279754400253296,2.639159679412842,0.8086574077606201,1.0057913064956665,0.0014513731002807617,0.038327813148498535,0.007980048656463623,-0.0009050369262695312,-0.000728309154510498,-0.0028694868087768555
1769651697.0665495,full,goal16.png,0.8485349416732788,-1.134887933731079,-1.198712944984436,-0.5358645915985107,2.6399433612823486,0.8097189664840698,1.0071460008621216,-1.1334409713745117,-1.1566100120544434,-0.5323540568351746,2.638500213623047,0.8073004484176636,1.0078232288360596,0.0014469623565673828,0.042102932929992676,0.0035105347633361816,-0.0014431476593017578,-0.00241851806640625,0.0006772279739379883
1769651697.1658335,full,goal16.png,0.8491508960723877,-1.1342518329620361,-1.1994097232818604,-0.5365915894508362,2.639822244644165,0.8096129298210144,1.006858229637146,-1.1336933374404907,-1.1537418365478516,-0.5410131216049194,2.6362030506134033,0.804138720035553,1.0118141174316406,0.0005584955215454102,0.04566788673400879,-0.004421532154083252,-0.0036191940307617188,-0.005474209785461426,0.004955887794494629
1769651697.2644536,full,goal16.png,0.8505430221557617,-1.1339186429977417,-1.1986219882965088,-0.5391967296600342,2.639549732208252,0.8089767694473267,1.0075852870941162,-1.1340737342834473,-1.151584267616272,-0.5501824617385864,2.633596897125244,0.8008608818054199,1.0155869722366333,-0.0001550912857055664,0.047037720680236816,-0.010985732078552246,-0.0059528350830078125,-0.008115887641906738,0.00800168514251709
1769651697.3655655,full,goal16.png,0.8468387126922607,-1.1339489221572876,-1.1967439651489258,-0.545861005783081,2.6383683681488037,0.8063262701034546,1.0105386972427368,-1.134508490562439,-1.1494038105010986,-0.5600783824920654,2.6302356719970703,0.797307014465332,1.0192787647247314,-0.0005595684051513672,0.04734015464782715,-0.014217376708984375,-0.008132696151733398,-0.009019255638122559,0.008740067481994629
1769651697.4658427,full,goal16.png,0.8481183648109436,-1.1340397596359253,-1.1954717636108398,-0.5541609525680542,2.6356725692749023,0.8029639720916748,1.0142040252685547,-1.1347134113311768,-1.147982120513916,-0.5669564008712769,2.626631259918213,0.794772744178772,1.0217463970184326,-0.0006736516952514648,0.04748964309692383,-0.012795448303222656,-0.009041309356689453,-0.008191227912902832,0.00754237174987793
1769651697.5660274,full,goal16.png,0.8447849750518799,-1.1341912746429443,-1.194472074508667,-0.5636120438575745,2.6324312686920166,0.8002678751945496,1.0170212984085083,-1.1346544027328491,-1.1461560726165771,-0.5727111101150513,2.62239670753479,0.7928146123886108,1.0248271226882935,-0.00046312808990478516,0.048316001892089844,-0.009099066257476807,-0.010034561157226562,-0.007453262805938721,0.007805824279785156
1769651697.6641607,full,goal16.png,0.8431471586227417,-1.1345244646072388,-1.1928060054779053,-0.5717908143997192,2.6286444664001465,0.7973143458366394,1.020095944404602,-1.1335022449493408,-1.1439502239227295,-0.5758222937583923,2.6180479526519775,0.792797327041626,1.0284323692321777,0.0010222196578979492,0.04885578155517578,-0.004031479358673096,-0.010596513748168945,-0.004517018795013428,0.008336424827575684
1769651697.7648754,full,goal16.png,0.8407073020935059,-1.1348273754119873,-1.1906553506851196,-0.5785459280014038,2.6239798069000244,0.7946487069129944,1.0232462882995605,-1.131943941116333,-1.1416473388671875,-0.5773484706878662,2.614572048187256,0.7938268184661865,1.0315468311309814,0.002883434295654297,0.04900801181793213,0.0011974573135375977,-0.009407758712768555,-0.0008218884468078613,0.008300542831420898
1769651697.8650558,full,goal16.png,0.8436838984489441,-1.1340700387954712,-1.1889891624450684,-0.5824536085128784,2.6201024055480957,0.793497622013092,1.0267298221588135,-1.1309490203857422,-1.1396431922912598,-0.5784177780151367,2.6114823818206787,0.7947088479995728,1.033743143081665,0.003121018409729004,0.049345970153808594,0.004035830497741699,-0.008620023727416992,0.0012112259864807129,0.0070133209228515625
1769651697.966884,full,goal16.png,0.8453153371810913,-1.1324949264526367,-1.1876866817474365,-0.5847558379173279,2.6168911457061768,0.7938156723976135,1.0298347473144531,-1.129991054534912,-1.1372394561767578,-0.579966127872467,2.6087112426757812,0.7953817844390869,1.0370382070541382,0.0025038719177246094,0.05044722557067871,0.00478971004486084,-0.008179903030395508,0.0015661120414733887,0.007203459739685059
1769651698.067679,full,goal16.png,0.8355452418327332,-1.1312832832336426,-1.1861417293548584,-0.5865127444267273,2.614225387573242,0.7944214940071106,1.0323187112808228,-1.129688024520874,-1.1345049142837524,-0.582301139831543,2.6070492267608643,0.7960317134857178,1.0407564640045166,0.0015952587127685547,0.05163681507110596,0.004211604595184326,-0.00717616081237793,0.0016102194786071777,0.008437752723693848
1769651698.1659007,full,goal16.png,0.8419399857521057,-1.1304956674575806,-1.182930827140808,-0.5879970192909241,2.6116206645965576,0.795315146446228,1.034757137298584,-1.1292271614074707,-1.1322314739227295,-0.5839980840682983,2.605903148651123,0.7971582412719727,1.0440618991851807,0.0012685060501098633,0.05069935321807861,0.003998935222625732,-0.00571751594543457,0.001843094825744629,0.00930476188659668
1769651698.2665565,full,goal16.png,0.8419715166091919,-1.1299504041671753,-1.1791443824768066,-0.5903295278549194,2.609530210494995,0.7961784601211548,1.037892460823059,-1.1285243034362793,-1.1310135126113892,-0.5850050449371338,2.6046252250671387,0.7983219623565674,1.0452018976211548,0.001426100730895996,0.04813086986541748,0.0053244829177856445,-0.004904985427856445,0.0021435022354125977,0.007309436798095703
1769651698.3642383,full,goal16.png,0.8452275991439819,-1.12940514087677,-1.1764482259750366,-0.5919955968856812,2.6081066131591797,0.7972690463066101,1.040770173072815,-1.1274878978729248,-1.1302591562271118,-0.5862884521484375,2.6037209033966064,0.7984764575958252,1.045607328414917,0.0019172430038452148,0.046189069747924805,0.005707144737243652,-0.004385709762573242,0.0012074112892150879,0.004837155342102051
1769651698.4634886,full,goal16.png,0.8542652130126953,-1.1289809942245483,-1.1742067337036133,-0.5932678580284119,2.6066527366638184,0.7982686758041382,1.042466402053833,-1.126931071281433,-1.1299365758895874,-0.5874380469322205,2.6045117378234863,0.7976303696632385,1.0449414253234863,0.0020499229431152344,0.04427015781402588,0.005829811096191406,-0.0021409988403320312,-0.0006383061408996582,0.0024750232696533203
1769651698.5640895,full,goal16.png,0.8508222699165344,-1.1281025409698486,-1.1724498271942139,-0.5944795608520508,2.605440855026245,0.798632025718689,1.0434662103652954,-1.1268229484558105,-1.1309468746185303,-0.5860671997070312,2.606534957885742,0.7974022626876831,1.0424128770828247,0.001279592514038086,0.041502952575683594,0.008412361145019531,0.0010941028594970703,-0.0012297630310058594,-0.0010533332824707031
1769651698.6649127,full,goal16.png,0.8403687477111816,-1.127042293548584,-1.1719045639038086,-0.595660924911499,2.60547137260437,0.7983595728874207,1.0436477661132812,-1.1272352933883667,-1.1320797204971313,-0.583759069442749,2.6081318855285645,0.797902524471283,1.039515733718872,-0.00019299983978271484,0.039824843406677246,0.01190185546875,0.002660512924194336,-0.0004570484161376953,-0.00413203239440918
1769651698.765519,full,goal16.png,0.8440631628036499,-1.1268000602722168,-1.172237753868103,-0.5955700278282166,2.606379985809326,0.7981474995613098,1.0428602695465088,-1.1275057792663574,-1.1320079565048218,-0.5845365524291992,2.6070897579193115,0.7976498603820801,1.038771390914917,-0.000705718994140625,0.04022979736328125,0.011033475399017334,0.0007097721099853516,-0.0004976391792297363,-0.004088878631591797
1769651698.8628616,full,goal16.png,0.8425602912902832,-1.127042293548584,-1.172873854637146,-0.5945098400115967,2.6076221466064453,0.7980414628982544,1.0410276651382446,-1.1275856494903564,-1.1303516626358032,-0.5883951187133789,2.6041293144226074,0.7963823080062866,1.0406415462493896,-0.0005433559417724609,0.04252219200134277,0.0061147212982177734,-0.0034928321838378906,-0.0016591548919677734,-0.00038611888885498047
1769651698.9653437,full,goal16.png,0.8379068374633789,-1.127224087715149,-1.1729646921157837,-0.5945098400115967,2.6076221466064453,0.7979202270507812,1.0399975776672363,-1.127648115158081,-1.1282377243041992,-0.5929226279258728,2.6021878719329834,0.7948300242424011,1.042912244796753,-0.0004240274429321289,0.04472696781158447,0.001587212085723877,-0.005434274673461914,-0.003090202808380127,0.0029146671295166016
1769651699.066037,full,goal16.png,0.8357020616531372,-1.1271332502365112,-1.1727224588394165,-0.5963879227638245,2.6062588691711426,0.7975718975067139,1.040285348892212,-1.127769112586975,-1.1266272068023682,-0.5952084064483643,2.6009511947631836,0.7943678498268127,1.0445129871368408,-0.0006358623504638672,0.04609525203704834,0.001179516315460205,-0.005307674407958984,-0.003204047679901123,0.004227638244628906
1769651699.1641273,full,goal16.png,0.8450095057487488,-1.1271029710769653,-1.1715712547302246,-0.5998412370681763,2.604259729385376,0.7967994809150696,1.0411183834075928,-1.1277581453323364,-1.126021385192871,-0.59534752368927,2.600945234298706,0.7950342893600464,1.0450929403305054,-0.0006551742553710938,0.045549869537353516,0.00449371337890625,-0.003314495086669922,-0.0017651915550231934,0.003974556922912598
1769651699.2627113,full,goal16.png,0.84107905626297,-1.1272543668746948,-1.1693600416183472,-0.6027189493179321,2.6028661727905273,0.7954817414283752,1.042799711227417,-1.127108097076416,-1.1261396408081055,-0.5941625833511353,2.6003003120422363,0.7964953184127808,1.04563307762146,0.0001462697982788086,0.0432204008102417,0.008556365966796875,-0.0025658607482910156,0.0010135769844055176,0.0028333663940429688
1769651699.3614614,full,goal16.png,0.8412209749221802,-1.1273149251937866,-1.1678454875946045,-0.6035670638084412,2.602290630340576,0.7954363226890564,1.043269157409668,-1.1265337467193604,-1.125815510749817,-0.5938537120819092,2.5989623069763184,0.7976289987564087,1.0464204549789429,0.0007811784744262695,0.0420299768447876,0.009713351726531982,-0.0033283233642578125,0.002192676067352295,0.0031512975692749023
1769651699.4655375,full,goal16.png,0.8420413732528687,-1.1271029710769653,-1.1676030158996582,-0.6035065054893494,2.6015334129333496,0.7960875630378723,1.043890357017517,-1.1264476776123047,-1.1247925758361816,-0.5950126051902771,2.5971169471740723,0.7978495359420776,1.047610878944397,0.0006552934646606445,0.04281044006347656,0.008493900299072266,-0.004416465759277344,0.0017619729042053223,0.003720521926879883
1769651699.5647242,full,goal16.png,0.8402653932571411,-1.1267393827438354,-1.167633295059204,-0.6034762263298035,2.600442886352539,0.7970115542411804,1.0447534322738647,-1.1263847351074219,-1.1235177516937256,-0.5960644483566284,2.595724105834961,0.798393189907074,1.0490179061889648,0.0003546476364135742,0.044115543365478516,0.007411777973175049,-0.004718780517578125,0.0013816356658935547,0.004264473915100098
1769651699.6648293,full,goal16.png,0.8451597690582275,-1.1264971494674683,-1.1670275926589966,-0.6038398146629333,2.5987465381622314,0.7978293895721436,1.0457228422164917,-1.1265599727630615,-1.122176170349121,-0.5976253151893616,2.5946593284606934,0.798304557800293,1.0503015518188477,-6.282329559326172e-05,0.04485142230987549,0.006214499473571777,-0.004087209701538086,0.00047516822814941406,0.004578709602355957
1769651699.763172,full,goal16.png,0.8514002561569214,-1.1264667510986328,-1.1660279035568237,-0.6046273708343506,2.596928834915161,0.798707902431488,1.0472373962402344,-1.1263781785964966,-1.1220910549163818,-0.5975520610809326,2.59462833404541,0.7984039783477783,1.0512769222259521,8.857250213623047e-05,0.043936848640441895,0.007075309753417969,-0.0023005008697509766,-0.0003039240837097168,0.0040395259857177734
1769651699.8626022,full,goal16.png,0.8473591804504395,-1.1265274286270142,-1.165300965309143,-0.6056270003318787,2.5958688259124756,0.798541247844696,1.0487066507339478,-1.1258225440979004,-1.1232686042785645,-0.5962879061698914,2.5956382751464844,0.7978681921958923,1.050722599029541,0.0007048845291137695,0.04203236103057861,0.009339094161987305,-0.00023055076599121094,-0.0006730556488037109,0.0020159482955932617
1769651699.9661632,full,goal16.png,0.8483352661132812,-1.1263759136199951,-1.1650888919830322,-0.6060208082199097,2.5954749584198,0.7987836003303528,1.04985773563385,-1.1254377365112305,-1.1244359016418457,-0.5943669676780701,2.5961570739746094,0.7977836728096008,1.0504014492034912,0.0009381771087646484,0.04065299034118652,0.0116538405418396,0.0006821155548095703,-0.0009999275207519531,0.0005437135696411133
1769651700.0630279,full,goal16.png,0.8492773771286011,-1.1262245178222656,-1.165149450302124,-0.6057481169700623,2.595656633377075,0.7986927032470703,1.0499184131622314,-1.1255693435668945,-1.124459981918335,-0.5936071872711182,2.596255302429199,0.7973894476890564,1.0506266355514526,0.0006551742553710938,0.04068946838378906,0.012140929698944092,0.0005986690521240234,-0.001303255558013916,0.0007082223892211914
1769651700.1648397,full,goal16.png,0.8426337242126465,-1.1260124444961548,-1.1653918027877808,-0.6048697233200073,2.5959293842315674,0.7986471652984619,1.0499334335327148,-1.1258388757705688,-1.1242595911026,-0.5931543111801147,2.595766305923462,0.7972241044044495,1.0513975620269775,0.0001735687255859375,0.041132211685180664,0.011715412139892578,-0.00016307830810546875,-0.0014230608940124512,0.0014641284942626953
1769651700.27055,full,goal16.png,0.8495665788650513,-1.125921607017517,-1.1655431985855103,-0.6042335629463196,2.596050500869751,0.7984958291053772,1.0499939918518066,-1.1259567737579346,-1.1237810850143433,-0.5936343669891357,2.596465587615967,0.796431839466095,1.0517032146453857,-3.516674041748047e-05,0.04176211357116699,0.010599195957183838,0.0004150867462158203,-0.0020639896392822266,0.0017092227935791016
1769651700.3644755,full,goal16.png,0.8460501432418823,-1.125921607017517,-1.1656341552734375,-0.6037185788154602,2.596019983291626,0.7981928586959839,1.050357460975647,-1.1259628534317017,-1.1237802505493164,-0.5939614176750183,2.5968451499938965,0.7960197925567627,1.0516810417175293,-4.124641418457031e-05,0.041853904724121094,0.009757161140441895,0.0008251667022705078,-0.0021730661392211914,0.0013235807418823242
1769651700.4675074,full,goal16.png,0.8467037081718445,-1.1259821653366089,-1.1655129194259644,-0.6037488579750061,2.5961413383483887,0.7975718379020691,1.0509179830551147,-1.1260192394256592,-1.1242412328720093,-0.5940511226654053,2.5970778465270996,0.7956778407096863,1.0510056018829346,-3.707408905029297e-05,0.04127168655395508,0.00969773530960083,0.0009365081787109375,-0.0018939971923828125,8.761882781982422e-05
1769651700.5641649,full,goal16.png,0.8467882871627808,-1.1260730028152466,-1.1654220819473267,-0.6038398146629333,2.596383810043335,0.7970114946365356,1.051448106765747,-1.1259227991104126,-1.125201940536499,-0.5932252407073975,2.596163749694824,0.7959921360015869,1.050403356552124,0.00015020370483398438,0.04022014141082764,0.010614573955535889,-0.0002200603485107422,-0.0010193586349487305,-0.0010447502136230469
1769651700.6651986,full,goal16.png,0.8475196957588196,-1.1261032819747925,-1.1654220819473267,-0.6039003729820251,2.596626043319702,0.7967539429664612,1.0513420104980469,-1.1254451274871826,-1.1255786418914795,-0.5926785469055176,2.596281051635742,0.7963021993637085,1.0502040386199951,0.0006581544876098633,0.03984344005584717,0.011221826076507568,-0.00034499168395996094,-0.00045174360275268555,-0.0011379718780517578
1769651700.764158,full,goal16.png,0.8478580713272095,-1.1260730028152466,-1.1657249927520752,-0.6036882996559143,2.5964744091033936,0.7966329455375671,1.0510996580123901,-1.1252504587173462,-1.1255240440368652,-0.592037558555603,2.596994638442993,0.7967269420623779,1.0500961542129517,0.0008225440979003906,0.04020094871520996,0.01165074110031128,0.0005202293395996094,9.399652481079102e-05,-0.0010035037994384766
1769651700.8647547,full,goal16.png,0.847773551940918,-1.125921607017517,-1.165967345237732,-0.6033247709274292,2.5964138507843018,0.796738862991333,1.0509331226348877,-1.1253325939178467,-1.1252326965332031,-0.5922333002090454,2.597435474395752,0.7968150973320007,1.0500632524490356,0.0005890130996704102,0.04073464870452881,0.011091470718383789,0.0010216236114501953,7.623434066772461e-05,-0.0008698701858520508
1769651700.963708,full,goal16.png,0.845007061958313,-1.1258306503295898,-1.1661187410354614,-0.6028097867965698,2.5965349674224854,0.7969054579734802,1.0507665872573853,-1.1259186267852783,-1.1247295141220093,-0.5935561060905457,2.597146511077881,0.7962160706520081,1.0505422353744507,-8.797645568847656e-05,0.04138922691345215,0.00925368070602417,0.0006115436553955078,-0.000689387321472168,-0.0002243518829345703
1769651701.0645118,full,goal16.png,0.8447866439819336,-1.125800371170044,-1.1660884618759155,-0.6027795076370239,2.5968077182769775,0.7969661355018616,1.0507361888885498,-1.1260955333709717,-1.1242787837982178,-0.5941914319992065,2.596189498901367,0.7961214780807495,1.0512816905975342,-0.0002951622009277344,0.041809678077697754,0.008588075637817383,-0.0006182193756103516,-0.0008446574211120605,0.000545501708984375
1769651701.1654365,full,goal16.png,0.8486390113830566,-1.125951886177063,-1.1660581827163696,-0.6031127572059631,2.5968682765960693,0.7968904376029968,1.0507816076278687,-1.125777006149292,-1.1244072914123535,-0.5933082699775696,2.5956954956054688,0.7963905334472656,1.0515289306640625,0.0001748800277709961,0.04165089130401611,0.009804487228393555,-0.001172780990600586,-0.0004999041557312012,0.0007473230361938477
1769651701.2656794,full,goal16.png,0.8444780111312866,-1.1261335611343384,-1.165937066078186,-0.6035367846488953,2.596595525741577,0.796738862991333,1.050993800163269,-1.1256957054138184,-1.1246302127838135,-0.592919647693634,2.5952532291412354,0.7962968349456787,1.0516142845153809,0.00043785572052001953,0.04130685329437256,0.01061713695526123,-0.0013422966003417969,-0.0004420280456542969,0.0006204843521118164
1769651701.3673716,full,goal16.png,0.8449031114578247,-1.1261032819747925,-1.1658765077590942,-0.6034156680107117,2.5962624549865723,0.7967237234115601,1.0511603355407715,-1.1259300708770752,-1.1251885890960693,-0.5924015045166016,2.5961220264434814,0.795985758304596,1.050704002380371,0.00017321109771728516,0.0406879186630249,0.011014163494110107,-0.0001404285430908203,-0.0007379651069641113,-0.0004563331604003906
1769651701.4642773,full,goal16.png,0.8441950082778931,-1.1260124444961548,-1.1658462285995483,-0.6032036542892456,2.595989942550659,0.7967389225959778,1.0512056350708008,-1.1262876987457275,-1.1256005764007568,-0.5916767120361328,2.596947193145752,0.7957054972648621,1.0503966808319092,-0.0002752542495727539,0.040245652198791504,0.011526942253112793,0.0009572505950927734,-0.0010334253311157227,-0.0008089542388916016
1769651701.564905,full,goal16.png,0.8503229022026062,-1.1261638402938843,-1.1658765077590942,-0.6029915809631348,2.596050500869751,0.7966935038566589,1.051160216331482,-1.126554012298584,-1.1259502172470093,-0.5907341241836548,2.597963809967041,0.7956078052520752,1.0499924421310425,-0.00039017200469970703,0.03992629051208496,0.01225745677947998,0.001913309097290039,-0.0010856986045837402,-0.0011677742004394531
1769651701.6621494,full,goal16.png,0.8547464609146118,-1.1264667510986328,-1.1660581827163696,-0.6024765968322754,2.5964744091033936,0.7966026067733765,1.051008701324463,-1.126617193222046,-1.126661777496338,-0.5890520811080933,2.600048542022705,0.7955459356307983,1.0483951568603516,-0.00015044212341308594,0.03939640522003174,0.013424515724182129,0.0035741329193115234,-0.001056671142578125,-0.002613544464111328
1769651701.7627144,full,goal16.png,0.8488348126411438,-1.126769781112671,-1.1661187410354614,-0.6018404364585876,2.5971105098724365,0.7964360117912292,1.0507816076278687,-1.1266469955444336,-1.1282360553741455,-0.5860277414321899,2.6026360988616943,0.7954821586608887,1.0455511808395386,0.0001227855682373047,0.03788268566131592,0.015812695026397705,0.0055255889892578125,-0.0009538531303405762,-0.005230426788330078
1769651701.8658931,full,goal16.png,0.8531507253646851,-1.1268606185913086,-1.1663914918899536,-0.6005379557609558,2.598897933959961,0.7962390184402466,1.049888014793396,-1.1267139911651611,-1.1293400526046753,-0.583757221698761,2.605363607406616,0.7949594259262085,1.0431169271469116,0.00014662742614746094,0.03705143928527832,0.016780734062194824,0.0064656734466552734,-0.001279592514038086,-0.006771087646484375
1769651701.968481,full,goal16.png,0.8516423106193542,-1.127012014389038,-1.167209267616272,-0.5984174609184265,2.6012911796569824,0.7957090139389038,1.047328233718872,-1.1271482706069946,-1.1301777362823486,-0.5823376178741455,2.6075375080108643,0.7943555116653442,1.040642261505127,-0.00013625621795654297,0.03703153133392334,0.016079843044281006,0.006246328353881836,-0.0013535022735595703,-0.006685972213745117
1769651702.0642176,full,goal16.png,0.8514345288276672,-1.127042293548584,-1.1682090759277344,-0.5964182019233704,2.603956460952759,0.7951333522796631,1.0451775789260864,-1.127251148223877,-1.1312081813812256,-0.5806102752685547,2.6085751056671143,0.7944058179855347,1.0387097597122192,-0.00020885467529296875,0.03700089454650879,0.015807926654815674,0.004618644714355469,-0.000727534294128418,-0.0064678192138671875
1769651702.160511,full,goal16.png,0.8470669984817505,-1.127193808555603,-1.1689056158065796,-0.5947824120521545,2.606440544128418,0.7949365973472595,1.042617917060852,-1.1272008419036865,-1.1317827701568604,-0.5801847577095032,2.60840106010437,0.7940509915351868,1.0385138988494873,-7.033348083496094e-06,0.03712284564971924,0.014597654342651367,0.0019605159759521484,-0.0008856058120727539,-0.004104018211364746
1769651702.265695,full,goal16.png,0.84418785572052,-1.1272846460342407,-1.1696630716323853,-0.5931466817855835,2.6079249382019043,0.7946487069129944,1.0405128002166748,-1.127168893814087,-1.1314725875854492,-0.5817480087280273,2.6080315113067627,0.7938686013221741,1.0394160747528076,0.0001157522201538086,0.038190484046936035,0.011398673057556152,0.00010657310485839844,-0.0007801055908203125,-0.0010967254638671875
1769651702.3616061,full,goal16.png,0.8505441546440125,-1.1276785135269165,-1.1701476573944092,-0.5923287868499756,2.608288288116455,0.7946487069129944,1.0396645069122314,-1.1275274753570557,-1.13046133518219,-0.5839835405349731,2.6076412200927734,0.7938253879547119,1.0404658317565918,0.00015103816986083984,0.03968632221221924,0.008345246315002441,-0.0006470680236816406,-0.0008233189582824707,0.0008013248443603516
1769651702.463902,full,goal16.png,0.8555092811584473,-1.1280419826507568,-1.1701172590255737,-0.59266197681427,2.608288288116455,0.7946033477783203,1.0397099256515503,-1.127949833869934,-1.1305122375488281,-0.5849117636680603,2.6081366539001465,0.7937875390052795,1.040698766708374,9.21487808227539e-05,0.039605021476745605,0.007750213146209717,-0.00015163421630859375,-0.0008158087730407715,0.0009888410568237305
1769651702.563702,full,goal16.png,0.8534047603607178,-1.1282843351364136,-1.1699961423873901,-0.5937828421592712,2.6081671714782715,0.7944214940071106,1.039952278137207,-1.1280548572540283,-1.1313986778259277,-0.5840325355529785,2.608458995819092,0.7936698198318481,1.0403698682785034,0.0002294778823852539,0.0385974645614624,0.009750306606292725,0.0002918243408203125,-0.0007516741752624512,0.0004175901412963867
1769651702.6644158,full,goal16.png,0.8533957004547119,-1.1284964084625244,-1.1699355840682983,-0.594661295413971,2.6082277297973633,0.7943457961082458,1.0401793718338013,-1.1282086372375488,-1.132389783859253,-0.5827258825302124,2.609426975250244,0.7934107780456543,1.039747714996338,0.00028777122497558594,0.03754580020904541,0.011935412883758545,0.0011992454528808594,-0.0009350180625915527,-0.0004316568374633789
1769651702.7651315,full,goal16.png,0.846794605255127,-1.1285266876220703,-1.170026421546936,-0.5945098400115967,2.6084094047546387,0.794285237789154,1.0401793718338013,-1.1282627582550049,-1.1330163478851318,-0.5807561874389648,2.6098146438598633,0.7937417030334473,1.0390805006027222,0.0002639293670654297,0.0370100736618042,0.013753652572631836,0.0014052391052246094,-0.0005435347557067871,-0.0010988712310791016
1769651702.864897,full,goal16.png,0.8415323495864868,-1.1282843351364136,-1.17035973072052,-0.5940554141998291,2.6091365814208984,0.7942699790000916,1.040134072303772,-1.1282525062561035,-1.132224440574646,-0.5818593502044678,2.609367847442627,0.7935992479324341,1.0396357774734497,3.1828880310058594e-05,0.03813529014587402,0.012196063995361328,0.00023126602172851562,-0.0006707310676574707,-0.0004982948303222656
1769651702.9695172,full,goal16.png,0.8455377221107483,-1.1281934976577759,-1.1713290214538574,-0.5929043292999268,2.6097424030303955,0.7943761348724365,1.0399370193481445,-1.1284842491149902,-1.130095362663269,-0.5855218768119812,2.6078858375549316,0.7931802868843079,1.0411999225616455,-0.00029075145721435547,0.04123365879058838,0.007382452487945557,-0.0018565654754638672,-0.0011958479881286621,0.0012629032135009766
1769651703.062656,full,goal16.png,0.8433437347412109,-1.1282237768173218,-1.1715106964111328,-0.5929952263832092,2.6097121238708496,0.7943609356880188,1.039952278137207,-1.1283175945281982,-1.1279014348983765,-0.5892211198806763,2.6052658557891846,0.793229341506958,1.0433332920074463,-9.381771087646484e-05,0.04360926151275635,0.003774106502532959,-0.004446268081665039,-0.001131594181060791,0.003381013870239258
1769651703.162644,full,goal16.png,0.8454846739768982,-1.1283146142959595,-1.1707231998443604,-0.5946915745735168,2.6091971397399902,0.7940883040428162,1.0403157472610474,-1.1281754970550537,-1.125932216644287,-0.5923057794570923,2.602877378463745,0.7930116057395935,1.045581340789795,0.00013911724090576172,0.04479098320007324,0.0023857951164245605,-0.006319761276245117,-0.0010766983032226562,0.005265593528747559
1769651703.266923,full,goal16.png,0.8456218838691711,-1.1283146142959595,-1.1686936616897583,-0.5977814197540283,2.6072583198547363,0.7938004732131958,1.0416032075881958,-1.1277610063552856,-1.1248806715011597,-0.5937948226928711,2.6005988121032715,0.7934441566467285,1.047419786453247,0.0005536079406738281,0.04381299018859863,0.0039865970611572266,-0.006659507751464844,-0.00035631656646728516,0.0058165788650512695
1769651703.3630257,full,goal16.png,0.8473752737045288,-1.1282843351364136,-1.167178988456726,-0.6000532507896423,2.604865312576294,0.7933915853500366,1.0436480045318604,-1.1278083324432373,-1.12485933303833,-0.5939872860908508,2.6005218029022217,0.7936066389083862,1.0476109981536865,0.00047600269317626953,0.042319655418395996,0.006065964698791504,-0.004343509674072266,0.00021505355834960938,0.003962993621826172
1769651703.463238,full,goal16.png,0.8562352061271667,-1.1282540559768677,-1.1660884618759155,-0.6018101572990417,2.6028053760528564,0.7935581803321838,1.0451472997665405,-1.1278929710388184,-1.1255011558532715,-0.5921136140823364,2.602281093597412,0.7935571670532227,1.0463714599609375,0.0003610849380493164,0.04058730602264404,0.009696543216705322,-0.0005242824554443359,-1.0132789611816406e-06,0.0012241601943969727
1769651703.5664814,full,goal16.png,0.8576178550720215,-1.1281934976577759,-1.1658159494400024,-0.6024463176727295,2.601987600326538,0.7936188578605652,1.0456318855285645,-1.1281229257583618,-1.1270017623901367,-0.5893117189407349,2.60517954826355,0.7930644750595093,1.0437095165252686,7.05718994140625e-05,0.03881418704986572,0.013134598731994629,0.0031919479370117188,-0.0005543828010559082,-0.0019223690032958984
1769651703.6625924,full,goal16.png,0.8535513877868652,-1.1281934976577759,-1.1658462285995483,-0.6019616723060608,2.6024420261383057,0.793679416179657,1.0455713272094727,-1.1280065774917603,-1.128318428993225,-0.5860251188278198,2.6075849533081055,0.7931004762649536,1.041768193244934,0.000186920166015625,0.03752779960632324,0.015936553478240967,0.005142927169799805,-0.0005789399147033691,-0.0038031339645385742
1769651703.7613852,full,goal16.png,0.8512564897537231,-1.1283146142959595,-1.166300654411316,-0.6003561615943909,2.6041080951690674,0.7935885787010193,1.044844388961792,-1.1280993223190308,-1.1289141178131104,-0.5844267010688782,2.6089229583740234,0.7926037311553955,1.041060447692871,0.00021529197692871094,0.037386536598205566,0.015929460525512695,0.004814863204956055,-0.0009848475456237793,-0.0037839412689208984
1769651703.862918,full,goal16.png,0.8535981774330139,-1.1283146142959595,-1.1668457984924316,-0.5981751680374146,2.6065616607666016,0.7934219241142273,1.043587327003479,-1.1283314228057861,-1.1292966604232788,-0.5833035707473755,2.610045909881592,0.7923570871353149,1.0407212972640991,-1.6808509826660156e-05,0.03754913806915283,0.014871597290039062,0.0034842491149902344,-0.0010648369789123535,-0.002866029739379883
1769651703.9645245,full,goal16.png,0.8461358547210693,-1.1283751726150513,-1.1674213409423828,-0.596297025680542,2.6082582473754883,0.7930583953857422,1.042436122894287,-1.1285194158554077,-1.1298203468322754,-0.5822796821594238,2.610424280166626,0.7926626801490784,1.040340781211853,-0.0001442432403564453,0.03760099411010742,0.014017343521118164,0.0021660327911376953,-0.00039571523666381836,-0.002095341682434082
1769651704.0642166,full,goal16.png,0.8476830720901489,-1.1284054517745972,-1.1678454875946045,-0.5951157212257385,2.6094696521759033,0.7929220199584961,1.0418758392333984,-1.1288256645202637,-1.130023717880249,-0.5824189186096191,2.6114654541015625,0.7928677797317505,1.0395808219909668,-0.0004202127456665039,0.03782176971435547,0.012696802616119385,0.0019958019256591797,-5.424022674560547e-05,-0.0022950172424316406
1769651704.1638408,full,goal16.png,0.8541066646575928,-1.1285569667816162,-1.1680877208709717,-0.5941159725189209,2.610257387161255,0.7930734753608704,1.0414516925811768,-1.129429578781128,-1.1303250789642334,-0.5830699801445007,2.612217664718628,0.792962908744812,1.038482904434204,-0.0008726119995117188,0.03776264190673828,0.011045992374420166,0.001960277557373047,-0.00011056661605834961,-0.0029687881469726562
1769651704.2639346,full,goal16.png,0.8553259968757629,-1.1287083625793457,-1.167966604232788,-0.5936919450759888,2.6111056804656982,0.7932401895523071,1.0408307313919067,-1.1300158500671387,-1.1310486793518066,-0.5835957527160645,2.6131324768066406,0.7925230264663696,1.03727126121521,-0.0013074874877929688,0.036917924880981445,0.010096192359924316,0.002026796340942383,-0.0007171630859375,-0.0035594701766967773
1769651704.363014,full,goal16.png,0.8555446863174438,-1.1290112733840942,-1.1678454875946045,-0.5937828421592712,2.6116812229156494,0.7932553291320801,1.039937138557434,-1.1304948329925537,-1.13291335105896,-0.5814114809036255,2.6131367683410645,0.7939900755882263,1.0354180335998535,-0.0014835596084594727,0.03493213653564453,0.012371361255645752,0.001455545425415039,0.0007347464561462402,-0.004519104957580566
1769651704.4609532,full,goal16.png,0.8579619526863098,-1.1297080516815186,-1.1682696342468262,-0.5939645767211914,2.612377882003784,0.7929524183273315,1.0387860536575317,-1.1305906772613525,-1.1338746547698975,-0.5800044536590576,2.6126232147216797,0.7956185340881348,1.0342884063720703,-0.0008826255798339844,0.03439497947692871,0.013960123062133789,0.0002453327178955078,0.0026661157608032227,-0.004497647285461426
1769651704.5650291,full,goal16.png,0.8594579696655273,-1.1304349899291992,-1.1690571308135986,-0.5930255055427551,2.6126503944396973,0.7940731644630432,1.036938190460205,-1.1301932334899902,-1.1346909999847412,-0.5785423517227173,2.6119136810302734,0.7971396446228027,1.0330458879470825,0.00024175643920898438,0.03436613082885742,0.014483153820037842,-0.0007367134094238281,0.0030664801597595215,-0.0038923025131225586
1769651704.663639,full,goal16.png,0.8546285033226013,-1.13064706325531,-1.170177936553955,-0.5917835831642151,2.6125898361206055,0.7953606247901917,1.0356204509735107,-1.1300796270370483,-1.134939432144165,-0.5786134004592896,2.6112561225891113,0.7973116040229797,1.0331083536148071,0.0005674362182617188,0.03523850440979004,0.013170182704925537,-0.0013337135314941406,0.001950979232788086,-0.0025120973587036133
1769651704.7628074,full,goal16.png,0.8534073233604431,-1.1304653882980347,-1.1716320514678955,-0.590783953666687,2.612438440322876,0.7960724234580994,1.0348783731460571,-1.1300718784332275,-1.1350579261779785,-0.5800796151161194,2.6101579666137695,0.7967638373374939,1.0337334871292114,0.0003935098648071289,0.03657412528991699,0.010704338550567627,-0.0022804737091064453,0.0006914138793945312,-0.0011448860168457031
1769651704.8618371,full,goal16.png,0.8479659557342529,-1.1304047107696533,-1.172571063041687,-0.5904809832572937,2.612165689468384,0.796360194683075,1.0345906019210815,-1.1297507286071777,-1.1343153715133667,-0.5817906856536865,2.6093993186950684,0.7962062358856201,1.0351752042770386,0.0006539821624755859,0.03825569152832031,0.008690297603607178,-0.0027663707733154297,-0.00015395879745483398,0.0005846023559570312
1769651704.961465,full,goal16.png,0.8531675338745117,-1.1304956674575806,-1.1726619005203247,-0.5908142328262329,2.611469030380249,0.796329915523529,1.0346814393997192,-1.129108190536499,-1.133694052696228,-0.5826667547225952,2.608916997909546,0.7959004640579224,1.0363922119140625,0.001387476921081543,0.03896784782409668,0.008147478103637695,-0.002552032470703125,-0.00042945146560668945,0.0017107725143432617
1769651705.0675063,full,goal16.png,0.844643235206604,-1.1303138732910156,-1.1726619005203247,-0.5916623473167419,2.610924005508423,0.7961937189102173,1.0350297689437866,-1.1289000511169434,-1.133242130279541,-0.583626389503479,2.6091012954711914,0.7953808307647705,1.0370941162109375,0.0014138221740722656,0.03941977024078369,0.00803595781326294,-0.0018227100372314453,-0.0008128881454467773,0.002064347267150879
1769651705.165187,full,goal16.png,0.8378646373748779,-1.1296777725219727,-1.1730557680130005,-0.5925408601760864,2.610499620437622,0.7960421442985535,1.035544753074646,-1.1284434795379639,-1.1323816776275635,-0.584696352481842,2.609280586242676,0.7948588132858276,1.0379104614257812,0.001234292984008789,0.04067409038543701,0.007844507694244385,-0.001219034194946289,-0.00118333101272583,0.002365708351135254
1769651705.2661273,full,goal16.png,0.8367509841918945,-1.1295262575149536,-1.1734493970870972,-0.5933586955070496,2.6104390621185303,0.7958452105522156,1.0359537601470947,-1.127939224243164,-1.1313562393188477,-0.5850127935409546,2.6091372966766357,0.7953649163246155,1.0389586687088013,0.0015870332717895508,0.04209315776824951,0.00834590196609497,-0.0013017654418945312,-0.00048029422760009766,0.003004908561706543
1769651705.3645768,full,goal16.png,0.8412433862686157,-1.129253625869751,-1.1729646921157837,-0.5942069292068481,2.6104695796966553,0.7955422401428223,1.0364990234375,-1.1278375387191772,-1.130149483680725,-0.5854542255401611,2.608887195587158,0.796286404132843,1.040114402770996,0.0014160871505737305,0.042815208435058594,0.008752703666687012,-0.0015823841094970703,0.000744163990020752,0.0036153793334960938
1769651705.4641805,full,goal16.png,0.8458758592605591,-1.1283448934555054,-1.172055959701538,-0.5946006774902344,2.6104390621185303,0.7957241535186768,1.0373471975326538,-1.127785086631775,-1.1288779973983765,-0.5866813063621521,2.6080288887023926,0.7968816757202148,1.041729211807251,0.0005598068237304688,0.04317796230316162,0.007919371128082275,-0.0024101734161376953,0.001157522201538086,0.004382014274597168
1769651705.561932,full,goal16.png,0.8432924151420593,-1.127981424331665,-1.1706019639968872,-0.5949339270591736,2.6103479862213135,0.7962996363639832,1.0383468866348267,-1.1274216175079346,-1.1272709369659424,-0.5884110331535339,2.606607437133789,0.7971711754798889,1.0442615747451782,0.0005598068237304688,0.043331027030944824,0.0065228939056396484,-0.003740549087524414,0.0008715391159057617,0.0059146881103515625
1769651705.6596024,full,goal16.png,0.8462571501731873,-1.127829909324646,-1.1684513092041016,-0.5956003665924072,2.6098029613494873,0.7969964146614075,1.039770483970642,-1.1271109580993652,-1.1258620023727417,-0.5903692245483398,2.603898525238037,0.7966369986534119,1.0464982986450195,0.0007189512252807617,0.04258930683135986,0.005231142044067383,-0.005904436111450195,-0.00035941600799560547,0.006727814674377441
1769651705.7599351,full,goal16.png,0.8515561819076538,-1.127375602722168,-1.1663914918899536,-0.5970543622970581,2.6082582473754883,0.7974053621292114,1.041663646697998,-1.1272063255310059,-1.1254762411117554,-0.5908901691436768,2.6021809577941895,0.7963057160377502,1.0466383695602417,0.00016927719116210938,0.04091525077819824,0.006164193153381348,-0.006077289581298828,-0.0010996460914611816,0.004974722862243652
1769651705.8591523,full,goal16.png,0.8459863662719727,-1.1269514560699463,-1.1661187410354614,-0.598720371723175,2.606046676635742,0.7968599796295166,1.0441477298736572,-1.1273398399353027,-1.1254901885986328,-0.5919875502586365,2.5998291969299316,0.7956901788711548,1.0464324951171875,-0.0003883838653564453,0.04062855243682861,0.006732821464538574,-0.006217479705810547,-0.0011698007583618164,0.0022847652435302734
1769651705.9592662,full,goal16.png,0.8471758365631104,-1.1266485452651978,-1.16627037525177,-0.5996594429016113,2.6038658618927,0.7966480851173401,1.0447838306427002,-1.1270639896392822,-1.1259657144546509,-0.5924153923988342,2.597693681716919,0.7958401441574097,1.0459753274917603,-0.00041544437408447266,0.04030466079711914,0.0072440505027771,-0.00617218017578125,-0.0008079409599304199,0.0011914968490600586
1769651706.0605438,full,goal16.png,0.8409746885299683,-1.1267393827438354,-1.1660581827163696,-0.6005682349205017,2.6015334129333496,0.7963603138923645,1.0450716018676758,-1.1264536380767822,-1.1261999607086182,-0.5930778980255127,2.595839023590088,0.7959524989128113,1.047070026397705,0.00028574466705322266,0.039858222007751465,0.007490336894989014,-0.005694389343261719,-0.00040781497955322266,0.001998424530029297
1769651706.1612813,full,goal16.png,0.84675532579422,-1.1263456344604492,-1.1657856702804565,-0.6009620428085327,2.5993523597717285,0.7963299751281738,1.0450716018676758,-1.1257747411727905,-1.1262685060501099,-0.593421220779419,2.5964884757995605,0.7948276400566101,1.0469768047332764,0.0005708932876586914,0.03951716423034668,0.0075408220291137695,-0.0028638839721679688,-0.0015023350715637207,0.001905202865600586
1769651706.2612207,full,goal16.png,0.8416937589645386,-1.1257095336914062,-1.165967345237732,-0.6015678644180298,2.59729266166687,0.7960422039031982,1.0454199314117432,-1.1257147789001465,-1.1265337467193604,-0.5948909521102905,2.5982344150543213,0.791931688785553,1.0460889339447021,-5.245208740234375e-06,0.03943359851837158,0.006676912307739258,0.0009417533874511719,-0.004110515117645264,0.0006690025329589844
1769651706.3605633,full,goal16.png,0.8416887521743774,-1.1253763437271118,-1.1664823293685913,-0.6022040247917175,2.5972015857696533,0.7953909039497375,1.04591965675354,-1.126237392425537,-1.1281137466430664,-0.5950478315353394,2.601186752319336,0.7893545031547546,1.0432502031326294,-0.000861048698425293,0.0383685827255249,0.007156193256378174,0.003985166549682617,-0.00603640079498291,-0.0026694536209106445
1769651706.4588375,full,goal16.png,0.830974280834198,-1.1253459453582764,-1.1665126085281372,-0.6029007434844971,2.59795880317688,0.7937551140785217,1.045465350151062,-1.1273112297058105,-1.1292238235473633,-0.595649003982544,2.6076090335845947,0.785731315612793,1.04073166847229,-0.0019652843475341797,0.037288784980773926,0.007251739501953125,0.009650230407714844,-0.00802379846572876,-0.004733681678771973
1769651706.5657275,full,goal16.png,0.8212656378746033,-1.1254066228866577,-1.1674213409423828,-0.6032339334487915,2.600503444671631,0.7913771271705627,1.0435116291046143,-1.1275763511657715,-1.1290147304534912,-0.5997352004051208,2.6156177520751953,0.7783312201499939,1.0396662950515747,-0.0021697282791137695,0.0384066104888916,0.0034987330436706543,0.015114307403564453,-0.013045907020568848,-0.0038453340530395508
1769651706.6595783,full,goal16.png,0.809052050113678,-1.1255277395248413,-1.168632984161377,-0.603930652141571,2.6057136058807373,0.7883328795433044,1.0415879487991333,-1.1272839307785034,-1.1282100677490234,-0.6053497195243835,2.621321201324463,0.7691765427589417,1.0402246713638306,-0.0017561912536621094,0.040422916412353516,-0.0014190673828125,0.015607595443725586,-0.019156336784362793,-0.0013632774353027344
1769651706.7632263,full,goal16.png,0.7936663031578064,-1.1255277395248413,-1.168330192565918,-0.6065357327461243,2.613044261932373,0.7808205485343933,1.0411033630371094,-1.127152919769287,-1.128988265991211,-0.6058510541915894,2.62247371673584,0.7645565867424011,1.0405633449554443,-0.0016251802444458008,0.03934192657470703,0.0006846785545349121,0.009429454803466797,-0.016263961791992188,-0.0005400180816650391
1769651706.8671439,full,goal16.png,0.8061320185661316,-1.1253763437271118,-1.1674213409423828,-0.6100496053695679,2.618406057357788,0.7732172012329102,1.040618658065796,-1.1279563903808594,-1.1313376426696777,-0.6019802689552307,2.621163845062256,0.7643367052078247,1.0378021001815796,-0.0025800466537475586,0.03608369827270508,0.008069336414337158,0.0027577877044677734,-0.00888049602508545,-0.0028165578842163086
1769651706.9607658,full,goal16.png,0.799186646938324,-1.1258912086486816,-1.1670275926589966,-0.6116551160812378,2.620344638824463,0.7689006328582764,1.0403610467910767,-1.1288819313049316,-1.1344858407974243,-0.5986285209655762,2.618274450302124,0.7658290863037109,1.0341522693634033,-0.00299072265625,0.032541751861572266,0.013026595115661621,-0.002070188522338867,-0.0030715465545654297,-0.00620877742767334
1769651707.0641708,full,goal16.png,0.8197108507156372,-1.1268000602722168,-1.1671487092971802,-0.6102918982505798,2.620284080505371,0.7670528292655945,1.038392186164856,-1.1303035020828247,-1.1384155750274658,-0.59438556432724,2.613302707672119,0.769044816493988,1.0300389528274536,-0.00350344181060791,0.028733134269714355,0.015906333923339844,-0.006981372833251953,0.0019919872283935547,-0.008353233337402344
1769651707.1654105,full,goal16.png,0.8488413095474243,-1.127193808555603,-1.1685724258422852,-0.6078685522079468,2.619042158126831,0.7669013738632202,1.0361202955245972,-1.1307179927825928,-1.1420152187347412,-0.5884135961532593,2.6117477416992188,0.7730292081832886,1.027693271636963,-0.003524184226989746,0.026557207107543945,0.0194549560546875,-0.007294416427612305,0.006127834320068359,-0.008427023887634277
1769651707.257647,full,goal16.png,0.8372563123703003,-1.1276785135269165,-1.1715106964111328,-0.6052938103675842,2.6159825325012207,0.7683855891227722,1.0336060523986816,-1.1305333375930786,-1.1449244022369385,-0.580659031867981,2.6179089546203613,0.7775082588195801,1.0245286226272583,-0.0028548240661621094,0.026586294174194336,0.02463477849960327,0.001926422119140625,0.009122669696807861,-0.00907742977142334
1769651707.3606489,full,goal16.png,0.7888603806495667,-1.1281025409698486,-1.1753275394439697,-0.60014408826828,2.614589214324951,0.7720963358879089,1.029895305633545,-1.1302192211151123,-1.1474242210388184,-0.5728610754013062,2.6294546127319336,0.7809869647026062,1.0211108922958374,-0.002116680145263672,0.027903318405151367,0.027283012866973877,0.014865398406982422,0.008890628814697266,-0.00878441333770752
1769651707.4604857,full,goal16.png,0.8060553073883057,-1.1282237768173218,-1.1792049407958984,-0.5939342975616455,2.6173760890960693,0.7761251926422119,1.0261088609695435,-1.1294631958007812,-1.1518216133117676,-0.5580012798309326,2.639146089553833,0.7866005897521973,1.017446756362915,-0.0012394189834594727,0.02738332748413086,0.03593301773071289,0.021770000457763672,0.010475397109985352,-0.008662104606628418
1769651707.559531,full,goal16.png,0.8091683387756348,-1.1285569667816162,-1.1833549737930298,-0.5863006711006165,2.625373125076294,0.780123770236969,1.0223222970962524,-1.1276836395263672,-1.1558747291564941,-0.5410919189453125,2.6464245319366455,0.7938188910484314,1.0150960683822632,0.0008733272552490234,0.027480244636535645,0.045208752155303955,0.021051406860351562,0.013695120811462402,-0.007226228713989258
1769651707.661052,full,goal16.png,0.8402379751205444,-1.1285569667816162,-1.1890194416046143,-0.5731539726257324,2.636368989944458,0.7850310802459717,1.0190811157226562,-1.126389980316162,-1.1588631868362427,-0.5294491052627563,2.649445056915283,0.7999822497367859,1.012717604637146,0.0021669864654541016,0.030156254768371582,0.043704867362976074,0.013076066970825195,0.014951169490814209,-0.006363511085510254
1769651707.761316,full,goal16.png,0.8033695816993713,-1.1272543668746948,-1.1924121379852295,-0.557462751865387,2.6433663368225098,0.7913923859596252,1.0162032842636108,-1.1272748708724976,-1.1604104042053223,-0.523992121219635,2.653883457183838,0.8035730123519897,1.009439468383789,-2.0503997802734375e-05,0.03200173377990723,0.03347063064575195,0.010517120361328125,0.012180626392364502,-0.006763815879821777
1769651707.8636456,full,goal16.png,0.7948416471481323,-1.126406192779541,-1.194472074508667,-0.5453460216522217,2.648001194000244,0.7980868816375732,1.012840986251831,-1.1272344589233398,-1.161169171333313,-0.5169394016265869,2.657646894454956,0.8096839189529419,1.00664484500885,-0.0008282661437988281,0.033302903175354004,0.028406620025634766,0.009645700454711914,0.011597037315368652,-0.006196141242980957
1769651707.964496,full,goal16.png,0.8081872463226318,-1.1265274286270142,-1.1969560384750366,-0.5385302901268005,2.6516058444976807,0.8014947175979614,1.010826587677002,-1.1264312267303467,-1.1611247062683105,-0.5076069831848145,2.661055564880371,0.8171508312225342,1.0062388181686401,9.620189666748047e-05,0.035831332206726074,0.030923306941986084,0.00944972038269043,0.015656113624572754,-0.004587769508361816
1769651708.0601947,full,goal16.png,0.8137149810791016,-1.1267091035842896,-1.1998034715652466,-0.5311087965965271,2.655574321746826,0.8073561787605286,1.0082062482833862,-1.125040888786316,-1.1629897356033325,-0.49761220812797546,2.663968801498413,0.8240867853164673,1.0061439275741577,0.0016682147979736328,0.03681373596191406,0.033496588468551636,0.008394479751586914,0.01673060655593872,-0.0020623207092285156
1769651708.1568458,full,goal16.png,0.8119328618049622,-1.12655770778656,-1.2001972198486328,-0.521445631980896,2.6595122814178467,0.8157925009727478,1.0066462755203247,-1.1244646310806274,-1.1651427745819092,-0.4893683195114136,2.666656970977783,0.8283258676528931,1.0048030614852905,0.002093076705932617,0.03505444526672363,0.03207731246948242,0.0071446895599365234,0.012533366680145264,-0.0018432140350341797
1769651708.2592354,full,goal16.png,0.8176621794700623,-1.125921607017517,-1.2006818056106567,-0.5119339823722839,2.6626925468444824,0.8219115138053894,1.0061010122299194,-1.1234787702560425,-1.167030930519104,-0.48212021589279175,2.6680562496185303,0.8327310681343079,1.0044053792953491,0.0024428367614746094,0.033650875091552734,0.029813766479492188,0.0053637027740478516,0.010819554328918457,-0.0016956329345703125
1769651708.3588598,full,goal16.png,0.8091421127319336,-1.1251945495605469,-1.2054073810577393,-0.5022708177566528,2.665600538253784,0.8263493180274963,1.0054799318313599,-1.1214815378189087,-1.1674829721450806,-0.4736511707305908,2.668086528778076,0.8388899564743042,1.0061646699905396,0.0037130117416381836,0.03792440891265869,0.02861964702606201,0.002485990524291992,0.012540638446807861,0.0006847381591796875
1769651708.4609876,full,goal16.png,0.8144624829292297,-1.123770833015442,-1.2088910341262817,-0.49551570415496826,2.666963815689087,0.831392765045166,1.0055254697799683,-1.1198041439056396,-1.1684491634368896,-0.4653865694999695,2.667722702026367,0.8451626300811768,1.0080657005310059,0.003966689109802246,0.04044187068939209,0.03012913465499878,0.0007588863372802734,0.013769865036010742,0.0025402307510375977
1769651708.5611491,full,goal16.png,0.8237043619155884,-1.1220442056655884,-1.2101633548736572,-0.48839712142944336,2.667206287384033,0.8381783366203308,1.006252408027649,-1.1178044080734253,-1.1693942546844482,-0.457625150680542,2.6669440269470215,0.8518134355545044,1.0105876922607422,0.004239797592163086,0.040769100189208984,0.030771970748901367,-0.00026226043701171875,0.013635098934173584,0.004335284233093262
1769651708.659515,full,goal16.png,0.8280094861984253,-1.1198328733444214,-1.2112840414047241,-0.47961246967315674,2.6671760082244873,0.8444486260414124,1.0083123445510864,-1.1164004802703857,-1.1711622476577759,-0.4505971670150757,2.6668832302093506,0.8583183288574219,1.0125272274017334,0.0034323930740356445,0.04012179374694824,0.029015302658081055,-0.00029277801513671875,0.013869702816009521,0.004214882850646973
1769651708.7582622,full,goal16.png,0.8254009485244751,-1.1176215410232544,-1.2125866413116455,-0.47188800573349,2.6670849323272705,0.8507190942764282,1.010190486907959,-1.1149318218231201,-1.172454595565796,-0.4451465606689453,2.6670799255371094,0.863845944404602,1.0147874355316162,0.0026897192001342773,0.04013204574584961,0.026741445064544678,-5.0067901611328125e-06,0.013126850128173828,0.0045969486236572266
1769651708.8583677,full,goal16.png,0.8160507678985596,-1.1155920028686523,-1.2138285636901855,-0.4656478464603424,2.6670548915863037,0.8565048575401306,1.0126744508743286,-1.1138304471969604,-1.1738169193267822,-0.4402199387550354,2.6664700508117676,0.8696147203445435,1.017426609992981,0.0017615556716918945,0.04001164436340332,0.025427907705307007,-0.0005848407745361328,0.013109862804412842,0.004752159118652344
1769651708.9588099,full,goal16.png,0.817184567451477,-1.1146225929260254,-1.2150706052780151,-0.4598015248775482,2.6670548915863037,0.8621089458465576,1.0152794122695923,-1.11225426197052,-1.175347089767456,-0.43516361713409424,2.6635022163391113,0.8772591352462769,1.0202791690826416,0.002368330955505371,0.03972351551055908,0.02463790774345398,-0.003552675247192383,0.015150189399719238,0.004999756813049316
1769651709.0588465,full,goal16.png,0.8177721500396729,-1.1138956546783447,-1.216524600982666,-0.4542580842971802,2.666569948196411,0.8682733178138733,1.017566442489624,-1.1113202571868896,-1.1770730018615723,-0.4303520917892456,2.660959243774414,0.8841137886047363,1.0216566324234009,0.002575397491455078,0.03945159912109375,0.02390599250793457,-0.00561070442199707,0.015840470790863037,0.0040901899337768555
1769651709.1593802,full,goal16.png,0.8214213848114014,-1.1125022172927856,-1.2188267707824707,-0.4494113624095917,2.664722204208374,0.8756796717643738,1.0197021961212158,-1.1104698181152344,-1.1789909601211548,-0.4262135326862335,2.660027503967285,0.8892689943313599,1.021567940711975,0.0020323991775512695,0.03983581066131592,0.023197829723358154,-0.004694700241088867,0.013589322566986084,0.0018657445907592773
1769651709.2601416,full,goal16.png,0.8159198760986328,-1.110836148262024,-1.220795750617981,-0.444776713848114,2.6627230644226074,0.8830254673957825,1.0216256380081177,-1.1100270748138428,-1.1809804439544678,-0.4225641191005707,2.6598060131073,0.8931035995483398,1.0209856033325195,0.0008090734481811523,0.039815306663513184,0.022212594747543335,-0.002917051315307617,0.010078132152557373,-0.0006400346755981445
1769651709.360794,full,goal16.png,0.8140498399734497,-1.1095942258834839,-1.2218862771987915,-0.4408993422985077,2.6617536544799805,0.8883115649223328,1.0214892625808716,-1.109358310699463,-1.182338833808899,-0.4193563163280487,2.658074378967285,0.8977813720703125,1.0225635766983032,0.0002359151840209961,0.03954744338989258,0.021543025970458984,-0.0036792755126953125,0.009469807147979736,0.0010743141174316406
1769651709.4607425,full,goal16.png,0.8119372129440308,-1.1093518733978271,-1.2226738929748535,-0.4372945725917816,2.6610569953918457,0.8919918537139893,1.0216559171676636,-1.1079468727111816,-1.1829575300216675,-0.41704896092414856,2.6553690433502197,0.9030330181121826,1.0255835056304932,0.0014050006866455078,0.039716362953186035,0.020245611667633057,-0.0056879520416259766,0.01104116439819336,0.00392758846282959
1769651709.559469,full,goal16.png,0.8204248547554016,-1.109230637550354,-1.2232797145843506,-0.43350812792778015,2.6589972972869873,0.8963388204574585,1.0238521099090576,-1.1065115928649902,-1.1842833757400513,-0.41446182131767273,2.6545143127441406,0.9071041345596313,1.0274889469146729,0.0027190446853637695,0.038996338844299316,0.019046306610107422,-0.00448298454284668,0.010765314102172852,0.0036368370056152344
1769651709.65699,full,goal16.png,0.8166101574897766,-1.1084431409835815,-1.2241278886795044,-0.4306303858757019,2.656907081604004,0.9010037183761597,1.0260937213897705,-1.1054470539093018,-1.1851346492767334,-0.41301727294921875,2.655404567718506,0.9080736637115479,1.0283750295639038,0.002996087074279785,0.038993239402770996,0.017613112926483154,-0.0015025138854980469,0.007069945335388184,0.0022813081741333008
1769651709.7576725,full,goal16.png,0.8132626414299011,-1.107170820236206,-1.2258847951889038,-0.4279041290283203,2.655877113342285,0.9045630097389221,1.028168797492981,-1.1053028106689453,-1.185679316520691,-0.4139995574951172,2.657083034515381,0.9060702919960022,1.0287280082702637,0.0018680095672607422,0.04020547866821289,0.013904571533203125,0.0012059211730957031,0.0015072822570800781,0.0005592107772827148
1769651709.8595984,full,goal16.png,0.8226476907730103,-1.1062318086624146,-1.2277023792266846,-0.42654097080230713,2.6560587882995605,0.9059111475944519,1.0288804769515991,-1.1050090789794922,-1.1860615015029907,-0.4155406355857849,2.657583236694336,0.9054626822471619,1.0298738479614258,0.0012227296829223633,0.04164087772369385,0.011000335216522217,0.0015244483947753906,-0.00044846534729003906,0.0009933710098266602
1769651709.9590425,full,goal16.png,0.8180152773857117,-1.1058379411697388,-1.2290958166122437,-0.42648038268089294,2.6567254066467285,0.9056384563446045,1.029213786125183,-1.104658603668213,-1.1871095895767212,-0.41508734226226807,2.657832145690918,0.9064083099365234,1.0303106307983398,0.001179337501525879,0.04198622703552246,0.011393040418624878,0.0011067390441894531,0.0007698535919189453,0.0010968446731567383
1769651710.0611892,full,goal16.png,0.8184211254119873,-1.105747103691101,-1.2294895648956299,-0.4267227351665497,2.657179594039917,0.9054718017578125,1.029895305633545,-1.104539394378662,-1.1874717473983765,-0.4140770137310028,2.656712055206299,0.9074722528457642,1.0310091972351074,0.0012077093124389648,0.04201781749725342,0.012645721435546875,-0.00046753883361816406,0.00200045108795166,0.0011138916015625
1769651710.1606646,full,goal16.png,0.8227663040161133,-1.1055957078933716,-1.230065107345581,-0.4266924560070038,2.6573915481567383,0.9059261083602905,1.0304406881332397,-1.1051759719848633,-1.1880279779434204,-0.4139419496059418,2.6552553176879883,0.9068561792373657,1.030853033065796,0.0004197359085083008,0.042037129402160645,0.012750506401062012,-0.00213623046875,0.0009300708770751953,0.00041234493255615234
1769651710.2608368,full,goal16.png,0.8165733218193054,-1.1052623987197876,-1.2314585447311401,-0.42648038268089294,2.657149314880371,0.9064563512802124,1.0310009717941284,-1.1055402755737305,-1.188262701034546,-0.4135338068008423,2.6537041664123535,0.9062322378158569,1.031176209449768,-0.0002778768539428711,0.04319584369659424,0.01294657588005066,-0.003445148468017578,-0.00022411346435546875,0.00017523765563964844
1769651710.359786,full,goal16.png,0.8251951336860657,-1.10517156124115,-1.2325490713119507,-0.4263288974761963,2.656210422515869,0.9064108729362488,1.0310465097427368,-1.1058049201965332,-1.1890822649002075,-0.4126597046852112,2.652608871459961,0.9062221050262451,1.0312273502349854,-0.0006333589553833008,0.043466806411743164,0.013669192790985107,-0.003601551055908203,-0.0001887679100036621,0.00018084049224853516
1769651710.459396,full,goal16.png,0.8296612501144409,-1.1052926778793335,-1.2333366870880127,-0.42602601647377014,2.654907703399658,0.9062291979789734,1.0312281847000122,-1.105676293373108,-1.1897486448287964,-0.4120146334171295,2.6503593921661377,0.9063295125961304,1.031663417816162,-0.00038361549377441406,0.04358804225921631,0.014011383056640625,-0.004548311233520508,0.00010031461715698242,0.00043523311614990234
1769651710.559171,full,goal16.png,0.8217836022377014,-1.1058682203292847,-1.2344574928283691,-0.42551106214523315,2.653332471847534,0.906108021736145,1.0313493013381958,-1.1058295965194702,-1.1904346942901611,-0.4112173616886139,2.649731159210205,0.9061635732650757,1.031697392463684,3.8623809814453125e-05,0.04402279853820801,0.014293700456619263,-0.0036013126373291016,5.555152893066406e-05,0.00034809112548828125
1769651710.6577482,full,goal16.png,0.8217254877090454,-1.1060197353363037,-1.235305666923523,-0.4249051809310913,2.651484727859497,0.9060322046279907,1.0314555168151855,-1.1056625843048096,-1.1911733150482178,-0.4109562933444977,2.649376153945923,0.9052321910858154,1.0317867994308472,0.0003571510314941406,0.044132351875305176,0.013948887586593628,-0.0021085739135742188,-0.000800013542175293,0.0003312826156616211
1769651710.7590532,full,goal16.png,0.8217407464981079,-1.1058379411697388,-1.2362446784973145,-0.4243902266025543,2.6506972312927246,0.9058657288551331,1.0316219329833984,-1.1054738759994507,-1.1916804313659668,-0.4101875126361847,2.6486761569976807,0.9054855704307556,1.032116413116455,0.00036406517028808594,0.044564247131347656,0.014202713966369629,-0.0020210742950439453,-0.0003801584243774414,0.0004944801330566406
1769651710.8604279,full,goal16.png,0.8242466449737549,-1.1055350303649902,-1.2369413375854492,-0.42396610975265503,2.6501822471618652,0.905502200126648,1.0319855213165283,-1.1048948764801025,-1.191862940788269,-0.409349650144577,2.648287773132324,0.9064753651618958,1.0325969457626343,0.0006401538848876953,0.045078396797180176,0.014616459608078003,-0.0018944740295410156,0.0009731650352478027,0.000611424446105957
1769651710.9603102,full,goal16.png,0.8244094848632812,-1.1055957078933716,-1.237001895904541,-0.4231482446193695,2.649606704711914,0.9054415822029114,1.032106637954712,-1.104266881942749,-1.1924333572387695,-0.4087323248386383,2.648911714553833,0.907326340675354,1.032834529876709,0.0013288259506225586,0.044568538665771484,0.014415919780731201,-0.0006949901580810547,0.001884758472442627,0.0007278919219970703
1769651711.0615058,full,goal16.png,0.8223413825035095,-1.1056259870529175,-1.237001895904541,-0.4222092032432556,2.6492433547973633,0.9058808088302612,1.0325762033462524,-1.1042122840881348,-1.1934750080108643,-0.40813741087913513,2.648911237716675,0.9068876504898071,1.0325955152511597,0.0014137029647827148,0.04352688789367676,0.014071792364120483,-0.00033211708068847656,0.0010068416595458984,1.9311904907226562e-05
1769651711.1605046,full,goal16.png,0.8214001059532166,-1.1052926778793335,-1.2372746467590332,-0.421421617269516,2.649333953857422,0.9064563512802124,1.0330607891082764,-1.1048195362091064,-1.1944814920425415,-0.4086219072341919,2.647480010986328,0.9059097766876221,1.0320827960968018,0.0004731416702270508,0.0427931547164917,0.012799710035324097,-0.00185394287109375,-0.000546574592590332,-0.0009779930114746094
1769651711.2588658,full,goal16.png,0.8262538909912109,-1.1047778129577637,-1.2380015850067139,-0.4208763837814331,2.64927339553833,0.9064260125160217,1.0330003499984741,-1.1048176288604736,-1.1950626373291016,-0.4079884886741638,2.6455912590026855,0.9063678979873657,1.0328493118286133,-3.981590270996094e-05,0.042938947677612305,0.012887895107269287,-0.0036821365356445312,-5.811452865600586e-05,-0.00015103816986083984
1769651711.3583171,full,goal16.png,0.8258206844329834,-1.104535460472107,-1.239031434059143,-0.42081573605537415,2.648334503173828,0.9062896966934204,1.0329245328903198,-1.1044721603393555,-1.1955337524414062,-0.40691787004470825,2.6445224285125732,0.9073007106781006,1.0338609218597412,6.330013275146484e-05,0.043497681617736816,0.013897866010665894,-0.003812074661254883,0.0010110139846801758,0.0009363889694213867
1769651711.457287,full,goal16.png,0.8241685032844543,-1.104535460472107,-1.2396373748779297,-0.4203614294528961,2.647031784057617,0.9063655138015747,1.0330305099487305,-1.1037896871566772,-1.1956090927124023,-0.4059106409549713,2.644702911376953,0.9082108736038208,1.0345251560211182,0.0007457733154296875,0.044028282165527344,0.014450788497924805,-0.0023288726806640625,0.0018453598022460938,0.0014946460723876953
1769651711.562112,full,goal16.png,0.830879807472229,-1.1045960187911987,-1.2398797273635864,-0.41942235827445984,2.6462137699127197,0.9068652391433716,1.0336213111877441,-1.103531837463379,-1.1957485675811768,-0.4050750136375427,2.645183563232422,0.9090248346328735,1.034172534942627,0.0010641813278198242,0.04413115978240967,0.014347344636917114,-0.0010302066802978516,0.002159595489501953,0.0005512237548828125
1769651711.6618745,full,goal16.png,0.8266872763633728,-1.104323387145996,-1.240182638168335,-0.41857415437698364,2.6460320949554443,0.9073954224586487,1.034121036529541,-1.1034692525863647,-1.1962389945983887,-0.40306556224823,2.6459498405456543,0.910190224647522,1.0335144996643066,0.0008541345596313477,0.04394364356994629,0.015508592128753662,-8.225440979003906e-05,0.002794802188873291,-0.000606536865234375
1769651711.7612147,full,goal16.png,0.8267045021057129,-1.103899359703064,-1.2406370639801025,-0.4176654517650604,2.6460626125335693,0.9079558253288269,1.0342875719070435,-1.1031019687652588,-1.19700288772583,-0.4008803367614746,2.6467294692993164,0.910552978515625,1.0331591367721558,0.0007973909378051758,0.04363417625427246,0.016785115003585815,0.0006668567657470703,0.0025971531867980957,-0.0011284351348876953
1769651711.8597512,full,goal16.png,0.8229808807373047,-1.1035054922103882,-1.2410308122634888,-0.41633257269859314,2.6463351249694824,0.9085919260978699,1.0341664552688599,-1.1025924682617188,-1.1975209712982178,-0.4008950889110565,2.647521734237671,0.9100239872932434,1.0327541828155518,0.0009130239486694336,0.043509840965270996,0.015437483787536621,0.0011866092681884766,0.0014320611953735352,-0.0014122724533081055
1769651711.9608347,full,goal16.png,0.8245775699615479,-1.1032025814056396,-1.241454839706421,-0.4147574305534363,2.646759271621704,0.9089099168777466,1.0339999198913574,-1.1020677089691162,-1.1977310180664062,-0.40169623494148254,2.6476898193359375,0.9097433090209961,1.032893419265747,0.0011348724365234375,0.04372382164001465,0.013061195611953735,0.0009305477142333984,0.0008333921432495117,-0.0011065006256103516
1769651712.0580025,full,goal16.png,0.8236734867095947,-1.1028391122817993,-1.2417274713516235,-0.41415154933929443,2.6471831798553467,0.9089251756668091,1.0339242219924927,-1.1020525693893433,-1.1976908445358276,-0.4031485915184021,2.647568702697754,0.9086959362030029,1.0332142114639282,0.0007865428924560547,0.0440366268157959,0.011002957820892334,0.00038552284240722656,-0.00022923946380615234,-0.0007100105285644531
1769651712.1593802,full,goal16.png,0.8188169598579407,-1.1023846864700317,-1.242212176322937,-0.41418182849884033,2.647395372390747,0.9087887406349182,1.0338788032531738,-1.102363109588623,-1.1974574327468872,-0.40389299392700195,2.6467373371124268,0.9083417057991028,1.033603310585022,2.1576881408691406e-05,0.044754743576049805,0.010288834571838379,-0.0006580352783203125,-0.0004470348358154297,-0.00027549266815185547
1769651712.2600381,full,goal16.png,0.8202996850013733,-1.102293848991394,-1.2424241304397583,-0.4145756661891937,2.647395372390747,0.9086071252822876,1.0338484048843384,-1.103003740310669,-1.1973985433578491,-0.40474462509155273,2.645893096923828,0.9083853960037231,1.033553957939148,-0.0007098913192749023,0.04502558708190918,0.009831041097640991,-0.0015022754669189453,-0.00022172927856445312,-0.0002944469451904297
1769651712.3592591,full,goal16.png,0.8225569725036621,-1.1023544073104858,-1.2422727346420288,-0.41503003239631653,2.6472437381744385,0.9083647727966309,1.0339393615722656,-1.103979229927063,-1.1971306800842285,-0.40611761808395386,2.6445345878601074,0.9088926315307617,1.0337014198303223,-0.0016248226165771484,0.04514205455780029,0.008912414312362671,-0.0027091503143310547,0.0005278587341308594,-0.00023794174194335938
1769651712.4592242,full,goal16.png,0.8178274631500244,-1.1026573181152344,-1.2418485879898071,-0.4155449867248535,2.646759271621704,0.908379852771759,1.0339847803115845,-1.1044669151306152,-1.1966866254806519,-0.40787258744239807,2.643904209136963,0.909432053565979,1.0339922904968262,-0.0018095970153808594,0.04516196250915527,0.007672399282455444,-0.002855062484741211,0.0010522007942199707,7.510185241699219e-06
1769651712.5601218,full,goal16.png,0.8264217972755432,-1.1029905080795288,-1.2410004138946533,-0.41633257269859314,2.646092653274536,0.9084253311157227,1.0339999198913574,-1.1047754287719727,-1.1962356567382812,-0.4081525504589081,2.6433558464050293,0.9100314378738403,1.0343083143234253,-0.0017849206924438477,0.04476475715637207,0.008180022239685059,-0.002736806869506836,0.0016061067581176758,0.0003083944320678711
1769651712.6729815,full,goal16.png,0.8226090669631958,-1.103535771369934,-1.2398797273635864,-0.4172413647174835,2.6453659534454346,0.9086071252822876,1.0341817140579224,-1.1047786474227905,-1.1956090927124023,-0.40881776809692383,2.642150402069092,0.9094498157501221,1.034085988998413,-0.0012428760528564453,0.04427063465118408,0.008423596620559692,-0.0032155513763427734,0.0008426904678344727,-9.572505950927734e-05
1769651712.75844,full,goal16.png,0.8271200656890869,-1.1042022705078125,-1.24000084400177,-0.4178168773651123,2.6446993350982666,0.90884929895401,1.0343936681747437,-1.1046624183654785,-1.1955866813659668,-0.4092545211315155,2.6409413814544678,0.9084707498550415,1.0341920852661133,-0.0004601478576660156,0.04441416263580322,0.008562356233596802,-0.003757953643798828,-0.00037854909896850586,-0.0002015829086303711
1769651712.8588989,full,goal16.png,0.8328651785850525,-1.1044749021530151,-1.2403643131256104,-0.41839244961738586,2.6435179710388184,0.9088039398193359,1.0343785285949707,-1.1038928031921387,-1.1952804327011108,-0.40992704033851624,2.6411352157592773,0.9077785611152649,1.035078763961792,0.0005820989608764648,0.04508388042449951,0.008465409278869629,-0.0023827552795410156,-0.001025378704071045,0.0007002353668212891
1769651712.959309,full,goal16.png,0.829090416431427,-1.1046262979507446,-1.2399100065231323,-0.4186953604221344,2.642730236053467,0.9085919857025146,1.0344693660736084,-1.1032540798187256,-1.195345163345337,-0.4092046618461609,2.6418981552124023,0.9081103205680847,1.0366986989974976,0.001372218132019043,0.04456484317779541,0.00949069857597351,-0.0008320808410644531,-0.00048166513442993164,0.00222933292388916
1769651713.0612385,full,goal16.png,0.8277008533477783,-1.1044142246246338,-1.2390011548995972,-0.41893771290779114,2.642639636993408,0.9079406261444092,1.0351510047912598,-1.1029515266418457,-1.1948541402816772,-0.4087088108062744,2.6429944038391113,0.9080952405929565,1.0382490158081055,0.001462697982788086,0.04414701461791992,0.010228902101516724,0.000354766845703125,0.00015461444854736328,0.003098011016845703
1769651713.1601117,full,goal16.png,0.8268765211105347,-1.1032934188842773,-1.2392133474349976,-0.41893771290779114,2.6428213119506836,0.9078497290611267,1.0360294580459595,-1.1026341915130615,-1.1947699785232544,-0.40771353244781494,2.6433815956115723,0.9085649251937866,1.0387972593307495,0.0006592273712158203,0.044443368911743164,0.011224180459976196,0.0005602836608886719,0.0007151961326599121,0.002767801284790039
1769651713.2604072,full,goal16.png,0.8299786448478699,-1.10232412815094,-1.2398191690444946,-0.41893771290779114,2.6432151794433594,0.908167839050293,1.037104845046997,-1.1024272441864014,-1.1941701173782349,-0.40803033113479614,2.642747402191162,0.9091184139251709,1.0388267040252686,-0.00010311603546142578,0.045649051666259766,0.010907381772994995,-0.0004677772521972656,0.0009505748748779297,0.0017218589782714844
1769651713.359602,full,goal16.png,0.826356828212738,-1.102142333984375,-1.2403340339660645,-0.4186650812625885,2.6434271335601807,0.9085919260978699,1.0378015041351318,-1.1024973392486572,-1.194077491760254,-0.40897345542907715,2.6413347721099854,0.9099705219268799,1.038485050201416,-0.00035500526428222656,0.04625654220581055,0.009691625833511353,-0.0020923614501953125,0.0013785958290100098,0.0006835460662841797
1769651713.4593632,full,goal16.png,0.5904588103294373,-1.102142333984375,-1.2403340339660645,-0.4186953604221344,2.6434574127197266,0.9086676239967346,1.0378772020339966,-1.1034200191497803,-1.1941022872924805,-0.41202211380004883,2.6386165618896484,0.9095402359962463,1.038317322731018,-0.0012776851654052734,0.046231746673583984,0.006673246622085571,-0.004840850830078125,0.0008726119995117188,0.0004401206970214844
1769651713.5588365,full,goal16.png,0.5904588103294373,-1.102142333984375,-1.2403340339660645,-0.4186953604221344,2.6434574127197266,0.9086676239967346,1.0378772020339966,-1.1040658950805664,-1.1941196918487549,-0.4141561686992645,2.636713981628418,0.9092390537261963,1.0381999015808105,-0.0019235610961914062,0.04621434211730957,0.004539191722869873,-0.006743431091308594,0.0005714297294616699,0.00032269954681396484
1769651713.659117,full,goal16.png,0.5904588103294373,-1.102142333984375,-1.2403340339660645,-0.4186953604221344,2.6434574127197266,0.9086676239967346,1.0378772020339966,-1.104517936706543,-1.194131851196289,-0.41565001010894775,2.6353821754455566,0.9090282320976257,1.03811776638031,-0.0023756027221679688,0.04620218276977539,0.0030453503131866455,-0.008075237274169922,0.0003606081008911133,0.00024056434631347656
1769651713.759003,full,goal16.png,0.5904588103294373,-1.102142333984375,-1.2403340339660645,-0.4186953604221344,2.6434574127197266,0.9086676239967346,1.0378772020339966,-1.1048344373703003,-1.1941403150558472,-0.4166957139968872,2.6344497203826904,0.9088806509971619,1.038060188293457,-0.002692103385925293,0.046193718910217285,0.0019996464252471924,-0.009007692337036133,0.0002130270004272461,0.00018298625946044922
1769651713.8598974,full,goal16.png,0.5904588103294373,-1.102142333984375,-1.2403340339660645,-0.4186953604221344,2.6434574127197266,0.9086676239967346,1.0378772020339966,-1.1050560474395752,-1.1941462755203247,-0.4174276888370514,2.6337971687316895,0.9087773561477661,1.0380198955535889,-0.0029137134552001953,0.046187758445739746,0.0012676715850830078,-0.00966024398803711,0.00010973215103149414,0.00014269351959228516
1769651713.9613137,full,goal16.png,0.5904588103294373,-1.102142333984375,-1.2403340339660645,-0.4186953604221344,2.6434574127197266,0.9086676239967346,1.0378772020339966,-1.1052111387252808,-1.194150447845459,-0.41794008016586304,2.633340358734131,0.9087050557136536,1.0379917621612549,-0.0030688047409057617,0.04618358612060547,0.0007552802562713623,-0.010117053985595703,3.743171691894531e-05,0.00011456012725830078
1769651714.058816,full,goal16.png,0.5904588103294373,-1.102142333984375,-1.2403340339660645,-0.4186953604221344,2.6434574127197266,0.9086676239967346,1.0378772020339966,-1.1053197383880615,-1.1941534280776978,-0.41829875111579895,2.6330204010009766,0.9086544513702393,1.0379719734191895,-0.0031774044036865234,0.0461806058883667,0.0003966093063354492,-0.01043701171875,-1.3172626495361328e-05,9.47713851928711e-05
1769651714.160425,full,goal16.png,0.5904588103294373,-1.102142333984375,-1.2403340339660645,-0.4186953604221344,2.6434574127197266,0.9086676239967346,1.0378772020339966,-1.1053956747055054,-1.1941554546356201,-0.4185498356819153,2.6327965259552,0.9086189866065979,1.0379581451416016,-0.003253340721130371,0.046178579330444336,0.0001455247402191162,-0.010660886764526367,-4.863739013671875e-05,8.094310760498047e-05
1769651714.2604709,full,goal16.png,0.5904588103294373,-1.102142333984375,-1.2403340339660645,-0.4186953604221344,2.6434574127197266,0.9086676239967346,1.0378772020339966,-1.105448842048645,-1.1941568851470947,-0.4187255799770355,2.6326398849487305,0.9085941910743713,1.037948489189148,-0.0033065080642700195,0.04617714881896973,-3.0219554901123047e-05,-0.010817527770996094,-7.343292236328125e-05,7.128715515136719e-05
1769651714.3585193,full,goal16.png,0.5904588103294373,-1.102142333984375,-1.2403340339660645,-0.4186953604221344,2.6434574127197266,0.9086676239967346,1.0378772020339966,-1.1054861545562744,-1.1941578388214111,-0.41884860396385193,2.6325302124023438,0.9085768461227417,1.0379416942596436,-0.003343820571899414,0.04617619514465332,-0.0001532435417175293,-0.010927200317382812,-9.077787399291992e-05,6.449222564697266e-05
1769651714.4579606,full,goal16.png,0.5904588103294373,-1.102142333984375,-1.2403340339660645,-0.4186953604221344,2.6434574127197266,0.9086676239967346,1.0378772020339966,-1.1055121421813965,-1.1941585540771484,-0.41893473267555237,2.632453441619873,0.9085646867752075,1.0379369258880615,-0.0033698081970214844,0.046175479888916016,-0.00023937225341796875,-0.011003971099853516,-0.00010293722152709961,5.9723854064941406e-05
1769651714.5573368,full,goal16.png,0.5904588103294373,-1.102142333984375,-1.2403340339660645,-0.4186953604221344,2.6434574127197266,0.9086676239967346,1.0378772020339966,-1.1055303812026978,-1.1941590309143066,-0.4189950227737427,2.632399559020996,0.9085561633110046,1.037933588027954,-0.003388047218322754,0.04617500305175781,-0.00029966235160827637,-0.011057853698730469,-0.00011146068572998047,5.638599395751953e-05
1769651714.657039,full,goal16.png,0.5904588103294373,-1.102142333984375,-1.2403340339660645,-0.4186953604221344,2.6434574127197266,0.9086676239967346,1.0378772020339966,-1.1055431365966797,-1.1941593885421753,-0.41903722286224365,2.632361888885498,0.9085502028465271,1.0379313230514526,-0.0034008026123046875,0.04617464542388916,-0.00034186244010925293,-0.011095523834228516,-0.00011742115020751953,5.412101745605469e-05
1769651714.7570179,full,goal16.png,0.5904588103294373,-1.102142333984375,-1.2403340339660645,-0.4186953604221344,2.6434574127197266,0.9086676239967346,1.0378772020339966,-1.105552077293396,-1.1941596269607544,-0.41906675696372986,2.632335662841797,0.9085460305213928,1.037929654121399,-0.003409743309020996,0.04617440700531006,-0.000371396541595459,-0.011121749877929688,-0.00012159347534179688,5.245208740234375e-05
1769651714.858061,full,goal16.png,0.5904588103294373,-1.102142333984375,-1.2403340339660645,-0.4186953604221344,2.6434574127197266,0.9086676239967346,1.0378772020339966,-1.1055583953857422,-1.1941598653793335,-0.4190874397754669,2.632317066192627,0.9085431098937988,1.037928581237793,-0.0034160614013671875,0.04617416858673096,-0.00039207935333251953,-0.01114034652709961,-0.00012451410293579102,5.137920379638672e-05
1769651714.957201,full,goal16.png,0.5904588103294373,-1.102142333984375,-1.2403340339660645,-0.4186953604221344,2.6434574127197266,0.9086676239967346,1.0378772020339966,-1.105562686920166,-1.194159984588623,-0.41910192370414734,2.6323041915893555,0.9085410833358765,1.0379277467727661,-0.0034203529357910156,0.046174049377441406,-0.00040656328201293945,-0.011153221130371094,-0.0001265406608581543,5.054473876953125e-05
1769651715.057589,full,goal16.png,0.5904588103294373,-1.102142333984375,-1.2403340339660645,-0.4186953604221344,2.6434574127197266,0.9086676239967346,1.0378772020339966,-1.1055657863616943,-1.1941601037979126,-0.41911205649375916,2.6322951316833496,0.9085396528244019,1.0379271507263184,-0.003423452377319336,0.046173930168151855,-0.00041669607162475586,-0.011162281036376953,-0.00012797117233276367,4.9948692321777344e-05
1769651715.1581452,full,goal16.png,0.5904588103294373,-1.102142333984375,-1.2403340339660645,-0.4186953604221344,2.6434574127197266,0.9086676239967346,1.0378772020339966,-1.1055679321289062,-1.1941601037979126,-0.4191191494464874,2.632288932800293,0.9085386395454407,1.0379267930984497,-0.00342559814453125,0.046173930168151855,-0.00042378902435302734,-0.011168479919433594,-0.0001289844512939453,4.9591064453125e-05
1769651715.2570589,full,goal16.png,0.5904588103294373,-1.102142333984375,-1.2403340339660645,-0.4186953604221344,2.6434574127197266,0.9086676239967346,1.0378772020339966,-1.1055693626403809,-1.1941601037979126,-0.4191240966320038,2.632284641265869,0.9085379242897034,1.0379265546798706,-0.0034270286560058594,0.046173930168151855,-0.00042873620986938477,-0.011172771453857422,-0.00012969970703125,4.935264587402344e-05
1769651715.356574,full,goal16.png,0.5904588103294373,-1.102142333984375,-1.2403340339660645,-0.4186953604221344,2.6434574127197266,0.9086676239967346,1.0378772020339966,-1.1055704355239868,-1.1941601037979126,-0.41912758350372314,2.632281541824341,0.9085374474525452,1.0379263162612915,-0.0034281015396118164,0.046173930168151855,-0.0004322230815887451,-0.011175870895385742,-0.00013017654418945312,4.9114227294921875e-05
1769651715.4574292,full,goal16.png,0.5904588103294373,-1.102142333984375,-1.2403340339660645,-0.4186953604221344,2.6434574127197266,0.9086676239967346,1.0378772020339966,-1.1055712699890137,-1.1941601037979126,-0.41912999749183655,2.632279396057129,0.9085370898246765,1.037926197052002,-0.003428936004638672,0.046173930168151855,-0.00043463706970214844,-0.011178016662597656,-0.00013053417205810547,4.8995018005371094e-05
1769651715.557407,full,goal16.png,0.5904588103294373,-1.102142333984375,-1.2403340339660645,-0.4186953604221344,2.6434574127197266,0.9086676239967346,1.0378772020339966,-1.1055717468261719,-1.1941601037979126,-0.41913169622421265,2.6322779655456543,0.9085368514060974,1.0379260778427124,-0.003429412841796875,0.046173930168151855,-0.00043633580207824707,-0.011179447174072266,-0.00013077259063720703,4.887580871582031e-05
1769651715.6569545,full,goal16.png,0.5904588103294373,-1.102142333984375,-1.2403340339660645,-0.4186953604221344,2.6434574127197266,0.9086676239967346,1.0378772020339966,-1.1055721044540405,-1.1941601037979126,-0.41913288831710815,2.632276773452759,0.9085366725921631,1.0379260778427124,-0.0034297704696655273,0.046173930168151855,-0.0004375278949737549,-0.011180639266967773,-0.0001309514045715332,4.887580871582031e-05
1769651715.7587514,full,goal16.png,0.5904588103294373,-1.102142333984375,-1.2403340339660645,-0.4186953604221344,2.6434574127197266,0.9086676239967346,1.0378772020339966,-1.1055723428726196,-1.1941601037979126,-0.419133722782135,2.6322760581970215,0.9085365533828735,1.0379260778427124,-0.003430008888244629,0.046173930168151855,-0.00043836236000061035,-0.011181354522705078,-0.00013107061386108398,4.887580871582031e-05
1769651715.8586545,full,goal16.png,0.5904588103294373,-1.102142333984375,-1.2403340339660645,-0.4186953604221344,2.6434574127197266,0.9086676239967346,1.0378772020339966,-1.1055724620819092,-1.1941601037979126,-0.41913431882858276,2.6322755813598633,0.9085364937782288,1.0379260778427124,-0.0034301280975341797,0.046173930168151855,-0.00043895840644836426,-0.011181831359863281,-0.00013113021850585938,4.887580871582031e-05
