timestamp,goal_image,similarity_score,curr_j0,curr_j1,curr_j2,curr_j3,curr_j4,curr_j5,cmd_j0,cmd_j1,cmd_j2,cmd_j3,cmd_j4,cmd_j5,step_diff_j0,step_diff_j1,step_diff_j2,step_diff_j3,step_diff_j4,step_diff_j5
1769718893.4175284,goal2.png,0.5633254647254944,-0.026626572012901306,-1.1279207468032837,-2.0130515098571777,1.6255266666412354,1.3953381776809692,2.9003171920776367,0.16307437419891357,-0.9279207587242126,-1.813051462173462,1.4255266189575195,1.1953381299972534,2.700317144393921,0.18970094621181488,0.20000000298023224,0.20000000298023224,-0.20000000298023224,-0.20000000298023224,-0.20000000298023224
1769718893.461186,goal2.png,0.5481013059616089,-0.0270809605717659,-1.1352816820144653,-2.0131123065948486,1.6255266666412354,1.3953381776809692,2.900286912918091,0.16281840205192566,-0.9352816939353943,-1.8131122589111328,1.4255266189575195,1.1953381299972534,2.700286865234375,0.18989935517311096,0.20000000298023224,0.20000000298023224,-0.20000000298023224,-0.20000000298023224,-0.20000000298023224
1769718893.5609133,goal2.png,0.4951194226741791,-0.008209132589399815,-1.1245886087417603,-1.9958759546279907,1.5966887474060059,1.3765571117401123,2.88138484954834,0.16161984205245972,-0.9245886206626892,-1.795875906944275,1.39668869972229,1.1765570640563965,2.681384801864624,0.16982898116111755,0.20000000298023224,0.20000000298023224,-0.20000000298023224,-0.20000000298023224,-0.20000000298023224
1769718893.660969,goal2.png,0.5451245903968811,0.0327456071972847,-1.087662696838379,-1.9504684209823608,1.5416179895401,1.3414185047149658,2.846337080001831,0.16244518756866455,-0.8876627087593079,-1.750468373298645,1.3589885234832764,1.14141845703125,2.6463370323181152,0.12969958782196045,0.20000000298023224,0.20000000298023224,-0.18262946605682373,-0.20000000298023224,-0.20000000298023224
1769718893.7614443,goal2.png,0.6395344138145447,0.0733671635389328,-1.047010898590088,-1.9086958169937134,1.4864259958267212,1.3066130876541138,2.811985969543457,0.17072170972824097,-0.8470109105110168,-1.7086957693099976,1.3325022459030151,1.106613039970398,2.611985921859741,0.09735454618930817,0.20000000298023224,0.20000000298023224,-0.15392374992370605,-0.20000000298023224,-0.20000000298023224
1769718893.8607912,goal2.png,0.6760650873184204,0.1181991919875145,-1.0084187984466553,-1.867074728012085,1.4262357950210571,1.268399715423584,2.7741057872772217,0.1930309534072876,-0.8084188103675842,-1.6754270792007446,1.3250463008880615,1.0683996677398682,2.574105739593506,0.0748317614197731,0.20000000298023224,0.19164764881134033,-0.1011894941329956,-0.20000000298023224,-0.20000000298023224
1769718893.9609497,goal2.png,0.6023918390274048,0.16451559960842133,-0.9740678668022156,-1.8250900506973267,1.3697717189788818,1.233412504196167,2.7397546768188477,0.22640588879585266,-0.7740678787231445,-1.6750047206878662,1.3481417894363403,1.0334124565124512,2.539754629135132,0.061890289187431335,0.20000000298023224,0.15008533000946045,-0.021629929542541504,-0.20000000298023224,-0.20000000298023224
1769718894.0613103,goal2.png,0.64061439037323,0.19268710911273956,-0.9372631311416626,-1.7838021516799927,1.3332396745681763,1.1976832151412964,2.704843282699585,0.2748955488204956,-0.7372631430625916,-1.6937384605407715,1.3875765800476074,0.9976832270622253,2.5406246185302734,0.08220843970775604,0.20000000298023224,0.09006369113922119,0.05433690547943115,-0.20000000298023224,-0.16421866416931152
1769718894.160508,goal2.png,0.6290690302848816,0.22052544355392456,-0.8914010524749756,-1.7408177852630615,1.3475979566574097,1.1582733392715454,2.6693713665008545,0.3140028119087219,-0.6914010643959045,-1.708327054977417,1.4181044101715088,0.9582733511924744,2.5573325157165527,0.09347736835479736,0.20000000298023224,0.03249073028564453,0.07050645351409912,-0.20000000298023224,-0.11203885078430176
1769718894.2607448,goal2.png,0.6107496023178101,0.2581479549407959,-0.8490832448005676,-1.700378179550171,1.377435564994812,1.1092156171798706,2.6491212844848633,0.3314782381057739,-0.6490832567214966,-1.7204523086547852,1.4352701902389526,0.9092156291007996,2.572054147720337,0.07333028316497803,0.20000000298023224,-0.020074129104614258,0.057834625244140625,-0.20000000298023224,-0.07706713676452637
1769718894.3614888,goal2.png,0.588387131690979,0.2999812662601471,-0.8093098998069763,-1.7083145380020142,1.4066370725631714,1.0512064695358276,2.636943817138672,0.3280126452445984,-0.6093099117279053,-1.7338073253631592,1.4565130472183228,0.8512064814567566,2.571394443511963,0.028031378984451294,0.20000000298023224,-0.02549278736114502,0.04987597465515137,-0.20000000298023224,-0.06554937362670898
1769718894.4609187,goal2.png,0.5579096674919128,0.3276073932647705,-0.7644475698471069,-1.7212796211242676,1.4288411140441895,0.9829738140106201,2.6299312114715576,0.31322482228279114,-0.5677000284194946,-1.7529493570327759,1.4927785396575928,0.7829738259315491,2.5679097175598145,-0.01438257098197937,0.1967475414276123,-0.0316697359085083,0.06393742561340332,-0.20000000298023224,-0.062021493911743164
1769718894.5606873,goal2.png,0.5776256322860718,0.3298490643501282,-0.7207059860229492,-1.7353349924087524,1.4515297412872314,0.9201180934906006,2.623145818710327,0.29431456327438354,-0.5399668216705322,-1.773986577987671,1.5440611839294434,0.7201181054115295,2.5652754306793213,-0.03553450107574463,0.180739164352417,-0.03865158557891846,0.09253144264221191,-0.20000000298023224,-0.05787038803100586
1769718894.660906,goal2.png,0.5584946870803833,0.31606626510620117,-0.6793270707130432,-1.7522985935211182,1.4831242561340332,0.8538543581962585,2.6185567378997803,0.2746829092502594,-0.5227370262145996,-1.8006093502044678,1.613795518875122,0.6538543701171875,2.5759551525115967,-0.04138335585594177,0.1565900444984436,-0.04831075668334961,0.13067126274108887,-0.20000000298023224,-0.042601585388183594
1769718894.761322,goal2.png,0.5591613054275513,0.29646730422973633,-0.6331015825271606,-1.7743510007858276,1.5294709205627441,0.7857126593589783,2.6123619079589844,0.25865721702575684,-0.5158227682113647,-1.8261806964874268,1.6890249252319336,0.5857126712799072,2.5960428714752197,-0.03781008720397949,0.1172788143157959,-0.05182969570159912,0.15955400466918945,-0.20000000298023224,-0.01631903648376465
1769718894.8605657,goal2.png,0.5158714056015015,0.27947351336479187,-0.5890268087387085,-1.7983119487762451,1.5858744382858276,0.7152384519577026,2.6138916015625,0.25098490715026855,-0.5184770822525024,-1.8439598083496094,1.764283299446106,0.5152384638786316,2.6168811321258545,-0.028488606214523315,0.07054972648620605,-0.04564785957336426,0.17840886116027832,-0.20000000298023224,0.002989530563354492
1769718894.9608452,goal2.png,0.4958391785621643,0.26596328616142273,-0.5507075786590576,-1.8230301141738892,1.642035722732544,0.6451579928398132,2.612816333770752,0.25634947419166565,-0.5275396704673767,-1.8540778160095215,1.8265998363494873,0.4502728283405304,2.6390719413757324,-0.00961381196975708,0.023167908191680908,-0.031047701835632324,0.18456411361694336,-0.19488516449928284,0.02625560760498047
1769718895.0607316,goal2.png,0.46317052841186523,0.25587618350982666,-0.5394389033317566,-1.841871738433838,1.7019230127334595,0.5703974366188049,2.612816333770752,0.25705230236053467,-0.5392398834228516,-1.8614063262939453,1.8700435161590576,0.4055362045764923,2.653674602508545,0.0011761188507080078,0.0001990199089050293,-0.019534587860107422,0.16812050342559814,-0.16486123204231262,0.04085826873779297
1769718895.160368,goal2.png,0.4609834551811218,0.25511881709098816,-0.5524644255638123,-1.854745864868164,1.757962942123413,0.5000596046447754,2.6132404804229736,0.25971874594688416,-0.55250084400177,-1.862936019897461,1.8975471258163452,0.38663944602012634,2.655815839767456,0.004599928855895996,-3.641843795776367e-05,-0.008190155029296875,0.13958418369293213,-0.11342015862464905,0.04257535934448242
1769718895.2605727,goal2.png,0.4939919710159302,0.2576632797718048,-0.563642144203186,-1.8625612258911133,1.8138819932937622,0.4451250731945038,2.6274020671844482,0.278059720993042,-0.5644596219062805,-1.8471260070800781,1.9248712062835693,0.3784898817539215,2.634269952774048,0.020396441221237183,-0.0008174777030944824,0.015435218811035156,0.11098921298980713,-0.06663519144058228,0.006867885589599609
1769718895.3622746,goal2.png,0.512488842010498,0.2631765305995941,-0.5707911252975464,-1.8647724390029907,1.87382972240448,0.39508283138275146,2.650454044342041,0.30460691452026367,-0.5689554214477539,-1.820363998413086,1.9597383737564087,0.37255436182022095,2.6010313034057617,0.041430383920669556,0.0018357038497924805,0.044408440589904785,0.08590865135192871,-0.022528469562530518,-0.0494227409362793
1769718895.4604595,goal2.png,0.5299363136291504,0.2757174074649811,-0.5855734944343567,-1.854957938194275,1.9166018962860107,0.38313260674476624,2.636747121810913,0.33680814504623413,-0.5676112174987793,-1.784269094467163,2.0042519569396973,0.3639928102493286,2.5630016326904297,0.06109073758125305,0.017962276935577393,0.07068884372711182,0.08765006065368652,-0.019139796495437622,-0.0737454891204834
1769718895.5605845,goal2.png,0.5069455504417419,0.2995874583721161,-0.5932071208953857,-1.834753155708313,1.9496806859970093,0.3748931884765625,2.6081817150115967,0.3619735836982727,-0.5609025359153748,-1.7493865489959717,2.041482925415039,0.35731491446495056,2.5262203216552734,0.062386125326156616,0.032304584980010986,0.08536660671234131,0.09180223941802979,-0.01757827401161194,-0.08196139335632324
1769718895.6606479,goal2.png,0.5094139575958252,0.33030346035957336,-0.5916925668716431,-1.8021589517593384,1.9893935918807983,0.3670324385166168,2.573270320892334,0.3708730936050415,-0.5549895167350769,-1.7281394004821777,2.0492334365844727,0.37032508850097656,2.499659538269043,0.04056963324546814,0.03670305013656616,0.07401955127716064,0.059839844703674316,0.003292649984359741,-0.07361078262329102
1769718895.7605977,goal2.png,0.5055497288703918,0.35629400610923767,-0.5893600583076477,-1.7679897546768188,2.027834177017212,0.36248862743377686,2.5345571041107178,0.35994386672973633,-0.5489815473556519,-1.7256824970245361,2.035569429397583,0.3871877193450928,2.4884026050567627,0.0036498606204986572,0.04037851095199585,0.042307257652282715,0.007735252380371094,0.024699091911315918,-0.04615449905395508
1769718895.8606117,goal2.png,0.4922717213630676,0.36619940400123596,-0.5834531188011169,-1.7456645965576172,2.0404655933380127,0.3699859380722046,2.5102174282073975,0.3405344784259796,-0.5414761900901794,-1.7369370460510254,2.016523838043213,0.3991701602935791,2.4926300048828125,-0.025664925575256348,0.0419769287109375,0.008727550506591797,-0.023941755294799805,0.02918422222137451,-0.01758742332458496
1769718895.9608629,goal2.png,0.502605676651001,0.360686331987381,-0.5772432684898376,-1.739121437072754,2.0361642837524414,0.3830265998840332,2.49599552154541,0.3249792754650116,-0.5338791012763977,-1.7527803182601929,2.0019755363464355,0.41547727584838867,2.507115364074707,-0.035707056522369385,0.04336416721343994,-0.013658881187438965,-0.03418874740600586,0.03245067596435547,0.011119842529296875
1769718896.0603983,goal2.png,0.5020576119422913,0.3438136875629425,-0.571518063545227,-1.7444225549697876,2.020563840866089,0.39727896451950073,2.4966163635253906,0.32207709550857544,-0.5309275984764099,-1.7616974115371704,1.98687744140625,0.4372064471244812,2.522934675216675,-0.021736592054367065,0.04059046506881714,-0.017274856567382812,-0.03368639945983887,0.03992748260498047,0.02631831169128418
1769718896.1613593,goal2.png,0.4953100383281708,0.3291221261024475,-0.5640662908554077,-1.7544492483139038,2.0061452388763428,0.41363662481307983,2.507218599319458,0.3272000849246979,-0.5317140817642212,-1.7568937540054321,1.966367483139038,0.4591015577316284,2.525419235229492,-0.0019220411777496338,0.03235220909118652,-0.0024445056915283203,-0.03977775573730469,0.045464932918548584,0.01820063591003418
1769718896.2607622,goal2.png,0.4999571740627289,0.3242146968841553,-0.559158980846405,-1.7634762525558472,1.9909685850143433,0.4318420886993408,2.5186991691589355,0.3321530520915985,-0.5351229310035706,-1.745842695236206,1.9456912279129028,0.4755745530128479,2.516341209411621,0.007938355207443237,0.024036049842834473,0.017633557319641113,-0.04527735710144043,0.04373246431350708,-0.002357959747314453
1769718896.3608627,goal2.png,0.4987522065639496,0.3280920684337616,-0.5596436858177185,-1.7631126642227173,1.9732176065444946,0.45244061946868896,2.522364616394043,0.3323981761932373,-0.5386865139007568,-1.7362456321716309,1.931368112564087,0.4856070280075073,2.5036568641662598,0.004306107759475708,0.02095717191696167,0.026867032051086426,-0.041849493980407715,0.03316640853881836,-0.018707752227783203
1769718896.4608316,goal2.png,0.501640796661377,0.3319088816642761,-0.5613399147987366,-1.7555699348449707,1.951831579208374,0.47008562088012695,2.51592755317688,0.3298755884170532,-0.5435477495193481,-1.7320053577423096,1.9195587635040283,0.49457818269729614,2.495992422103882,-0.0020332932472229004,0.017792165279388428,0.023564577102661133,-0.0322728157043457,0.02449256181716919,-0.019935131072998047
1769718896.5607545,goal2.png,0.5012722015380859,0.3319088816642761,-0.5637027621269226,-1.7474517822265625,1.9359887838363647,0.481748104095459,2.5065369606018066,0.32478708028793335,-0.5490844249725342,-1.7284252643585205,1.9083304405212402,0.49727439880371094,2.4896416664123535,-0.0071218013763427734,0.014618337154388428,0.019026517868041992,-0.02765834331512451,0.015526294708251953,-0.016895294189453125
1769718896.6605911,goal2.png,0.5020039677619934,0.33045485615730286,-0.5683374404907227,-1.7429078817367554,1.9245383739471436,0.4907296597957611,2.4985551834106445,0.32124775648117065,-0.5561587810516357,-1.723167061805725,1.8987646102905273,0.49280017614364624,2.4813852310180664,-0.009207099676132202,0.012178659439086914,0.019740819931030273,-0.02577376365661621,0.002070516347885132,-0.017169952392578125
1769718896.760612,goal2.png,0.4956905245780945,0.32721373438835144,-0.5733658671379089,-1.7391518354415894,1.9134215116500854,0.49421316385269165,2.492466449737549,0.31449079513549805,-0.5628358125686646,-1.7209064960479736,1.8952869176864624,0.4808696508407593,2.4731814861297607,-0.012722939252853394,0.010530054569244385,0.018245339393615723,-0.018134593963623047,-0.013343513011932373,-0.019284963607788086
1769718896.860878,goal2.png,0.5107175707817078,0.32248812913894653,-0.5801209807395935,-1.7345473766326904,1.9023950099945068,0.4905630052089691,2.4835152626037598,0.3074578642845154,-0.5702380537986755,-1.7205191850662231,1.8959863185882568,0.46642714738845825,2.4651057720184326,-0.015030264854431152,0.009882926940917969,0.014028191566467285,-0.00640869140625,-0.024135857820510864,-0.01840949058532715
1769718896.9609165,goal2.png,0.504940390586853,0.31642967462539673,-0.5869669914245605,-1.731821060180664,1.898123860359192,0.48141488432884216,2.475184917449951,0.30219924449920654,-0.5780416131019592,-1.7199440002441406,1.900160789489746,0.45126843452453613,2.4573206901550293,-0.014230430126190186,0.008925378322601318,0.011877059936523438,0.0020369291305541992,-0.03014644980430603,-0.017864227294921875
1769718897.060554,goal2.png,0.5128034353256226,0.30997753143310547,-0.593540370464325,-1.7303670644760132,1.8973970413208008,0.4695252776145935,2.46756649017334,0.2986912727355957,-0.5860875844955444,-1.7175493240356445,1.9065505266189575,0.4376152455806732,2.4505302906036377,-0.011286258697509766,0.007452785968780518,0.012817740440368652,0.009153485298156738,-0.03191003203392029,-0.01703619956970215
1769718897.1604817,goal2.png,0.5077067613601685,0.3041614592075348,-0.6003560423851013,-1.7291251420974731,1.8997292518615723,0.4542732834815979,2.45855450630188,0.2984735071659088,-0.594247579574585,-1.7149605751037598,1.9145712852478027,0.42297571897506714,2.446554660797119,-0.0056879520416259766,0.006108462810516357,0.014164566993713379,0.014842033386230469,-0.03129756450653076,-0.011999845504760742
1769718897.2606077,goal2.png,0.4982242286205292,0.30076876282691956,-0.6069899201393127,-1.727125883102417,1.9050607681274414,0.44026318192481995,2.452056884765625,0.29888129234313965,-0.6007822155952454,-1.7096354961395264,1.9258123636245728,0.40249788761138916,2.43929386138916,-0.0018874704837799072,0.006207704544067383,0.017490386962890625,0.020751595497131348,-0.037765294313430786,-0.012763023376464844
1769718897.3614755,goal2.png,0.5041152834892273,0.29989027976989746,-0.6160169839859009,-1.7239148616790771,1.9134516716003418,0.42469316720962524,2.447361707687378,0.30112436413764954,-0.6069846749305725,-1.7038146257400513,1.9380848407745361,0.3854576647281647,2.4320483207702637,0.0012340843677520752,0.00903230905532837,0.02010023593902588,0.024633169174194336,-0.03923550248146057,-0.015313386917114258
1769718897.4607182,goal2.png,0.5114672780036926,0.30022352933883667,-0.6259527802467346,-1.719704270362854,1.9230239391326904,0.4080022871494293,2.440757989883423,0.30502796173095703,-0.6131662130355835,-1.6993281841278076,1.9497405290603638,0.3761657774448395,2.428828001022339,0.004804432392120361,0.012786567211151123,0.020376086235046387,0.02671658992767334,-0.031836509704589844,-0.011929988861083984
1769718897.5604656,goal2.png,0.5174565315246582,0.30170783400535583,-0.6318899989128113,-1.7145243883132935,1.9347165822982788,0.3908116817474365,2.43453311920166,0.3085476756095886,-0.6172012090682983,-1.696035623550415,1.956782579421997,0.370382159948349,2.426083564758301,0.006839841604232788,0.01468878984451294,0.018488764762878418,0.02206599712371826,-0.020429521799087524,-0.008449554443359375
1769718897.6614187,goal2.png,0.5267579555511475,0.3046461343765259,-0.6356765031814575,-1.7098593711853027,1.9461971521377563,0.3796793222427368,2.4303982257843018,0.3095890283584595,-0.6202215552330017,-1.6951855421066284,1.9602659940719604,0.36832186579704285,2.4259612560272217,0.004942893981933594,0.01545494794845581,0.014673829078674316,0.014068841934204102,-0.01135745644569397,-0.004436969757080078
1769718897.7607567,goal2.png,0.5350466966629028,0.3075844645500183,-0.6418256759643555,-1.7065879106521606,1.9535884857177734,0.37363606691360474,2.4278082847595215,0.30787956714630127,-0.6228838562965393,-1.695427417755127,1.9571893215179443,0.3715522885322571,2.4282217025756836,0.000295102596282959,0.018941819667816162,0.011160492897033691,0.0036008358001708984,-0.0020837783813476562,0.0004134178161621094
1769718897.8608668,goal2.png,0.5197729468345642,0.3091293275356293,-0.6469148397445679,-1.7046189308166504,1.9574960470199585,0.37122786045074463,2.426854133605957,0.3055453300476074,-0.6255383491516113,-1.6961896419525146,1.9512696266174316,0.37685537338256836,2.4295716285705566,-0.0035839974880218506,0.021376490592956543,0.008429288864135742,-0.0062264204025268555,0.0056275129318237305,0.0027174949645996094
1769718897.9608777,goal2.png,0.5265229940414429,0.3085537850856781,-0.6494593024253845,-1.7039828300476074,1.9567993879318237,0.37227290868759155,2.4277780055999756,0.3026314377784729,-0.6272037029266357,-1.697432279586792,1.9470202922821045,0.37879863381385803,2.4284579753875732,-0.0059223473072052,0.02225559949874878,0.00655055046081543,-0.009779095649719238,0.0065257251262664795,0.0006799697875976562
1769718898.0608077,goal2.png,0.5248873233795166,0.30652427673339844,-0.6521856188774109,-1.7040131092071533,1.9529523849487305,0.3749537765979767,2.4292168617248535,0.2982315421104431,-0.6277892589569092,-1.7003371715545654,1.945619821548462,0.37925392389297485,2.4280200004577637,-0.008292734622955322,0.02439635992050171,0.0036759376525878906,-0.007332563400268555,0.004300147294998169,-0.0011968612670898438
1769718898.160867,goal2.png,0.5260368585586548,0.3038889169692993,-0.6542757153511047,-1.7046796083450317,1.9493173360824585,0.37683185935020447,2.4289746284484863,0.2939678132534027,-0.6288778185844421,-1.7033123970031738,1.947595477104187,0.38040637969970703,2.428434371948242,-0.009921103715896606,0.025397896766662598,0.0013672113418579102,-0.0017218589782714844,0.0035745203495025635,-0.0005402565002441406
1769718898.2605498,goal2.png,0.5298752188682556,0.29992055892944336,-0.6551239490509033,-1.706921100616455,1.9477119445800781,0.37787696719169617,2.4287474155426025,0.29266566038131714,-0.6290099620819092,-1.703658103942871,1.9520927667617798,0.37878116965293884,2.4260566234588623,-0.007254898548126221,0.02611398696899414,0.0032629966735839844,0.00438082218170166,0.0009042024612426758,-0.0026907920837402344
1769718898.3611262,goal2.png,0.5274403691291809,0.29640671610832214,-0.6556994915008545,-1.709011197090149,1.9483784437179565,0.3787100315093994,2.428762435913086,0.2957049608230591,-0.6306120157241821,-1.7047629356384277,1.9579764604568481,0.37729766964912415,2.428964614868164,-0.0007017552852630615,0.025087475776672363,0.004248261451721191,0.009598016738891602,-0.0014123618602752686,0.000202178955078125
1769718898.4608314,goal2.png,0.5247592926025391,0.2946801781654358,-0.6566082239151001,-1.7098290920257568,1.9509832859039307,0.37849798798561096,2.4280052185058594,0.30302831530570984,-0.632908821105957,-1.704207181930542,1.9634896516799927,0.37832245230674744,2.432265281677246,0.008348137140274048,0.023699402809143066,0.005621910095214844,0.012506365776062012,-0.0001755356788635254,0.004260063171386719
1769718898.5606904,goal2.png,0.5223498344421387,0.29686111211776733,-0.6577592492103577,-1.7108590602874756,1.9566177129745483,0.3777860701084137,2.4290804862976074,0.3088042736053467,-0.6347414255142212,-1.7052494287490845,1.9659292697906494,0.3823965787887573,2.436469078063965,0.011943161487579346,0.023017823696136475,0.005609631538391113,0.009311556816101074,0.004610508680343628,0.007388591766357422
1769718898.6606293,goal2.png,0.5215041041374207,0.302677184343338,-0.6595162749290466,-1.7108590602874756,1.9611310958862305,0.3786039650440216,2.431746244430542,0.3088134527206421,-0.634361207485199,-1.7063474655151367,1.9627962112426758,0.38759180903434753,2.4373300075531006,0.006136268377304077,0.025155067443847656,0.004511594772338867,0.0016651153564453125,0.008987843990325928,0.005583763122558594
1769718898.7605457,goal2.png,0.5356464982032776,0.3078268766403198,-0.6620001792907715,-1.7118586301803589,1.9637058973312378,0.3820723593235016,2.435608386993408,0.30299755930900574,-0.6316355466842651,-1.7108068466186523,1.959357738494873,0.39292123913764954,2.4390041828155518,-0.004829317331314087,0.030364632606506348,0.001051783561706543,-0.004348158836364746,0.01084887981414795,0.0033957958221435547
1769718898.8609776,goal2.png,0.5312260389328003,0.3089779019355774,-0.6624546051025391,-1.712767481803894,1.9627366065979004,0.3861466646194458,2.437744140625,0.29492586851119995,-0.6286118030548096,-1.715083360671997,1.9588310718536377,0.3926388621330261,2.436767578125,-0.014052033424377441,0.03384280204772949,-0.0023158788681030273,-0.0039055347442626953,0.006492197513580322,-0.0009765625
1769718898.960685,goal2.png,0.528516411781311,0.3038889169692993,-0.6606067419052124,-1.715948224067688,1.9605556726455688,0.3903723955154419,2.438789129257202,0.2903106212615967,-0.6268685460090637,-1.7180793285369873,1.961984395980835,0.3903034031391144,2.435767412185669,-0.013578295707702637,0.03373819589614868,-0.0021311044692993164,0.0014287233352661133,-6.899237632751465e-05,-0.003021717071533203
1769718899.060492,goal2.png,0.5372294187545776,0.2969822585582733,-0.6582439541816711,-1.7189773321151733,1.9600105285644531,0.39112967252731323,2.437910795211792,0.28975051641464233,-0.6263744235038757,-1.7174590826034546,1.9656797647476196,0.3876889646053314,2.4338934421539307,-0.0072317421436309814,0.03186953067779541,0.00151824951171875,0.005669236183166504,-0.0034407079219818115,-0.004017353057861328
1769718899.1611593,goal2.png,0.5258265137672424,0.29271119832992554,-0.6561538577079773,-1.7215521335601807,1.9612221717834473,0.3902360796928406,2.437077760696411,0.28537672758102417,-0.624558687210083,-1.7148563861846924,1.9726241827011108,0.3770335614681244,2.4277656078338623,-0.007334470748901367,0.03159517049789429,0.006695747375488281,0.011402010917663574,-0.013202518224716187,-0.009312152862548828
1769718899.261127,goal2.png,0.5285760164260864,0.29068151116371155,-0.6550026535987854,-1.7221276760101318,1.9651901721954346,0.3867676258087158,2.4341847896575928,0.28089165687561035,-0.6222188472747803,-1.7133598327636719,1.9830660820007324,0.36563897132873535,2.4227700233459473,-0.009789854288101196,0.03278380632400513,0.008767843246459961,0.01787590980529785,-0.02112865447998047,-0.011414766311645508
1769718899.361348,goal2.png,0.5287889242172241,0.28786447644233704,-0.6541243195533752,-1.7212492227554321,1.971824288368225,0.3781193196773529,2.4290502071380615,0.27639240026474,-0.6197026371955872,-1.7122681140899658,1.9916361570358276,0.3556709289550781,2.417123317718506,-0.011472076177597046,0.034421682357788086,0.008981108665466309,0.01981186866760254,-0.02244839072227478,-0.011926889419555664
1769718899.4606106,goal2.png,0.5357149839401245,0.2823512554168701,-0.6519432067871094,-1.7203707695007324,1.9806089401245117,0.36850160360336304,2.423764228820801,0.27514997124671936,-0.6164311170578003,-1.7096469402313232,1.997190237045288,0.35297971963882446,2.4123928546905518,-0.007201284170150757,0.03551208972930908,0.01072382926940918,0.016581296920776367,-0.015521883964538574,-0.011371374130249023
1769718899.5605536,goal2.png,0.5276793241500854,0.27777722477912903,-0.6487019062042236,-1.7191590070724487,1.9883333444595337,0.35976237058639526,2.417842149734497,0.2734871506690979,-0.6133478879928589,-1.7051547765731812,1.9991153478622437,0.3556070029735565,2.406658172607422,-0.004290074110031128,0.035354018211364746,0.014004230499267578,0.010782003402709961,-0.004155367612838745,-0.011183977127075195
1769718899.6607273,goal2.png,0.5294163227081299,0.27635350823402405,-0.6460666060447693,-1.7170689105987549,1.9941493272781372,0.35614249110221863,2.413646936416626,0.2692733407020569,-0.6087971329689026,-1.698667287826538,2.0002903938293457,0.35757243633270264,2.3966541290283203,-0.007080167531967163,0.0372694730758667,0.018401622772216797,0.006141066551208496,0.0014299452304840088,-0.016992807388305664
1769718899.7606666,goal2.png,0.5289629101753235,0.2747480869293213,-0.6427950263023376,-1.7139792442321777,1.997390627861023,0.3559758961200714,2.4083001613616943,0.2645987272262573,-0.6051632165908813,-1.6954182386398315,1.9995222091674805,0.36119991540908813,2.390819549560547,-0.010149359703063965,0.0376318097114563,0.01856100559234619,0.0021315813064575195,0.005224019289016724,-0.01748061180114746
1769718899.8613906,goal2.png,0.5214831829071045,0.27050715684890747,-0.6372516751289368,-1.7089506387710571,1.9991778135299683,0.35797515511512756,2.399000644683838,0.2583704888820648,-0.6007333397865295,-1.6918725967407227,1.9979333877563477,0.3665182590484619,2.3856518268585205,-0.012136667966842651,0.03651833534240723,0.017078042030334473,-0.0012444257736206055,0.00854310393333435,-0.013348817825317383
1769718899.9611042,goal2.png,0.517380952835083,0.2655695974826813,-0.6324655413627625,-1.705224871635437,1.9992082118988037,0.3612012565135956,2.3930180072784424,0.2515522241592407,-0.5972459316253662,-1.687004566192627,1.9953687191009521,0.3693448305130005,2.3810601234436035,-0.014017373323440552,0.03521960973739624,0.01822030544281006,-0.0038394927978515625,0.008143573999404907,-0.011957883834838867
1769718900.0604422,goal2.png,0.518373966217041,0.2598141133785248,-0.6298301815986633,-1.7009838819503784,1.998329520225525,0.3650785982608795,2.388080358505249,0.24512091279029846,-0.5932728052139282,-1.681849718093872,1.9920746088027954,0.3721756339073181,2.376474142074585,-0.014693200588226318,0.03655737638473511,0.019134163856506348,-0.006254911422729492,0.007097035646438599,-0.011606216430664062
1769718900.1610122,goal2.png,0.5165081024169922,0.2537253499031067,-0.6268008947372437,-1.6966218948364258,1.9961485862731934,0.3688196539878845,2.3830368518829346,0.2400883138179779,-0.5910018086433411,-1.6764414310455322,1.9876830577850342,0.3750901222229004,2.373042583465576,-0.013637036085128784,0.03579908609390259,0.020180463790893555,-0.00846552848815918,0.006270468235015869,-0.009994268417358398
1769718900.2610843,goal2.png,0.5194990038871765,0.24721264839172363,-0.6231961846351624,-1.6911693811416626,1.9925743341445923,0.371909499168396,2.3782505989074707,0.23274198174476624,-0.5879687666893005,-1.6680699586868286,1.9791579246520996,0.3788565397262573,2.363028049468994,-0.014470666646957397,0.035227417945861816,0.023099422454833984,-0.013416409492492676,0.006947040557861328,-0.015222549438476562
1769718900.3607247,goal2.png,0.5282338261604309,0.24185098707675934,-0.621257483959198,-1.6864135265350342,1.9878183603286743,0.37493863701820374,2.37343430519104,0.2225181758403778,-0.5863890647888184,-1.65895676612854,1.9624359607696533,0.38888484239578247,2.3514275550842285,-0.01933281123638153,0.03486841917037964,0.02745676040649414,-0.025382399559020996,0.013946205377578735,-0.022006750106811523
1769718900.4603722,goal2.png,0.5230212211608887,0.234914168715477,-0.6183192133903503,-1.6795978546142578,1.9798818826675415,0.3798004686832428,2.3649373054504395,0.20943744480609894,-0.5848555564880371,-1.6555883884429932,1.9223415851593018,0.425085186958313,2.3434901237487793,-0.025476723909378052,0.03346365690231323,0.02400946617126465,-0.057540297508239746,0.04528471827507019,-0.021447181701660156
1769718900.56061,goal2.png,0.5130289793014526,0.2243422418832779,-0.6151384711265564,-1.671509861946106,1.9618582725524902,0.392265647649765,2.354229211807251,0.19258736073970795,-0.581996738910675,-1.653024435043335,1.8360345363616943,0.47744613885879517,2.3277804851531982,-0.031754881143569946,0.03314173221588135,0.018485426902770996,-0.1258237361907959,0.08518049120903015,-0.026448726654052734
1769718900.6606905,goal2.png,0.502339780330658,0.2106199562549591,-0.6136844754219055,-1.6658148765563965,1.9248716831207275,0.4276466369628906,2.3442933559417725,0.17505186796188354,-0.5739209651947021,-1.6422921419143677,1.7305604219436646,0.5151928663253784,2.296297788619995,-0.03556808829307556,0.03976351022720337,0.02352273464202881,-0.194311261177063,0.08754622936248779,-0.047995567321777344
1769718900.7603354,goal2.png,0.5071519613265991,0.19526195526123047,-0.6111096739768982,-1.6619982719421387,1.868589162826538,0.46716251969337463,2.3284051418304443,0.16059046983718872,-0.5676623582839966,-1.6305644512176514,1.6685891151428223,0.5409051775932312,2.2628965377807617,-0.03467148542404175,0.04344731569290161,0.031433820724487305,-0.20000000298023224,0.07374265789985657,-0.06550860404968262
1769718900.8606105,goal2.png,0.5176104307174683,0.17932836711406708,-0.604627251625061,-1.6540919542312622,1.812821626663208,0.5033916234970093,2.3015968799591064,0.15350767970085144,-0.5655194520950317,-1.6197509765625,1.6128215789794922,0.5673798322677612,2.2373297214508057,-0.025820687413215637,0.0391077995300293,0.03434097766876221,-0.20000000298023224,0.06398820877075195,-0.06426715850830078
1769718900.9606707,goal2.png,0.502920389175415,0.1650608330965042,-0.5977508425712585,-1.6427325010299683,1.756539225578308,0.5340017080307007,2.2709262371063232,0.14798252284526825,-0.5610251426696777,-1.610072374343872,1.5685187578201294,0.5816733241081238,2.2138829231262207,-0.017078310251235962,0.03672569990158081,0.03266012668609619,-0.1880204677581787,0.047671616077423096,-0.05704331398010254
1769718901.0604796,goal2.png,0.53990638256073,0.15557946264743805,-0.5933585166931152,-1.6319183111190796,1.6968036890029907,0.5622640252113342,2.241028070449829,0.14396491646766663,-0.5557935237884521,-1.5993170738220215,1.5304089784622192,0.5826494693756104,2.192408323287964,-0.011614546179771423,0.037564992904663086,0.032601237297058105,-0.16639471054077148,0.020385444164276123,-0.048619747161865234
1769718901.1604967,goal2.png,0.5832808613777161,0.15058133006095886,-0.590692937374115,-1.6231032609939575,1.6411269903182983,0.5754713416099548,2.219005823135376,0.13926255702972412,-0.5461740493774414,-1.5891650915145874,1.5005149841308594,0.5699664950370789,2.1751012802124023,-0.011318773031234741,0.044518887996673584,0.03393816947937012,-0.14061200618743896,-0.0055048465728759766,-0.04390454292297363
1769718901.2604315,goal2.png,0.5735008716583252,0.14627985656261444,-0.5853312611579895,-1.6121073961257935,1.585147500038147,0.5777583718299866,2.1979377269744873,0.13509461283683777,-0.5361045002937317,-1.5803050994873047,1.4839907884597778,0.5552520751953125,2.162876605987549,-0.011185243725776672,0.04922676086425781,0.03180229663848877,-0.10115671157836914,-0.022506296634674072,-0.03506112098693848
1769718901.3612287,goal2.png,0.593285322189331,0.1402517408132553,-0.5760316252708435,-1.6016565561294556,1.5251996517181396,0.5680044293403625,2.179762601852417,0.12846598029136658,-0.5272740721702576,-1.584350347518921,1.483457088470459,0.5437537431716919,2.166086435317993,-0.011785760521888733,0.04875755310058594,0.017306208610534668,-0.041742563247680664,-0.024250686168670654,-0.013676166534423828
1769718901.4602873,goal2.png,0.6071773767471313,0.13573820888996124,-0.5670045614242554,-1.5947197675704956,1.491878628730774,0.5571901202201843,2.169039249420166,0.11656614392995834,-0.5199453234672546,-1.6066248416900635,1.495149850845337,0.5303912162780762,2.193225383758545,-0.0191720649600029,0.04705923795700073,-0.011905074119567871,0.0032712221145629883,-0.026798903942108154,0.024186134338378906
1769718901.5606155,goal2.png,0.621423602104187,0.12998279929161072,-0.5590681433677673,-1.5972036123275757,1.4881829023361206,0.5457852482795715,2.1722652912139893,0.10629769414663315,-0.5177018046379089,-1.6437675952911377,1.5198445320129395,0.5168430805206299,2.2478291988372803,-0.02368510514497757,0.0413663387298584,-0.04656398296356201,0.03166162967681885,-0.02894216775894165,0.07556390762329102
1769718901.66037,goal2.png,0.6027528047561646,0.11868386715650558,-0.5508893132209778,-1.6148639917373657,1.4982701539993286,0.5324870944023132,2.1999218463897705,0.09982292354106903,-0.5180497765541077,-1.6850917339324951,1.5540918111801147,0.5055195093154907,2.3115158081054688,-0.018860943615436554,0.03283953666687012,-0.0702277421951294,0.05582165718078613,-0.02696758508682251,0.11159396171569824
1769718901.7604377,goal2.png,0.584735631942749,0.10811201483011246,-0.5460728406906128,-1.6458828449249268,1.5203226804733276,0.5220363736152649,2.246359348297119,0.09373565018177032,-0.5140419602394104,-1.7138240337371826,1.5805652141571045,0.49589741230010986,2.350987434387207,-0.014376364648342133,0.03203088045120239,-0.06794118881225586,0.060242533683776855,-0.02613896131515503,0.10462808609008789
1769718901.8614812,goal2.png,0.5917239189147949,0.10108428448438644,-0.5454973578453064,-1.682384729385376,1.5477067232131958,0.5088139772415161,2.2986888885498047,0.08707032352685928,-0.5102262496948242,-1.728808879852295,1.5937421321868896,0.4846544861793518,2.367893695831299,-0.01401396095752716,0.03527110815048218,-0.046424150466918945,0.04603540897369385,-0.024159491062164307,0.06920480728149414
1769718901.960372,goal2.png,0.6022874116897583,0.09635869413614273,-0.543800950050354,-1.7112832069396973,1.572182536125183,0.49759072065353394,2.338113784790039,0.07792683690786362,-0.5098268985748291,-1.7335046529769897,1.598020315170288,0.469603031873703,2.3725767135620117,-0.018431857228279114,0.0339740514755249,-0.02222144603729248,0.02583777904510498,-0.027987688779830933,0.034462928771972656
1769718902.0605323,goal2.png,0.6131067872047424,0.08890692889690399,-0.538984477519989,-1.7290645837783813,1.5889643430709839,0.48485299944877625,2.3604843616485596,0.07035189867019653,-0.5160438418388367,-1.732975959777832,1.6037778854370117,0.46765416860580444,2.376793384552002,-0.01855503022670746,0.022940635681152344,-0.003911375999450684,0.014813542366027832,-0.017198830842971802,0.016309022903442383
1769718902.1603854,goal2.png,0.5759762525558472,0.07942547649145126,-0.5380151271820068,-1.7366374731063843,1.5961130857467651,0.4744931757450104,2.3696324825286865,0.06852173805236816,-0.5213133096694946,-1.7230896949768066,1.5973992347717285,0.4832058548927307,2.3702497482299805,-0.0109037384390831,0.016701817512512207,0.013547778129577637,0.001286149024963379,0.008712679147720337,0.0006172657012939453
1769718902.260512,goal2.png,0.5632323026657104,0.07264015078544617,-0.5408020615577698,-1.7374250888824463,1.5998693704605103,0.4722817838191986,2.3734190464019775,0.06935662776231766,-0.5209924578666687,-1.7011511325836182,1.5701868534088135,0.499254435300827,2.344008207321167,-0.0032835230231285095,0.019809603691101074,0.036273956298828125,-0.029682517051696777,0.026972651481628418,-0.029410839080810547
1769718902.3605866,goal2.png,0.572523832321167,0.0707923173904419,-0.5457698702812195,-1.7291251420974731,1.5929628610610962,0.48389875888824463,2.365194797515869,0.07181663811206818,-0.5185909271240234,-1.680239200592041,1.5416077375411987,0.506519079208374,2.31581449508667,0.0010243207216262817,0.027178943157196045,0.04888594150543213,-0.05135512351989746,0.022620320320129395,-0.04938030242919922
1769718902.4604697,goal2.png,0.5225608944892883,0.07136783748865128,-0.5475874543190002,-1.7126463651657104,1.5707285404205322,0.4964245557785034,2.3435511589050293,0.07232337445020676,-0.5148124694824219,-1.6651909351348877,1.5154005289077759,0.5070463418960571,2.2915380001068115,0.000955536961555481,0.03277498483657837,0.047455430030822754,-0.05532801151275635,0.010621786117553711,-0.05201315879821777
1769718902.560394,goal2.png,0.5887095928192139,0.07191314548254013,-0.5454065203666687,-1.6938652992248535,1.5471311807632446,0.503800630569458,2.320211172103882,0.07060472667217255,-0.5093103051185608,-1.6590006351470947,1.4985767602920532,0.5023382902145386,2.277705192565918,-0.0013084188103675842,0.03609621524810791,0.03486466407775879,-0.048554420471191406,-0.0014623403549194336,-0.04250597953796387
1769718902.6603627,goal2.png,0.6057391166687012,0.07227661460638046,-0.5422863364219666,-1.6796584129333496,1.5207771062850952,0.5047245025634766,2.2965381145477295,0.06418242305517197,-0.5051789283752441,-1.6628851890563965,1.4976210594177246,0.4920775294303894,2.2783234119415283,-0.008094191551208496,0.03710740804672241,0.016773223876953125,-0.023156046867370605,-0.012646973133087158,-0.018214702606201172
1769718902.7605982,goal2.png,0.5951034426689148,0.07109521329402924,-0.5384998321533203,-1.6732970476150513,1.5062974691390991,0.5005896687507629,2.283860921859741,0.06384547799825668,-0.5025040507316589,-1.6697105169296265,1.5104811191558838,0.49104738235473633,2.2856225967407227,-0.0072497352957725525,0.03599578142166138,0.0035865306854248047,0.004183650016784668,-0.009542286396026611,0.0017616748809814453
1769718902.8607104,goal2.png,0.5818255543708801,0.06706643104553223,-0.5341680645942688,-1.6732364892959595,1.5025111436843872,0.495137095451355,2.2812559604644775,0.06399014592170715,-0.5021721124649048,-1.6781213283538818,1.5216772556304932,0.49536269903182983,2.2961935997009277,-0.0030762851238250732,0.031995952129364014,-0.004884839057922363,0.019166111946105957,0.00022560358047485352,0.014937639236450195
1769718902.9604063,goal2.png,0.607404351234436,0.06461271643638611,-0.531653881072998,-1.6779619455337524,1.5103263854980469,0.49327415227890015,2.2866933345794678,0.06498941779136658,-0.5016010999679565,-1.686108112335205,1.5315492153167725,0.5006929636001587,2.306581735610962,0.00037670135498046875,0.030052781105041504,-0.008146166801452637,0.021222829818725586,0.007418811321258545,0.01988840103149414
1769718903.060294,goal2.png,0.6024464964866638,0.06497626006603241,-0.5311994552612305,-1.6844748258590698,1.5193836688995361,0.49590951204299927,2.296053409576416,0.0691419169306755,-0.502166211605072,-1.6911853551864624,1.5445308685302734,0.5079373121261597,2.3150885105133057,0.004165656864643097,0.029033243656158447,-0.006710529327392578,0.025147199630737305,0.0120278000831604,0.01903510093688965
1769718903.1603696,goal2.png,0.5967029333114624,0.06700579077005386,-0.530018150806427,-1.690109133720398,1.5308037996292114,0.5008774399757385,2.305201530456543,0.07528915256261826,-0.5019631385803223,-1.69122314453125,1.5583575963974,0.5184953212738037,2.31587815284729,0.008283361792564392,0.028055012226104736,-0.0011140108108520508,0.027553796768188477,0.017617881298065186,0.01067662239074707
1769718903.2603903,goal2.png,0.5969746112823486,0.06976240873336792,-0.5295637249946594,-1.6945620775222778,1.542405605316162,0.5074962377548218,2.312668561935425,0.07886365056037903,-0.501786470413208,-1.6920939683914185,1.566454529762268,0.5255194306373596,2.3168325424194336,0.009101241827011108,0.027777254581451416,0.002468109130859375,0.024048924446105957,0.018023192882537842,0.004163980484008789
1769718903.3606968,goal2.png,0.5816226005554199,0.07460912317037582,-0.5298364758491516,-1.6966218948364258,1.5554614067077637,0.5164021253585815,2.3155462741851807,0.07927559316158295,-0.5028839111328125,-1.6978681087493896,1.5703284740447998,0.521372377872467,2.3258955478668213,0.004666469991207123,0.02695256471633911,-0.0012462139129638672,0.014867067337036133,0.004970252513885498,0.010349273681640625
1769718903.4604807,goal2.png,0.5755783319473267,0.07891052216291428,-0.5295031666755676,-1.6988028287887573,1.563700795173645,0.5214759111404419,2.318408966064453,0.0775224044919014,-0.5034276247024536,-1.7045137882232666,1.5705235004425049,0.5067699551582336,2.336543560028076,-0.0013881176710128784,0.026075541973114014,-0.005710959434509277,0.006822705268859863,-0.014705955982208252,0.018134593963623047
1769718903.5618584,goal2.png,0.5770431756973267,0.07984958589076996,-0.5298667550086975,-1.7033467292785645,1.567820429801941,0.5184316039085388,2.325572967529297,0.07486041635274887,-0.50131756067276,-1.7066302299499512,1.5681312084197998,0.4962216913700104,2.3385000228881836,-0.004989169538021088,0.0285491943359375,-0.0032835006713867188,0.0003107786178588867,-0.022209912538528442,0.012927055358886719
1769718903.6601617,goal2.png,0.5929251909255981,0.0778806135058403,-0.5305633544921875,-1.7095263004302979,1.5691230297088623,0.507647693157196,2.334296941757202,0.0736449807882309,-0.500059962272644,-1.7102336883544922,1.5691488981246948,0.48429471254348755,2.343214511871338,-0.0042356327176094055,0.030503392219543457,-0.0007073879241943359,2.586841583251953e-05,-0.023352980613708496,0.008917570114135742
1769718903.7603192,goal2.png,0.5828338861465454,0.07624483108520508,-0.5298970341682434,-1.7126766443252563,1.568729281425476,0.4973181188106537,2.3382956981658936,0.07523460686206818,-0.49992626905441284,-1.710066318511963,1.5713635683059692,0.47427165508270264,2.3452768325805664,-0.0010102242231369019,0.029970765113830566,0.002610325813293457,0.002634286880493164,-0.02304646372795105,0.0069811344146728516
1769718903.8605623,goal2.png,0.5908551216125488,0.07597221434116364,-0.5288366675376892,-1.7154937982559204,1.5691533088684082,0.4859434962272644,2.342703104019165,0.079216867685318,-0.5001845359802246,-1.7059462070465088,1.5743809938430786,0.4661219120025635,2.3441100120544434,0.003244653344154358,0.0286521315574646,0.009547591209411621,0.00522768497467041,-0.019821584224700928,0.0014069080352783203
1769718903.9603572,goal2.png,0.6032370328903198,0.07657808810472488,-0.5284429788589478,-1.7157360315322876,1.570940613746643,0.4769013524055481,2.344111680984497,0.08173839747905731,-0.49957898259162903,-1.702729344367981,1.5748162269592285,0.4630366265773773,2.3423116207122803,0.005160309374332428,0.028863996267318726,0.01300668716430664,0.0038756132125854492,-0.013864725828170776,-0.0018000602722167969
1769718904.060403,goal2.png,0.5667014718055725,0.07927406579256058,-0.5284126996994019,-1.7140095233917236,1.572848916053772,0.4693586826324463,2.3436572551727295,0.08350270241498947,-0.49893319606781006,-1.700416922569275,1.5719252824783325,0.46096837520599365,2.341423511505127,0.004228636622428894,0.029479503631591797,0.01359260082244873,-0.0009236335754394531,-0.008390307426452637,-0.002233743667602539
1769718904.1617272,goal2.png,0.5951004028320312,0.08242443203926086,-0.5282005667686462,-1.711798071861267,1.5733336210250854,0.4649360477924347,2.3426575660705566,0.08450242877006531,-0.4954826533794403,-1.6994130611419678,1.567452073097229,0.4551546573638916,2.3397138118743896,0.0020779967308044434,0.03271791338920593,0.012385010719299316,-0.005881547927856445,-0.00978139042854309,-0.002943754196166992
1769718904.2611692,goal2.png,0.5516392588615417,0.08384816348552704,-0.5271706581115723,-1.7100110054016113,1.5718492269515991,0.46146759390830994,2.341824531555176,0.08586392551660538,-0.4924549162387848,-1.7025270462036133,1.5655425786972046,0.44696569442749023,2.344510793685913,0.0020157620310783386,0.034715741872787476,0.007483959197998047,-0.006306648254394531,-0.014501899480819702,0.0026862621307373047
1769718904.3607714,goal2.png,0.5511410236358643,0.08430255204439163,-0.523777961730957,-1.7092839479446411,1.568729281425476,0.45545464754104614,2.3421123027801514,0.08786971867084503,-0.49175578355789185,-1.7089438438415527,1.575571894645691,0.43621137738227844,2.355064630508423,0.0035671666264533997,0.032022178173065186,0.0003401041030883789,0.006842613220214844,-0.0192432701587677,0.012952327728271484
1769718904.461073,goal2.png,0.5898833274841309,0.08612003177404404,-0.5201125741004944,-1.7109196186065674,1.5684565305709839,0.4477907717227936,2.346595525741577,0.09156929701566696,-0.4918578863143921,-1.7110657691955566,1.5847012996673584,0.43886762857437134,2.358745813369751,0.005449265241622925,0.028254687786102295,-0.0001461505889892578,0.01624476909637451,-0.008923143148422241,0.012150287628173828
1769718904.5611734,goal2.png,0.5937495231628418,0.08869487792253494,-0.5186282992362976,-1.7144941091537476,1.5746967792510986,0.44046008586883545,2.35329008102417,0.09302287548780441,-0.49247387051582336,-1.7088549137115479,1.586490511894226,0.44880497455596924,2.3577213287353516,0.00432799756526947,0.026154428720474243,0.005639195442199707,0.011793732643127441,0.008344888687133789,0.004431247711181641
1769718904.6609633,goal2.png,0.5714013576507568,0.09102731198072433,-0.5184162855148315,-1.7161601781845093,1.5820575952529907,0.44092971086502075,2.356546401977539,0.0921359583735466,-0.4939681887626648,-1.706223726272583,1.5794575214385986,0.4556194543838501,2.3548319339752197,0.0011086463928222656,0.024448096752166748,0.00993645191192627,-0.00260007381439209,0.014689743518829346,-0.001714468002319336
1769718904.7613962,goal2.png,0.5678775906562805,0.09220870584249496,-0.5183557271957397,-1.7157360315322876,1.5842084884643555,0.447275847196579,2.357046365737915,0.09232879430055618,-0.4955577850341797,-1.7066981792449951,1.5760273933410645,0.46006181836128235,2.353477716445923,0.00012008845806121826,0.02279794216156006,0.00903785228729248,-0.008181095123291016,0.01278597116470337,-0.0035686492919921875
1769718904.8614771,goal2.png,0.5592465996742249,0.09242075681686401,-0.5189312696456909,-1.7149182558059692,1.5808157920837402,0.45366743206977844,2.3549258708953857,0.09084496647119522,-0.4950372576713562,-1.7142196893692017,1.5824573040008545,0.45946192741394043,2.3589043617248535,-0.0015757903456687927,0.023894011974334717,0.0006985664367675781,0.0016415119171142578,0.005794495344161987,0.0039784908294677734
1769718904.9607968,goal2.png,0.597710132598877,0.09254196286201477,-0.5203549861907959,-1.7154029607772827,1.5786043405532837,0.4577719569206238,2.354668378829956,0.08769263327121735,-0.49235332012176514,-1.7205135822296143,1.5868098735809326,0.4586142897605896,2.363232135772705,-0.004849329590797424,0.02800166606903076,-0.005110621452331543,0.008205533027648926,0.0008423328399658203,0.008563756942749023
1769718905.0609567,goal2.png,0.5784903168678284,0.09163318574428558,-0.5208094120025635,-1.7198255062103271,1.582300066947937,0.4591048061847687,2.3583943843841553,0.0853734016418457,-0.48920151591300964,-1.7244305610656738,1.5827728509902954,0.4598742127418518,2.3666985034942627,-0.00625978410243988,0.03160789608955383,-0.00460505485534668,0.00047278404235839844,0.0007694065570831299,0.008304119110107422
1769718905.1637988,goal2.png,0.580589771270752,0.08905833959579468,-0.5189615488052368,-1.7252174615859985,1.5847537517547607,0.4591805636882782,2.3623170852661133,0.08369453996419907,-0.4906642436981201,-1.7228665351867676,1.5706274509429932,0.46384111046791077,2.366724967956543,-0.005363799631595612,0.0282973051071167,0.002350926399230957,-0.014126300811767578,0.004660546779632568,0.0044078826904296875
1769718905.26179,goal2.png,0.6106746196746826,0.08657442033290863,-0.5165684819221497,-1.7288222312927246,1.5821486711502075,0.46033167839050293,2.365194797515869,0.09275811910629272,-0.4977417588233948,-1.7117173671722412,1.5494791269302368,0.4742472767829895,2.355947494506836,0.006183698773384094,0.018826723098754883,0.0171048641204834,-0.0326695442199707,0.013915598392486572,-0.009247303009033203
1769718905.3633254,goal2.png,0.5728880167007446,0.08669555187225342,-0.5169320106506348,-1.727731704711914,1.5693351030349731,0.4650420844554901,2.363483428955078,0.11007505655288696,-0.510041356086731,-1.6860893964767456,1.5240179300308228,0.49786674976348877,2.3273704051971436,0.023379504680633545,0.006890654563903809,0.04164230823516846,-0.04531717300415039,0.03282466530799866,-0.03611302375793457
1769718905.4675248,goal2.png,0.5605584383010864,0.09481383115053177,-0.5216878652572632,-1.7174324989318848,1.5506449937820435,0.47737088799476624,2.3513665199279785,0.12932319939136505,-0.5234238505363464,-1.6538541316986084,1.4998161792755127,0.5287033319473267,2.2924113273620605,0.03450936824083328,-0.001735985279083252,0.06357836723327637,-0.05082881450653076,0.051332443952560425,-0.05895519256591797
1769718905.56413,goal2.png,0.5745554566383362,0.10968716442584991,-0.5331684350967407,-1.6980153322219849,1.529682993888855,0.496439665555954,2.330237865447998,0.1445041298866272,-0.5344133377075195,-1.6231560707092285,1.4769487380981445,0.559855580329895,2.258795738220215,0.03481696546077728,-0.0012449026107788086,0.07485926151275635,-0.05273425579071045,0.06341591477394104,-0.0714421272277832
1769718905.6633801,goal2.png,0.6011416912078857,0.1274685114622116,-0.5465575456619263,-1.6707526445388794,1.5059946775436401,0.5231723189353943,2.300082206726074,0.1553087830543518,-0.5369399785995483,-1.6026934385299683,1.4558448791503906,0.5714963674545288,2.233344078063965,0.027840271592140198,0.00961756706237793,0.06805920600891113,-0.05014979839324951,0.04832404851913452,-0.06673812866210938
1769718905.7617881,goal2.png,0.5993064045906067,0.14303864538669586,-0.5576444268226624,-1.6390974521636963,1.4810643196105957,0.5529341101646423,2.2638683319091797,0.1543731987476349,-0.526351809501648,-1.601928472518921,1.4481819868087769,0.5572994947433472,2.224000930786133,0.011334553360939026,0.031292617321014404,0.03716897964477539,-0.03288233280181885,0.004365384578704834,-0.039867401123046875
1769718905.8669238,goal2.png,0.6281291246414185,0.15200498700141907,-0.5615520477294922,-1.6214371919631958,1.461738109588623,0.5620065927505493,2.2410433292388916,0.1432579606771469,-0.5149644613265991,-1.6255766153335571,1.466436505317688,0.5324270725250244,2.252270460128784,-0.008747026324272156,0.046587586402893066,-0.004139423370361328,0.004698395729064941,-0.029579520225524902,0.011227130889892578
1769718905.9659731,goal2.png,0.6039257049560547,0.1531863808631897,-0.557129442691803,-1.6180142164230347,1.4556190967559814,0.5543730854988098,2.234591007232666,0.1347103714942932,-0.5081448554992676,-1.6612355709075928,1.5103015899658203,0.5051268339157104,2.305098056793213,-0.018476009368896484,0.0489845871925354,-0.043221354484558105,0.05468249320983887,-0.049246251583099365,0.07050704956054688
1769718906.0659256,goal2.png,0.5998445749282837,0.14491668343544006,-0.5451035499572754,-1.6354321241378784,1.4725220203399658,0.5343348979949951,2.257779598236084,0.13147398829460144,-0.5055279731750488,-1.69663405418396,1.558881402015686,0.48388683795928955,2.362013816833496,-0.013442695140838623,0.03957557678222656,-0.06120193004608154,0.08635938167572021,-0.050448060035705566,0.10423421859741211
1769718906.1657724,goal2.png,0.5877689123153687,0.13646522164344788,-0.5368943810462952,-1.6631795167922974,1.5078728199005127,0.5128579139709473,2.3008244037628174,0.12501893937587738,-0.5010682940483093,-1.7268146276474,1.5942425727844238,0.4659025967121124,2.4028656482696533,-0.011446282267570496,0.03582608699798584,-0.06363511085510254,0.08636975288391113,-0.04695531725883484,0.10204124450683594
1769718906.2653174,goal2.png,0.5648874044418335,0.13164886832237244,-0.5351980924606323,-1.6955313682556152,1.5489182472229004,0.4906235933303833,2.3496854305267334,0.11548835039138794,-0.4968912601470947,-1.741798996925354,1.6164989471435547,0.4489055573940277,2.4145185947418213,-0.016160517930984497,0.0383068323135376,-0.04626762866973877,0.0675806999206543,-0.04171803593635559,0.06483316421508789
1769718906.3650346,goal2.png,0.5225086808204651,0.12707476317882538,-0.5318962335586548,-1.725520372390747,1.586540937423706,0.4679197669029236,2.390655279159546,0.10998634248971939,-0.4981580972671509,-1.744969367980957,1.6346884965896606,0.4352263808250427,2.4114131927490234,-0.017088420689105988,0.033738136291503906,-0.01944899559020996,0.04814755916595459,-0.03269338607788086,0.02075791358947754
1769718906.4656277,goal2.png,0.47355738282203674,0.11822947859764099,-0.5252925753593445,-1.741635799407959,1.6104110479354858,0.4516984522342682,2.4064221382141113,0.10835189372301102,-0.5063962340354919,-1.74271559715271,1.6606621742248535,0.4220873713493347,2.4022350311279297,-0.009877584874629974,0.01889634132385254,-0.0010797977447509766,0.050251126289367676,-0.02961108088493347,-0.004187107086181641
1769718906.5649145,goal2.png,0.5199008584022522,0.11083827167749405,-0.5238082408905029,-1.7467247247695923,1.6309791803359985,0.43802163004875183,2.4083456993103027,0.1024969145655632,-0.5176090002059937,-1.74485182762146,1.6916483640670776,0.4015445113182068,2.4015605449676514,-0.008341357111930847,0.006199240684509277,0.0018728971481323242,0.0606691837310791,-0.036477118730545044,-0.006785154342651367
1769718906.6663806,goal2.png,0.469192236661911,0.10853604972362518,-0.5305330753326416,-1.7479970455169678,1.6558488607406616,0.42364808917045593,2.4039080142974854,0.0949818342924118,-0.528486967086792,-1.7489006519317627,1.7243643999099731,0.3761868178844452,2.404371738433838,-0.013554215431213379,0.0020461082458496094,-0.0009036064147949219,0.06851553916931152,-0.04746127128601074,0.00046372413635253906
1769718906.7673514,goal2.png,0.45853161811828613,0.10547661036252975,-0.5418319702148438,-1.750571846961975,1.6885945796966553,0.4016258418560028,2.4028780460357666,0.09197358787059784,-0.5410853624343872,-1.7532892227172852,1.751950979232788,0.3619147539138794,2.410912036895752,-0.013503022491931915,0.000746607780456543,-0.0027173757553100586,0.06335639953613281,-0.03971108794212341,0.008033990859985352
1769718906.8663054,goal2.png,0.46263235807418823,0.09799448400735855,-0.55185866355896,-1.753782868385315,1.7170387506484985,0.3816029131412506,2.4059979915618896,0.09544161707162857,-0.5543816089630127,-1.7553200721740723,1.773280382156372,0.3557156026363373,2.4150424003601074,-0.0025528669357299805,-0.0025229454040527344,-0.0015372037887573242,0.056241631507873535,-0.02588731050491333,0.009044408798217773
1769718906.9649997,goal2.png,0.47890782356262207,0.09245104342699051,-0.563369631767273,-1.7575691938400269,1.7439682483673096,0.3674110472202301,2.4103147983551025,0.10090908408164978,-0.5642569065093994,-1.7546441555023193,1.7940248250961304,0.346355140209198,2.4154489040374756,0.008458040654659271,-0.0008872747421264648,0.0029250383377075195,0.0500565767288208,-0.021055907011032104,0.005134105682373047
1769718907.0656307,goal2.png,0.48456108570098877,0.09654046595096588,-0.5778793096542358,-1.759932041168213,1.7692012786865234,0.35764196515083313,2.4138739109039307,0.11456447839736938,-0.5748841762542725,-1.7510565519332886,1.8283448219299316,0.3251262903213501,2.419947385787964,0.018024012446403503,0.002995133399963379,0.008875489234924316,0.0591435432434082,-0.03251567482948303,0.006073474884033203
1769718907.1669457,goal2.png,0.5014085173606873,0.10477988421916962,-0.5878151655197144,-1.7600229978561401,1.7938286066055298,0.344752699136734,2.4163124561309814,0.13466598093509674,-0.5870425701141357,-1.7436788082122803,1.875812292098999,0.3037794232368469,2.428281784057617,0.029886096715927124,0.0007725954055786133,0.016344189643859863,0.08198368549346924,-0.040973275899887085,0.011969327926635742
1769718907.266707,goal2.png,0.4834730327129364,0.11498826742172241,-0.5964787006378174,-1.757508635520935,1.8238481283187866,0.3275923430919647,2.4202959537506104,0.15033549070358276,-0.598117470741272,-1.7316893339157104,1.9176373481750488,0.2892358899116516,2.426157236099243,0.03534722328186035,-0.0016387701034545898,0.02581930160522461,0.09378921985626221,-0.03835645318031311,0.0058612823486328125
1769718907.3665814,goal2.png,0.4952697455883026,0.13083092868328094,-0.6067779064178467,-1.751359462738037,1.8657417297363281,0.3091748058795929,2.425506114959717,0.16068315505981445,-0.6025797724723816,-1.720759630203247,1.9480232000350952,0.285892128944397,2.4178709983825684,0.02985222637653351,0.004198133945465088,0.03059983253479004,0.08228147029876709,-0.023282676935195923,-0.0076351165771484375
1769718907.467687,goal2.png,0.49374476075172424,0.14967255294322968,-0.6199851632118225,-1.7414236068725586,1.909332036972046,0.2943620979785919,2.4240822792053223,0.1766720712184906,-0.604143500328064,-1.7058380842208862,1.968625783920288,0.29343336820602417,2.4064393043518066,0.026999518275260925,0.015841662883758545,0.03558552265167236,0.05929374694824219,-0.000928729772567749,-0.017642974853515625
1769718907.5674927,goal2.png,0.498457670211792,0.16221344470977783,-0.6284064650535583,-1.7315788269042969,1.9387151002883911,0.29012125730514526,2.418872117996216,0.2014980912208557,-0.6031075119972229,-1.6837763786315918,1.9820399284362793,0.30479949712753296,2.3899219036102295,0.03928464651107788,0.02529895305633545,0.04780244827270508,0.043324828147888184,0.014678239822387695,-0.028950214385986328
1769718907.6662722,goal2.png,0.4745047986507416,0.17475426197052002,-0.6299512982368469,-1.7162812948226929,1.9612523317337036,0.29511937499046326,2.4073007106781006,0.21617107093334198,-0.5998102426528931,-1.6662225723266602,1.990376353263855,0.31883692741394043,2.3744823932647705,0.04141680896282196,0.030141055583953857,0.050058722496032715,0.029124021530151367,0.023717552423477173,-0.03281831741333008
1769718907.767885,goal2.png,0.5007921457290649,0.19744297862052917,-0.6292242407798767,-1.6948951482772827,1.9778826236724854,0.3060547709465027,2.3916094303131104,0.21988645195960999,-0.5981829166412354,-1.6616355180740356,1.9870374202728271,0.341517835855484,2.3694961071014404,0.02244347333908081,0.031041324138641357,0.03325963020324707,0.009154796600341797,0.03546306490898132,-0.022113323211669922
1769718907.8671298,goal2.png,0.5378116965293884,0.21519404649734497,-0.6287698149681091,-1.6810821294784546,1.985092043876648,0.3189288377761841,2.3785839080810547,0.21096032857894897,-0.5938757658004761,-1.6659226417541504,1.9610353708267212,0.37106853723526,2.3669326305389404,-0.004233717918395996,0.03489404916763306,0.0151594877243042,-0.024056673049926758,0.05213969945907593,-0.011651277542114258
1769718907.968444,goal2.png,0.5328676700592041,0.21873816847801208,-0.626467764377594,-1.6749933958053589,1.982698917388916,0.34002718329429626,2.3721165657043457,0.20070677995681763,-0.5921462774276733,-1.6692259311676025,1.921881914138794,0.3998626470565796,2.365415096282959,-0.018031388521194458,0.034321486949920654,0.005767464637756348,-0.06081700325012207,0.059835463762283325,-0.006701469421386719
1769718908.0667355,goal2.png,0.5111461877822876,0.20919622480869293,-0.6238928437232971,-1.6748117208480835,1.95864737033844,0.3695012331008911,2.3683300018310547,0.19740349054336548,-0.5952019095420837,-1.672493815422058,1.8883640766143799,0.4244081974029541,2.370338201522827,-0.011792734265327454,0.02869093418121338,0.0023179054260253906,-0.07028329372406006,0.05490696430206299,0.002008199691772461
1769718908.169,goal2.png,0.5123071074485779,0.20153240859508514,-0.6225296854972839,-1.6769018173217773,1.9259015321731567,0.39644595980644226,2.367830276489258,0.1927109658718109,-0.6002776622772217,-1.6760799884796143,1.8648574352264404,0.4365253448486328,2.37483549118042,-0.008821442723274231,0.022252023220062256,0.0008218288421630859,-0.06104409694671631,0.04007938504219055,0.007005214691162109
1769718908.263136,goal2.png,0.49535977840423584,0.2004115730524063,-0.622499406337738,-1.6782952547073364,1.906151294708252,0.41031962633132935,2.3692538738250732,0.1826171576976776,-0.6056948304176331,-1.6825710535049438,1.8488545417785645,0.4371795654296875,2.379246234893799,-0.0177944153547287,0.01680457592010498,-0.004275798797607422,-0.0572967529296875,0.026859939098358154,0.009992361068725586
1769718908.3687205,goal2.png,0.5450287461280823,0.19450466334819794,-0.6265586018562317,-1.6829299926757812,1.8713760375976562,0.43007001280784607,2.374645948410034,0.1620335876941681,-0.6118460297584534,-1.7007070779800415,1.8399747610092163,0.4218352138996124,2.395235538482666,-0.032471075654029846,0.01471257209777832,-0.017777085304260254,-0.03140127658843994,-0.008234798908233643,0.020589590072631836
1769718908.4674668,goal2.png,0.5129326581954956,0.18087323009967804,-0.6312537789344788,-1.6898365020751953,1.8534433841705322,0.4313119947910309,2.3812191486358643,0.1425928771495819,-0.6146692037582397,-1.7253936529159546,1.8222954273223877,0.41422536969184875,2.426988124847412,-0.03828035295009613,0.016584575176239014,-0.03555715084075928,-0.03114795684814453,-0.01708662509918213,0.04576897621154785
1769718908.5667212,goal2.png,0.45396721363067627,0.16381888091564178,-0.6353129744529724,-1.7043765783309937,1.8419020175933838,0.4224364459514618,2.3980917930603027,0.12888933718204498,-0.6090164184570312,-1.7431766986846924,1.7833627462387085,0.4311283826828003,2.4487967491149902,-0.0349295437335968,0.026296555995941162,-0.03880012035369873,-0.05853927135467529,0.008691936731338501,0.0507049560546875
1769718908.6652284,goal2.png,0.42318326234817505,0.14573462307453156,-0.6390085220336914,-1.7274589538574219,1.819334626197815,0.42116421461105347,2.424142837524414,0.12804590165615082,-0.5910106301307678,-1.7455437183380127,1.725926399230957,0.468799352645874,2.4349446296691895,-0.017688721418380737,0.047997891902923584,-0.01808476448059082,-0.09340822696685791,0.04763513803482056,0.01080179214477539
1769718908.7662983,goal2.png,0.3878360390663147,0.13413278758525848,-0.6362520456314087,-1.742695927619934,1.7857104539871216,0.4373703896999359,2.4378955364227295,0.137862890958786,-0.5752832889556885,-1.728454351425171,1.6696854829788208,0.5215824842453003,2.390756130218506,0.003730103373527527,0.060968756675720215,0.014241576194763184,-0.11602497100830078,0.08421209454536438,-0.04713940620422363
1769718908.8656213,goal2.png,0.3122451901435852,0.1309824287891388,-0.6228023767471313,-1.744786024093628,1.7360013723373413,0.4662688970565796,2.429777145385742,0.14673276245594025,-0.5686174035072327,-1.7064623832702637,1.6245850324630737,0.574642539024353,2.34252667427063,0.015750333666801453,0.05418497323989868,0.03832364082336426,-0.11141633987426758,0.10837364196777344,-0.0872504711151123
1769718908.9708915,goal2.png,0.301014244556427,0.13831305503845215,-0.6063840985298157,-1.7350926399230957,1.6818393468856812,0.5079657435417175,2.4001364707946777,0.14832353591918945,-0.5666334629058838,-1.686464548110962,1.585773229598999,0.6223571300506592,2.304231643676758,0.010010480880737305,0.039750635623931885,0.04862809181213379,-0.09606611728668213,0.11439138650894165,-0.09590482711791992
1769718909.0724137,goal2.png,0.30809342861175537,0.14667367935180664,-0.5975086092948914,-1.7166144847869873,1.6330087184906006,0.5488447546958923,2.367163896560669,0.13860760629177094,-0.5664572715759277,-1.672187328338623,1.5458905696868896,0.6585613489151001,2.283402919769287,-0.008066073060035706,0.031051337718963623,0.04442715644836426,-0.08711814880371094,0.10971659421920776,-0.08376097679138184
1769718909.1679018,goal2.png,0.3321531414985657,0.14703714847564697,-0.5956910252571106,-1.6998023986816406,1.594447135925293,0.5887543559074402,2.336977958679199,0.12479979544878006,-0.56573486328125,-1.661634087562561,1.5077763795852661,0.6843072175979614,2.273742198944092,-0.022237353026866913,0.029956161975860596,0.03816831111907959,-0.08667075634002686,0.09555286169052124,-0.06323575973510742
1769718909.267182,goal2.png,0.43632063269615173,0.13828277587890625,-0.5942975878715515,-1.6854743957519531,1.5559158325195312,0.631041944026947,2.308957815170288,0.11032292246818542,-0.566856861114502,-1.6611636877059937,1.467840313911438,0.7011745572090149,2.276087760925293,-0.027959853410720825,0.02744072675704956,0.024310708045959473,-0.08807551860809326,0.07013261318206787,-0.03287005424499512
1769718909.3672433,goal2.png,0.5253511071205139,0.1257418841123581,-0.593116283416748,-1.675720453262329,1.5127800703048706,0.6771008372306824,2.280710458755493,0.09318087249994278,-0.5618225932121277,-1.6729035377502441,1.430857539176941,0.7020405530929565,2.2863032817840576,-0.032561011612415314,0.03129369020462036,0.002816915512084961,-0.08192253112792969,0.02493971586227417,0.005592823028564453
1769718909.4669757,goal2.png,0.5560498237609863,0.11156528443098068,-0.5930254459381104,-1.6738725900650024,1.4740365743637085,0.6934433579444885,2.2801501750946045,0.06523606926202774,-0.5427312850952148,-1.698201060295105,1.4131076335906982,0.6839648485183716,2.3028345108032227,-0.04632921516895294,0.05029416084289551,-0.02432847023010254,-0.060928940773010254,-0.009478509426116943,0.022684335708618164
1769718909.5713274,goal2.png,0.5878510475158691,0.09278430044651031,-0.5888753533363342,-1.6835054159164429,1.4406548738479614,0.694942831993103,2.288041114807129,0.03662997856736183,-0.5181328654289246,-1.730412244796753,1.4200798273086548,0.6609927415847778,2.3271963596343994,-0.05615432187914848,0.07074248790740967,-0.04690682888031006,-0.02057504653930664,-0.033950090408325195,0.03915524482727051
1769718909.667519,goal2.png,0.5833436846733093,0.0685810074210167,-0.5749107599258423,-1.7015897035598755,1.4236611127853394,0.6827200055122375,2.3028993606567383,0.015477508306503296,-0.49592703580856323,-1.7599191665649414,1.4382283687591553,0.6449150443077087,2.350950241088867,-0.0531034991145134,0.07898372411727905,-0.05832946300506592,0.014567255973815918,-0.03780496120452881,0.048050880432128906
1769718909.7634423,goal2.png,0.5865103006362915,0.05013321340084076,-0.5586743354797363,-1.7213704586029053,1.422358512878418,0.6705578565597534,2.3162126541137695,-0.000588342547416687,-0.48024463653564453,-1.781093955039978,1.4514387845993042,0.6326791644096375,2.3683605194091797,-0.050721555948257446,0.0784296989440918,-0.059723496437072754,0.02908027172088623,-0.03787869215011597,0.052147865295410156
1769718909.863595,goal2.png,0.577354907989502,0.026414593681693077,-0.5353192687034607,-1.7498751878738403,1.4319307804107666,0.6531702280044556,2.3389923572540283,-0.01362561620771885,-0.46884748339653015,-1.7938232421875,1.456001877784729,0.6149287819862366,2.3767037391662598,-0.040040209889411926,0.06647178530693054,-0.04394805431365967,0.024071097373962402,-0.038241446018218994,0.037711381912231445
1769718909.9676695,goal2.png,0.568720817565918,0.0027868985198438168,-0.5116914510726929,-1.7813483476638794,1.448197603225708,0.6329957842826843,2.3638620376586914,-0.022674109786748886,-0.4657437801361084,-1.8007153272628784,1.4489176273345947,0.6002520322799683,2.3854732513427734,-0.02546100877225399,0.04594767093658447,-0.019366979598999023,0.0007200241088867188,-0.032743752002716064,0.02161121368408203
1769718910.0671096,goal2.png,0.5595687627792358,-0.010602131485939026,-0.49751487374305725,-1.7956160306930542,1.4525597095489502,0.6168804168701172,2.3754334449768066,-0.030915766954421997,-0.46675145626068115,-1.8042947053909302,1.4400064945220947,0.5871939659118652,2.394791603088379,-0.02031363546848297,0.0307634174823761,-0.008678674697875977,-0.012553215026855469,-0.029686450958251953,0.019358158111572266
1769718910.1632583,goal2.png,0.56488037109375,-0.017357248812913895,-0.4928801357746124,-1.8007352352142334,1.4514387845993042,0.6082018613815308,2.3810830116271973,-0.039054013788700104,-0.46955394744873047,-1.8083280324935913,1.434142827987671,0.5769286751747131,2.4064183235168457,-0.02169676497578621,0.023326188325881958,-0.00759279727935791,-0.0172959566116333,-0.03127318620681763,0.025335311889648438
1769718910.2683973,goal2.png,0.5400272011756897,-0.029383188113570213,-0.4916988015174866,-1.8086415529251099,1.441896915435791,0.5894662737846375,2.3953049182891846,-0.04409768432378769,-0.4743509292602539,-1.8145840167999268,1.4276684522628784,0.5752882361412048,2.428833246231079,-0.014714496210217476,0.017347872257232666,-0.0059424638748168945,-0.014228463172912598,-0.014178037643432617,0.03352832794189453
1769718910.368183,goal2.png,0.5496262907981873,-0.036501772701740265,-0.49281957745552063,-1.8140335083007812,1.4351720809936523,0.5797425508499146,2.408754587173462,-0.04747587442398071,-0.48278045654296875,-1.8163697719573975,1.4184472560882568,0.5794302225112915,2.4449045658111572,-0.010974101722240448,0.01003912091255188,-0.002336263656616211,-0.016724824905395508,-0.0003123283386230469,0.03614997863769531
1769718910.4623177,goal2.png,0.5494513511657715,-0.040227655321359634,-0.4944251477718353,-1.8171838521957397,1.431839942932129,0.5774403810501099,2.418569326400757,-0.05112452059984207,-0.4910734295845032,-1.8161251544952393,1.4085395336151123,0.5831894874572754,2.4541845321655273,-0.010896865278482437,0.0033517181873321533,0.0010586977005004883,-0.0233004093170166,0.005749106407165527,0.03561520576477051
1769718910.5643928,goal2.png,0.5266270637512207,-0.04525614157319069,-0.5012105703353882,-1.8206673860549927,1.4240245819091797,0.5785611271858215,2.4362900257110596,-0.05568433925509453,-0.5009429454803467,-1.8149254322052002,1.3990942239761353,0.5920276045799255,2.458684206008911,-0.010428197681903839,0.0002676248550415039,0.0057419538497924805,-0.024930357933044434,0.013466477394104004,0.022394180297851562
1769718910.6629047,goal2.png,0.5200600624084473,-0.04855799302458763,-0.5115703344345093,-1.8218488693237305,1.4134224653244019,0.5821356177330017,2.448194742202759,-0.057844534516334534,-0.5028523802757263,-1.8134405612945557,1.3934824466705322,0.592803418636322,2.461059808731079,-0.009286541491746902,0.008717954158782959,0.008408308029174805,-0.01994001865386963,0.010667800903320312,0.012865066528320312
1769718910.7636333,goal2.png,0.5703912377357483,-0.052829112857580185,-0.5198400616645813,-1.8218488693237305,1.4045772552490234,0.5886180996894836,2.4549801349639893,-0.05900810286402702,-0.49495333433151245,-1.810316562652588,1.3898508548736572,0.5774511098861694,2.4565610885620117,-0.006178990006446838,0.024886727333068848,0.011532306671142578,-0.014726400375366211,-0.011166989803314209,0.001580953598022461
1769718910.8638167,goal2.png,0.553663969039917,-0.055949196219444275,-0.5251108407974243,-1.8212430477142334,1.3980340957641602,0.5916017889976501,2.458388090133667,-0.05608689412474632,-0.48422640562057495,-1.8093311786651611,1.3972781896591187,0.5522162914276123,2.453640937805176,-0.00013769790530204773,0.040884435176849365,0.011911869049072266,-0.0007559061050415039,-0.03938549757003784,-0.004747152328491211
1769718910.963608,goal2.png,0.531750500202179,-0.057221438735723495,-0.523777961730957,-1.8193649053573608,1.3934297561645508,0.582680881023407,2.45731258392334,-0.05178390443325043,-0.4787628948688507,-1.8106911182403564,1.4041197299957275,0.5347996354103088,2.458390235900879,0.005437534302473068,0.04501506686210632,0.008673787117004395,0.010689973831176758,-0.047881245613098145,0.0010776519775390625
1769718911.0674567,goal2.png,0.5156410932540894,-0.055070776492357254,-0.5115097761154175,-1.8180017471313477,1.3977917432785034,0.555190920829773,2.4557526111602783,-0.04206612706184387,-0.48513349890708923,-1.8013851642608643,1.3930175304412842,0.5422316193580627,2.4579124450683594,0.013004649430513382,0.026376277208328247,0.0166165828704834,-0.004774212837219238,-0.012959301471710205,0.0021598339080810547
1769718911.1682172,goal2.png,0.5306506156921387,-0.05061781033873558,-0.5060572624206543,-1.8165174722671509,1.4004876613616943,0.542650043964386,2.4576306343078613,-0.031947486102581024,-0.49797841906547546,-1.7805466651916504,1.3702630996704102,0.5571126341819763,2.444474220275879,0.018670324236154556,0.008078843355178833,0.03597080707550049,-0.03022456169128418,0.014462590217590332,-0.013156414031982422
1769718911.2633345,goal2.png,0.5228135585784912,-0.04613463580608368,-0.5072991251945496,-1.8127611875534058,1.397428274154663,0.5425439476966858,2.4577670097351074,-0.023618044331669807,-0.5093690752983093,-1.7605082988739014,1.3503974676132202,0.5732057690620422,2.428314447402954,0.022516591474413872,-0.0020699501037597656,0.052252888679504395,-0.04703080654144287,0.030661821365356445,-0.02945256233215332
1769718911.364523,goal2.png,0.5090107917785645,-0.0353810153901577,-0.5163564682006836,-1.7975547313690186,1.378829002380371,0.5519344806671143,2.44877028465271,-0.014614298939704895,-0.5181363821029663,-1.7421907186508179,1.3347792625427246,0.591513454914093,2.411080837249756,0.020766716450452805,-0.0017799139022827148,0.055364012718200684,-0.044049739837646484,0.03957897424697876,-0.0376894474029541
1769718911.4646003,goal2.png,0.4888085126876831,-0.02659628912806511,-0.5285338163375854,-1.7787433862686157,1.360411524772644,0.5659294128417969,2.4347147941589355,-0.007535882294178009,-0.521600067615509,-1.7278976440429688,1.3189910650253296,0.6027726531028748,2.39481258392334,0.0190604068338871,0.006933748722076416,0.05084574222564697,-0.04142045974731445,0.03684324026107788,-0.0399022102355957
1769718911.563628,goal2.png,0.43145883083343506,-0.018690133467316628,-0.53937828540802,-1.7611135244369507,1.3439024686813354,0.5826202630996704,2.4187510013580322,-0.0006616022437810898,-0.520884096622467,-1.7162399291992188,1.3055379390716553,0.6067999005317688,2.3738009929656982,0.018028531223535538,0.01849418878555298,0.044873595237731934,-0.038364529609680176,0.02417963743209839,-0.044950008392333984
1769718911.6638494,goal2.png,0.38036203384399414,-0.010329512879252434,-0.5452549457550049,-1.7440893650054932,1.326090693473816,0.5966454744338989,2.4025447368621826,0.006817920133471489,-0.5174189805984497,-1.708362102508545,1.303762674331665,0.6093000173568726,2.3464858531951904,0.017147433012723923,0.027835965156555176,0.03572726249694824,-0.02232801914215088,0.012654542922973633,-0.05605888366699219
1769718911.7676942,goal2.png,0.3284475803375244,0.00021205317170824856,-0.5458001494407654,-1.7282164096832275,1.3107023239135742,0.6049908995628357,2.3716015815734863,0.019078411161899567,-0.5172587037086487,-1.6886769533157349,1.3184843063354492,0.6202609539031982,2.295544385910034,0.01886635832488537,0.0285414457321167,0.039539456367492676,0.007781982421875,0.015270054340362549,-0.07605719566345215
1769718911.8634837,goal2.png,0.2920788526535034,0.003635035827755928,-0.5453457832336426,-1.722521424293518,1.3075218200683594,0.607353687286377,2.358788013458252,0.03380280360579491,-0.521292507648468,-1.669809103012085,1.3380295038223267,0.633791446685791,2.255034923553467,0.03016776777803898,0.02405327558517456,0.052712321281433105,0.030507683753967285,0.026437759399414062,-0.10375308990478516
1769718911.9632688,goal2.png,0.3042859435081482,0.013479952700436115,-0.5446188449859619,-1.7081025838851929,1.3143374919891357,0.6159565448760986,2.317863702774048,0.05428527295589447,-0.5296639204025269,-1.653508186340332,1.3596107959747314,0.6532174944877625,2.2291665077209473,0.04080532118678093,0.014954924583435059,0.05459439754486084,0.0452733039855957,0.03726094961166382,-0.08869719505310059
1769718912.062253,goal2.png,0.3528807759284973,0.027808044105768204,-0.5455579161643982,-1.6879886388778687,1.3289986848831177,0.6280127167701721,2.2753944396972656,0.06839311122894287,-0.534657895565033,-1.640926718711853,1.3743977546691895,0.6629765629768372,2.2088193893432617,0.04058506712317467,0.010900020599365234,0.047061920166015625,0.04539906978607178,0.03496384620666504,-0.0665750503540039
1769718912.1626787,goal2.png,0.37227270007133484,0.04825509339570999,-0.5521616339683533,-1.6711766719818115,1.3508998155593872,0.6461879014968872,2.2421035766601562,0.07032906264066696,-0.5320924520492554,-1.6292283535003662,1.3635597229003906,0.6618028283119202,2.190913200378418,0.02207396924495697,0.0200691819190979,0.04194831848144531,0.012659907341003418,0.015614926815032959,-0.05119037628173828
1769718912.2610657,goal2.png,0.4093567132949829,0.06334047019481659,-0.5601586103439331,-1.6572424173355103,1.367045521736145,0.6574716567993164,2.2200357913970947,0.06571640819311142,-0.5296340584754944,-1.6197947263717651,1.348210096359253,0.6547759175300598,2.178846836090088,0.0023759379982948303,0.03052455186843872,0.03744769096374512,-0.01883542537689209,-0.002695739269256592,-0.041188955307006836
1769718912.363778,goal2.png,0.404762327671051,0.06885363161563873,-0.5616732239723206,-1.6458828449249268,1.3658943176269531,0.6604857444763184,2.2003915309906006,0.059513311833143234,-0.5295443534851074,-1.611640214920044,1.333446741104126,0.6481264233589172,2.173755645751953,-0.009340319782495499,0.032128870487213135,0.03424263000488281,-0.03244757652282715,-0.012359321117401123,-0.02663588523864746
1769718912.4617774,goal2.png,0.363918662071228,0.06709671765565872,-0.558159351348877,-1.6343417167663574,1.3537169694900513,0.6561387777328491,2.1863813400268555,0.056821536272764206,-0.5312343239784241,-1.603165864944458,1.3229788541793823,0.6400777697563171,2.1687300205230713,-0.010275181382894516,0.02692502737045288,0.031175851821899414,-0.030738115310668945,-0.016061007976531982,-0.01765131950378418
1769718912.563652,goal2.png,0.3940828740596771,0.062401413917541504,-0.5574625730514526,-1.6274046897888184,1.3412669897079468,0.6504439115524292,2.178959846496582,0.05594068020582199,-0.5336722135543823,-1.595927357673645,1.3157575130462646,0.6265040040016174,2.1619832515716553,-0.006460733711719513,0.023790359497070312,0.03147733211517334,-0.02550947666168213,-0.023939907550811768,-0.016976594924926758
1769718912.6621995,goal2.png,0.4235149323940277,0.05922076478600502,-0.5594315528869629,-1.6179839372634888,1.3287261724472046,0.6433708071708679,2.172522783279419,0.05420051887631416,-0.5356451272964478,-1.592773199081421,1.308500051498413,0.6147469282150269,2.160468816757202,-0.005020245909690857,0.023786425590515137,0.02521073818206787,-0.020226120948791504,-0.028623878955841064,-0.012053966522216797
1769718912.7632122,goal2.png,0.45648354291915894,0.05743356794118881,-0.5604009032249451,-1.6100475788116455,1.3204867839813232,0.6322838664054871,2.1659798622131348,0.053260259330272675,-0.5372840166091919,-1.5902361869812012,1.299346685409546,0.6063964366912842,2.158564567565918,-0.004173308610916138,0.023116886615753174,0.019811391830444336,-0.021140098571777344,-0.02588742971420288,-0.007415294647216797
1769718912.8644478,goal2.png,0.40988314151763916,0.05588870495557785,-0.5617035031318665,-1.6053522825241089,1.313277244567871,0.6206669807434082,2.16196608543396,0.05388713628053665,-0.5388553142547607,-1.5871268510818481,1.2901966571807861,0.6016489267349243,2.1550862789154053,-0.0020015686750411987,0.022848188877105713,0.018225431442260742,-0.02308058738708496,-0.019018054008483887,-0.0068798065185546875
1769718912.9618306,goal2.png,0.45449402928352356,0.05491936206817627,-0.5643995404243469,-1.6028077602386475,1.3043713569641113,0.6115642189979553,2.1598002910614014,0.05434142053127289,-0.5399841666221619,-1.585893154144287,1.2812614440917969,0.6008276343345642,2.1538894176483154,-0.0005779415369033813,0.02441537380218506,0.01691460609436035,-0.023109912872314453,-0.010736584663391113,-0.0059108734130859375
1769718913.0631547,goal2.png,0.35350894927978516,0.05473759025335312,-0.5662473440170288,-1.599475622177124,1.2949203252792358,0.6052331924438477,2.156437873840332,0.05307894945144653,-0.54164719581604,-1.582339882850647,1.2769875526428223,0.5988970398902893,2.1511902809143066,-0.0016586408019065857,0.02460014820098877,0.01713573932647705,-0.017932772636413574,-0.00633615255355835,-0.005247592926025391
1769718913.1617029,goal2.png,0.6239675283432007,0.05504049360752106,-0.5668531656265259,-1.5976580381393433,1.2864689826965332,0.6027947664260864,2.1548473834991455,0.04377727955579758,-0.5324233770370483,-1.5929105281829834,1.2704285383224487,0.5950144529342651,2.1753132343292236,-0.01126321405172348,0.03442978858947754,0.004747509956359863,-0.016040444374084473,-0.007780313491821289,0.020465850830078125
1769718913.2608085,goal2.png,0.6154443025588989,0.054767873138189316,-0.5682768821716309,-1.5947197675704956,1.2804104089736938,0.6007954478263855,2.152848243713379,0.047145672142505646,-0.509331226348877,-1.6170270442962646,1.3040086030960083,0.5848047137260437,2.200775146484375,-0.00762220099568367,0.058945655822753906,-0.022307276725769043,0.023598194122314453,-0.015990734100341797,0.047926902770996094
1769718913.362644,goal2.png,0.6236742734909058,0.04810360446572304,-0.5649144649505615,-1.5999906063079834,1.2743219137191772,0.5959184169769287,2.168600082397461,0.08453109860420227,-0.48712775111198425,-1.6542731523513794,1.3849167823791504,0.5600737929344177,2.2427167892456055,0.03642749413847923,0.07778671383857727,-0.054282546043395996,0.11059486865997314,-0.035844624042510986,0.07411670684814453
1769718913.4620953,goal2.png,0.6137338280677795,0.04689192399382591,-0.5488597750663757,-1.615075945854187,1.2944053411483765,0.5885120034217834,2.1906981468200684,0.1503196656703949,-0.486467182636261,-1.6861507892608643,1.4944053888320923,0.5369162559509277,2.3017377853393555,0.10342773795127869,0.062392592430114746,-0.07107484340667725,0.20000000298023224,-0.05159574747085571,0.11103963851928711
1769718913.5604715,goal2.png,0.6040186285972595,0.0703682079911232,-0.5244746208190918,-1.6452467441558838,1.3483250141143799,0.5692009329795837,2.2260334491729736,0.2101590931415558,-0.491474986076355,-1.703993320465088,1.5483250617980957,0.512348473072052,2.347473382949829,0.13979089260101318,0.032999634742736816,-0.0587465763092041,0.20000000298023224,-0.05685245990753174,0.12143993377685547
1769718913.661171,goal2.png,0.611275851726532,0.11795686185359955,-0.5133273601531982,-1.6790525913238525,1.4079396724700928,0.5480874180793762,2.2789535522460938,0.26631617546081543,-0.5018115639686584,-1.7120561599731445,1.6079397201538086,0.49229860305786133,2.382045030593872,0.14835931360721588,0.011515796184539795,-0.03300356864929199,0.20000000298023224,-0.05578881502151489,0.10309147834777832
1769718913.7616174,goal2.png,0.5717238187789917,0.16254663467407227,-0.517174243927002,-1.7004387378692627,1.4635252952575684,0.5240659117698669,2.3256638050079346,0.3079671859741211,-0.506786584854126,-1.7190464735031128,1.6635253429412842,0.47811681032180786,2.4075658321380615,0.14542055130004883,0.010387659072875977,-0.018607735633850098,0.20000000298023224,-0.04594910144805908,0.08190202713012695
1769718913.8615873,goal2.png,0.5107176303863525,0.20159296691417694,-0.5240809321403503,-1.712918996810913,1.519232153892517,0.5015136003494263,2.364725351333618,0.32451102137565613,-0.505455732345581,-1.739220380783081,1.719232201576233,0.4678763747215271,2.449347734451294,0.12291805446147919,0.018625199794769287,-0.02630138397216797,0.20000000298023224,-0.03363722562789917,0.08462238311767578
1769718913.9608207,goal2.png,0.507021963596344,0.24200239777565002,-0.5295031666755676,-1.7204010486602783,1.5754541158676147,0.4853679835796356,2.3941690921783447,0.3168957829475403,-0.49788182973861694,-1.7682700157165527,1.74959135055542,0.46056127548217773,2.4963266849517822,0.07489338517189026,0.031621336936950684,-0.047868967056274414,0.17413723468780518,-0.024806708097457886,0.1021575927734375
1769718914.0607073,goal2.png,0.5393251180648804,0.2891669273376465,-0.532683789730072,-1.739545464515686,1.635704755783081,0.47300878167152405,2.434366464614868,0.28784704208374023,-0.4864247739315033,-1.7929412126541138,1.7264013290405273,0.46945130825042725,2.5253524780273438,-0.00131988525390625,0.046259015798568726,-0.053395748138427734,0.09069657325744629,-0.0035574734210968018,0.09098601341247559
1769718914.160947,goal2.png,0.5184973478317261,0.3194286823272705,-0.5288366675376892,-1.7640517950057983,1.6914117336273193,0.46489062905311584,2.4784109592437744,0.251521497964859,-0.47804689407348633,-1.791834831237793,1.6678502559661865,0.4875699579715729,2.5097053050994873,-0.0679071843624115,0.05078977346420288,-0.02778303623199463,-0.023561477661132812,0.02267932891845703,0.03129434585571289
1769718914.2612119,goal2.png,0.4733680784702301,0.29943588376045227,-0.517174243927002,-1.787800669670105,1.7272167205810547,0.4687073826789856,2.5099751949310303,0.21496927738189697,-0.4768069386482239,-1.769289255142212,1.5944113731384277,0.5175572633743286,2.4597537517547607,-0.0844666063785553,0.040367305278778076,0.018511414527893066,-0.13280534744262695,0.04884988069534302,-0.05022144317626953
1769718914.3627708,goal2.png,0.45604586601257324,0.2640550136566162,-0.5079049468040466,-1.794283151626587,1.6868678331375122,0.48056671023368835,2.51059627532959,0.18605604767799377,-0.4857129156589508,-1.7325096130371094,1.5306472778320312,0.5548943877220154,2.3935546875,-0.07799896597862244,0.022192031145095825,0.06177353858947754,-0.15622055530548096,0.07432767748832703,-0.11704158782958984
1769718914.461381,goal2.png,0.34072473645210266,0.2237667292356491,-0.5035429000854492,-1.7818937301635742,1.6292223930358887,0.5067691802978516,2.473942995071411,0.15594692528247833,-0.4987841248512268,-1.7000935077667236,1.4773551225662231,0.5941022634506226,2.336549997329712,-0.06781980395317078,0.004758775234222412,0.08180022239685059,-0.15186727046966553,0.087333083152771,-0.13739299774169922
1769718914.5627325,goal2.png,0.3362599313259125,0.19938166439533234,-0.5072385668754578,-1.7544492483139038,1.5729701519012451,0.5311996936798096,2.4273083209991455,0.12988638877868652,-0.514462411403656,-1.6717944145202637,1.4317959547042847,0.6289284825325012,2.3001627922058105,-0.06949527561664581,-0.007223844528198242,0.08265483379364014,-0.14117419719696045,0.09772878885269165,-0.12714552879333496
1769718914.6621644,goal2.png,0.4662948250770569,0.17208857834339142,-0.5172955393791199,-1.7233697175979614,1.516414999961853,0.5561147928237915,2.3831276893615723,0.11078890413045883,-0.5343847274780273,-1.6482868194580078,1.3798803091049194,0.6524395942687988,2.291351318359375,-0.06129967421293259,-0.01708918809890747,0.07508289813995361,-0.1365346908569336,0.09632480144500732,-0.09177637100219727
1769718914.7629375,goal2.png,0.563197135925293,0.13785867393016815,-0.5337440967559814,-1.6927142143249512,1.4568004608154297,0.5913292169570923,2.342369794845581,0.0979895293712616,-0.5478737354278564,-1.636918067932129,1.3270918130874634,0.662034809589386,2.3053970336914062,-0.039869144558906555,-0.014129638671875,0.055796146392822266,-0.1297086477279663,0.0707055926322937,-0.036972761154174805
1769718914.8615506,goal2.png,0.5867871046066284,0.11623022705316544,-0.552131175994873,-1.6686623096466064,1.4024566411972046,0.6294819116592407,2.311093330383301,0.07687395811080933,-0.5363550782203674,-1.6495420932769775,1.2995531558990479,0.6485800743103027,2.322737455368042,-0.03935626894235611,0.015776097774505615,0.019120216369628906,-0.10290348529815674,0.01909816265106201,0.011644124984741211
1769718914.9617393,goal2.png,0.6255443096160889,0.1056886613368988,-0.5676103830337524,-1.6546372175216675,1.349718451499939,0.6545636653900146,2.304792642593384,0.051780134439468384,-0.5152787566184998,-1.6812793016433716,1.2976045608520508,0.624066174030304,2.3526124954223633,-0.05390852689743042,0.052331626415252686,-0.0266420841217041,-0.052113890647888184,-0.030497491359710693,0.04781985282897949
1769718915.0608423,goal2.png,0.6403350234031677,0.08875544369220734,-0.5683374404907227,-1.657121181488037,1.3160641193389893,0.6501713395118713,2.317030668258667,0.030512064695358276,-0.5022875070571899,-1.7151436805725098,1.306185007095337,0.6059772968292236,2.3893420696258545,-0.05824337899684906,0.06604993343353271,-0.058022499084472656,-0.009879112243652344,-0.044194042682647705,0.0723114013671875
1769718915.1612203,goal2.png,0.6217160224914551,0.059069354087114334,-0.5515859723091125,-1.678446650505066,1.3037958145141602,0.6311631202697754,2.3431270122528076,0.01292327418923378,-0.4891403317451477,-1.7319777011871338,1.3068652153015137,0.5883068442344666,2.4045886993408203,-0.046146079897880554,0.062445640563964844,-0.05353105068206787,0.0030694007873535156,-0.04285627603530884,0.061461687088012695
1769718915.2610586,goal2.png,0.6010720729827881,0.03586568683385849,-0.5342288017272949,-1.7085872888565063,1.3054922819137573,0.6128818988800049,2.375675916671753,0.005568774417042732,-0.4767001271247864,-1.7534586191177368,1.3249179124832153,0.5771848559379578,2.4273171424865723,-0.030296912416815758,0.057528674602508545,-0.04487133026123047,0.019425630569458008,-0.03569704294204712,0.051641225814819336
1769718915.3626988,goal2.png,0.6031203866004944,0.02229488641023636,-0.5228692293167114,-1.7295795679092407,1.3071279525756836,0.5949793457984924,2.3963348865509033,0.009430866688489914,-0.4629383683204651,-1.7766377925872803,1.3498226404190063,0.5793167352676392,2.458649158477783,-0.012864019721746445,0.05993086099624634,-0.04705822467803955,0.042694687843322754,-0.01566261053085327,0.06231427192687988
1769718915.4613812,goal2.png,0.6076066493988037,0.012480327859520912,-0.5104193091392517,-1.7508747577667236,1.3198505640029907,0.5824233889579773,2.4187357425689697,0.013132277876138687,-0.46211740374565125,-1.7937278747558594,1.362194299697876,0.5878795385360718,2.4847545623779297,0.000651950016617775,0.048301905393600464,-0.04285311698913574,0.042343735694885254,0.005456149578094482,0.06601881980895996
1769718915.5613887,goal2.png,0.5989276170730591,0.008633238263428211,-0.49351635575294495,-1.7729575634002686,1.3409943580627441,0.5809693336486816,2.4469072818756104,0.014348392374813557,-0.46823760867118835,-1.798525094985962,1.3661103248596191,0.5980978608131409,2.499011278152466,0.0057151541113853455,0.025278747081756592,-0.02556753158569336,0.025115966796875,0.01712852716445923,0.05210399627685547
1769718915.660726,goal2.png,0.5714237689971924,0.011995656415820122,-0.48827582597732544,-1.7923141717910767,1.3553526401519775,0.5858160853385925,2.4745335578918457,0.019409559667110443,-0.48099589347839355,-1.78920578956604,1.3641661405563354,0.6184301376342773,2.50174617767334,0.007413903251290321,0.007279932498931885,0.003108382225036621,0.00881350040435791,0.032614052295684814,0.02721261978149414
1769718915.7646453,goal2.png,0.5532196760177612,0.01681208796799183,-0.4916685223579407,-1.7997053861618042,1.3625319004058838,0.595191478729248,2.4909064769744873,0.022901151329278946,-0.49345895648002625,-1.7769882678985596,1.3566906452178955,0.6335968971252441,2.498569965362549,0.006089063361287117,-0.0017904341220855713,0.02271711826324463,-0.005841255187988281,0.038405418395996094,0.0076634883880615234
1769718915.8611147,goal2.png,0.5565119981765747,0.017932843416929245,-0.4985447824001312,-1.797706127166748,1.3634710311889648,0.6101707816123962,2.4992518424987793,0.020900754258036613,-0.5044412016868591,-1.7665152549743652,1.3454411029815674,0.6429089307785034,2.4928369522094727,0.0029679108411073685,-0.005896419286727905,0.031190872192382812,-0.01802992820739746,0.03273814916610718,-0.006414890289306641
1769718915.9610443,goal2.png,0.5798191428184509,0.019992735236883163,-0.510964572429657,-1.789496898651123,1.359321117401123,0.6262860894203186,2.498403787612915,0.01538393646478653,-0.5136813521385193,-1.7642573118209839,1.3420525789260864,0.646522045135498,2.4931318759918213,-0.004608798772096634,-0.0027167797088623047,0.02523958683013916,-0.01726853847503662,0.020235955715179443,-0.00527191162109375
1769718916.060946,goal2.png,0.5738352537155151,0.022204039618372917,-0.5249289870262146,-1.7798035144805908,1.3498698472976685,0.6372820734977722,2.4947383403778076,0.012388753704726696,-0.518619179725647,-1.7619683742523193,1.3421413898468018,0.6495565176010132,2.4910812377929688,-0.009815285913646221,0.006309807300567627,0.017835140228271484,-0.007728457450866699,0.012274444103240967,-0.003657102584838867
1769718916.1609023,goal2.png,0.5673824548721313,0.01914452202618122,-0.534501314163208,-1.7751083374023438,1.3453261852264404,0.6430375576019287,2.4932844638824463,0.007660016417503357,-0.5241711139678955,-1.7641675472259521,1.3457612991333008,0.6512863039970398,2.4920737743377686,-0.011484505608677864,0.0103302001953125,0.010940790176391602,0.00043511390686035156,0.008248746395111084,-0.0012106895446777344
1769718916.2622652,goal2.png,0.5686288475990295,0.013298182748258114,-0.5410141944885254,-1.7722609043121338,1.3439327478408813,0.6465665698051453,2.4917545318603516,0.0019968245178461075,-0.5286538600921631,-1.7661505937576294,1.3503984212875366,0.6516028046607971,2.489901065826416,-0.011301358230412006,0.012360334396362305,0.0061103105545043945,0.0064656734466552734,0.0050362348556518555,-0.0018534660339355469
1769718916.3614705,goal2.png,0.5705961585044861,0.009057344868779182,-0.5472844839096069,-1.7724425792694092,1.3453564643859863,0.6491413712501526,2.491663694381714,-0.00205194391310215,-0.5310050845146179,-1.7658261060714722,1.3553714752197266,0.6537723541259766,2.4843571186065674,-0.011109288781881332,0.016279399394989014,0.006616473197937012,0.010015010833740234,0.004630982875823975,-0.007306575775146484
1769718916.4613192,goal2.png,0.586012065410614,0.006209881044924259,-0.5520403385162354,-1.7729575634002686,1.3485369682312012,0.6502016186714172,2.490391492843628,-0.0018966076895594597,-0.5346226692199707,-1.7582926750183105,1.3523950576782227,0.6575911045074463,2.473604440689087,-0.008106488734483719,0.01741766929626465,0.014664888381958008,0.0038580894470214844,0.007389485836029053,-0.016787052154541016
1769718916.5624712,goal2.png,0.550995945930481,0.0006361595587804914,-0.55594801902771,-1.7730181217193604,1.3524446487426758,0.6522311568260193,2.486604928970337,0.0015178407775238156,-0.5405028462409973,-1.737955093383789,1.3356943130493164,0.6599360704421997,2.446915626525879,0.0008816812187433243,0.015445172786712646,0.03506302833557129,-0.016750335693359375,0.00770491361618042,-0.03968930244445801
1769718916.6618094,goal2.png,0.547080397605896,-0.0018780453829094768,-0.5597345232963562,-1.768747091293335,1.3519296646118164,0.6562145948410034,2.4765329360961914,0.00513557530939579,-0.547798216342926,-1.7145867347717285,1.3159196376800537,0.661719799041748,2.415872573852539,0.007013620808720589,0.011936306953430176,0.054160356521606445,-0.036010026931762695,0.005505204200744629,-0.060660362243652344
1769718916.7651358,goal2.png,0.5277191400527954,0.0013328841887414455,-0.5644600987434387,-1.7531466484069824,1.3414487838745117,0.6583198308944702,2.4552831649780273,0.007538150064647198,-0.5530475378036499,-1.6963821649551392,1.2986345291137695,0.6643869876861572,2.3890323638916016,0.006205265875905752,0.011412560939788818,0.05676448345184326,-0.04281425476074219,0.006067156791687012,-0.06625080108642578
1769718916.8611524,goal2.png,0.602524995803833,0.005210255738347769,-0.5703669786453247,-1.733396291732788,1.3236674070358276,0.6609703898429871,2.42785382270813,0.007687738165259361,-0.5545412302017212,-1.6830382347106934,1.2815213203430176,0.6636607646942139,2.3664989471435547,0.0024774824269115925,0.015825748443603516,0.05035805702209473,-0.04214608669281006,0.0026903748512268066,-0.061354875564575195
1769718916.9612644,goal2.png,0.577089786529541,0.00614931620657444,-0.5765768885612488,-1.7145243883132935,1.3072490692138672,0.6635754704475403,2.4011361598968506,0.004731553141027689,-0.5522297620773315,-1.674067497253418,1.2653602361679077,0.6566665768623352,2.349489212036133,-0.001417763065546751,0.024347126483917236,0.04045689105987549,-0.04188883304595947,-0.006908893585205078,-0.05164694786071777
1769718917.0609374,goal2.png,0.6078360676765442,0.006694552954286337,-0.5803027153015137,-1.6976820230484009,1.2883166074752808,0.6621063351631165,2.3748881816864014,-0.004138857591897249,-0.5446364283561707,-1.675340175628662,1.2580711841583252,0.6449344158172607,2.343029499053955,-0.010833410546183586,0.03566628694534302,0.02234184741973877,-0.030245423316955566,-0.017171919345855713,-0.03185868263244629
1769718917.161359,goal2.png,0.608757734298706,0.006331011652946472,-0.5792728066444397,-1.687897801399231,1.272049903869629,0.6581078171730042,2.3577733039855957,-0.013680607080459595,-0.5325469374656677,-1.6831579208374023,1.25980806350708,0.6338167190551758,2.3471405506134033,-0.020011618733406067,0.04672586917877197,0.004739880561828613,-0.012241840362548828,-0.02429109811782837,-0.010632753372192383
1769718917.261466,goal2.png,0.6450612545013428,-0.00015141275071073323,-0.5749107599258423,-1.685868263244629,1.2635680437088013,0.6484598517417908,2.348034381866455,-0.024834487587213516,-0.5122726559638977,-1.7005138397216797,1.2711538076400757,0.6208415031433105,2.357929229736328,-0.02468307502567768,0.06263810396194458,-0.014645576477050781,0.007585763931274414,-0.027618348598480225,0.009894847869873047
1769718917.362447,goal2.png,0.6323678493499756,-0.011601832695305347,-0.5650659203529358,-1.689897060394287,1.2622959613800049,0.6369488835334778,2.3488523960113525,-0.02992011234164238,-0.48603036999702454,-1.7339988946914673,1.30500328540802,0.5925881266593933,2.387269973754883,-0.018318280577659607,0.07903555035591125,-0.044101834297180176,0.04270732402801514,-0.04436075687408447,0.03841757774353027
1769718917.4612052,goal2.png,0.6184144616127014,-0.02102256752550602,-0.5478904247283936,-1.7023773193359375,1.2688994407653809,0.6254984736442566,2.356213331222534,-0.017337024211883545,-0.46197256445884705,-1.7849960327148438,1.3713340759277344,0.5489046573638916,2.455155611038208,0.0036855433136224747,0.08591786026954651,-0.08261871337890625,0.10243463516235352,-0.07659381628036499,0.09894227981567383
1769718917.5613885,goal2.png,0.6178622841835022,-0.025869281962513924,-0.5237174034118652,-1.7290645837783813,1.2947386503219604,0.6021736860275269,2.3796591758728027,0.01907900534570217,-0.45152199268341064,-1.8324695825576782,1.4565423727035522,0.5079569220542908,2.5402615070343018,0.044948287308216095,0.07219541072845459,-0.10340499877929688,0.1618037223815918,-0.09421676397323608,0.16060233116149902
1769718917.6619306,goal2.png,0.5684807300567627,-0.016085006296634674,-0.4968182146549225,-1.7725334167480469,1.351747989654541,0.5750472545623779,2.4273841381073,0.06444042921066284,-0.4504609704017639,-1.8562572002410889,1.5372546911239624,0.48383378982543945,2.5978760719299316,0.08052543550729752,0.04635724425315857,-0.08372378349304199,0.1855067014694214,-0.09121346473693848,0.17049193382263184
1769718917.7613447,goal2.png,0.5554819703102112,0.009148192591965199,-0.48209622502326965,-1.8145787715911865,1.4078184366226196,0.5564329028129578,2.478865385055542,0.10654903948307037,-0.4571860432624817,-1.855941653251648,1.600761890411377,0.47485920786857605,2.6148056983947754,0.09740084409713745,0.024910181760787964,-0.041362881660461426,0.19294345378875732,-0.08157369494438171,0.1359403133392334
1769718917.8618395,goal2.png,0.5525187253952026,0.050163496285676956,-0.47764334082603455,-1.8489904403686523,1.4634950160980225,0.5374853014945984,2.5298011302948,0.14282196760177612,-0.46621280908584595,-1.846792459487915,1.646365761756897,0.47026610374450684,2.611957550048828,0.09265847504138947,0.011430531740188599,0.0021979808807373047,0.1828707456588745,-0.06721919775009155,0.08215641975402832
1769718917.9611046,goal2.png,0.5636134147644043,0.0933295413851738,-0.47897621989250183,-1.8567148447036743,1.5227763652801514,0.5079960823059082,2.5748908519744873,0.17582066357135773,-0.4831271171569824,-1.848893165588379,1.690018892288208,0.4618977904319763,2.6303060054779053,0.08249112218618393,-0.004150897264480591,0.00782167911529541,0.16724252700805664,-0.046098291873931885,0.05541515350341797
1769718918.0608997,goal2.png,0.5435562133789062,0.1288014054298401,-0.485064834356308,-1.8549882173538208,1.5792102813720703,0.4736449420452118,2.6098477840423584,0.1962125152349472,-0.5058726668357849,-1.8579250574111938,1.7335675954818726,0.4514603018760681,2.660926580429077,0.06741110980510712,-0.02080783247947693,-0.002936840057373047,0.15435731410980225,-0.022184640169143677,0.05107879638671875
1769718918.1611578,goal2.png,0.4700336456298828,0.16294045746326447,-0.4990597367286682,-1.8549882173538208,1.6354928016662598,0.4649663269519806,2.6241002082824707,0.2076863944530487,-0.5302870869636536,-1.8642299175262451,1.7794264554977417,0.4317456781864166,2.6835575103759766,0.04474593698978424,-0.03122735023498535,-0.009241700172424316,0.14393365383148193,-0.033220648765563965,0.05945730209350586
1769718918.2622225,goal2.png,0.44279369711875916,0.19053636491298676,-0.5215060114860535,-1.8610163927078247,1.6956827640533447,0.45281925797462463,2.653665065765381,0.21546518802642822,-0.5485415458679199,-1.8637669086456299,1.8268818855285645,0.40397441387176514,2.6834592819213867,0.024928823113441467,-0.027035534381866455,-0.0027505159378051758,0.13119912147521973,-0.0488448441028595,0.02979421615600586
1769718918.3617494,goal2.png,0.4549652338027954,0.2035013735294342,-0.5450126528739929,-1.866741418838501,1.751389741897583,0.43777933716773987,2.6737940311431885,0.2266949564218521,-0.5631310343742371,-1.8487796783447266,1.879828929901123,0.3728146553039551,2.653127670288086,0.023193582892417908,-0.01811838150024414,0.017961740493774414,0.12843918800354004,-0.06496468186378479,-0.02066636085510254
1769718918.4614682,goal2.png,0.5142320394515991,0.2114984542131424,-0.5657626986503601,-1.8678926229476929,1.8067028522491455,0.4141515791416168,2.6794283390045166,0.2508341670036316,-0.5710756182670593,-1.8192987442016602,1.9375652074813843,0.34536880254745483,2.6058602333068848,0.0393357127904892,-0.005312919616699219,0.048593878746032715,0.13086235523223877,-0.06878277659416199,-0.07356810569763184
1769718918.561861,goal2.png,0.5530457496643066,0.22494804859161377,-0.5815750360488892,-1.856805682182312,1.8611980676651,0.3826327919960022,2.6576030254364014,0.29208114743232727,-0.5724496245384216,-1.7685446739196777,1.995578408241272,0.3382033407688141,2.5413661003112793,0.0671330988407135,0.00912541151046753,0.08826100826263428,0.13438034057617188,-0.04442945122718811,-0.11623692512512207
1769718918.660765,goal2.png,0.5209763050079346,0.24530424177646637,-0.5914501547813416,-1.8352985382080078,1.915450930595398,0.3570663630962372,2.6203136444091797,0.33229386806488037,-0.5679171085357666,-1.7146599292755127,2.035313606262207,0.3466033935546875,2.4756734371185303,0.086989626288414,0.02353304624557495,0.12063860893249512,0.11986267566680908,-0.010462969541549683,-0.14464020729064941
1769718918.7608309,goal2.png,0.5153765082359314,0.2788677215576172,-0.5960848927497864,-1.7958582639694214,1.9709457159042358,0.3432229459285736,2.564788579940796,0.3448641896247864,-0.5588139295578003,-1.6757161617279053,2.0476458072662354,0.3615938425064087,2.419185161590576,0.06599646806716919,0.037270963191986084,0.12014210224151611,0.07670009136199951,0.018370896577835083,-0.14560341835021973
1769718918.8609886,goal2.png,0.5470691323280334,0.31976181268692017,-0.5946308374404907,-1.7498146295547485,2.0173230171203613,0.3458583652973175,2.49599552154541,0.33122718334198,-0.5559216737747192,-1.682309865951538,2.024693727493286,0.3888934850692749,2.4170737266540527,0.011465370655059814,0.038709163665771484,0.06750476360321045,0.007370710372924805,0.0430351197719574,-0.07892179489135742
1769718918.9608245,goal2.png,0.5701896548271179,0.3390275239944458,-0.5893297791481018,-1.709920048713684,2.0358614921569824,0.36070147156715393,2.4423787593841553,0.2927987575531006,-0.5495941042900085,-1.7209742069244385,1.9692822694778442,0.42978689074516296,2.4480650424957275,-0.046228766441345215,0.03973567485809326,-0.011054158210754395,-0.06657922267913818,0.06908541917800903,0.005686283111572266
1769718919.0609546,goal2.png,0.5398996472358704,0.3341505229473114,-0.5831804275512695,-1.69338059425354,2.027409791946411,0.3806789815425873,2.4263088703155518,0.25371554493904114,-0.5449366569519043,-1.7534276247024536,1.896476149559021,0.4689277410507202,2.481210708618164,-0.08043497800827026,0.038243770599365234,-0.060047030448913574,-0.13093364238739014,0.08824875950813293,0.054901838302612305
1769718919.1635818,goal2.png,0.5265009999275208,0.3033132553100586,-0.5788791179656982,-1.7180685997009277,1.9863039255142212,0.4151512086391449,2.442666530609131,0.22770699858665466,-0.5464789867401123,-1.773322582244873,1.8409135341644287,0.48754099011421204,2.510101795196533,-0.07560625672340393,0.03240013122558594,-0.05525398254394531,-0.14539039134979248,0.07238978147506714,0.06743526458740234
1769718919.2622669,goal2.png,0.5315825939178467,0.2636612057685852,-0.5761830806732178,-1.7470883131027222,1.9273252487182617,0.45383402705192566,2.471565008163452,0.23080897331237793,-0.5625511407852173,-1.7746381759643555,1.8348850011825562,0.4801563024520874,2.5300586223602295,-0.032852232456207275,0.013631939888000488,-0.0275498628616333,-0.09244024753570557,0.026322275400161743,0.058493614196777344
1769718919.3618557,goal2.png,0.5589141249656677,0.2387915402650833,-0.5736082792282104,-1.7695648670196533,1.8715276718139648,0.47668927907943726,2.499176263809204,0.2564607262611389,-0.5833991765975952,-1.7657043933868408,1.8576240539550781,0.4591006338596344,2.5424461364746094,0.017669185996055603,-0.009790897369384766,0.0038604736328125,-0.013903617858886719,-0.017588645219802856,0.04326987266540527
1769718919.461315,goal2.png,0.5353174209594727,0.23530784249305725,-0.5811508893966675,-1.77550208568573,1.8455370664596558,0.4781130254268646,2.5205318927764893,0.28652840852737427,-0.598746657371521,-1.7492963075637817,1.8776865005493164,0.43973836302757263,2.539761781692505,0.05122056603431702,-0.017595767974853516,0.026205778121948242,0.032149434089660645,-0.03837466239929199,0.019229888916015625
1769718919.5607378,goal2.png,0.5440505743026733,0.25096890330314636,-0.5998108386993408,-1.7733211517333984,1.85317063331604,0.4645119309425354,2.5351932048797607,0.2985089123249054,-0.6089816093444824,-1.7465519905090332,1.8921997547149658,0.429353803396225,2.5446298122406006,0.04754000902175903,-0.009170770645141602,0.026769161224365234,0.03902912139892578,-0.035158127546310425,0.009436607360839844
1769718919.6612625,goal2.png,0.5336316823959351,0.2785344421863556,-0.6175920963287354,-1.7625069618225098,1.8718608617782593,0.44609442353248596,2.5390706062316895,0.3127972483634949,-0.6135287880897522,-1.7419666051864624,1.9019503593444824,0.43070393800735474,2.544771909713745,0.03426280617713928,0.004063308238983154,0.020540356636047363,0.030089497566223145,-0.015390485525131226,0.005701303482055664
1769718919.7612264,goal2.png,0.5347278118133545,0.29640671610832214,-0.62952721118927,-1.7568119764328003,1.8857951164245605,0.43475010991096497,2.5433568954467773,0.32397088408470154,-0.6101216077804565,-1.7302336692810059,1.9058928489685059,0.42902976274490356,2.527172803878784,0.027564167976379395,0.019405603408813477,0.026578307151794434,0.020097732543945312,-0.005720347166061401,-0.016184091567993164
1769718919.8608153,goal2.png,0.5164767503738403,0.3080388307571411,-0.6369789838790894,-1.751359462738037,1.8966094255447388,0.43223586678504944,2.544174909591675,0.333539754152298,-0.6074146628379822,-1.7153496742248535,1.9171723127365112,0.4235067665576935,2.503883123397827,0.02550092339515686,0.029564321041107178,0.036009788513183594,0.02056288719177246,-0.008729100227355957,-0.040291786193847656
1769718919.962239,goal2.png,0.5220690369606018,0.318792462348938,-0.6363428831100464,-1.7411208152770996,1.9034855365753174,0.4291006326675415,2.5299527645111084,0.3388247787952423,-0.6063723564147949,-1.7026894092559814,1.9260239601135254,0.42972084879875183,2.476719379425049,0.02003231644630432,0.029970526695251465,0.038431406021118164,0.022538423538208008,0.0006202161312103271,-0.05323338508605957
1769718920.061451,goal2.png,0.546821653842926,0.33036401867866516,-0.6341617703437805,-1.7287615537643433,1.9132094383239746,0.4256322681903839,2.511641263961792,0.3262682259082794,-0.608283281326294,-1.7055078744888306,1.9140865802764893,0.45034149289131165,2.4661052227020264,-0.004095792770385742,0.025878489017486572,0.023253679275512695,0.0008771419525146484,0.024709224700927734,-0.045536041259765625
1769718920.161216,goal2.png,0.5742701292037964,0.3382398784160614,-0.6335862874984741,-1.7169477939605713,1.9216911792755127,0.4293278753757477,2.4871652126312256,0.30248403549194336,-0.6092967987060547,-1.7220643758773804,1.8640100955963135,0.49707865715026855,2.4785585403442383,-0.03575584292411804,0.024289488792419434,-0.005116581916809082,-0.05768108367919922,0.06775078177452087,-0.008606672286987305
1769718920.2608645,goal2.png,0.5318456888198853,0.3277589678764343,-0.6337378621101379,-1.7158573865890503,1.9129366874694824,0.44929027557373047,2.47413969039917,0.27563560009002686,-0.6066475510597229,-1.7392208576202393,1.7962393760681152,0.5432138442993164,2.4893078804016113,-0.05212336778640747,0.02709031105041504,-0.023363471031188965,-0.11669731140136719,0.09392356872558594,0.015168190002441406
1769718920.3617158,goal2.png,0.5907019376754761,0.30561548471450806,-0.634404182434082,-1.7247631549835205,1.876071572303772,0.48703399300575256,2.4784412384033203,0.26216140389442444,-0.60270094871521,-1.75288987159729,1.741904377937317,0.5888985395431519,2.498875617980957,-0.04345408082008362,0.03170323371887207,-0.02812671661376953,-0.13416719436645508,0.10186454653739929,0.02043437957763672
1769718920.4612184,goal2.png,0.6064953804016113,0.2835932970046997,-0.6340406537055969,-1.7396060228347778,1.8201220035552979,0.5271254181861877,2.486332416534424,0.26627683639526367,-0.6066340208053589,-1.7571889162063599,1.714842677116394,0.6056658625602722,2.502370595932007,-0.017316460609436035,0.027406632900238037,-0.01758289337158203,-0.10527932643890381,0.07854044437408447,0.016038179397583008
1769718920.5609584,goal2.png,0.5508713126182556,0.2689925730228424,-0.6310417652130127,-1.7511776685714722,1.7652027606964111,0.5703065395355225,2.495192766189575,0.2628166675567627,-0.611851692199707,-1.7608988285064697,1.7044843435287476,0.6132659912109375,2.50146222114563,-0.006175905466079712,0.019190073013305664,-0.009721159934997559,-0.060718417167663574,0.04295945167541504,0.0062694549560546875
1769718920.6609764,goal2.png,0.5819100737571716,0.26720529794692993,-0.631193220615387,-1.7592051029205322,1.7311545610427856,0.5942978262901306,2.5001604557037354,0.2547753155231476,-0.6251388788223267,-1.7732269763946533,1.7088038921356201,0.6174841523170471,2.508112907409668,-0.012429982423782349,0.006054341793060303,-0.014021873474121094,-0.022350668907165527,0.023186326026916504,0.007952451705932617
1769718920.7610214,goal2.png,0.6090488433837891,0.2655090391635895,-0.6359793543815613,-1.765596628189087,1.7122220993041992,0.607792854309082,2.5021448135375977,0.26191282272338867,-0.6384133696556091,-1.7781879901885986,1.7012131214141846,0.6343066096305847,2.5045082569122314,-0.0035962164402008057,-0.0024340152740478516,-0.012591361999511719,-0.011008977890014648,0.026513755321502686,0.002363443374633789
1769718920.86204,goal2.png,0.5860700607299805,0.2593294382095337,-0.6463392972946167,-1.774532675743103,1.7093141078948975,0.6153962016105652,2.5062341690063477,0.26978087425231934,-0.6449676752090454,-1.779078483581543,1.6745071411132812,0.6672735214233398,2.492622137069702,0.010451436042785645,0.001371622085571289,-0.004545807838439941,-0.03480696678161621,0.05187731981277466,-0.013612031936645508
1769718920.961402,goal2.png,0.617477536201477,0.2594808340072632,-0.6602432131767273,-1.780076265335083,1.7033768892288208,0.6295424699783325,2.504265069961548,0.26922619342803955,-0.6469838619232178,-1.788536548614502,1.656360387802124,0.672412633895874,2.4950127601623535,0.009745359420776367,0.013259351253509521,-0.008460283279418945,-0.04701650142669678,0.042870163917541504,-0.009252309799194336
1769718921.0614057,goal2.png,0.5613387227058411,0.2673870027065277,-0.6707848310470581,-1.7838021516799927,1.6817485094070435,0.6564720273017883,2.4964802265167236,0.27425676584243774,-0.6540581583976746,-1.8046244382858276,1.6581692695617676,0.6556380987167358,2.5167236328125,0.006869763135910034,0.016726672649383545,-0.02082228660583496,-0.02357923984527588,-0.0008339285850524902,0.020243406295776367
1769718921.1617198,goal2.png,0.5670970678329468,0.2725064158439636,-0.6735414862632751,-1.7916780710220337,1.6647850275039673,0.6649689674377441,2.498100757598877,0.29263612627983093,-0.6747073531150818,-1.819084644317627,1.6768946647644043,0.6432110071182251,2.547309398651123,0.02012971043586731,-0.0011658668518066406,-0.02740657329559326,0.012109637260437012,-0.021757960319519043,0.049208641052246094
1769718921.2613618,goal2.png,0.5807708501815796,0.2737787365913391,-0.6787515878677368,-1.8035523891448975,1.6608470678329468,0.6579715013504028,2.511610984802246,0.31000077724456787,-0.6900490522384644,-1.8207452297210693,1.6853772401809692,0.6587858200073242,2.554720878601074,0.03622204065322876,-0.011297464370727539,-0.017192840576171875,0.02453017234802246,0.0008143186569213867,0.043109893798828125
1769718921.362246,goal2.png,0.5450143218040466,0.28604692220687866,-0.6948062777519226,-1.8180017471313477,1.6731456518173218,0.6489142179489136,2.537752866744995,0.3182750344276428,-0.6922786235809326,-1.8208017349243164,1.687190055847168,0.6680740714073181,2.556594133377075,0.03222811222076416,0.0025276541709899902,-0.00279998779296875,0.014044404029846191,0.01915985345840454,0.018841266632080078
1769718921.4613926,goal2.png,0.5833903551101685,0.30640313029289246,-0.7116486430168152,-1.8230301141738892,1.6813547611236572,0.6562600135803223,2.549672842025757,0.3348087668418884,-0.6928620934486389,-1.8223886489868164,1.6931642293930054,0.663330078125,2.568760395050049,0.02840563654899597,0.01878654956817627,0.0006414651870727539,0.011809468269348145,0.007070064544677734,0.019087553024291992
1769718921.5613992,goal2.png,0.5944234728813171,0.3193984031677246,-0.7181310653686523,-1.8244538307189941,1.685020089149475,0.6633028388023376,2.5556857585906982,0.3564491271972656,-0.701181173324585,-1.83622145652771,1.717707633972168,0.6322693824768066,2.6075291633605957,0.037050724029541016,0.016949892044067383,-0.01176762580871582,0.03268754482269287,-0.031033456325531006,0.05184340476989746
1769718921.6620286,goal2.png,0.5917154550552368,0.3301520347595215,-0.718343198299408,-1.8266350030899048,1.6929868459701538,0.6602737307548523,2.568105459213257,0.3777000308036804,-0.7155038118362427,-1.8544317483901978,1.7523812055587769,0.5936492085456848,2.6536598205566406,0.047547996044158936,0.002839386463165283,-0.02779674530029297,0.05939435958862305,-0.06662452220916748,0.08555436134338379
1769718921.7611547,goal2.png,0.5681971907615662,0.3491147756576538,-0.7248861789703369,-1.8368736505508423,1.7125858068466187,0.6387512683868408,2.597897529602051,0.3765305280685425,-0.7182205319404602,-1.8673295974731445,1.7670717239379883,0.5803118944168091,2.6873207092285156,0.027415752410888672,0.006665647029876709,-0.030455946922302246,0.05448591709136963,-0.05843937397003174,0.08942317962646484
1769718921.861268,goal2.png,0.578636646270752,0.3731059432029724,-0.7341252565383911,-1.8528375625610352,1.7406967878341675,0.6076263189315796,2.638291835784912,0.34866389632225037,-0.7054921388626099,-1.8698023557662964,1.7471187114715576,0.6006888747215271,2.6976194381713867,-0.024442046880722046,0.02863311767578125,-0.01696479320526123,0.006421923637390137,-0.00693744421005249,0.05932760238647461
1769718921.9609077,goal2.png,0.5761736631393433,0.37816479802131653,-0.739547610282898,-1.8648329973220825,1.757962942123413,0.5881031155586243,2.6732337474823,0.3370489776134491,-0.6915870308876038,-1.8621352910995483,1.7394194602966309,0.6132989525794983,2.693263292312622,-0.04111582040786743,0.04796057939529419,0.0026977062225341797,-0.018543481826782227,0.025195837020874023,0.020029544830322266
1769718922.0617096,goal2.png,0.5824907422065735,0.3539312183856964,-0.736700177192688,-1.870497703552246,1.7501780986785889,0.5981146097183228,2.6894853115081787,0.35691922903060913,-0.6944736242294312,-1.8440072536468506,1.753448247909546,0.603067934513092,2.6843509674072266,0.0029880106449127197,0.042226552963256836,0.026490449905395508,0.0032701492309570312,0.004953324794769287,-0.0051343441009521484
1769718922.1610894,goal2.png,0.5992701053619385,0.3393002152442932,-0.7244925498962402,-1.8663780689239502,1.743998646736145,0.6066720485687256,2.6922571659088135,0.3738875687122345,-0.6996729373931885,-1.8258061408996582,1.7744511365890503,0.5691636204719543,2.6716103553771973,0.034587353467941284,0.024819612503051758,0.04057192802429199,0.030452489852905273,-0.03750842809677124,-0.02064681053161621
1769718922.2613127,goal2.png,0.57435142993927,0.35602131485939026,-0.7208877205848694,-1.853200912475586,1.7519956827163696,0.5999926924705505,2.6855170726776123,0.37802091240882874,-0.7013318538665771,-1.8137965202331543,1.7880382537841797,0.5345052480697632,2.667278528213501,0.021999597549438477,0.019555866718292236,0.03940439224243164,0.03604257106781006,-0.06548744440078735,-0.018238544464111328
1769718922.361919,goal2.png,0.5680503249168396,0.3741055727005005,-0.7252194285392761,-1.8373280763626099,1.7685046195983887,0.5744414329528809,2.674778461456299,0.3689029812812805,-0.6982145309448242,-1.810808539390564,1.78440523147583,0.5227356553077698,2.668325662612915,-0.005202591419219971,0.027004897594451904,0.0265195369720459,0.015900611877441406,-0.051705777645111084,-0.006452798843383789
1769718922.460772,goal2.png,0.5877059698104858,0.375771701335907,-0.7261887788772583,-1.8252415657043457,1.7818937301635742,0.5465577244758606,2.6699771881103516,0.352493554353714,-0.6884289383888245,-1.8111697435379028,1.7631864547729492,0.535547137260437,2.662522792816162,-0.023278146982192993,0.03775984048843384,0.014071822166442871,-0.018707275390625,-0.011010587215423584,-0.007454395294189453
1769718922.5621538,goal2.png,0.6096727848052979,0.36683550477027893,-0.724855899810791,-1.8202433586120605,1.7822269201278687,0.5318206548690796,2.669113874435425,0.3231063485145569,-0.6751115322113037,-1.8168108463287354,1.7300487756729126,0.5573318004608154,2.654344320297241,-0.043729156255722046,0.049744367599487305,0.0034325122833251953,-0.052178144454956055,0.02551114559173584,-0.014769554138183594
1769718922.6607716,goal2.png,0.7232152223587036,0.3543553352355957,-0.7209482789039612,-1.819001317024231,1.7656875848770142,0.5366825461387634,2.663797616958618,0.29338544607162476,-0.6679346561431885,-1.828260898590088,1.700127124786377,0.5868585705757141,2.6551051139831543,-0.06096988916397095,0.053013622760772705,-0.009259581565856934,-0.06556046009063721,0.050176024436950684,-0.008692502975463867
1769718922.7613776,goal2.png,0.692057728767395,0.33230268955230713,-0.7079832553863525,-1.82163667678833,1.738182544708252,0.5534490942955017,2.657693862915039,0.2714923620223999,-0.6587851643562317,-1.835200309753418,1.6631635427474976,0.6333099603652954,2.648622751235962,-0.06081032752990723,0.04919809103012085,-0.01356363296508789,-0.0750190019607544,0.0798608660697937,-0.009071111679077148
1769718922.8617845,goal2.png,0.626768946647644,0.30113232135772705,-0.6980778574943542,-1.8290280103683472,1.708556890487671,0.5810450315475464,2.655452251434326,0.2515827715396881,-0.6451870203018188,-1.838198184967041,1.6201127767562866,0.6781729459762573,2.636251449584961,-0.04954954981803894,0.0528908371925354,-0.009170174598693848,-0.08844411373138428,0.09712791442871094,-0.019200801849365234
1769718922.9619112,goal2.png,0.7011099457740784,0.27580827474594116,-0.6921709775924683,-1.835237741470337,1.677022933959961,0.6180012822151184,2.6509690284729004,0.2406979501247406,-0.6315699219703674,-1.8308316469192505,1.585686206817627,0.6934875249862671,2.6105923652648926,-0.03511032462120056,0.06060105562210083,0.004406094551086426,-0.09133672714233398,0.07548624277114868,-0.04037666320800781
1769718923.0611098,goal2.png,0.6999934911727905,0.2591780126094818,-0.6786001324653625,-1.8400238752365112,1.634281039237976,0.6621063351631165,2.6376709938049316,0.2207636833190918,-0.6212599277496338,-1.8298389911651611,1.5627162456512451,0.6833669543266296,2.5890560150146484,-0.038414329290390015,0.05734020471572876,0.010184884071350098,-0.07156479358673096,0.021260619163513184,-0.0486149787902832
1769718923.1619587,goal2.png,0.7231967449188232,0.24663713574409485,-0.6635450720787048,-1.8370856046676636,1.5983850955963135,0.6825988292694092,2.617238998413086,0.2080976963043213,-0.611211895942688,-1.821912407875061,1.535313606262207,0.6867480278015137,2.5638961791992188,-0.03853943943977356,0.052333176136016846,0.015173196792602539,-0.06307148933410645,0.004149198532104492,-0.05334281921386719
1769718923.2615116,goal2.png,0.6879863739013672,0.22582654654979706,-0.6533366441726685,-1.8354802131652832,1.5714858770370483,0.6825686097145081,2.5957014560699463,0.19840796291828156,-0.6019114851951599,-1.8181815147399902,1.5045578479766846,0.7018123269081116,2.551995277404785,-0.027418583631515503,0.051425158977508545,0.01729869842529297,-0.06692802906036377,0.019243717193603516,-0.04370617866516113
1769718923.3614352,goal2.png,0.7099047303199768,0.21001407504081726,-0.642461895942688,-1.8299671411514282,1.5434657335281372,0.686839759349823,2.5723764896392822,0.18594494462013245,-0.5870782732963562,-1.8069283962249756,1.4659066200256348,0.7115842700004578,2.528179168701172,-0.024069130420684814,0.05538362264633179,0.023038744926452637,-0.07755911350250244,0.024744510650634766,-0.04419732093811035
1769718923.4613807,goal2.png,0.6893525123596191,0.20225940644741058,-0.6308903694152832,-1.8263622522354126,1.51329505443573,0.697941780090332,2.5563066005706787,0.16260522603988647,-0.5686126351356506,-1.8062463998794556,1.437257170677185,0.7042315006256104,2.511807441711426,-0.03965418040752411,0.06227773427963257,0.02011585235595703,-0.07603788375854492,0.00628972053527832,-0.04449915885925293
1769718923.560804,goal2.png,0.6709774732589722,0.1911725252866745,-0.6198034882545471,-1.8186681270599365,1.4786409139633179,0.7061053514480591,2.535874843597412,0.14763717353343964,-0.5517194867134094,-1.8045943975448608,1.425148844718933,0.7134338021278381,2.4957213401794434,-0.04353535175323486,0.0680840015411377,0.014073729515075684,-0.053492069244384766,0.007328450679779053,-0.04015350341796875
1769718923.661486,goal2.png,0.6976075172424316,0.16736306250095367,-0.6017192602157593,-1.8151543140411377,1.4489548206329346,0.7058327794075012,2.517305850982666,0.13871750235557556,-0.5314133167266846,-1.7951023578643799,1.4097331762313843,0.7317783236503601,2.4642131328582764,-0.028645560145378113,0.07030594348907471,0.020051956176757812,-0.03922164440155029,0.025945544242858887,-0.05309271812438965
1769718923.760946,goal2.png,0.7121981382369995,0.1503995656967163,-0.5830895900726318,-1.8119432926177979,1.4315977096557617,0.713784396648407,2.4990246295928955,0.12813208997249603,-0.5040654540061951,-1.786775827407837,1.3944387435913086,0.7527710199356079,2.427318572998047,-0.022267475724220276,0.07902413606643677,0.025167465209960938,-0.037158966064453125,0.03898662328720093,-0.07170605659484863
1769718923.8611894,goal2.png,0.7017067670822144,0.1429779976606369,-0.5662473440170288,-1.8052488565444946,1.4156943559646606,0.7275369763374329,2.4721555709838867,0.1164654791355133,-0.4845886528491974,-1.7851589918136597,1.381631851196289,0.7602412104606628,2.4103105068206787,-0.026512518525123596,0.08165869116783142,0.02008986473083496,-0.03406250476837158,0.03270423412322998,-0.06184506416320801
1769718923.9610837,goal2.png,0.6678436994552612,0.1327393352985382,-0.540105402469635,-1.7979484796524048,1.399488091468811,0.7468177676200867,2.437304735183716,0.10389883816242218,-0.47303566336631775,-1.7806520462036133,1.3639553785324097,0.7537663578987122,2.398714303970337,-0.028840497136116028,0.06706973910331726,0.017296433448791504,-0.03553271293640137,0.006948590278625488,-0.038590431213378906
1769718924.060805,goal2.png,0.7455888390541077,0.11798714101314545,-0.5160534977912903,-1.7944952249526978,1.3860385417938232,0.7547239661216736,2.418069362640381,0.09096462279558182,-0.4706549644470215,-1.7753361463546753,1.3482019901275635,0.7479918003082275,2.397615909576416,-0.02702251821756363,0.0453985333442688,0.01915907859802246,-0.037836551666259766,-0.006732165813446045,-0.020453453063964844
1769718924.160566,goal2.png,0.625252366065979,0.10602184385061264,-0.5037247538566589,-1.7907692193984985,1.3700140714645386,0.7533153891563416,2.405271053314209,0.07654973119497299,-0.46978864073753357,-1.7731664180755615,1.339451551437378,0.7460874915122986,2.399387836456299,-0.02947211265563965,0.033936113119125366,0.01760280132293701,-0.030562520027160645,-0.007227897644042969,-0.005883216857910156
1769718924.2610126,goal2.png,0.6377268433570862,0.09644962102174759,-0.4986962080001831,-1.786407232284546,1.3542016744613647,0.7496197819709778,2.4009392261505127,0.05924607440829277,-0.46130865812301636,-1.7839124202728271,1.340754747390747,0.736843466758728,2.4101085662841797,-0.03720354661345482,0.03738754987716675,0.00249481201171875,-0.013446927070617676,-0.012776315212249756,0.009169340133666992
1769718924.361342,goal2.png,0.6941795349121094,0.07978902012109756,-0.4938494861125946,-1.7842868566513062,1.344689965248108,0.7458484768867493,2.4020752906799316,0.03753449767827988,-0.4512242078781128,-1.8091299533843994,1.3471546173095703,0.7132313251495361,2.4399197101593018,-0.04225452244281769,0.04262527823448181,-0.02484309673309326,0.0024646520614624023,-0.032617151737213135,0.03784441947937012
1769718924.4605129,goal2.png,0.6962575912475586,0.06125037372112274,-0.4888513386249542,-1.7911328077316284,1.3432966470718384,0.7368365526199341,2.4113597869873047,0.00886775553226471,-0.44719457626342773,-1.8414098024368286,1.3558093309402466,0.6779719591140747,2.4895734786987305,-0.05238261818885803,0.04165676236152649,-0.050276994705200195,0.012512683868408203,-0.058864593505859375,0.07821369171142578
1769718924.5607545,goal2.png,0.6932917833328247,0.04174230992794037,-0.4814601540565491,-1.8094290494918823,1.3465074300765991,0.7182978987693787,2.4346845149993896,-0.01786850392818451,-0.4485694169998169,-1.8690648078918457,1.3629904985427856,0.6321439743041992,2.5379104614257812,-0.05961081385612488,0.03289073705673218,-0.05963575839996338,0.016483068466186523,-0.08615392446517944,0.1032259464263916
1769718924.660745,goal2.png,0.711867094039917,0.015388356521725655,-0.47319045662879944,-1.8405388593673706,1.3534444570541382,0.6862793564796448,2.477153778076172,-0.03826730698347092,-0.4548431634902954,-1.8831117153167725,1.36493980884552,0.5860152840614319,2.5696868896484375,-0.05365566164255142,0.01834729313850403,-0.042572855949401855,0.011495351791381836,-0.10026407241821289,0.09253311157226562
1769718924.7607148,goal2.png,0.6744022369384766,-0.01178352814167738,-0.47146373987197876,-1.8651965856552124,1.3599268198013306,0.6524128913879395,2.514291763305664,-0.04297054558992386,-0.46800246834754944,-1.8772549629211426,1.3714439868927002,0.5381547212600708,2.574550151824951,-0.031187016516923904,0.0034612715244293213,-0.012058377265930176,0.011517167091369629,-0.11425817012786865,0.06025838851928711
1769718924.8608418,goal2.png,0.7067856788635254,-0.03174598142504692,-0.4750988483428955,-1.8808878660202026,1.3638345003128052,0.6120186448097229,2.5427207946777344,-0.028311802074313164,-0.48432275652885437,-1.8666985034942627,1.410319447517395,0.48831069469451904,2.5670228004455566,0.003434179350733757,-0.009223908185958862,0.014189362525939941,0.046484947204589844,-0.12370795011520386,0.024302005767822266
1769718924.9605327,goal2.png,0.6822044849395752,-0.036108024418354034,-0.4862765669822693,-1.8808574676513672,1.3751939535140991,0.5537369251251221,2.560532331466675,-0.006922628730535507,-0.5064089298248291,-1.8597480058670044,1.470881462097168,0.4433896243572235,2.5653820037841797,0.029185395687818527,-0.020132362842559814,0.021109461784362793,0.09568750858306885,-0.11034730076789856,0.004849672317504883
1769718925.060456,goal2.png,0.6648006439208984,-0.026172257959842682,-0.5033309459686279,-1.8764348030090332,1.405819058418274,0.4984389543533325,2.5674238204956055,0.001541096717119217,-0.5235142707824707,-1.8689342737197876,1.5371403694152832,0.3980249762535095,2.5827019214630127,0.0277133546769619,-0.020183324813842773,0.0075005292892456055,0.13132131099700928,-0.100413978099823,0.015278100967407227
1769718925.1609318,goal2.png,0.6410427689552307,-0.011662397533655167,-0.5226572155952454,-1.8716486692428589,1.4549527168273926,0.4563179612159729,2.5676207542419434,-0.003951815888285637,-0.5400998592376709,-1.881293535232544,1.5986342430114746,0.34476542472839355,2.604431629180908,0.00771058164536953,-0.017442643642425537,-0.009644865989685059,0.14368152618408203,-0.11155253648757935,0.036810874938964844
1769718925.2608237,goal2.png,0.6149889230728149,-0.0013933739392086864,-0.542437732219696,-1.876010775566101,1.5140825510025024,0.407351016998291,2.5800557136535645,-0.006859776098281145,-0.5551780462265015,-1.8878989219665527,1.658899188041687,0.3101673722267151,2.616924285888672,-0.005466402042657137,-0.01274031400680542,-0.01188814640045166,0.14481663703918457,-0.09718364477157593,0.03686857223510742
1769718925.3615687,goal2.png,0.6261398792266846,-0.0026656929403543472,-0.5597648024559021,-1.8829779624938965,1.570152997970581,0.35833868384361267,2.5986547470092773,0.012773629277944565,-0.5685341358184814,-1.8752065896987915,1.699923038482666,0.30755114555358887,2.59623384475708,0.015439322218298912,-0.008769333362579346,0.0077713727951049805,0.12977004051208496,-0.050787538290023804,-0.0024209022521972656
1769718925.4604306,goal2.png,0.6605157852172852,-0.004755791742354631,-0.5751531720161438,-1.8880367279052734,1.6264656782150269,0.32559308409690857,2.6100447177886963,0.057424016296863556,-0.5766465663909912,-1.8377070426940918,1.716526985168457,0.33532631397247314,2.547276735305786,0.0621798075735569,-0.0014933943748474121,0.05032968521118164,0.09006130695343018,0.009733229875564575,-0.06276798248291016
1769718925.5608006,goal2.png,0.6246134638786316,0.01045071892440319,-0.5876032114028931,-1.8805243968963623,1.682233214378357,0.3154604434967041,2.596125364303589,0.11576834321022034,-0.5785269141197205,-1.7787933349609375,1.7133078575134277,0.3786271810531616,2.4761006832122803,0.105317622423172,0.009076297283172607,0.1017310619354248,0.0310746431350708,0.06316673755645752,-0.1200246810913086
1769718925.6609733,goal2.png,0.5506525039672852,0.050951067358255386,-0.5970542430877686,-1.8519287109375,1.7059215307235718,0.3314242362976074,2.5549588203430176,0.15007373690605164,-0.574190616607666,-1.7435084581375122,1.715649127960205,0.40366536378860474,2.4363718032836914,0.09912267327308655,0.02286362648010254,0.10842025279998779,0.0097275972366333,0.07224112749099731,-0.11858701705932617
1769718925.7604446,goal2.png,0.544025719165802,0.09390505403280258,-0.6007499098777771,-1.8100955486297607,1.710404634475708,0.3550519645214081,2.5077033042907715,0.14960451424121857,-0.5695840120315552,-1.7364628314971924,1.7046730518341064,0.4210447669029236,2.4281466007232666,0.055699460208415985,0.031165897846221924,0.07363271713256836,-0.0057315826416015625,0.0659928023815155,-0.07955670356750488
1769718925.8606918,goal2.png,0.5468425154685974,0.13428419828414917,-0.600053071975708,-1.7688984870910645,1.7125252485275269,0.3828902542591095,2.465688467025757,0.12279384583234787,-0.5662106871604919,-1.7554961442947388,1.690543532371521,0.4367300868034363,2.4511818885803223,-0.0114903524518013,0.033842384815216064,0.013402342796325684,-0.02198171615600586,0.05383983254432678,-0.01450657844543457
1769718925.9613078,goal2.png,0.536921501159668,0.14528022706508636,-0.5974480509757996,-1.7523894309997559,1.7050127983093262,0.41565102338790894,2.4406521320343018,0.09226786345243454,-0.5682568550109863,-1.7870876789093018,1.6791104078292847,0.44907283782958984,2.491701602935791,-0.053012363612651825,0.029191195964813232,-0.0346982479095459,-0.025902390480041504,0.03342181444168091,0.05104947090148926
1769718926.0609264,goal2.png,0.5466598868370056,0.12595394253730774,-0.5943278670310974,-1.7642334699630737,1.6936835050582886,0.4326448440551758,2.4558587074279785,0.06425847858190536,-0.5721533894538879,-1.8257794380187988,1.6697498559951782,0.46022725105285645,2.5469236373901367,-0.061695463955402374,0.022174477577209473,-0.0615459680557251,-0.02393364906311035,0.027582406997680664,0.0910649299621582
1769718926.1607056,goal2.png,0.7141349911689758,0.09541963785886765,-0.5941159129142761,-1.7856801748275757,1.6831116676330566,0.4439588189125061,2.4859535694122314,0.05495359003543854,-0.5712766051292419,-1.8397548198699951,1.6399993896484375,0.48120900988578796,2.570024251937866,-0.04046604782342911,0.02283930778503418,-0.054074645042419434,-0.04311227798461914,0.03725019097328186,0.08407068252563477
1769718926.2607012,goal2.png,0.6678327322006226,0.07018643617630005,-0.5962665677070618,-1.821333885192871,1.670086145401001,0.46001362800598145,2.5338451862335205,0.06868305057287216,-0.5631590485572815,-1.8184356689453125,1.5774660110473633,0.4960046410560608,2.5474658012390137,-0.001503385603427887,0.03310751914978027,0.0028982162475585938,-0.0926201343536377,0.035991013050079346,0.013620615005493164
1769718926.3611004,goal2.png,0.7698440551757812,0.06449158489704132,-0.5962665677070618,-1.8336323499679565,1.6430656909942627,0.4761591851711273,2.555079936981201,0.09550371766090393,-0.5547585487365723,-1.7908530235290527,1.5454823970794678,0.4795743227005005,2.5073108673095703,0.03101213276386261,0.0415080189704895,0.04277932643890381,-0.09758329391479492,0.003415137529373169,-0.04776906967163086
1769718926.4605374,goal2.png,0.7431725263595581,0.07048941403627396,-0.5918742418289185,-1.825635313987732,1.5941743850708008,0.4875035285949707,2.5459165573120117,0.11566810309886932,-0.5586072206497192,-1.7770566940307617,1.535963535308838,0.4687134623527527,2.4908030033111572,0.04517868906259537,0.03326702117919922,0.048578619956970215,-0.05821084976196289,-0.018790066242218018,-0.05511355400085449
1769718926.5605652,goal2.png,0.6969185471534729,0.08851310610771179,-0.584452748298645,-1.8062787055969238,1.5605201721191406,0.48047584295272827,2.517472505569458,0.1166878342628479,-0.5614084005355835,-1.7773451805114746,1.5309001207351685,0.45777931809425354,2.4925153255462646,0.02817472815513611,0.023044347763061523,0.02893352508544922,-0.029620051383972168,-0.02269652485847473,-0.02495718002319336
1769718926.6608284,goal2.png,0.6010092496871948,0.11156528443098068,-0.5832107067108154,-1.7909812927246094,1.5426478385925293,0.4700099527835846,2.499675989151001,0.09706371277570724,-0.5567278861999512,-1.7850006818771362,1.5068113803863525,0.454461932182312,2.4965462684631348,-0.014501571655273438,0.026482820510864258,0.0059806108474731445,-0.03583645820617676,-0.015548020601272583,-0.003129720687866211
1769718926.760412,goal2.png,0.6894145607948303,0.11498826742172241,-0.5861794948577881,-1.7887094020843506,1.5318336486816406,0.461452454328537,2.4952988624572754,0.06379338353872299,-0.5577383041381836,-1.8240230083465576,1.5101754665374756,0.4577926993370056,2.5418541431427,-0.05119488388299942,0.028441190719604492,-0.03531360626220703,-0.02165818214416504,-0.003659754991531372,0.046555280685424805
1769718926.86073,goal2.png,0.658094048500061,0.09699485450983047,-0.5845133066177368,-1.7937076091766357,1.5148096084594727,0.45689353346824646,2.501554012298584,0.026636973023414612,-0.5618593692779541,-1.8710482120513916,1.5251500606536865,0.48052048683166504,2.5990347862243652,-0.07035788148641586,0.022653937339782715,-0.07734060287475586,0.010340452194213867,0.02362695336341858,0.09748077392578125
1769718926.9609413,goal2.png,0.724243700504303,0.06643027067184448,-0.5827867388725281,-1.8233331441879272,1.5134767293930054,0.45965009927749634,2.53902530670166,0.006495282053947449,-0.5610059499740601,-1.880108118057251,1.519465446472168,0.4827321171760559,2.6101486682891846,-0.059934988617897034,0.021780788898468018,-0.05677497386932373,0.005988717079162598,0.02308201789855957,0.07112336158752441
1769718927.061208,goal2.png,0.6652246713638306,0.03625951334834099,-0.5855734944343567,-1.861258625984192,1.519565463066101,0.4747809171676636,2.5829334259033203,0.0026785731315612793,-0.5523054003715515,-1.854917287826538,1.4975320100784302,0.4483962655067444,2.5737550258636475,-0.03358094021677971,0.033268094062805176,0.006341338157653809,-0.0220334529876709,-0.02638465166091919,-0.009178400039672852
1769718927.1605868,goal2.png,0.7036276459693909,0.014479578472673893,-0.5868760943412781,-1.876828670501709,1.517838716506958,0.4772648811340332,2.5977158546447754,0.02011166326701641,-0.5460557341575623,-1.8209283351898193,1.4962596893310547,0.40688806772232056,2.52463960647583,0.005632084794342518,0.04082036018371582,0.05590033531188965,-0.02157902717590332,-0.07037681341171265,-0.07307624816894531
1769718927.260721,goal2.png,0.7520787715911865,0.006845965515822172,-0.5800301432609558,-1.8611980676651,1.5041770935058594,0.45283442735671997,2.5748000144958496,0.04664253443479538,-0.5449024438858032,-1.7950139045715332,1.5043309926986694,0.4062378704547882,2.489018678665161,0.03979656845331192,0.03512769937515259,0.0661841630935669,0.0001538991928100586,-0.04659655690193176,-0.08578133583068848
1769718927.3610392,goal2.png,0.7534800171852112,0.022506939247250557,-0.574062705039978,-1.8350257873535156,1.5002996921539307,0.42219412326812744,2.5358293056488037,0.07437460124492645,-0.5421544313430786,-1.7659649848937988,1.4920722246170044,0.4269225597381592,2.455766201019287,0.051867663860321045,0.031908273696899414,0.0690608024597168,-0.00822746753692627,0.004728436470031738,-0.0800631046295166
1769718927.4606872,goal2.png,0.7128868103027344,0.046164918690919876,-0.5719118714332581,-1.8081265687942505,1.501481056213379,0.41428786516189575,2.496631622314453,0.08159326016902924,-0.5350708365440369,-1.7505671977996826,1.4644163846969604,0.43274733424186707,2.439788341522217,0.03542834147810936,0.03684103488922119,0.05755937099456787,-0.03706467151641846,0.018459469079971313,-0.05684328079223633
1769718927.5603616,goal2.png,0.6851330399513245,0.06703606992959976,-0.5697914958000183,-1.7837717533111572,1.4928479194641113,0.42329975962638855,2.4670515060424805,0.07232850044965744,-0.5251634120941162,-1.748061180114746,1.4339696168899536,0.4331040382385254,2.438443660736084,0.005292430520057678,0.0446280837059021,0.03571057319641113,-0.058878302574157715,0.00980427861213684,-0.028607845306396484
1769718927.6608179,goal2.png,0.5837988257408142,0.07736565917730331,-0.5637027621269226,-1.766535758972168,1.467917561531067,0.42984282970428467,2.448300838470459,0.05266288295388222,-0.5171919465065002,-1.7478704452514648,1.405875325202942,0.4462589621543884,2.442542314529419,-0.024702776223421097,0.04651081562042236,0.018665313720703125,-0.062042236328125,0.01641613245010376,-0.005758523941040039
1769718927.760843,goal2.png,0.5862025022506714,0.07157988846302032,-0.5552210807800293,-1.7602955102920532,1.4405640363693237,0.43444716930389404,2.4424848556518555,0.03681687265634537,-0.5120081305503845,-1.7431094646453857,1.3843811750411987,0.4740813374519348,2.4439735412597656,-0.03476301580667496,0.043212950229644775,0.01718604564666748,-0.056182861328125,0.03963416814804077,0.0014886856079101562
1769718927.8611531,goal2.png,0.6160961985588074,0.054858721792697906,-0.5467694997787476,-1.7567816972732544,1.4136345386505127,0.4471243619918823,2.4431662559509277,0.02377994917333126,-0.5108171105384827,-1.7408256530761719,1.3678284883499146,0.4977874457836151,2.450385093688965,-0.031078772619366646,0.03595238924026489,0.01595604419708252,-0.045806050300598145,0.05066308379173279,0.007218837738037109
1769718927.9607286,goal2.png,0.5777801871299744,0.03847081586718559,-0.5404990911483765,-1.7528437376022339,1.3912789821624756,0.4705703854560852,2.444953441619873,0.018228743225336075,-0.5105394124984741,-1.7406630516052246,1.3588234186172485,0.5170422792434692,2.4559202194213867,-0.020242072641849518,0.029959678649902344,0.012180685997009277,-0.03245556354522705,0.04647189378738403,0.010966777801513672
1769718928.06087,goal2.png,0.602672815322876,0.02814122661948204,-0.538348376750946,-1.7504204511642456,1.3738309144973755,0.49262285232543945,2.450103282928467,0.021274384111166,-0.5105751156806946,-1.735032320022583,1.3529388904571533,0.5341904759407043,2.4481258392333984,-0.00686684250831604,0.027773261070251465,0.015388131141662598,-0.020892024040222168,0.04156762361526489,-0.0019774436950683594
1769718928.161145,goal2.png,0.601945161819458,0.022749274969100952,-0.5378334522247314,-1.7487542629241943,1.363258957862854,0.5121914744377136,2.4532837867736816,0.03372152894735336,-0.5116386413574219,-1.7231371402740479,1.35245943069458,0.5538654923439026,2.4309589862823486,0.010972253978252411,0.02619481086730957,0.025617122650146484,-0.010799527168273926,0.041674017906188965,-0.022324800491333008
1769718928.260752,goal2.png,0.6026778221130371,0.023294512182474136,-0.5375910401344299,-1.7439378499984741,1.3560495376586914,0.5310330390930176,2.446225881576538,0.05515485256910324,-0.5150762796401978,-1.703429937362671,1.3548219203948975,0.5761271715164185,2.4047982692718506,0.031860340386629105,0.022514760494232178,0.04050791263580322,-0.0012276172637939453,0.04509413242340088,-0.0414276123046875
1769718928.3612542,goal2.png,0.5971913933753967,0.033957283943891525,-0.5379242897033691,-1.7339718341827393,1.3541713953018188,0.5504047870635986,2.430913209915161,0.08043090254068375,-0.5241385102272034,-1.6742130517959595,1.3528352975845337,0.5954816341400146,2.3696799278259277,0.04647361859679222,0.013785779476165771,0.059758782386779785,-0.0013360977172851562,0.045076847076416016,-0.0612332820892334
1769718928.460729,goal2.png,0.5826684236526489,0.05464666709303856,-0.5407112240791321,-1.7151604890823364,1.3543227910995483,0.5713213682174683,2.4069674015045166,0.09988626092672348,-0.5360989570617676,-1.6421016454696655,1.3378820419311523,0.603431761264801,2.337002992630005,0.04523959383368492,0.004612267017364502,0.0730588436126709,-0.016440749168395996,0.032110393047332764,-0.06996440887451172
1769718928.56047,goal2.png,0.5263477563858032,0.07851677387952805,-0.5481932759284973,-1.6876553297042847,1.3514147996902466,0.5904810428619385,2.374206781387329,0.11414777487516403,-0.5524978637695312,-1.6155331134796143,1.3241488933563232,0.6116923093795776,2.3232176303863525,0.035631000995635986,-0.0043045878410339355,0.07212221622467041,-0.02726590633392334,0.02121126651763916,-0.05098915100097656
1769718928.6605778,goal2.png,0.5112574100494385,0.09666159749031067,-0.5599769353866577,-1.6592719554901123,1.341054916381836,0.6002047061920166,2.3466107845306396,0.11841005086898804,-0.5695288181304932,-1.60176420211792,1.315819501876831,0.6309531331062317,2.330454111099243,0.021748453378677368,-0.00955188274383545,0.05750775337219238,-0.025235414505004883,0.030748426914215088,-0.016156673431396484
1769718928.760635,goal2.png,0.5408722758293152,0.10983864963054657,-0.5750017166137695,-1.633705496788025,1.3277266025543213,0.6109431982040405,2.332085609436035,0.11791163682937622,-0.5842533111572266,-1.5987555980682373,1.3170758485794067,0.6588653326034546,2.3467068672180176,0.008072987198829651,-0.009251594543457031,0.0349498987197876,-0.01065075397491455,0.04792213439941406,0.014621257781982422
1769718928.861602,goal2.png,0.5201517343521118,0.11650284379720688,-0.5907534956932068,-1.6189836263656616,1.3201534748077393,0.6301332116127014,2.33449387550354,0.11406601220369339,-0.5899198055267334,-1.6022326946258545,1.3216743469238281,0.679429829120636,2.35904598236084,-0.0024368315935134888,0.0008336901664733887,0.01675093173980713,0.0015208721160888672,0.04929661750793457,0.024552106857299805
1769718928.96057,goal2.png,0.4978798031806946,0.11753275245428085,-0.6038093566894531,-1.6118649244308472,1.3190327882766724,0.6533520221710205,2.346050262451172,0.10661961138248444,-0.5898649096488953,-1.6091032028198242,1.3265994787216187,0.6897316575050354,2.368056297302246,-0.010913141071796417,0.013944447040557861,0.0027617216110229492,0.007566690444946289,0.03637963533401489,0.02200603485107422
1769718929.0608954,goal2.png,0.54709792137146,0.11380686610937119,-0.6113519668579102,-1.6120165586471558,1.321153163909912,0.6727994084358215,2.3568341732025146,0.09900986403226852,-0.5868213176727295,-1.6128038167953491,1.32716703414917,0.689497709274292,2.372532844543457,-0.014797002077102661,0.024530649185180664,-0.0007872581481933594,0.0060138702392578125,0.01669830083847046,0.015698671340942383
1769718929.1605964,goal2.png,0.5526894330978394,0.10826343297958374,-0.6152293086051941,-1.6155303716659546,1.324303388595581,0.6838559508323669,2.3651039600372314,0.10086843371391296,-0.5831615328788757,-1.6097795963287354,1.3311208486557007,0.6828489303588867,2.365358352661133,-0.007394999265670776,0.03206777572631836,0.005750775337219238,0.006817460060119629,-0.0010070204734802246,0.0002543926239013672
1769718929.2608004,goal2.png,0.604053795337677,0.10284119844436646,-0.6156837344169617,-1.6184383630752563,1.326393723487854,0.6867033839225769,2.3691327571868896,0.1101730465888977,-0.5782569646835327,-1.6050481796264648,1.3375506401062012,0.6762961149215698,2.3503408432006836,0.00733184814453125,0.037426769733428955,0.013390183448791504,0.011156916618347168,-0.01040726900100708,-0.018791913986206055
1769718929.3617284,goal2.png,0.592144250869751,0.10256857424974442,-0.6128362417221069,-1.6175296306610107,1.3301194906234741,0.682598888874054,2.3642406463623047,0.12304572761058807,-0.5710482001304626,-1.6051782369613647,1.3490275144577026,0.6687367558479309,2.335808277130127,0.02047715336084366,0.04178804159164429,0.012351393699645996,0.018908023834228516,-0.013862133026123047,-0.028432369232177734
1769718929.4607399,goal2.png,0.6178305745124817,0.11002042144536972,-0.6078987121582031,-1.6152576208114624,1.3371473550796509,0.6764798760414124,2.3520631790161133,0.1330951750278473,-0.5624629259109497,-1.6072096824645996,1.3595725297927856,0.6644903421401978,2.3234496116638184,0.02307475358247757,0.04543578624725342,0.008047938346862793,0.022425174713134766,-0.0119895339012146,-0.028613567352294922
1769718929.5606365,goal2.png,0.6118268966674805,0.12204628437757492,-0.6009921431541443,-1.6148639917373657,1.3471132516860962,0.6703457236289978,2.3392043113708496,0.1409316509962082,-0.5567882061004639,-1.6093459129333496,1.3639113903045654,0.6653101444244385,2.31772780418396,0.01888536661863327,0.04420393705368042,0.005518078804016113,0.01679813861846924,-0.005035579204559326,-0.02147650718688965
1769718929.6605024,goal2.png,0.6112962961196899,0.13304224610328674,-0.5928738713264465,-1.615378975868225,1.355837345123291,0.6658928394317627,2.3276023864746094,0.14710843563079834,-0.5530080199241638,-1.6133028268814087,1.3627324104309082,0.6738136410713196,2.321254253387451,0.014066189527511597,0.039865851402282715,0.0020761489868164062,0.0068950653076171875,0.007920801639556885,-0.006348133087158203
1769718929.7608454,goal2.png,0.6225670576095581,0.13919155299663544,-0.5867549777030945,-1.6170752048492432,1.361229419708252,0.6665895581245422,2.321786403656006,0.1505327820777893,-0.5519214272499084,-1.6154382228851318,1.3532800674438477,0.6845987439155579,2.3288395404815674,0.01134122908115387,0.034833550453186035,0.0016369819641113281,-0.007949352264404297,0.018009185791015625,0.0070531368255615234
1769718929.861358,goal2.png,0.7021104097366333,0.14476527273654938,-0.5826957821846008,-1.6195591688156128,1.361229419708252,0.6730265617370605,2.322892189025879,0.14362473785877228,-0.5465638637542725,-1.6263015270233154,1.3414005041122437,0.6909130215644836,2.34342885017395,-0.0011405348777770996,0.03613191843032837,-0.006742358207702637,-0.0198289155960083,0.017886459827423096,0.02053666114807129
1769718929.9613395,goal2.png,0.7243219614028931,0.14894555509090424,-0.580363392829895,-1.6233153343200684,1.3538683652877808,0.6824019551277161,2.329904794692993,0.13037383556365967,-0.5360890626907349,-1.6483584642410278,1.3378182649612427,0.6890977025032043,2.365295886993408,-0.018571719527244568,0.044274330139160156,-0.025043129920959473,-0.016050100326538086,0.006695747375488281,0.03539109230041504
1769718930.060543,goal2.png,0.6844305992126465,0.14524994790554047,-0.5767282843589783,-1.6336145401000977,1.3453867435455322,0.6875364184379578,2.343005895614624,0.10824320465326309,-0.5202441215515137,-1.678942084312439,1.3389291763305664,0.6729310154914856,2.389010190963745,-0.037006743252277374,0.0564841628074646,-0.04532754421234131,-0.00645756721496582,-0.014605402946472168,0.046004295349121094
1769718930.1605701,goal2.png,0.6969296932220459,0.13064923882484436,-0.5670045614242554,-1.6525774002075195,1.3412367105484009,0.6852039694786072,2.3624231815338135,0.08529794961214066,-0.5063313245773315,-1.7103509902954102,1.3494731187820435,0.6415149569511414,2.41359806060791,-0.045351289212703705,0.06067323684692383,-0.057773590087890625,0.008236408233642578,-0.04368901252746582,0.05117487907409668
1769718930.2604718,goal2.png,0.733513355255127,0.108354352414608,-0.5519797801971436,-1.6827783584594727,1.3421757221221924,0.6679980754852295,2.388050079345703,0.06682803481817245,-0.4941443204879761,-1.7405916452407837,1.373255968093872,0.5804884433746338,2.4412612915039062,-0.04152631759643555,0.05783545970916748,-0.057813286781311035,0.031080245971679688,-0.0875096321105957,0.053211212158203125
1769718930.3609316,goal2.png,0.7422279715538025,0.08905833959579468,-0.5377426147460938,-1.7102835178375244,1.3504756689071655,0.6423256993293762,2.407179355621338,0.06743712723255157,-0.48745787143707275,-1.7591722011566162,1.4005014896392822,0.5202518701553345,2.463146686553955,-0.021621212363243103,0.050284743309020996,-0.0488886833190918,0.0500258207321167,-0.12207382917404175,0.05596733093261719
1769718930.4610465,goal2.png,0.6992326974868774,0.07412444800138474,-0.5258983373641968,-1.7390003204345703,1.370529055595398,0.5936768054962158,2.429262399673462,0.08145084977149963,-0.48515474796295166,-1.7597459554672241,1.414747953414917,0.4877947270870209,2.463519811630249,0.007326401770114899,0.04074358940124512,-0.02074563503265381,0.04421889781951904,-0.10588207840919495,0.03425741195678711
1769718930.5608034,goal2.png,0.6747761368751526,0.0711861401796341,-0.5171136856079102,-1.7565090656280518,1.3934297561645508,0.5425592064857483,2.447028398513794,0.0941014289855957,-0.4835178256034851,-1.7590129375457764,1.427386999130249,0.46139347553253174,2.45664119720459,0.02291528880596161,0.03359586000442505,-0.0025038719177246094,0.03395724296569824,-0.08116573095321655,0.009612798690795898
1769718930.660579,goal2.png,0.6576682925224304,0.08109154552221298,-0.5120550394058228,-1.7637184858322144,1.4099388122558594,0.4964851140975952,2.459963083267212,0.09851649403572083,-0.4884696900844574,-1.7614401578903198,1.4386992454528809,0.4435327649116516,2.460153579711914,0.017424948513507843,0.023585349321365356,0.0022783279418945312,0.028760433197021484,-0.052952349185943604,0.00019049644470214844
1769718930.760596,goal2.png,0.6544296741485596,0.092935711145401,-0.5109342336654663,-1.765596628189087,1.423751950263977,0.46940410137176514,2.45866060256958,0.09029439091682434,-0.49602755904197693,-1.7757048606872559,1.4489872455596924,0.42751675844192505,2.483715772628784,-0.00264132022857666,0.01490667462348938,-0.010108232498168945,0.025235295295715332,-0.04188734292984009,0.0250551700592041
1769718930.8608954,goal2.png,0.6821107864379883,0.09669195860624313,-0.5127213597297668,-1.7694437503814697,1.4350509643554688,0.4491085112094879,2.4641737937927246,0.07619990408420563,-0.5018939971923828,-1.7929003238677979,1.459561824798584,0.4080604016780853,2.509335994720459,-0.020492054522037506,0.010827362537384033,-0.023456573486328125,0.024510860443115234,-0.04104810953140259,0.045162200927734375
1769718930.9605412,goal2.png,0.6835634708404541,0.08927039802074432,-0.5179316401481628,-1.780348777770996,1.4469252824783325,0.4294944703578949,2.483727216720581,0.05696777254343033,-0.509656548500061,-1.812870740890503,1.4722602367401123,0.39413461089134216,2.5400819778442383,-0.032302625477313995,0.008275091648101807,-0.032521963119506836,0.025334954261779785,-0.035359859466552734,0.05635476112365723
1769718931.0605445,goal2.png,0.675978422164917,0.07724445313215256,-0.5250200033187866,-1.7961006164550781,1.4572851657867432,0.4120614230632782,2.5066733360290527,0.04253177344799042,-0.5222095251083374,-1.8268659114837646,1.486858606338501,0.39339277148246765,2.5584206581115723,-0.03471267968416214,0.0028104782104492188,-0.030765295028686523,0.029573440551757812,-0.018668651580810547,0.05174732208251953
1769718931.1603305,goal2.png,0.6382482051849365,0.061522990465164185,-0.5336228013038635,-1.8135790824890137,1.4690990447998047,0.3993842303752899,2.5331032276153564,0.034883785992860794,-0.5320261120796204,-1.8339273929595947,1.494230031967163,0.3992706537246704,2.563854455947876,-0.02663920447230339,0.001596689224243164,-0.020348310470581055,0.0251309871673584,-0.00011357665061950684,0.03075122833251953
1769718931.2613378,goal2.png,0.6739441156387329,0.0455288328230381,-0.5448005199432373,-1.828270673751831,1.4833664894104004,0.3968699872493744,2.5520052909851074,0.028467439115047455,-0.5414327383041382,-1.841418981552124,1.5099128484725952,0.39543652534484863,2.564929723739624,-0.017061393707990646,0.003367781639099121,-0.013148307800292969,0.026546359062194824,-0.0014334619045257568,0.012924432754516602
1769718931.3607492,goal2.png,0.6740157008171082,0.03635035827755928,-0.5549786686897278,-1.836176872253418,1.4927570819854736,0.39767277240753174,2.55983567237854,0.022728171199560165,-0.5549148917198181,-1.8569108247756958,1.552795648574829,0.3569391965866089,2.5816550254821777,-0.013622187077999115,6.377696990966797e-05,-0.020733952522277832,0.06003856658935547,-0.04073357582092285,0.021819353103637695
1769718931.460569,goal2.png,0.6638902425765991,0.031412795186042786,-0.5644298195838928,-1.8457188606262207,1.5114169120788574,0.389039546251297,2.5668938159942627,0.022565923631191254,-0.5716991424560547,-1.8718421459197998,1.602949857711792,0.3245583772659302,2.601757764816284,-0.008846871554851532,-0.007269322872161865,-0.0261232852935791,0.09153294563293457,-0.06448116898536682,0.034863948822021484
1769718931.5603716,goal2.png,0.6493208408355713,0.026051128283143044,-0.5776067972183228,-1.8597440719604492,1.5494332313537598,0.3583841025829315,2.583493709564209,0.025019772350788116,-0.5852503180503845,-1.881831169128418,1.6463768482208252,0.31340837478637695,2.6126668453216553,-0.001031355932354927,-0.007643520832061768,-0.02208709716796875,0.09694361686706543,-0.044975727796554565,0.02917313575744629
1769718931.6605835,goal2.png,0.564618706703186,0.02353684790432453,-0.5928435921669006,-1.8740720748901367,1.5952953100204468,0.33331748843193054,2.598200559616089,0.03547230362892151,-0.5898103713989258,-1.877854585647583,1.674081563949585,0.31639307737350464,2.5976662635803223,0.011935455724596977,0.0030332207679748535,-0.003782510757446289,0.07878625392913818,-0.016924411058425903,-0.0005342960357666016
1769718931.7606132,goal2.png,0.5483957529067993,0.026626648381352425,-0.6039910316467285,-1.8819178342819214,1.634947419166565,0.3205948770046234,2.605743169784546,0.06506667286157608,-0.5958585143089294,-1.8632868528366089,1.7210652828216553,0.3106265664100647,2.579465866088867,0.038440026342868805,0.008132517337799072,0.0186309814453125,0.08611786365509033,-0.009968310594558716,-0.02627730369567871
1769718931.8604453,goal2.png,0.6104256510734558,0.038743432611227036,-0.6089286208152771,-1.880463719367981,1.6679050922393799,0.3158239424228668,2.597943067550659,0.10279633104801178,-0.5977535843849182,-1.8416259288787842,1.777872085571289,0.29949381947517395,2.5613787174224854,0.06405289471149445,0.011175036430358887,0.03883779048919678,0.10996699333190918,-0.01633012294769287,-0.03656435012817383
1769718931.9604812,goal2.png,0.6062508225440979,0.06479448825120926,-0.6175315380096436,-1.869588851928711,1.71388840675354,0.3092050850391388,2.5807220935821533,0.1348136067390442,-0.5984808802604675,-1.8243106603622437,1.8312584161758423,0.28803378343582153,2.555131673812866,0.07001911848783493,0.019050657749176025,0.045278191566467285,0.11737000942230225,-0.02117130160331726,-0.02559041976928711
1769718932.0605822,goal2.png,0.621781587600708,0.09841858595609665,-0.6244683861732483,-1.8523225784301758,1.764324426651001,0.3001629710197449,2.5665907859802246,0.16248634457588196,-0.6001801490783691,-1.8191473484039307,1.8652446269989014,0.28752195835113525,2.5665149688720703,0.06406775861978531,0.02428823709487915,0.03317523002624512,0.10092020034790039,-0.01264101266860962,-7.581710815429688e-05
1769718932.1604416,goal2.png,0.6387439966201782,0.13134588301181793,-0.6244987845420837,-1.8372371196746826,1.8163052797317505,0.2925899922847748,2.5606536865234375,0.19348996877670288,-0.6049414277076721,-1.8174750804901123,1.8806947469711304,0.3090721368789673,2.5912022590637207,0.06214408576488495,0.01955735683441162,0.019762039184570312,0.06438946723937988,0.016482144594192505,0.030548572540283203
1769718932.260628,goal2.png,0.6515393853187561,0.16091084480285645,-0.6252560019493103,-1.8285434246063232,1.8539583683013916,0.29449841380119324,2.5712859630584717,0.22479501366615295,-0.6111234426498413,-1.8156750202178955,1.8787505626678467,0.35728609561920166,2.6172428131103516,0.06388416886329651,0.014132559299468994,0.012868404388427734,0.024792194366455078,0.06278768181800842,0.04595685005187988
1769718932.3609207,goal2.png,0.6952553987503052,0.18974879384040833,-0.6305268406867981,-1.8261805772781372,1.8718304634094238,0.31335508823394775,2.5902035236358643,0.24887672066688538,-0.608691930770874,-1.8204878568649292,1.8650705814361572,0.40820303559303284,2.6470208168029785,0.05912792682647705,0.021834909915924072,0.005692720413208008,-0.0067598819732666016,0.09484794735908508,0.05681729316711426
1769718932.460717,goal2.png,0.6821486353874207,0.220798060297966,-0.6334954500198364,-1.8244538307189941,1.8744052648544312,0.35029613971710205,2.6113624572753906,0.2580714821815491,-0.5991929769515991,-1.8304253816604614,1.8431811332702637,0.4561719298362732,2.6704018115997314,0.03727342188358307,0.034302473068237305,-0.005971550941467285,-0.03122413158416748,0.10587579011917114,0.05903935432434082
1769718932.5640724,goal2.png,0.654279351234436,0.24621301889419556,-0.633010745048523,-1.8274224996566772,1.8637123107910156,0.3982180655002594,2.6385343074798584,0.2504624128341675,-0.585512638092041,-1.8429954051971436,1.8138623237609863,0.48883873224258423,2.6822900772094727,0.004249393939971924,0.047498106956481934,-0.015572905540466309,-0.0498499870300293,0.09062066674232483,0.04375576972961426
1769718932.6617506,goal2.png,0.6980807781219482,0.25290757417678833,-0.627770185470581,-1.8338747024536133,1.844688892364502,0.44333788752555847,2.663691759109497,0.23995700478553772,-0.5728300213813782,-1.853342056274414,1.7887731790542603,0.4995129704475403,2.6919941902160645,-0.01295056939125061,0.05494016408920288,-0.01946735382080078,-0.0559157133102417,0.05617508292198181,0.028302431106567383
1769718932.7601624,goal2.png,0.7316977381706238,0.24896949529647827,-0.6169560551643372,-1.8447494506835938,1.8195464611053467,0.4768104553222656,2.678898334503174,0.2392544448375702,-0.5721009969711304,-1.8549892902374268,1.777821660041809,0.5103882551193237,2.699322462081909,-0.009715050458908081,0.04485505819320679,-0.010239839553833008,-0.0417248010635376,0.033577799797058105,0.02042412757873535
1769718932.8601735,goal2.png,0.7192051410675049,0.2432747185230255,-0.6035669445991516,-1.8537765741348267,1.7963428497314453,0.4929560720920563,2.689863920211792,0.23975436389446259,-0.5740868449211121,-1.8575624227523804,1.7722444534301758,0.5216202139854431,2.7093567848205566,-0.0035203546285629272,0.02948009967803955,-0.003785848617553711,-0.02409839630126953,0.02866414189338684,0.01949286460876465
1769718932.9646363,goal2.png,0.7307809591293335,0.24133603274822235,-0.5981144309043884,-1.8576539754867554,1.7828328609466553,0.5074508190155029,2.699754238128662,0.2388571798801422,-0.57978355884552,-1.8627290725708008,1.767045021057129,0.5328159332275391,2.7187745571136475,-0.002478852868080139,0.018330872058868408,-0.00507509708404541,-0.015787839889526367,0.025365114212036133,0.01902031898498535
1769718933.060187,goal2.png,0.734448254108429,0.24085135757923126,-0.599659264087677,-1.8614100217819214,1.7752598524093628,0.5183558464050293,2.7087812423706055,0.23539859056472778,-0.5863243341445923,-1.8722631931304932,1.7679731845855713,0.5255629420280457,2.730078935623169,-0.005452767014503479,0.013334929943084717,-0.010853171348571777,-0.007286667823791504,0.007207095623016357,0.021297693252563477
1769718933.1619554,goal2.png,0.7189602851867676,0.23948818445205688,-0.6011738777160645,-1.8668019771575928,1.769716501235962,0.5267770290374756,2.717747688293457,0.23173320293426514,-0.5937097072601318,-1.8838738203048706,1.7848176956176758,0.49484938383102417,2.739872455596924,-0.007754981517791748,0.007464170455932617,-0.017071843147277832,0.015101194381713867,-0.031927645206451416,0.022124767303466797
1769718933.2622614,goal2.png,0.7055603861808777,0.23664072155952454,-0.6067173480987549,-1.8764045238494873,1.7717459201812744,0.518219530582428,2.7291224002838135,0.22886356711387634,-0.6003043055534363,-1.8915739059448242,1.8102333545684814,0.4510032534599304,2.7435522079467773,-0.007777154445648193,0.0064130425453186035,-0.015169382095336914,0.03848743438720703,-0.06721627712249756,0.014429807662963867
1769718933.362135,goal2.png,0.6748263239860535,0.23312689363956451,-0.6161381006240845,-1.8850377798080444,1.7849833965301514,0.4937739670276642,2.7376949787139893,0.22520527243614197,-0.6038076877593994,-1.897068738937378,1.8419110774993896,0.4029548168182373,2.7404274940490723,-0.007921621203422546,0.012330412864685059,-0.012030959129333496,0.05692768096923828,-0.09081915020942688,0.002732515335083008
1769718933.4618008,goal2.png,0.654998779296875,0.22994616627693176,-0.6237414479255676,-1.892580509185791,1.8069149255752563,0.4554394781589508,2.741042137145996,0.21969270706176758,-0.5996791124343872,-1.8986577987670898,1.8703522682189941,0.35576242208480835,2.731055498123169,-0.010253459215164185,0.02406233549118042,-0.006077289581298828,0.06343734264373779,-0.09967705607414246,-0.009986639022827148
1769718933.5602818,goal2.png,0.6844315528869629,0.22622036933898926,-0.6274673938751221,-1.8993052244186401,1.838478922843933,0.40629082918167114,2.7394216060638428,0.21062615513801575,-0.5884378552436829,-1.8897123336791992,1.8963901996612549,0.29339784383773804,2.7121386528015137,-0.01559421420097351,0.03902953863143921,0.009592890739440918,0.05791127681732178,-0.1128929853439331,-0.0272829532623291
1769718933.6621237,goal2.png,0.6907774806022644,0.22046487033367157,-0.6254073977470398,-1.9005775451660156,1.866438627243042,0.3602621853351593,2.7329845428466797,0.20513221621513367,-0.5763172507286072,-1.8670800924301147,1.9245784282684326,0.225527822971344,2.6817548274993896,-0.015332654118537903,0.04909014701843262,0.03349745273590088,0.058139801025390625,-0.1347343623638153,-0.05122971534729004
1769718933.7609963,goal2.png,0.6693434119224548,0.21271012723445892,-0.6179253458976746,-1.8936407566070557,1.8911266326904297,0.3055398166179657,2.7177929878234863,0.19875513017177582,-0.5642828345298767,-1.8466908931732178,1.9419262409210205,0.19411969184875488,2.656005382537842,-0.013954997062683105,0.05364251136779785,0.04694986343383789,0.05079960823059082,-0.11142012476921082,-0.06178760528564453
1769718933.8611786,goal2.png,0.6230474710464478,0.20604585111141205,-0.6046575307846069,-1.8761017322540283,1.9190254211425781,0.2514232099056244,2.6964221000671387,0.1829347312450409,-0.554517388343811,-1.844026803970337,1.9296973943710327,0.20776864886283875,2.6493289470672607,-0.023111119866371155,0.0501401424407959,0.032074928283691406,0.01067197322845459,-0.043654561042785645,-0.04709315299987793
1769718933.9623187,goal2.png,0.6455265283584595,0.1982305496931076,-0.5923286080360413,-1.8595926761627197,1.9312632083892822,0.21361887454986572,2.6649184226989746,0.15445435047149658,-0.5478525161743164,-1.8574124574661255,1.886797547340393,0.25706955790519714,2.659163475036621,-0.04377619922161102,0.044476091861724854,0.0021802186965942383,-0.04446566104888916,0.04345068335533142,-0.005754947662353516
1769718934.0618758,goal2.png,0.6217843294143677,0.1837206929922104,-0.5832411646842957,-1.8550487756729126,1.9239022731781006,0.21805661916732788,2.656088352203369,0.13896848261356354,-0.5522595047950745,-1.8725239038467407,1.8594906330108643,0.3089297413825989,2.6868391036987305,-0.04475221037864685,0.03098165988922119,-0.017475128173828125,-0.06441164016723633,0.090873122215271,0.030750751495361328
1769718934.1621835,goal2.png,0.6886920928955078,0.15991121530532837,-0.5771524310112,-1.862046241760254,1.894155740737915,0.2516504228115082,2.6613593101501465,0.14219671487808228,-0.560160756111145,-1.8876792192459106,1.8597092628479004,0.35767003893852234,2.728240489959717,-0.017714500427246094,0.01699167490005493,-0.02563297748565674,-0.03444647789001465,0.10601961612701416,0.06688117980957031
1769718934.2613199,goal2.png,0.6739115118980408,0.14319005608558655,-0.5777279138565063,-1.8759804964065552,1.8699827194213867,0.2987695634365082,2.685304880142212,0.1491309404373169,-0.5665605068206787,-1.8985497951507568,1.8672353029251099,0.3818095624446869,2.758875846862793,0.005940884351730347,0.011167407035827637,-0.02256929874420166,-0.0027474164962768555,0.08303999900817871,0.07357096672058105
1769718934.3607001,goal2.png,0.7165778875350952,0.1450984627008438,-0.5839681029319763,-1.8887637853622437,1.8653783798217773,0.33823996782302856,2.7154152393341064,0.14256539940834045,-0.569575846195221,-1.8996174335479736,1.8545182943344116,0.39054834842681885,2.7598397731781006,-0.002533063292503357,0.014392256736755371,-0.01085364818572998,-0.010860085487365723,0.05230838060379028,0.04442453384399414
1769718934.4601827,goal2.png,0.6995198726654053,0.14979368448257446,-0.5891480445861816,-1.8988813161849976,1.865166187286377,0.37263649702072144,2.748448610305786,0.13879525661468506,-0.5688759088516235,-1.8857965469360352,1.8370991945266724,0.3742821216583252,2.7436277866363525,-0.010998427867889404,0.020272135734558105,0.013084769248962402,-0.02806699275970459,0.0016456246376037598,-0.004820823669433594
1769718934.5606065,goal2.png,0.6764950752258301,0.1433415412902832,-0.5922983288764954,-1.900759220123291,1.8536856174468994,0.38092124462127686,2.7529165744781494,0.15020091831684113,-0.565382719039917,-1.8661067485809326,1.8515130281448364,0.34801822900772095,2.7213711738586426,0.006859377026557922,0.02691560983657837,0.0346524715423584,-0.0021725893020629883,-0.03290301561355591,-0.031545400619506836
1769718934.6627045,goal2.png,0.7708839178085327,0.1402820348739624,-0.5930557250976562,-1.8905205726623535,1.8452948331832886,0.36942553520202637,2.7407846450805664,0.17317381501197815,-0.5681387782096863,-1.8424386978149414,1.8801894187927246,0.33909672498703003,2.700120449066162,0.03289178013801575,0.02491694688796997,0.04808187484741211,0.034894585609436035,-0.030328810214996338,-0.0406641960144043
1769718934.7635255,goal2.png,0.7441215515136719,0.15255030989646912,-0.5916017293930054,-1.8757987022399902,1.8531100749969482,0.35299208760261536,2.724018096923828,0.19411610066890717,-0.5674653053283691,-1.8190443515777588,1.9018793106079102,0.3622906506061554,2.6637096405029297,0.04156579077243805,0.02413642406463623,0.056754350662231445,0.048769235610961914,0.009298563003540039,-0.06030845642089844
1769718934.8646839,goal2.png,0.706015944480896,0.17460285127162933,-0.5920863747596741,-1.8523225784301758,1.8772225379943848,0.34902384877204895,2.6978156566619873,0.2025197148323059,-0.5644826292991638,-1.810807228088379,1.9252674579620361,0.3627548813819885,2.647209405899048,0.027916863560676575,0.027603745460510254,0.041515350341796875,0.04804491996765137,0.013731032609939575,-0.05060625076293945
1769718934.9624095,goal2.png,0.6804865598678589,0.19041524827480316,-0.5926619172096252,-1.832541823387146,1.8977605104446411,0.3583538234233856,2.6715826988220215,0.2076585590839386,-0.5578910112380981,-1.8107270002365112,1.9532408714294434,0.3464975357055664,2.6429214477539062,0.017243310809135437,0.0347709059715271,0.021814823150634766,0.055480360984802246,-0.011856287717819214,-0.028661251068115234
1769718935.061859,goal2.png,0.683175802230835,0.19947251677513123,-0.5904808044433594,-1.8236966133117676,1.9214485883712769,0.3580509126186371,2.6542556285858154,0.23328547179698944,-0.5525004863739014,-1.800824761390686,1.9957574605941772,0.31199321150779724,2.6410670280456543,0.033812955021858215,0.03798031806945801,0.022871851921081543,0.07430887222290039,-0.046057701110839844,-0.013188600540161133
1769718935.1630013,goal2.png,0.6439856290817261,0.21183162927627563,-0.5853615403175354,-1.818547010421753,1.9534673690795898,0.34093597531318665,2.645864963531494,0.2667202651500702,-0.5442159175872803,-1.7861485481262207,2.0329887866973877,0.28014686703681946,2.633817434310913,0.054888635873794556,0.04114562273025513,0.03239846229553223,0.07952141761779785,-0.06078910827636719,-0.012047529220581055
1769718935.2623272,goal2.png,0.592326283454895,0.23427793383598328,-0.5796060562133789,-1.808429479598999,1.9903630018234253,0.31293103098869324,2.6405487060546875,0.2917122542858124,-0.5374283790588379,-1.7791056632995605,2.0553739070892334,0.26948082447052,2.630286931991577,0.0574343204498291,0.042177677154541016,0.029323816299438477,0.0650109052658081,-0.04345020651817322,-0.010261774063110352
1769718935.3637056,goal2.png,0.5519329905509949,0.264630526304245,-0.5732447504997253,-1.7968578338623047,2.0247745513916016,0.28850057721138,2.634626626968384,0.2944241166114807,-0.5271350145339966,-1.781056523323059,2.0440480709075928,0.29660964012145996,2.619062900543213,0.029793590307235718,0.04610973596572876,0.015801310539245605,0.01927351951599121,0.008109062910079956,-0.015563726425170898
1769718935.464164,goal2.png,0.5459566116333008,0.28662246465682983,-0.5658838152885437,-1.7909812927246094,2.042949676513672,0.28024598956108093,2.629916191101074,0.2806064486503601,-0.5168482065200806,-1.7814995050430298,2.0094380378723145,0.3353867530822754,2.596540927886963,-0.0060160160064697266,0.049035608768463135,0.00948178768157959,-0.03351163864135742,0.05514076352119446,-0.03337526321411133
1769718935.5656538,goal2.png,0.5322271585464478,0.29056039452552795,-0.5566447973251343,-1.7897696495056152,2.0364673137664795,0.301662415266037,2.616466522216797,0.26333221793174744,-0.5094932317733765,-1.783280611038208,1.9747276306152344,0.36950597167015076,2.5733277797698975,-0.027228176593780518,0.04715156555175781,0.0064890384674072266,-0.06173968315124512,0.06784355640411377,-0.043138742446899414
1769718935.66702,goal2.png,0.5426164865493774,0.2792918086051941,-0.5468302369117737,-1.7897090911865234,2.012687921524048,0.3288191854953766,2.600214958190918,0.2454422414302826,-0.5055444836616516,-1.7896082401275635,1.9402575492858887,0.40676942467689514,2.561297655105591,-0.0338495671749115,0.04128575325012207,0.00010085105895996094,-0.07243037223815918,0.07795023918151855,-0.03891730308532715
1769718935.7635021,goal2.png,0.5108085870742798,0.2647213935852051,-0.5380756855010986,-1.7909812927246094,1.9811540842056274,0.3631248474121094,2.5806918144226074,0.23804478347301483,-0.5023272633552551,-1.7874521017074585,1.9072239398956299,0.444999098777771,2.544882297515869,-0.026676610112190247,0.035748422145843506,0.003529191017150879,-0.07393014430999756,0.08187425136566162,-0.03580951690673828
1769718935.8644693,goal2.png,0.5077160596847534,0.24999955296516418,-0.5336530804634094,-1.7943134307861328,1.945076584815979,0.40282243490219116,2.5641069412231445,0.24285873770713806,-0.499769002199173,-1.7730584144592285,1.8746469020843506,0.4782313406467438,2.5198020935058594,-0.007140815258026123,0.03388407826423645,0.021255016326904297,-0.07042968273162842,0.07540890574455261,-0.044304847717285156
1769718935.9629805,goal2.png,0.4830523431301117,0.2429414540529251,-0.5312904715538025,-1.792707920074463,1.9146331548690796,0.43676450848579407,2.5471887588500977,0.2530924081802368,-0.5001973509788513,-1.753359079360962,1.8516168594360352,0.5048375129699707,2.4939637184143066,0.010150954127311707,0.031093120574951172,0.03934884071350098,-0.06301629543304443,0.06807300448417664,-0.053225040435791016
1769718936.0641353,goal2.png,0.49383947253227234,0.2433655560016632,-0.5275342464447021,-1.7825298309326172,1.8838262557983398,0.4693284034729004,2.5242578983306885,0.2564108669757843,-0.5080888271331787,-1.7437245845794678,1.8321328163146973,0.5180789828300476,2.4811296463012695,0.013045310974121094,0.019445419311523438,0.038805246353149414,-0.05169343948364258,0.04875057935714722,-0.043128252029418945
1769718936.1639879,goal2.png,0.48914530873298645,0.25166553258895874,-0.5267768502235413,-1.7667174339294434,1.856987476348877,0.4977725148200989,2.499145746231079,0.24442559480667114,-0.520699679851532,-1.7476376295089722,1.8158421516418457,0.5153571367263794,2.478121757507324,-0.007239937782287598,0.006077170372009277,0.01907980442047119,-0.04114532470703125,0.017584621906280518,-0.021023988723754883
1769718936.2630582,goal2.png,0.5048696398735046,0.2549976706504822,-0.533077597618103,-1.7576904296875,1.8366918563842773,0.5107980370521545,2.4863929748535156,0.22798235714435577,-0.5336269736289978,-1.7564735412597656,1.8099684715270996,0.495402455329895,2.4755818843841553,-0.027015313506126404,-0.0005493760108947754,0.001216888427734375,-0.026723384857177734,-0.015395581722259521,-0.010811090469360352
1769718936.3674753,goal2.png,0.5044419169425964,0.24445603787899017,-0.5440736413002014,-1.757872223854065,1.8211519718170166,0.5088745355606079,2.480349540710449,0.21427294611930847,-0.5475542545318604,-1.7679729461669922,1.8182213306427002,0.46526995301246643,2.4801886081695557,-0.0301830917596817,-0.0034806132316589355,-0.010100722312927246,-0.0029306411743164062,-0.04360458254814148,-0.0001609325408935547
1769718936.4670646,goal2.png,0.4876631200313568,0.22779551148414612,-0.5575838685035706,-1.7642334699630737,1.8154573440551758,0.4920927882194519,2.4781079292297363,0.20197801291942596,-0.5586950182914734,-1.7759754657745361,1.8260464668273926,0.43678227066993713,2.481496572494507,-0.025817498564720154,-0.001111149787902832,-0.011741995811462402,0.010589122772216797,-0.05531051754951477,0.003388643264770508
1769718936.5637603,goal2.png,0.5461466312408447,0.21628452837467194,-0.5699731707572937,-1.772200345993042,1.8183954954147339,0.46820753812789917,2.479668140411377,0.19301016628742218,-0.5651124119758606,-1.7814521789550781,1.833320140838623,0.4153138995170593,2.478785991668701,-0.023274362087249756,0.0048607587814331055,-0.009251832962036133,0.01492464542388916,-0.052893638610839844,-0.0008821487426757812
1769718936.665308,goal2.png,0.5639837980270386,0.20692434906959534,-0.580999493598938,-1.7790160179138184,1.8241814374923706,0.44251999258995056,2.480334520339966,0.1970568597316742,-0.56809401512146,-1.7795896530151367,1.8329284191131592,0.4185792803764343,2.4694316387176514,-0.009867489337921143,0.012905478477478027,-0.0005736351013183594,0.008746981620788574,-0.023940712213516235,-0.010902881622314453
1769718936.7697995,goal2.png,0.5495549440383911,0.19795793294906616,-0.5880878567695618,-1.7844079732894897,1.8306031227111816,0.4238601326942444,2.477487087249756,0.20801198482513428,-0.5677090883255005,-1.7669098377227783,1.8245899677276611,0.4304913282394409,2.4449076652526855,0.010054051876068115,0.02037876844406128,0.017498135566711426,-0.006013154983520508,0.006631195545196533,-0.03257942199707031
1769718936.8698983,goal2.png,0.6504064798355103,0.19720064103603363,-0.5916622877120972,-1.7833478450775146,1.831118106842041,0.42216381430625916,2.4678239822387695,0.22208812832832336,-0.5659691095352173,-1.7444878816604614,1.8105136156082153,0.4497634172439575,2.4095876216888428,0.024887487292289734,0.025693178176879883,0.03885996341705322,-0.020604491233825684,0.027599602937698364,-0.05823636054992676
1769718936.9638915,goal2.png,0.5229207277297974,0.2083480805158615,-0.5930557250976562,-1.7744418382644653,1.824968695640564,0.4317966103553772,2.445589780807495,0.22490745782852173,-0.564791202545166,-1.7238751649856567,1.802353858947754,0.45860812067985535,2.3753442764282227,0.016559377312660217,0.028264522552490234,0.050566673278808594,-0.02261483669281006,0.02681151032447815,-0.07024550437927246
1769718937.0655441,goal2.png,0.4563755393028259,0.22104039788246155,-0.5924195051193237,-1.7562061548233032,1.8140636682510376,0.4460490047931671,2.4124350547790527,0.2153843641281128,-0.5675262212753296,-1.71675443649292,1.8017669916152954,0.4491111934185028,2.358908176422119,-0.005656033754348755,0.02489328384399414,0.0394517183303833,-0.012296676635742188,0.0030621886253356934,-0.053526878356933594
1769718937.1651173,goal2.png,0.4872407615184784,0.2230699211359024,-0.5914198756217957,-1.738455057144165,1.8063695430755615,0.4524102807044983,2.384324073791504,0.19716036319732666,-0.5777184963226318,-1.726409912109375,1.8110826015472412,0.42087557911872864,2.3692948818206787,-0.025909557938575745,0.013701379299163818,0.012045145034790039,0.0047130584716796875,-0.03153470158576965,-0.015029191970825195
1769718937.2671857,goal2.png,0.4933047890663147,0.21264949440956116,-0.593510091304779,-1.731548547744751,1.8048551082611084,0.443640798330307,2.368738889694214,0.18066491186618805,-0.593218982219696,-1.7426645755767822,1.8227745294570923,0.3871752619743347,2.393502712249756,-0.03198458254337311,0.0002911090850830078,-0.01111602783203125,0.017919421195983887,-0.05646553635597229,0.024763822555541992
1769718937.3654108,goal2.png,0.48300066590309143,0.19904839992523193,-0.6002954840660095,-1.735486388206482,1.8110345602035522,0.42219412326812744,2.374130964279175,0.16265983879566193,-0.6062285900115967,-1.7548060417175293,1.8286348581314087,0.35601192712783813,2.409036636352539,-0.03638856112957001,-0.005933105945587158,-0.019319653511047363,0.017600297927856445,-0.0661821961402893,0.03490567207336426
1769718937.465478,goal2.png,0.48778313398361206,0.1841447949409485,-0.6121093034744263,-1.745391845703125,1.8197890520095825,0.3918415904045105,2.3909430503845215,0.15042324364185333,-0.6143323183059692,-1.7594830989837646,1.8361539840698242,0.33327946066856384,2.4130380153656006,-0.033721551299095154,-0.0022230148315429688,-0.014091253280639648,0.0163649320602417,-0.058562129735946655,0.0220949649810791
1769718937.5652833,goal2.png,0.4636344313621521,0.1659090518951416,-0.6294363737106323,-1.7567211389541626,1.8272711038589478,0.3609740138053894,2.405331611633301,0.1449345499277115,-0.6184132695198059,-1.7589118480682373,1.841190218925476,0.3240758776664734,2.4091622829437256,-0.020974501967430115,0.011023104190826416,-0.002190709114074707,0.01391911506652832,-0.036898136138916016,0.0038306713104248047
1769718937.66541,goal2.png,0.521079957485199,0.153610497713089,-0.6389176845550537,-1.7630218267440796,1.8345109224319458,0.3400726318359375,2.409390687942505,0.15153801441192627,-0.6209802031517029,-1.7534887790679932,1.8505580425262451,0.32315096259117126,2.401573657989502,-0.0020724833011627197,0.01793748140335083,0.009533047676086426,0.016047120094299316,-0.016921669244766235,-0.00781702995300293
1769718937.7669704,goal2.png,0.5288835167884827,0.1481882631778717,-0.641280472278595,-1.7636276483535767,1.8403875827789307,0.3293492794036865,2.408451795578003,0.16625775396823883,-0.6205364465713501,-1.7442982196807861,1.856553077697754,0.33200374245643616,2.389641284942627,0.018069490790367126,0.020744025707244873,0.019329428672790527,0.016165494918823242,0.002654463052749634,-0.018810510635375977
1769718937.8660161,goal2.png,0.5074087381362915,0.15506450831890106,-0.6461877226829529,-1.759750247001648,1.8482028245925903,0.3269713521003723,2.4015300273895264,0.18349868059158325,-0.6195683479309082,-1.731806993484497,1.8600010871887207,0.341949462890625,2.3732967376708984,0.02843417227268219,0.026619374752044678,0.02794325351715088,0.011798262596130371,0.014978110790252686,-0.02823328971862793
1769718937.9666145,goal2.png,0.4920385181903839,0.16727213561534882,-0.6487322449684143,-1.752025842666626,1.8541702032089233,0.3336658775806427,2.389382839202881,0.19247721135616302,-0.6206833720207214,-1.724597454071045,1.8739169836044312,0.3414371609687805,2.3625426292419434,0.02520507574081421,0.02804887294769287,0.027428388595581055,0.019746780395507812,0.007771283388137817,-0.0268402099609375
1769718938.0672824,goal2.png,0.5121736526489258,0.18111556768417358,-0.6470965147018433,-1.7426353693008423,1.8603498935699463,0.3393304646015167,2.377023935317993,0.19557158648967743,-0.6238169074058533,-1.7233831882476807,1.893364667892456,0.33339542150497437,2.364964485168457,0.014456018805503845,0.02327960729598999,0.01925218105316162,0.033014774322509766,-0.005935043096542358,-0.012059450149536133
1769718938.1656613,goal2.png,0.5055691003799438,0.1907787024974823,-0.647581160068512,-1.7363649606704712,1.872557520866394,0.33973944187164307,2.368375539779663,0.1956285536289215,-0.6268940567970276,-1.7252166271209717,1.910916805267334,0.31904804706573486,2.3733818531036377,0.004849851131439209,0.020687103271484375,0.011148333549499512,0.03835928440093994,-0.020691394805908203,0.005006313323974609
1769718938.2653267,goal2.png,0.5101414918899536,0.19450466334819794,-0.651034414768219,-1.733578085899353,1.891308307647705,0.33218154311180115,2.368239164352417,0.19610103964805603,-0.62965989112854,-1.7284287214279175,1.9201973676681519,0.3084038496017456,2.381920099258423,0.0015963762998580933,0.021374523639678955,0.005149364471435547,0.028889060020446777,-0.023777693510055542,0.01368093490600586
1769718938.3667815,goal2.png,0.5084516406059265,0.19483785331249237,-0.6536396741867065,-1.7336992025375366,1.906151294708252,0.32092809677124023,2.374736785888672,0.1993841826915741,-0.6314136981964111,-1.730568528175354,1.9282561540603638,0.3018310070037842,2.387131929397583,0.004546329379081726,0.02222597599029541,0.003130674362182617,0.022104859352111816,-0.019097089767456055,0.012395143508911133
1769718938.4679446,goal2.png,0.4971871078014374,0.19623130559921265,-0.6560325622558594,-1.7352744340896606,1.917359471321106,0.3120979368686676,2.380779981613159,0.20416989922523499,-0.6312612891197205,-1.732300043106079,1.9349982738494873,0.3035622239112854,2.3919355869293213,0.007938593626022339,0.024771273136138916,0.002974390983581543,0.017638802528381348,-0.008535712957382202,0.01115560531616211
1769718938.5659962,goal2.png,0.5100992918014526,0.20007838308811188,-0.6581833958625793,-1.7370010614395142,1.9262953996658325,0.3052368462085724,2.3864901065826416,0.2106681764125824,-0.6294776797294617,-1.733001947402954,1.941746473312378,0.3130870759487152,2.3984122276306152,0.01058979332447052,0.028705716133117676,0.003999114036560059,0.01545107364654541,0.007850229740142822,0.011922121047973633
1769718938.6686013,goal2.png,0.5037500262260437,0.20510679483413696,-0.6583953499794006,-1.7382733821868896,1.9328991174697876,0.30685749650001526,2.3913216590881348,0.2164810597896576,-0.6242426633834839,-1.733208179473877,1.944032907485962,0.32863515615463257,2.4005699157714844,0.01137426495552063,0.03415268659591675,0.005065202713012695,0.011133790016174316,0.02177765965461731,0.00924825668334961
1769718938.769765,goal2.png,0.5115011930465698,0.21077144145965576,-0.6573351621627808,-1.7390003204345703,1.9388967752456665,0.3148697018623352,2.3972740173339844,0.22311189770698547,-0.6181261539459229,-1.7323429584503174,1.9439548254013062,0.34479519724845886,2.40130615234375,0.012340456247329712,0.03920900821685791,0.00665736198425293,0.0050580501556396484,0.029925495386123657,0.004032135009765625
1769718938.8675287,goal2.png,0.5238292217254639,0.21616339683532715,-0.654184877872467,-1.7393637895584106,1.9421080350875854,0.326835036277771,2.4001517295837402,0.2303270399570465,-0.6121259927749634,-1.7315332889556885,1.9425554275512695,0.3599715828895569,2.4028573036193848,0.01416364312171936,0.04205888509750366,0.007830500602722168,0.00044739246368408203,0.03313654661178589,0.0027055740356445312
1769718938.967279,goal2.png,0.5187919735908508,0.22240355610847473,-0.648308277130127,-1.739091157913208,1.9428651332855225,0.3422081768512726,2.40128755569458,0.2367839217185974,-0.606810450553894,-1.728818416595459,1.9382438659667969,0.3762146234512329,2.403299570083618,0.01438036561012268,0.04149782657623291,0.010272741317749023,-0.004621267318725586,0.03400644659996033,0.002012014389038086
1769718939.0675244,goal2.png,0.5199720859527588,0.22994616627693176,-0.641280472278595,-1.7385156154632568,1.9419564008712769,0.3581417202949524,2.4030144214630127,0.24339380860328674,-0.6043014526367188,-1.726966142654419,1.9349673986434937,0.39082127809524536,2.4070353507995605,0.01344764232635498,0.03697901964187622,0.01154947280883789,-0.006989002227783203,0.03267955780029297,0.0040209293365478516
1769718939.1676328,goal2.png,0.5153052806854248,0.23697398602962494,-0.6352524161338806,-1.7369707822799683,1.9389573335647583,0.37402990460395813,2.4041805267333984,0.24663090705871582,-0.6049176454544067,-1.7266134023666382,1.9302952289581299,0.400348424911499,2.412652015686035,0.009656921029090881,0.030334770679473877,0.010357379913330078,-0.008662104606628418,0.026318520307540894,0.008471488952636719
1769718939.2668517,goal2.png,0.5181409120559692,0.24233564734458923,-0.6317081451416016,-1.73578941822052,1.935625433921814,0.38644954562187195,2.4079973697662354,0.2482023984193802,-0.6107063293457031,-1.728074312210083,1.9247392416000366,0.3997143507003784,2.4204788208007812,0.005866751074790955,0.021001815795898438,0.007715106010437012,-0.010886192321777344,0.01326480507850647,0.012481451034545898
1769718939.3677819,goal2.png,0.5188134908676147,0.24618273973464966,-0.6318294405937195,-1.7353955507278442,1.9313541650772095,0.39526456594467163,2.4127228260040283,0.24752569198608398,-0.6170653700828552,-1.731078863143921,1.9186224937438965,0.3901677429676056,2.426727771759033,0.0013429522514343262,0.014764070510864258,0.00431668758392334,-0.012731671333312988,-0.00509682297706604,0.014004945755004883
1769718939.4684684,goal2.png,0.5157716274261475,0.24772760272026062,-0.6352826952934265,-1.736061930656433,1.9258713722229004,0.39588549733161926,2.419917345046997,0.2473427951335907,-0.6241307854652405,-1.7353625297546387,1.916137933731079,0.3797592520713806,2.434905529022217,-0.0003848075866699219,0.011151909828186035,0.0006994009017944336,-0.009733438491821289,-0.016126245260238647,0.014988183975219727
1769718939.56788,goal2.png,0.5077331066131592,0.2478487342596054,-0.6411895751953125,-1.7377583980560303,1.9214485883712769,0.3902512192726135,2.4260966777801514,0.24769870936870575,-0.6298354268074036,-1.739212989807129,1.9142756462097168,0.37612053751945496,2.4407413005828857,-0.0001500248908996582,0.011354148387908936,-0.0014545917510986328,-0.007172942161560059,-0.01413068175315857,0.014644622802734375
1769718939.6677454,goal2.png,0.5234397649765015,0.2479092925786972,-0.6492776274681091,-1.740696668624878,1.9185104370117188,0.38226932287216187,2.4337756633758545,0.2473924458026886,-0.632328987121582,-1.741649866104126,1.9144253730773926,0.3732589781284332,2.440960168838501,-0.000516846776008606,0.0169486403465271,-0.0009531974792480469,-0.004085063934326172,-0.009010344743728638,0.007184505462646484
1769718939.7657533,goal2.png,0.5194451212882996,0.24809114634990692,-0.6557600498199463,-1.7437561750411987,1.9163596630096436,0.37804362177848816,2.4383649826049805,0.24898305535316467,-0.6328515410423279,-1.74344801902771,1.9182430505752563,0.3714046776294708,2.438933849334717,0.0008919090032577515,0.022908508777618408,0.00030815601348876953,0.001883387565612793,-0.006638944149017334,0.0005688667297363281
1769718939.8667946,goal2.png,0.5211372375488281,0.2483031153678894,-0.6584256291389465,-1.7458159923553467,1.9162081480026245,0.3747568726539612,2.4395313262939453,0.25289690494537354,-0.632498025894165,-1.743829607963562,1.9269052743911743,0.36833685636520386,2.436573028564453,0.004593789577484131,0.025927603244781494,0.001986384391784668,0.010697126388549805,-0.006420016288757324,-0.0029582977294921875
1769718939.9688911,goal2.png,0.5199174880981445,0.24969656765460968,-0.6593647003173828,-1.7473305463790894,1.9193888902664185,0.372136652469635,2.438455820083618,0.25790297985076904,-0.6316034197807312,-1.742624044418335,1.9376914501190186,0.36521458625793457,2.4339005947113037,0.008206412196159363,0.02776128053665161,0.0047065019607543945,0.018302559852600098,-0.0069220662117004395,-0.004555225372314453
1769718940.0681593,goal2.png,0.5187867283821106,0.2533012628555298,-0.6598190665245056,-1.7479667663574219,1.9267196655273438,0.36925894021987915,2.436305046081543,0.26503801345825195,-0.6332220435142517,-1.7414555549621582,1.9494926929473877,0.3629453778266907,2.437068462371826,0.011736750602722168,0.026597023010253906,0.006511211395263672,0.022773027420043945,-0.0063135623931884766,0.0007634162902832031
1769718940.16975,goal2.png,0.5310230851173401,0.2583298087120056,-0.659697949886322,-1.7476941347122192,1.935928225517273,0.3665477931499481,2.4354114532470703,0.269687682390213,-0.6328684687614441,-1.7404135465621948,1.955428123474121,0.36518675088882446,2.4396777153015137,0.011357873678207397,0.02682948112487793,0.007280588150024414,0.019499897956848145,-0.0013610422611236572,0.004266262054443359
1769718940.2620926,goal2.png,0.5288631916046143,0.26214662194252014,-0.6597887873649597,-1.7474215030670166,1.9430469274520874,0.36501801013946533,2.436577796936035,0.273807168006897,-0.632867693901062,-1.7405407428741455,1.9596073627471924,0.370231956243515,2.4433183670043945,0.011660546064376831,0.026921093463897705,0.006880760192871094,0.01656043529510498,0.005213946104049683,0.006740570068359375
1769718940.3626654,goal2.png,0.5270466804504395,0.2680535316467285,-0.6603643298149109,-1.7468761205673218,1.9510438442230225,0.36453333497047424,2.438183307647705,0.27733156085014343,-0.6315569281578064,-1.739537000656128,1.961019515991211,0.37716686725616455,2.446824312210083,0.009278029203414917,0.028807401657104492,0.007339119911193848,0.009975671768188477,0.012633532285690308,0.00864100456237793
1769718940.4624057,goal2.png,0.5300816893577576,0.27238526940345764,-0.660334050655365,-1.7466338872909546,1.9566782712936401,0.36798664927482605,2.441666841506958,0.28356555104255676,-0.6305173635482788,-1.737976312637329,1.9648957252502441,0.38228580355644226,2.451463222503662,0.011180281639099121,0.02981668710708618,0.008657574653625488,0.008217453956604004,0.014299154281616211,0.009796380996704102
1769718940.5686796,goal2.png,0.5388880968093872,0.27771666646003723,-0.6598190665245056,-1.7457554340362549,1.960313320159912,0.37612003087997437,2.4473769664764404,0.29188111424446106,-0.6299926042556763,-1.7339868545532227,1.968380331993103,0.3877985179424286,2.4554455280303955,0.014164447784423828,0.029826462268829346,0.011768579483032227,0.008067011833190918,0.011678487062454224,0.008068561553955078
1769718940.667179,goal2.png,0.5357213020324707,0.2833206057548523,-0.6590315699577332,-1.7446951866149902,1.9635847806930542,0.3809667229652405,2.4510724544525146,0.29720863699913025,-0.6296809911727905,-1.73038911819458,1.9696595668792725,0.39091187715530396,2.457521438598633,0.013888031244277954,0.029350578784942627,0.014306068420410156,0.006074786186218262,0.009945154190063477,0.006448984146118164
1769718940.768761,goal2.png,0.520980954170227,0.28786447644233704,-0.6585469245910645,-1.7420598268508911,1.9670683145523071,0.3862224221229553,2.4547226428985596,0.30000972747802734,-0.6276600956916809,-1.7287263870239258,1.9703567028045654,0.39524927735328674,2.459317922592163,0.012145251035690308,0.030886828899383545,0.013333439826965332,0.0032883882522583008,0.009026855230331421,0.004595279693603516
1769718940.8683307,goal2.png,0.5286232829093933,0.2960736155509949,-0.6577592492103577,-1.7394546270370483,1.9687951803207397,0.3900845944881439,2.457282304763794,0.2986360788345337,-0.6246438026428223,-1.7301441431045532,1.9653717279434204,0.400538831949234,2.463130235671997,0.0025624632835388184,0.0331154465675354,0.009310483932495117,-0.003423452377319336,0.010454237461090088,0.005847930908203125
1769718940.9641457,goal2.png,0.536232054233551,0.30128371715545654,-0.6569413542747498,-1.7383339405059814,1.9694312810897827,0.39268970489501953,2.458524227142334,0.29862651228904724,-0.6222404837608337,-1.7330596446990967,1.9558148384094238,0.4090682864189148,2.4685683250427246,-0.0026572048664093018,0.034700870513916016,0.005274295806884766,-0.013616442680358887,0.016378581523895264,0.010044097900390625
1769718941.0639524,goal2.png,0.5354465246200562,0.30098089575767517,-0.6547604203224182,-1.738152027130127,1.96770441532135,0.3973698914051056,2.46150803565979,0.2960027754306793,-0.6198828220367432,-1.737161636352539,1.9420130252838135,0.41336822509765625,2.471644163131714,-0.00497812032699585,0.03487759828567505,0.0009903907775878906,-0.02569139003753662,0.01599833369255066,0.010136127471923828
1769718941.163953,goal2.png,0.5291874408721924,0.29764875769615173,-0.6527611613273621,-1.739060878753662,1.9601922035217285,0.40470048785209656,2.4660518169403076,0.29587191343307495,-0.6186237335205078,-1.7402418851852417,1.9327178001403809,0.41520094871520996,2.4720726013183594,-0.0017768442630767822,0.03413742780685425,-0.0011810064315795898,-0.027474403381347656,0.010500460863113403,0.006020784378051758
1769718941.2627635,goal2.png,0.5329282283782959,0.29673999547958374,-0.650004506111145,-1.741605520248413,1.9486206769943237,0.4103044867515564,2.4702019691467285,0.29749372601509094,-0.6183633804321289,-1.7391738891601562,1.9302642345428467,0.41324812173843384,2.467467784881592,0.0007537305355072021,0.03164112567901611,0.002431631088256836,-0.01835644245147705,0.0029436349868774414,-0.0027341842651367188
1769718941.3684816,goal2.png,0.5268179178237915,0.2983756959438324,-0.647187352180481,-1.74433171749115,1.9353830814361572,0.4132276773452759,2.470853090286255,0.29413169622421265,-0.6190332174301147,-1.7398772239685059,1.927107810974121,0.41287392377853394,2.462796926498413,-0.004243999719619751,0.02815413475036621,0.004454493522644043,-0.008275270462036133,-0.00035375356674194336,-0.008056163787841797
1769718941.4643142,goal2.png,0.5226023197174072,0.2977396249771118,-0.6473692059516907,-1.7445437908172607,1.9328991174697876,0.4130004942417145,2.4698081016540527,0.28956520557403564,-0.6190519332885742,-1.7434556484222412,1.9244369268417358,0.41262179613113403,2.4623191356658936,-0.008174419403076172,0.028317272663116455,0.0010881423950195312,-0.008462190628051758,-0.00037869811058044434,-0.00748896598815918
1769718941.56398,goal2.png,0.5199443101882935,0.2941044867038727,-0.6470359563827515,-1.744755744934082,1.92959725856781,0.41253092885017395,2.466097354888916,0.2846119999885559,-0.620612621307373,-1.747433066368103,1.92366623878479,0.40901562571525574,2.462752342224121,-0.009492486715316772,0.026423335075378418,-0.002677321434020996,-0.0059310197830200195,-0.003515303134918213,-0.003345012664794922
