timestamp,model_type,goal_image,similarity_score,curr_j0,curr_j1,curr_j2,curr_j3,curr_j4,curr_j5,cmd_j0,cmd_j1,cmd_j2,cmd_j3,cmd_j4,cmd_j5,step_diff_j0,step_diff_j1,step_diff_j2,step_diff_j3,step_diff_j4,step_diff_j5
1769651539.553579,full,goal16.png,0.6516050100326538,0.36859241127967834,-1.298009991645813,-1.8797669410705566,1.921600341796875,1.3364808559417725,2.950965404510498,0.3084622323513031,-1.1600888967514038,-1.8707526922225952,1.8765162229537964,1.36984121799469,2.895427703857422,-0.060130178928375244,0.13792109489440918,0.009014248847961426,-0.04508411884307861,0.03336036205291748,-0.05553770065307617
1769651539.5670907,full,goal16.png,0.6516050100326538,0.36859241127967834,-1.298009991645813,-1.8797669410705566,1.921600341796875,1.3364808559417725,2.950965404510498,0.3084563612937927,-1.1614371538162231,-1.8710358142852783,1.8767883777618408,1.369572639465332,2.8961379528045654,-0.06013604998588562,0.13657283782958984,0.00873112678527832,-0.04481196403503418,0.03309178352355957,-0.05482745170593262
1769651539.6402743,full,goal16.png,0.6573671102523804,0.36856213212013245,-1.2980402708053589,-1.8797669410705566,1.921600341796875,1.3364657163619995,2.9509501457214355,0.3076830506324768,-1.1617566347122192,-1.8709830045700073,1.8772437572479248,1.369339942932129,2.8982129096984863,-0.06087908148765564,0.13628363609313965,0.008783936500549316,-0.044356584548950195,0.032874226570129395,-0.05273723602294922
1769651539.7398405,full,goal16.png,0.6522800922393799,0.3324238955974579,-1.2689902782440186,-1.8757988214492798,1.8923380374908447,1.3593815565109253,2.914675712585449,0.3057677149772644,-1.160994529724121,-1.8701090812683105,1.8758232593536377,1.3692080974578857,2.893390417098999,-0.02665618062019348,0.10799574851989746,0.005689740180969238,-0.01651477813720703,0.00982654094696045,-0.021285295486450195
1769651539.839117,full,goal16.png,0.6587573885917664,0.3095533549785614,-1.233094334602356,-1.8752232789993286,1.8822811841964722,1.366712212562561,2.902165174484253,0.3003917336463928,-1.1557978391647339,-1.868321418762207,1.8707906007766724,1.3699913024902344,2.885855197906494,-0.009161621332168579,0.07729649543762207,0.006901860237121582,-0.011490583419799805,0.00327908992767334,-0.01630997657775879
1769651539.9372854,full,goal16.png,0.6686276197433472,0.30440381169319153,-1.2065585851669312,-1.8742538690567017,1.876798391342163,1.3682419061660767,2.8955767154693604,0.2885409891605377,-1.141052484512329,-1.8699973821640015,1.8649249076843262,1.369009256362915,2.880220890045166,-0.01586282253265381,0.06550610065460205,0.004256486892700195,-0.011873483657836914,0.0007673501968383789,-0.015355825424194336
1769651540.0370474,full,goal16.png,0.6594079732894897,0.30479761958122253,-1.1866871118545532,-1.8693163394927979,1.8718305826187134,1.3689992427825928,2.8885185718536377,0.2752196788787842,-1.1273279190063477,-1.8730278015136719,1.8563871383666992,1.3704118728637695,2.876474142074585,-0.029577940702438354,0.059359192848205566,-0.0037114620208740234,-0.01544344425201416,0.0014126300811767578,-0.012044429779052734
1769651540.137009,full,goal16.png,0.651541531085968,0.29325637221336365,-1.173479676246643,-1.8710429668426514,1.8668626546859741,1.3696504831314087,2.8827781677246094,0.26629218459129333,-1.1147183179855347,-1.875877857208252,1.8474793434143066,1.372443437576294,2.8749403953552246,-0.026964187622070312,0.0587613582611084,-0.004834890365600586,-0.01938331127166748,0.002792954444885254,-0.007837772369384766
1769651540.2399673,full,goal16.png,0.654778003692627,0.2744450271129608,-1.1632713079452515,-1.8723758459091187,1.858199119567871,1.3708925247192383,2.878507137298584,0.2608581483364105,-1.1020691394805908,-1.8769237995147705,1.8380932807922363,1.3743950128555298,2.8732240200042725,-0.013586878776550293,0.061202168464660645,-0.0045479536056518555,-0.020105838775634766,0.003502488136291504,-0.0052831172943115234
1769651540.3395438,full,goal16.png,0.6704134941101074,0.2695377469062805,-1.1488827466964722,-1.874587059020996,1.8498990535736084,1.3726494312286377,2.876265525817871,0.250626802444458,-1.0874013900756836,-1.879638910293579,1.8284213542938232,1.3759160041809082,2.8723127841949463,-0.01891094446182251,0.061481356620788574,-0.005051851272583008,-0.021477699279785156,0.003266572952270508,-0.003952741622924805
1769651540.444053,full,goal16.png,0.6627544164657593,0.26675084233283997,-1.1361297369003296,-1.8757685422897339,1.8414175510406494,1.3741185665130615,2.8746449947357178,0.24100756645202637,-1.0709677934646606,-1.8855531215667725,1.8238885402679443,1.3781758546829224,2.877582550048828,-0.0257432758808136,0.06516194343566895,-0.009784579277038574,-0.017529010772705078,0.00405728816986084,0.0029375553131103516
1769651540.536852,full,goal16.png,0.6585649251937866,0.2541190981864929,-1.1239826679229736,-1.8778889179229736,1.8326325416564941,1.3750576972961426,2.8738269805908203,0.2321658432483673,-1.0571620464324951,-1.8945040702819824,1.820581078529358,1.3821758031845093,2.8905842304229736,-0.02195325493812561,0.06682062149047852,-0.01661515235900879,-0.01205146312713623,0.007118105888366699,0.01675724983215332
1769651540.63817,full,goal16.png,0.669590950012207,0.2405482977628708,-1.1075037717819214,-1.8836746215820312,1.825483798980713,1.3780262470245361,2.8784918785095215,0.2236572802066803,-1.042789340019226,-1.9039993286132812,1.8174254894256592,1.3850008249282837,2.900634288787842,-0.01689101755619049,0.06471443176269531,-0.02032470703125,-0.008058309555053711,0.006974577903747559,0.022142410278320312
1769651540.7350676,full,goal16.png,0.6501730680465698,0.2354896068572998,-1.0929940938949585,-1.8927925825119019,1.8214247226715088,1.381843090057373,2.8882763385772705,0.21402469277381897,-1.0281760692596436,-1.9128551483154297,1.8112165927886963,1.386966586112976,2.9055094718933105,-0.021464914083480835,0.06481802463531494,-0.020062565803527832,-0.0102081298828125,0.005123496055603027,0.01723313331604004
1769651540.8346393,full,goal16.png,0.6474419832229614,0.22818925976753235,-1.0793323516845703,-1.9018195867538452,1.8179106712341309,1.3843421936035156,2.8972578048706055,0.20244191586971283,-1.0131243467330933,-1.9222393035888672,1.803027629852295,1.3879104852676392,2.907986640930176,-0.02574734389781952,0.06620800495147705,-0.020419716835021973,-0.014883041381835938,0.003568291664123535,0.010728836059570312
1769651540.9360402,full,goal16.png,0.6477605700492859,0.2147698700428009,-1.0634896755218506,-1.9103013277053833,1.81236732006073,1.386114239692688,2.902937412261963,0.19257040321826935,-0.9996007680892944,-1.9323928356170654,1.797210931777954,1.388130784034729,2.912691116333008,-0.022199466824531555,0.06388890743255615,-0.02209150791168213,-0.015156388282775879,0.0020165443420410156,0.009753704071044922
1769651541.0356767,full,goal16.png,0.6501151323318481,0.20350129902362823,-1.0467078685760498,-1.9206005334854126,1.8050670623779297,1.3871442079544067,2.9073903560638428,0.18101215362548828,-0.9873328804969788,-1.941934585571289,1.7909138202667236,1.388049840927124,2.9197139739990234,-0.022489145398139954,0.059374988079071045,-0.021334052085876465,-0.014153242111206055,0.0009056329727172852,0.012323617935180664
1769651541.1383407,full,goal16.png,0.6482794284820557,0.19638264179229736,-1.0335309505462646,-1.9297184944152832,1.798705816268921,1.3874318599700928,2.9123432636260986,0.1715552657842636,-0.9758253693580627,-1.9516546726226807,1.7848320007324219,1.3884317874908447,2.9298908710479736,-0.024827376008033752,0.057705581188201904,-0.02193617820739746,-0.013873815536499023,0.0009999275207519531,0.017547607421875
1769651541.2409797,full,goal16.png,0.6575406789779663,0.18526548147201538,-1.020990014076233,-1.9384121894836426,1.793010950088501,1.3880075216293335,2.9184014797210693,0.16304263472557068,-0.9648526906967163,-1.9640040397644043,1.7767419815063477,1.3895699977874756,2.9445693492889404,-0.022222846746444702,0.0561373233795166,-0.02559185028076172,-0.01626896858215332,0.0015624761581420898,0.026167869567871094
1769651541.33743,full,goal16.png,0.6559205055236816,0.17366379499435425,-1.0093276500701904,-1.9483479261398315,1.7877098321914673,1.3883709907531738,2.926429033279419,0.15705841779708862,-0.9561665058135986,-1.9742600917816162,1.7673096656799316,1.3896684646606445,2.956848382949829,-0.016605377197265625,0.0531611442565918,-0.025912165641784668,-0.020400166511535645,0.0012974739074707031,0.030419349670410156
1769651541.4397056,full,goal16.png,0.6539648175239563,0.1660301834344864,-0.99845290184021,-1.9596469402313232,1.7798035144805908,1.3889011144638062,2.940408706665039,0.15260905027389526,-0.9474563002586365,-1.9847276210784912,1.7585992813110352,1.3889033794403076,2.969111442565918,-0.013421133160591125,0.050996601581573486,-0.02508068084716797,-0.021204233169555664,2.2649765014648438e-06,0.028702735900878906
1769651541.535043,full,goal16.png,0.6499131917953491,0.16136516630649567,-0.9888200163841248,-1.9707640409469604,1.7695345878601074,1.3893251419067383,2.952767848968506,0.14938834309577942,-0.9378313422203064,-1.9950730800628662,1.7499361038208008,1.387118935585022,2.980674982070923,-0.011976823210716248,0.05098867416381836,-0.02430903911590576,-0.01959848403930664,-0.0022062063217163086,0.027907133102416992
1769651541.6357038,full,goal16.png,0.6485592126846313,0.1550341546535492,-0.9793083071708679,-1.9813964366912842,1.7616888284683228,1.3887193202972412,2.96536922454834,0.14340724050998688,-0.9274893999099731,-2.006260395050049,1.743242859840393,1.3853034973144531,2.991631507873535,-0.011626914143562317,0.051818907260894775,-0.02486395835876465,-0.018445968627929688,-0.003415822982788086,0.026262283325195312
1769651541.7349875,full,goal16.png,0.6560689210891724,0.14985425770282745,-0.9700389504432678,-1.9909989833831787,1.753782868385315,1.3872956037521362,2.9767589569091797,0.13648492097854614,-0.9146702885627747,-2.0179262161254883,1.7378160953521729,1.3842003345489502,3.0010647773742676,-0.013369336724281311,0.055368661880493164,-0.02692723274230957,-0.01596677303314209,-0.003095269203186035,0.02430582046508789
1769651541.8385384,full,goal16.png,0.6490426063537598,0.14582538604736328,-0.9617995619773865,-2.0029947757720947,1.7461793422698975,1.3857355117797852,2.9873461723327637,0.131344735622406,-0.9013833999633789,-2.0309314727783203,1.7332979440689087,1.3830243349075317,3.015347957611084,-0.014480650424957275,0.06041616201400757,-0.027936697006225586,-0.01288139820098877,-0.002711176872253418,0.028001785278320312
1769651541.9415832,full,goal16.png,0.6504546403884888,0.13976700603961945,-0.9483500123023987,-2.0144450664520264,1.7397576570510864,1.3840240240097046,2.998660087585449,0.12746663391590118,-0.886145830154419,-2.044029712677002,1.7248797416687012,1.3802258968353271,3.02693247795105,-0.012300372123718262,0.062204182147979736,-0.029584646224975586,-0.014877915382385254,-0.0037981271743774414,0.028272390365600586
1769651542.0380812,full,goal16.png,0.6579842567443848,0.13334514200687408,-0.9349306225776672,-2.025562047958374,1.7353047132492065,1.3835091590881348,3.0098984241485596,0.12329655885696411,-0.8716895580291748,-2.0554122924804688,1.7145088911056519,1.3771731853485107,3.036355495452881,-0.010048583149909973,0.06324106454849243,-0.029850244522094727,-0.020795822143554688,-0.0063359737396240234,0.02645707130432129
1769651542.1358747,full,goal16.png,0.6559995412826538,0.12916487455368042,-0.920814573764801,-2.0395267009735107,1.7278226613998413,1.3803738355636597,3.0226058959960938,0.11930268257856369,-0.8546066284179688,-2.0666801929473877,1.7067298889160156,1.3743336200714111,3.044597864151001,-0.00986219197511673,0.06620794534683228,-0.027153491973876953,-0.021092772483825684,-0.006040215492248535,0.021991968154907227
1769651542.2346482,full,goal16.png,0.6374626755714417,0.12646889686584473,-0.9039116501808167,-2.0513103008270264,1.7177354097366333,1.3783291578292847,3.032435655593872,0.1134379506111145,-0.8395851850509644,-2.079815149307251,1.6989994049072266,1.3725268840789795,3.057225227355957,-0.013030946254730225,0.0643264651298523,-0.02850484848022461,-0.01873600482940674,-0.005802273750305176,0.02478957176208496
1769651542.3354714,full,goal16.png,0.6500605344772339,0.12074368447065353,-0.8874025344848633,-2.0644874572753906,1.7089507579803467,1.3749213218688965,3.0438101291656494,0.10564722865819931,-0.8254125118255615,-2.091768980026245,1.6907563209533691,1.3703880310058594,3.071019172668457,-0.015096455812454224,0.06199002265930176,-0.027281522750854492,-0.01819443702697754,-0.004533290863037109,0.027209043502807617
1769651542.4364622,full,goal16.png,0.6599065661430359,0.11410976946353912,-0.8712266683578491,-2.0749077796936035,1.7020138502120972,1.3732249736785889,3.0536248683929443,0.09952881932258606,-0.8115416765213013,-2.103605270385742,1.6814310550689697,1.368356704711914,3.0841007232666016,-0.014580950140953064,0.05968499183654785,-0.028697490692138672,-0.02058279514312744,-0.004868268966674805,0.030475854873657227
1769651542.537259,full,goal16.png,0.6577284336090088,0.10865718126296997,-0.8573831915855408,-2.088266611099243,1.6937742233276367,1.3705744743347168,3.067089557647705,0.09435391426086426,-0.7966376543045044,-2.1162941455841064,1.6720623970031738,1.3664250373840332,3.0998620986938477,-0.014303267002105713,0.06074553728103638,-0.02802753448486328,-0.02171182632446289,-0.004149436950683594,0.03277254104614258
1769651542.6345024,full,goal16.png,0.6589632034301758,0.10335607826709747,-0.8451150059700012,-2.099080801010132,1.6845656633377075,1.3694990873336792,3.078645944595337,0.08606358617544174,-0.7802262306213379,-2.128814697265625,1.6596604585647583,1.3650883436203003,3.114229440689087,-0.01729249209165573,0.06488877534866333,-0.029733896255493164,-0.02490520477294922,-0.004410743713378906,0.03558349609375
1769651542.7381501,full,goal16.png,0.669291615486145,0.09578309953212738,-0.8287270069122314,-2.11201548576355,1.6748417615890503,1.366894006729126,3.0952157974243164,0.07593955844640732,-0.7634583711624146,-2.140812397003174,1.6479649543762207,1.3642258644104004,3.1295268535614014,-0.019843541085720062,0.0652686357498169,-0.028796911239624023,-0.02687680721282959,-0.002668142318725586,0.03431105613708496
1769651542.8376408,full,goal16.png,0.6719589233398438,0.08842217922210693,-0.81336909532547,-2.1243443489074707,1.663633942604065,1.3653945922851562,3.1098618507385254,0.06481592357158661,-0.7446198463439941,-2.1503498554229736,1.635752558708191,1.3647687435150146,3.1428115367889404,-0.023606255650520325,0.06874924898147583,-0.02600550651550293,-0.027881383895874023,-0.0006258487701416016,0.03294968605041504
1769651542.9354217,full,goal16.png,0.668928861618042,0.0801524817943573,-0.7964661717414856,-2.1358249187469482,1.6530317068099976,1.364652395248413,3.1228115558624268,0.0517546646296978,-0.7241939902305603,-2.1610043048858643,1.6230785846710205,1.3643121719360352,3.154521942138672,-0.0283978171646595,0.07227218151092529,-0.025179386138916016,-0.02995312213897705,-0.0003402233123779297,0.03171038627624512
1769651543.0348651,full,goal16.png,0.6828689575195312,0.06900504231452942,-0.7777456641197205,-2.147002696990967,1.641399621963501,1.3644554615020752,3.137033700942993,0.036671705543994904,-0.7036520838737488,-2.170322895050049,1.607961654663086,1.3636045455932617,3.164653778076172,-0.032333336770534515,0.07409358024597168,-0.02332019805908203,-0.03343796730041504,-0.0008509159088134766,0.02762007713317871
1769651543.1352272,full,goal16.png,0.6796020865440369,0.05522218719124794,-0.7570563554763794,-2.1568777561187744,1.6267988681793213,1.3648039102554321,3.1501047611236572,0.019786428660154343,-0.6837831139564514,-2.180006265640259,1.592690110206604,1.362664818763733,3.174280881881714,-0.0354357585310936,0.07327324151992798,-0.023128509521484375,-0.034108757972717285,-0.0021390914916992188,0.02417612075805664
1769651543.2365055,full,goal16.png,0.6909874677658081,0.04083353281021118,-0.7358519434928894,-2.167116403579712,1.6132886409759521,1.3635618686676025,3.16125226020813,0.0009021461009979248,-0.6668362021446228,-2.189659595489502,1.579017996788025,1.3614249229431152,3.1845767498016357,-0.03993138670921326,0.0690157413482666,-0.02254319190979004,-0.034270644187927246,-0.0021369457244873047,0.02332448959350586
1769651543.338566,full,goal16.png,0.6940208673477173,0.025445176288485527,-0.7164953947067261,-2.176567554473877,1.5988091230392456,1.3629863262176514,3.169976234436035,-0.017224470153450966,-0.6503815650939941,-2.1976447105407715,1.5666582584381104,1.360163927078247,3.1934995651245117,-0.04266964644193649,0.06611382961273193,-0.02107715606689453,-0.032150864601135254,-0.002822399139404297,0.023523330688476562
1769651543.4379666,full,goal16.png,0.6914332509040833,0.0076941028237342834,-0.6993198990821838,-2.1858067512512207,1.5851777791976929,1.3621987104415894,3.180093765258789,-0.034828849136829376,-0.634215235710144,-2.204503059387207,1.5536320209503174,1.3584293127059937,3.199923515319824,-0.04252295196056366,0.0651046633720398,-0.018696308135986328,-0.03154575824737549,-0.003769397735595703,0.019829750061035156
1769651543.5387464,full,goal16.png,0.6909171342849731,-0.009723711758852005,-0.6826894879341125,-2.194772958755493,1.5720007419586182,1.3607144355773926,3.189544916152954,-0.05233924835920334,-0.6200371980667114,-2.2131195068359375,1.5393649339675903,1.356522798538208,3.2057509422302246,-0.042615536600351334,0.06265228986740112,-0.018346548080444336,-0.03263580799102783,-0.00419163703918457,0.016206026077270508
1769651543.6377456,full,goal16.png,0.6978445053100586,-0.028656180948019028,-0.6648779511451721,-2.202436923980713,1.5595810413360596,1.3594725131988525,3.196178674697876,-0.06895962357521057,-0.6062082052230835,-2.22168231010437,1.5230172872543335,1.3543208837509155,3.2101387977600098,-0.040303442627191544,0.05866974592208862,-0.019245386123657227,-0.036563754081726074,-0.005151629447937012,0.013960123062133789
1769651543.7367735,full,goal16.png,0.6946904063224792,-0.04543798789381981,-0.6492471694946289,-2.209676742553711,1.5450408458709717,1.357276201248169,3.2024340629577637,-0.0858984962105751,-0.5935805439949036,-2.2278642654418945,1.5057913064956665,1.3515585660934448,3.2138681411743164,-0.040460508316755295,0.05566662549972534,-0.018187522888183594,-0.039249539375305176,-0.005717635154724121,0.011434078216552734
1769651543.8350606,full,goal16.png,0.6914672255516052,-0.062189433723688126,-0.6356158256530762,-2.2180674076080322,1.530137300491333,1.354777216911316,3.2076292037963867,-0.10314270853996277,-0.5808948278427124,-2.2325079441070557,1.4899332523345947,1.34781014919281,3.2139010429382324,-0.04095327481627464,0.05472099781036377,-0.014440536499023438,-0.04020404815673828,-0.006967067718505859,0.006271839141845703
1769651543.9349089,full,goal16.png,0.6772276163101196,-0.08112190663814545,-0.6216513514518738,-2.226337194442749,1.5122348070144653,1.3522932529449463,3.2113852500915527,-0.11998742818832397,-0.5704599022865295,-2.238184690475464,1.4755666255950928,1.3436179161071777,3.2143585681915283,-0.03886552155017853,0.05119144916534424,-0.011847496032714844,-0.03666818141937256,-0.008675336837768555,0.002973318099975586
1769651544.036806,full,goal16.png,0.6800448298454285,-0.09853971749544144,-0.6078380942344666,-2.2316081523895264,1.4955742359161377,1.3495063781738281,3.212839365005493,-0.13602223992347717,-0.5598669648170471,-2.243173122406006,1.4610977172851562,1.3399765491485596,3.213752508163452,-0.037482522428035736,0.047971129417419434,-0.011564970016479492,-0.034476518630981445,-0.009529829025268555,0.0009131431579589844
1769651544.153432,full,goal16.png,0.6804211139678955,-0.11392807215452194,-0.5967815518379211,-2.2365455627441406,1.4818518161773682,1.3458561897277832,3.213642120361328,-0.1523282378911972,-0.5502808094024658,-2.247760057449341,1.4472532272338867,1.3368524312973022,3.214322090148926,-0.03840016573667526,0.04650074243545532,-0.011214494705200195,-0.034598588943481445,-0.009003758430480957,0.0006799697875976562
1769651544.2412908,full,goal16.png,0.6878180503845215,-0.12971018254756927,-0.5871790647506714,-2.241543769836426,1.467432975769043,1.3423575162887573,3.2136571407318115,-0.16868479549884796,-0.5405323505401611,-2.251239776611328,1.434272289276123,1.3343350887298584,3.2161383628845215,-0.038974612951278687,0.046646714210510254,-0.009696006774902344,-0.03316068649291992,-0.008022427558898926,0.002481222152709961
1769651544.3380055,full,goal16.png,0.68620765209198,-0.14452293515205383,-0.5780914425849915,-2.2463603019714355,1.4544377326965332,1.3391767740249634,3.214444875717163,-0.18390986323356628,-0.5311442613601685,-2.254281520843506,1.421495795249939,1.3316102027893066,3.2178454399108887,-0.03938692808151245,0.046947181224823,-0.007921218872070312,-0.03294193744659424,-0.007566571235656738,0.003400564193725586
1769651544.4516022,full,goal16.png,0.6887092590332031,-0.16218316555023193,-0.567852795124054,-2.2504494190216064,1.4401096105575562,1.336177945137024,3.215989589691162,-0.19869455695152283,-0.5233758091926575,-2.2563679218292236,1.4087498188018799,1.3292125463485718,3.2192060947418213,-0.036511391401290894,0.044476985931396484,-0.0059185028076171875,-0.03135979175567627,-0.0069653987884521484,0.0032165050506591797
1769651544.5369637,full,goal16.png,0.6909517645835876,-0.17799554765224457,-0.5568264722824097,-2.254024028778076,1.4276899099349976,1.333587884902954,3.2175800800323486,-0.2141548991203308,-0.5155781507492065,-2.259397029876709,1.3955117464065552,1.3246195316314697,3.217336416244507,-0.03615935146808624,0.041248321533203125,-0.0053730010986328125,-0.03217816352844238,-0.008968353271484375,-0.00024366378784179688
1769651544.6365118,full,goal16.png,0.6840217709541321,-0.19268710911273956,-0.5489506125450134,-2.2567806243896484,1.4141494035720825,1.3312101364135742,3.218503952026367,-0.22924917936325073,-0.5073269009590149,-2.26228666305542,1.3823962211608887,1.320510745048523,3.2148642539978027,-0.03656207025051117,0.041623711585998535,-0.005506038665771484,-0.03175318241119385,-0.01069939136505127,-0.003639698028564453
1769651544.7380571,full,goal16.png,0.6764724850654602,-0.20877212285995483,-0.5412867069244385,-2.259143352508545,1.4014873504638672,1.3278021812438965,3.217731475830078,-0.24304795265197754,-0.4983794093132019,-2.2651307582855225,1.3695487976074219,1.3162938356399536,3.2096292972564697,-0.034275829792022705,0.04290729761123657,-0.005987405776977539,-0.03193855285644531,-0.011508345603942871,-0.008102178573608398
1769651544.8356721,full,goal16.png,0.6791723370552063,-0.22516009211540222,-0.5312297344207764,-2.261899948120117,1.387189507484436,1.3230160474777222,3.2153687477111816,-0.25622284412384033,-0.49135422706604004,-2.26552152633667,1.358914852142334,1.3123893737792969,3.205080032348633,-0.03106275200843811,0.03987550735473633,-0.0036215782165527344,-0.02827465534210205,-0.010626673698425293,-0.010288715362548828
1769651544.9373043,full,goal16.png,0.6753472685813904,-0.23797361552715302,-0.5225663781166077,-2.264444589614868,1.374769926071167,1.3185328245162964,3.2110369205474854,-0.2687951326370239,-0.48476147651672363,-2.2655375003814697,1.35127854347229,1.3085287809371948,3.2022993564605713,-0.03082151710987091,0.03780490159988403,-0.0010929107666015625,-0.023491382598876953,-0.010004043579101562,-0.008737564086914062
1769651545.0373087,full,goal16.png,0.6796995997428894,-0.25172609090805054,-0.5151750445365906,-2.2655651569366455,1.3645615577697754,1.3147615194320679,3.207235336303711,-0.28150513768196106,-0.47856375575065613,-2.265260696411133,1.3431806564331055,1.305649995803833,3.1992249488830566,-0.029779046773910522,0.03661128878593445,0.0003044605255126953,-0.021380901336669922,-0.009111523628234863,-0.008010387420654297
1769651545.1390915,full,goal16.png,0.6803719997406006,-0.26526662707328796,-0.5068750381469727,-2.266080141067505,1.3541107177734375,1.3107478618621826,3.20355486869812,-0.2941969335079193,-0.4708501994609833,-2.2646901607513428,1.331721305847168,1.3020213842391968,3.1890788078308105,-0.028930306434631348,0.03602483868598938,0.0013899803161621094,-0.02238941192626953,-0.00872647762298584,-0.01447606086730957
1769651545.2379594,full,goal16.png,0.7011990547180176,-0.27689874172210693,-0.5012105703353882,-2.266413450241089,1.3461439609527588,1.3071885108947754,3.199934959411621,-0.3067292869091034,-0.4649355709552765,-2.2636361122131348,1.321570873260498,1.298229694366455,3.1778228282928467,-0.02983054518699646,0.036274999380111694,0.0027773380279541016,-0.024573087692260742,-0.008958816528320312,-0.022112131118774414
1769651545.335479,full,goal16.png,0.695702075958252,-0.2901666462421417,-0.4954550564289093,-2.266140937805176,1.3365716934204102,1.3035383224487305,3.192558765411377,-0.3221089839935303,-0.46004897356033325,-2.2632648944854736,1.311776041984558,1.292175054550171,3.1679794788360596,-0.03194233775138855,0.03540608286857605,0.0028760433197021484,-0.02479565143585205,-0.01136326789855957,-0.024579286575317383
1769651545.4375486,full,goal16.png,0.6988022923469543,-0.30334362387657166,-0.48682183027267456,-2.265716791152954,1.3252122402191162,1.2982826232910156,3.181365966796875,-0.3373052775859833,-0.4573972225189209,-2.265200138092041,1.3034203052520752,1.2864298820495605,3.1614086627960205,-0.03396165370941162,0.029424607753753662,0.0005166530609130859,-0.021791934967041016,-0.011852741241455078,-0.019957304000854492
1769651545.5368502,full,goal16.png,0.7011710405349731,-0.3174293637275696,-0.481369286775589,-2.2656562328338623,1.316124677658081,1.2932391166687012,3.1721723079681396,-0.35158073902130127,-0.45435023307800293,-2.2668991088867188,1.2947226762771606,1.2808098793029785,3.1551356315612793,-0.03415137529373169,0.02701905369758606,-0.0012428760528564453,-0.02140200138092041,-0.012429237365722656,-0.01703667640686035
1769651545.6363688,full,goal16.png,0.6990655660629272,-0.33351436257362366,-0.4785824120044708,-2.2662620544433594,1.3069158792495728,1.287635087966919,3.1644177436828613,-0.36441972851753235,-0.4515954256057739,-2.2679314613342285,1.2853792905807495,1.276526927947998,3.149047613143921,-0.03090536594390869,0.0269869863986969,-0.0016694068908691406,-0.021536588668823242,-0.011108160018920898,-0.01537013053894043
1769651545.7382832,full,goal16.png,0.6960486173629761,-0.34802424907684326,-0.47546225786209106,-2.267685890197754,1.296737790107727,1.2819099426269531,3.157299041748047,-0.37593454122543335,-0.4483386278152466,-2.268336772918701,1.2757153511047363,1.2701078653335571,3.142700672149658,-0.027910292148590088,0.027123630046844482,-0.0006508827209472656,-0.021022439002990723,-0.011802077293395996,-0.014598369598388672
1769651545.8379772,full,goal16.png,0.7027307748794556,-0.3605651259422302,-0.47234225273132324,-2.268867015838623,1.288861870765686,1.2773056030273438,3.15099835395813,-0.3872497081756592,-0.4450570344924927,-2.268162488937378,1.2651121616363525,1.2617040872573853,3.1365556716918945,-0.026684582233428955,0.027285218238830566,0.0007045269012451172,-0.023749709129333496,-0.015601515769958496,-0.014442682266235352
1769651545.9394417,full,goal16.png,0.6970106959342957,-0.372772753238678,-0.4698885977268219,-2.269533634185791,1.2796531915664673,1.271671175956726,3.1451215744018555,-0.39752572774887085,-0.4416356086730957,-2.266860246658325,1.2565845251083374,1.2546566724777222,3.129861831665039,-0.02475297451019287,0.028252989053726196,0.0026733875274658203,-0.023068666458129883,-0.017014503479003906,-0.015259742736816406
1769651546.037557,full,goal16.png,0.6930937767028809,-0.3835567533969879,-0.4660415053367615,-2.269775867462158,1.268990397453308,1.2643709182739258,3.1385786533355713,-0.4082966446876526,-0.43801623582839966,-2.265011787414551,1.247485876083374,1.2475556135177612,3.1219558715820312,-0.024739891290664673,0.028025269508361816,0.004764080047607422,-0.021504521369934082,-0.01681530475616455,-0.01662278175354004
1769651546.1372645,full,goal16.png,0.7097549438476562,-0.39415886998176575,-0.46201273798942566,-2.2693519592285156,1.2604782581329346,1.2570552825927734,3.131808280944824,-0.41789114475250244,-0.4357715845108032,-2.2623603343963623,1.238546371459961,1.240253210067749,3.112823009490967,-0.023732274770736694,0.026241153478622437,0.00699162483215332,-0.021931886672973633,-0.016802072525024414,-0.018985271453857422
1769651546.2354586,full,goal16.png,0.6937581300735474,-0.4053365886211395,-0.4589531421661377,-2.2682008743286133,1.251209020614624,1.2495429515838623,3.124295949935913,-0.4274566173553467,-0.4350563585758209,-2.2610466480255127,1.229554295539856,1.2310078144073486,3.1019821166992188,-0.022120028734207153,0.023896783590316772,0.007154226303100586,-0.021654725074768066,-0.018535137176513672,-0.022313833236694336
1769651546.337263,full,goal16.png,0.6786594390869141,-0.414212167263031,-0.45601481199264526,-2.266352891921997,1.2418185472488403,1.2420002222061157,3.1159353256225586,-0.4368574023246765,-0.4352092742919922,-2.2611098289489746,1.2213704586029053,1.2225651741027832,3.0914134979248047,-0.022645235061645508,0.020805537700653076,0.005243062973022461,-0.02044808864593506,-0.01943504810333252,-0.024521827697753906
1769651546.4367964,full,goal16.png,0.6861113905906677,-0.4243599772453308,-0.4546820819377899,-2.265171766281128,1.2334579229354858,1.233048915863037,3.104893922805786,-0.44800108671188354,-0.43433326482772827,-2.261630058288574,1.214202642440796,1.215301275253296,3.0853190422058105,-0.023641109466552734,0.020348817110061646,0.003541707992553711,-0.01925528049468994,-0.01774764060974121,-0.019574880599975586
1769651546.5356846,full,goal16.png,0.6816517114639282,-0.43444716930389404,-0.4548032283782959,-2.2648990154266357,1.2252488136291504,1.2250821590423584,3.095473289489746,-0.45858925580978394,-0.43172481656074524,-2.2615652084350586,1.207493543624878,1.2078274488449097,3.078688144683838,-0.024142086505889893,0.02307841181755066,0.0033338069915771484,-0.01775527000427246,-0.01725471019744873,-0.016785144805908203
1769651546.6417089,full,goal16.png,0.7004731893539429,-0.4456551671028137,-0.4538035988807678,-2.2649896144866943,1.2163732051849365,1.2168124914169312,3.087354898452759,-0.46624910831451416,-0.4294705390930176,-2.2602927684783936,1.201333999633789,1.2003509998321533,3.072348117828369,-0.02059394121170044,0.024333059787750244,0.004696846008300781,-0.015039205551147461,-0.016461491584777832,-0.015006780624389648
1769651546.738105,full,goal16.png,0.7015460729598999,-0.45483365654945374,-0.45256155729293823,-2.2648990154266357,1.2104662656784058,1.2104359865188599,3.0813419818878174,-0.4752119779586792,-0.4277222156524658,-2.259161949157715,1.1936299800872803,1.1929584741592407,3.067333936691284,-0.020378321409225464,0.024839341640472412,0.0057370662689208984,-0.01683628559112549,-0.01747751235961914,-0.014008045196533203
1769651546.8382964,full,goal16.png,0.699526309967041,-0.46355774998664856,-0.4505320191383362,-2.264414072036743,1.2044079303741455,1.2035143375396729,3.0751168727874756,-0.4845142960548401,-0.42710137367248535,-2.258178234100342,1.1852043867111206,1.1867456436157227,3.064596176147461,-0.02095654606819153,0.02343064546585083,0.006235837936401367,-0.019203543663024902,-0.016768693923950195,-0.010520696640014648
1769651546.9363651,full,goal16.png,0.6883558034896851,-0.47237271070480347,-0.448653906583786,-2.2634449005126953,1.1964107751846313,1.196213960647583,3.0691192150115967,-0.49476099014282227,-0.4274129867553711,-2.257322311401367,1.1769542694091797,1.180863380432129,3.0620672702789307,-0.0223882794380188,0.021240919828414917,0.006122589111328125,-0.01945650577545166,-0.015350580215454102,-0.007051944732666016
1769651547.0361545,full,goal16.png,0.6973012685775757,-0.4819146990776062,-0.44801780581474304,-2.262627124786377,1.1881108283996582,1.1901252269744873,3.065847635269165,-0.5028294324874878,-0.42895713448524475,-2.255171775817871,1.170964002609253,1.174808382987976,3.0585427284240723,-0.020914733409881592,0.01906067132949829,0.007455348968505859,-0.017146825790405273,-0.01531684398651123,-0.0073049068450927734
1769651547.1383984,full,goal16.png,0.7101289629936218,-0.491789847612381,-0.44756343960762024,-2.2618393898010254,1.1809923648834229,1.183612585067749,3.0629396438598633,-0.5093734264373779,-0.42971619963645935,-2.2512950897216797,1.1661014556884766,1.1691570281982422,3.0532498359680176,-0.017583578824996948,0.01784723997116089,0.010544300079345703,-0.014890909194946289,-0.014455556869506836,-0.009689807891845703
1769651547.235736,full,goal16.png,0.7028771638870239,-0.5004836320877075,-0.44847220182418823,-2.2601430416107178,1.1740856170654297,1.1764938831329346,3.058607816696167,-0.5164217948913574,-0.42892390489578247,-2.2490618228912354,1.1616063117980957,1.1636087894439697,3.0483670234680176,-0.015938162803649902,0.01954829692840576,0.011081218719482422,-0.012479305267333984,-0.012885093688964844,-0.010240793228149414
1769651547.3377855,full,goal16.png,0.7004996538162231,-0.5073296427726746,-0.4490780234336853,-2.2577497959136963,1.168178677558899,1.1710262298583984,3.0545639991760254,-0.5250095129013062,-0.426403284072876,-2.2473273277282715,1.1563358306884766,1.1583175659179688,3.0427870750427246,-0.017679870128631592,0.022674739360809326,0.010422468185424805,-0.011842846870422363,-0.012708663940429688,-0.011776924133300781
1769651547.4401035,full,goal16.png,0.6999294757843018,-0.5142664909362793,-0.4488660395145416,-2.2555992603302,1.1629079580307007,1.1658766269683838,3.0501110553741455,-0.5341545343399048,-0.42486393451690674,-2.2461252212524414,1.1498472690582275,1.152174472808838,3.038323163986206,-0.01988804340362549,0.024002104997634888,0.009474039077758789,-0.013060688972473145,-0.013702154159545898,-0.011787891387939453
1769651547.5421388,full,goal16.png,0.7024500370025635,-0.5228996872901917,-0.44768455624580383,-2.2536606788635254,1.1581522226333618,1.1600453853607178,3.044370651245117,-0.5426954030990601,-0.42464619874954224,-2.244378089904785,1.1438032388687134,1.144801378250122,3.0337467193603516,-0.019795715808868408,0.023038357496261597,0.009282588958740234,-0.014348983764648438,-0.015244007110595703,-0.010623931884765625
1769651547.6391816,full,goal16.png,0.705004096031189,-0.5311693549156189,-0.446109414100647,-2.2523276805877686,1.1524875164031982,1.1545474529266357,3.0399329662323,-0.5507955551147461,-0.4257243871688843,-2.242234706878662,1.1385469436645508,1.1395721435546875,3.0312881469726562,-0.019626200199127197,0.020385026931762695,0.010092973709106445,-0.013940572738647461,-0.014975309371948242,-0.008644819259643555
1769651547.7374735,full,goal16.png,0.6916115880012512,-0.5398934483528137,-0.44559445977211,-2.2504494190216064,1.1469440460205078,1.1474590301513672,3.035782814025879,-0.5576140880584717,-0.4275853633880615,-2.238793134689331,1.1352794170379639,1.1372441053390503,3.02897310256958,-0.01772063970565796,0.018009096384048462,0.01165628433227539,-0.011664628982543945,-0.010214924812316895,-0.006809711456298828
1769651547.8371274,full,goal16.png,0.6829896569252014,-0.548708438873291,-0.4460791349411011,-2.2483291625976562,1.1411584615707397,1.1417187452316284,3.032435655593872,-0.5635874271392822,-0.42989230155944824,-2.2349934577941895,1.1337336301803589,1.1355265378952026,3.0259528160095215,-0.014878988265991211,0.016186833381652832,0.013335704803466797,-0.007424831390380859,-0.006192207336425781,-0.006482839584350586
1769651547.9345326,full,goal16.png,0.6908204555511475,-0.5553726553916931,-0.44695761799812317,-2.245330333709717,1.137311339378357,1.1388864517211914,3.030148506164551,-0.571247398853302,-0.4323325753211975,-2.2341537475585938,1.1311967372894287,1.1296545267105103,3.0229249000549316,-0.015874743461608887,0.01462504267692566,0.011176586151123047,-0.006114602088928223,-0.009231925010681152,-0.007223606109619141
1769651548.050459,full,goal16.png,0.6854755878448486,-0.561885416507721,-0.4487447440624237,-2.242058753967285,1.1347969770431519,1.1359935998916626,3.0272557735443115,-0.5808980464935303,-0.43486085534095764,-2.2352795600891113,1.127056360244751,1.1238371133804321,3.024454355239868,-0.019012629985809326,0.013883888721466064,0.006779193878173828,-0.007740616798400879,-0.012156486511230469,-0.0028014183044433594
1769651548.1418736,full,goal16.png,0.6871534585952759,-0.5690646171569824,-0.45110753178596497,-2.2403624057769775,1.1326463222503662,1.1317224502563477,3.024196147918701,-0.5907706022262573,-0.43705958127975464,-2.2351789474487305,1.1187505722045898,1.1181540489196777,3.0265932083129883,-0.021705985069274902,0.014047950506210327,0.00518345832824707,-0.013895750045776367,-0.013568401336669922,0.0023970603942871094
1769651548.2371292,full,goal16.png,0.6831284761428833,-0.578031063079834,-0.45280396938323975,-2.24027156829834,1.1290111541748047,1.1268606185913086,3.0243325233459473,-0.5980518460273743,-0.43778496980667114,-2.232516288757324,1.1104615926742554,1.1135382652282715,3.0252466201782227,-0.020020782947540283,0.015018999576568604,0.007755279541015625,-0.018549561500549316,-0.01332235336303711,0.0009140968322753906
1769651548.3372383,full,goal16.png,0.6815359592437744,-0.5884514451026917,-0.4550151824951172,-2.239847421646118,1.1207414865493774,1.1203477382659912,3.02569580078125,-0.6039059162139893,-0.4388994872570038,-2.2281367778778076,1.1036157608032227,1.1093801259994507,3.0204923152923584,-0.015454471111297607,0.016115695238113403,0.011710643768310547,-0.017125725746154785,-0.010967612266540527,-0.0052034854888916016
1769651548.4375675,full,goal16.png,0.6852841377258301,-0.596236526966095,-0.4560755491256714,-2.2377877235412598,1.1127747297286987,1.1156070232391357,3.0253169536590576,-0.609150767326355,-0.4415864944458008,-2.2249879837036133,1.0973138809204102,1.1066181659698486,3.018655776977539,-0.01291424036026001,0.014489054679870605,0.012799739837646484,-0.015460848808288574,-0.00898885726928711,-0.006661176681518555
1769651548.534702,full,goal16.png,0.6904972195625305,-0.6019616723060608,-0.45683276653289795,-2.234788656234741,1.1055653095245361,1.1113814115524292,3.0224545001983643,-0.6159192323684692,-0.44555824995040894,-2.2213449478149414,1.0885342359542847,1.1026794910430908,3.0181400775909424,-0.013957560062408447,0.011274516582489014,0.013443708419799805,-0.017031073570251465,-0.008701920509338379,-0.004314422607421875
1769651548.6356905,full,goal16.png,0.6842970252037048,-0.6079291701316833,-0.4600437581539154,-2.2315778732299805,1.098689079284668,1.107640266418457,3.0199856758117676,-0.6233749389648438,-0.44899070262908936,-2.2165188789367676,1.0795228481292725,1.0952982902526855,3.017427682876587,-0.0154457688331604,0.01105305552482605,0.01505899429321289,-0.019166231155395508,-0.012341976165771484,-0.002557992935180664
1769651548.7359507,full,goal16.png,0.6836440563201904,-0.6151386499404907,-0.46352729201316833,-2.227972984313965,1.0907526016235352,1.1030359268188477,3.0193192958831787,-0.6318360567092896,-0.45200449228286743,-2.211942195892334,1.0701851844787598,1.0855686664581299,3.016282081604004,-0.016697406768798828,0.011522799730300903,0.01603078842163086,-0.02056741714477539,-0.017467260360717773,-0.0030372142791748047
1769651548.8346243,full,goal16.png,0.6855075359344482,-0.6223481893539429,-0.46701085567474365,-2.2234292030334473,1.081786036491394,1.0967806577682495,3.017759084701538,-0.6392550468444824,-0.4544338583946228,-2.2064995765686035,1.0626587867736816,1.0763249397277832,3.0130646228790283,-0.01690685749053955,0.01257699728012085,0.01692962646484375,-0.019127249717712402,-0.02045571804046631,-0.004694461822509766
1769651548.9361014,full,goal16.png,0.6882790327072144,-0.6304966807365417,-0.4708276689052582,-2.2180371284484863,1.072335124015808,1.0867540836334229,3.01533579826355,-0.647841215133667,-0.4582471251487732,-2.202523708343506,1.0560860633850098,1.0702155828475952,3.011857748031616,-0.017344534397125244,0.012580543756484985,0.015513420104980469,-0.01624906063079834,-0.016538500785827637,-0.0034780502319335938
1769651549.0378585,full,goal16.png,0.7006419897079468,-0.6387361288070679,-0.4735235571861267,-2.2126150131225586,1.0649439096450806,1.0783782005310059,3.013806104660034,-0.6562345027923584,-0.46171173453330994,-2.1975386142730713,1.0496703386306763,1.0652555227279663,3.0109949111938477,-0.017498373985290527,0.011811822652816772,0.015076398849487305,-0.015273571014404297,-0.01312267780303955,-0.0028111934661865234
1769651549.1382155,full,goal16.png,0.7010321021080017,-0.6461576223373413,-0.47673457860946655,-2.2085556983947754,1.058219075202942,1.0725622177124023,3.0129880905151367,-0.6630061864852905,-0.4648284614086151,-2.1930735111236572,1.0442484617233276,1.0634591579437256,3.013556718826294,-0.01684856414794922,0.01190611720085144,0.015482187271118164,-0.013970613479614258,-0.009103059768676758,0.0005686283111572266
1769651549.2373478,full,goal16.png,0.6964148879051208,-0.6544576287269592,-0.479945570230484,-2.2041029930114746,1.0510095357894897,1.0674428939819336,3.0128366947174072,-0.6685492396354675,-0.46833115816116333,-2.189859390258789,1.038750410079956,1.0642504692077637,3.018198013305664,-0.0140916109085083,0.011614412069320679,0.014243602752685547,-0.012259125709533691,-0.003192424774169922,0.005361318588256836
1769651549.3357303,full,goal16.png,0.6879808902740479,-0.6617579460144043,-0.48230835795402527,-2.2003164291381836,1.0459506511688232,1.0655344724655151,3.014139413833618,-0.6763211488723755,-0.47446203231811523,-2.187987804412842,1.0316269397735596,1.0645692348480225,3.023768901824951,-0.014563202857971191,0.007846325635910034,0.012328624725341797,-0.014323711395263672,-0.0009652376174926758,0.009629487991333008
1769651549.436209,full,goal16.png,0.6913027763366699,-0.6679072380065918,-0.4858222007751465,-2.197317600250244,1.0402559041976929,1.0651558637619019,3.0176379680633545,-0.6850776076316833,-0.4823296368122101,-2.1848649978637695,1.0232254266738892,1.0616843700408936,3.0263824462890625,-0.017170369625091553,0.0034925639629364014,0.01245260238647461,-0.01703047752380371,-0.0034714937210083008,0.008744478225708008
1769651549.5357547,full,goal16.png,0.7000108957290649,-0.6745714545249939,-0.49124443531036377,-2.1946821212768555,1.0337430238723755,1.064292550086975,3.022045612335205,-0.6935019493103027,-0.490218847990036,-2.1807138919830322,1.0127068758010864,1.058458685874939,3.0260214805603027,-0.018930494785308838,0.0010255873203277588,0.013968229293823242,-0.021036148071289062,-0.005833864212036133,0.003975868225097656
1769651549.6356966,full,goal16.png,0.6977644562721252,-0.6845375299453735,-0.5007561445236206,-2.1912591457366943,1.0236254930496216,1.061929702758789,3.0251049995422363,-0.7006250619888306,-0.4984828233718872,-2.1759307384490967,1.0024946928024292,1.055423617362976,3.0250654220581055,-0.01608753204345703,0.0022733211517333984,0.015328407287597656,-0.021130800247192383,-0.006506085395812988,-3.9577484130859375e-05
1769651549.7379725,full,goal16.png,0.6914424896240234,-0.6922013759613037,-0.5082684755325317,-2.186897039413452,1.0144166946411133,1.0595064163208008,3.026195526123047,-0.7085425853729248,-0.5072910189628601,-2.1695973873138428,0.9917277097702026,1.051114797592163,3.0224714279174805,-0.016341209411621094,0.0009774565696716309,0.017299652099609375,-0.022688984870910645,-0.008391618728637695,-0.0037240982055664062
1769651549.8374104,full,goal16.png,0.7367004752159119,-0.698593020439148,-0.5152962803840637,-2.1820807456970215,1.0052080154418945,1.0568103790283203,3.0254383087158203,-0.7184544205665588,-0.5135746598243713,-2.1623735427856445,0.980458676815033,1.0430352687835693,3.015227794647217,-0.01986140012741089,0.0017216205596923828,0.019707202911376953,-0.024749338626861572,-0.013775110244750977,-0.010210514068603516
1769651549.9371588,full,goal16.png,0.7374365925788879,-0.7078320384025574,-0.5259893536567688,-2.1758103370666504,0.9934244751930237,1.0508428812026978,3.0215609073638916,-0.7266925573348999,-0.5160641074180603,-2.1524598598480225,0.9722723960876465,1.031592607498169,3.006376028060913,-0.01886051893234253,0.009925246238708496,0.02335047721862793,-0.021152079105377197,-0.01925027370452881,-0.015184879302978516
1769651550.038279,full,goal16.png,0.8230900764465332,-0.7172225117683411,-0.5323809385299683,-2.1687521934509277,0.9837007522583008,1.042739748954773,3.0150935649871826,-0.733591616153717,-0.5118412971496582,-2.136427879333496,0.9599344730377197,1.013687252998352,2.9863359928131104,-0.016369104385375977,0.02053964138031006,0.03232431411743164,-0.023766279220581055,-0.0290524959564209,-0.028757572174072266
1769651550.136802,full,goal16.png,0.8244078755378723,-0.7246440649032593,-0.5346829891204834,-2.158665180206299,0.9740375876426697,1.0317590236663818,3.005354642868042,-0.7358595728874207,-0.5095663070678711,-2.1167187690734863,0.9520235061645508,0.9991276264190674,2.965419054031372,-0.011215507984161377,0.025116682052612305,0.0419464111328125,-0.022014081478118896,-0.03263139724731445,-0.03993558883666992
1769651550.2363803,full,goal16.png,0.8192341327667236,-0.7312780022621155,-0.533865213394165,-2.1438825130462646,0.9627084732055664,1.014992356300354,2.9873461723327637,-0.7362388968467712,-0.5075485110282898,-2.0955727100372314,0.9481217861175537,0.9858682155609131,2.9434165954589844,-0.004960894584655762,0.026316702365875244,0.0483098030090332,-0.014586687088012695,-0.029124140739440918,-0.0439295768737793
1769651550.3356357,full,goal16.png,0.8246523141860962,-0.7346101403236389,-0.5315629839897156,-2.124314069747925,0.9557109475135803,0.999785840511322,2.9674744606018066,-0.7377029657363892,-0.5067867040634155,-2.077091693878174,0.9479184746742249,0.9699122905731201,2.924095392227173,-0.003092825412750244,0.02477627992630005,0.04722237586975098,-0.007792472839355469,-0.029873549938201904,-0.04337906837463379
1769651550.4415324,full,goal16.png,0.8200351595878601,-0.735427975654602,-0.530411958694458,-2.1051087379455566,0.9512580633163452,0.9859423637390137,2.9461793899536133,-0.741590678691864,-0.5072054862976074,-2.06001615524292,0.9502350091934204,0.9523209929466248,2.907935619354248,-0.006162703037261963,0.023206472396850586,0.04509258270263672,-0.0010230541229248047,-0.033621370792388916,-0.038243770599365234
1769651550.5367787,full,goal16.png,0.8349454402923584,-0.7373061180114746,-0.5291093587875366,-2.0882058143615723,0.9498950242996216,0.9713114500045776,2.9280645847320557,-0.7477195262908936,-0.5076457262039185,-2.045811653137207,0.9510887861251831,0.9367205500602722,2.892801284790039,-0.010413408279418945,0.021463632583618164,0.042394161224365234,0.0011937618255615234,-0.03459089994430542,-0.0352632999420166
1769651550.636873,full,goal16.png,0.8189428448677063,-0.7413046360015869,-0.529382050037384,-2.07033371925354,0.950410008430481,0.9553778171539307,2.9114646911621094,-0.7523738145828247,-0.5046665072441101,-2.0327839851379395,0.9564851522445679,0.9203404188156128,2.875720500946045,-0.011069178581237793,0.024715542793273926,0.037549734115600586,0.006075143814086914,-0.03503739833831787,-0.03574419021606445
1769651550.7370205,full,goal16.png,0.8016988635063171,-0.7459695935249329,-0.5296546220779419,-2.056096315383911,0.9523183703422546,0.9381417036056519,2.8938651084899902,-0.7556772828102112,-0.4992755949497223,-2.021406650543213,0.9632145762443542,0.903073251247406,2.857632875442505,-0.00970768928527832,0.030379027128219604,0.03468966484069824,0.01089620590209961,-0.03506845235824585,-0.03623223304748535
1769651550.8365765,full,goal16.png,0.8388708829879761,-0.7507557272911072,-0.527564525604248,-2.042253017425537,0.956922709941864,0.921723484992981,2.8768410682678223,-0.7607406377792358,-0.4947819709777832,-2.0067481994628906,0.9684034585952759,0.8809984922409058,2.835859775543213,-0.009984910488128662,0.032782554626464844,0.035504817962646484,0.011480748653411865,-0.040724992752075195,-0.040981292724609375
1769651550.9360876,full,goal16.png,0.8272395730018616,-0.7546331286430359,-0.5244443416595459,-2.030923843383789,0.9618299603462219,0.9046539068222046,2.859105110168457,-0.7674197554588318,-0.49125126004219055,-1.9914841651916504,0.9734350442886353,0.8570442795753479,2.8147993087768555,-0.012786626815795898,0.03319308161735535,0.03943967819213867,0.01160508394241333,-0.04760962724685669,-0.04430580139160156
1769651551.0360324,full,goal16.png,0.832027018070221,-0.7601159811019897,-0.5190826654434204,-2.0152931213378906,0.9669796824455261,0.8822227716445923,2.83721923828125,-0.7746001482009888,-0.4916304647922516,-1.9739940166473389,0.9804295301437378,0.8325721025466919,2.7954349517822266,-0.014484167098999023,0.027452200651168823,0.04129910469055176,0.01344984769821167,-0.04965066909790039,-0.04178428649902344
1769651551.1367757,full,goal16.png,0.8095378875732422,-0.7668104767799377,-0.5159929394721985,-2.0014195442199707,0.972523033618927,0.8584738969802856,2.8165600299835205,-0.7821149826049805,-0.4954586625099182,-1.9564368724822998,0.9855424165725708,0.8135568499565125,2.7811198234558105,-0.015304505825042725,0.020534276962280273,0.0449826717376709,0.013019382953643799,-0.04491704702377319,-0.03544020652770996
1769651551.23731,full,goal16.png,0.8375640511512756,-0.7739291191101074,-0.5151447653770447,-1.9836077690124512,0.9792478680610657,0.8360427021980286,2.798612117767334,-0.7924726009368896,-0.5015073418617249,-1.9392706155776978,0.9879385232925415,0.7973253726959229,2.7702338695526123,-0.018543481826782227,0.013637423515319824,0.04433715343475342,0.00869065523147583,-0.03871732950210571,-0.02837824821472168
1769651551.3375077,full,goal16.png,0.8237327337265015,-0.7807750701904297,-0.5175681114196777,-1.9677348136901855,0.984427809715271,0.8183067440986633,2.784601926803589,-0.8073039054870605,-0.5088549256324768,-1.9238460063934326,0.9863922595977783,0.777143120765686,2.76132869720459,-0.02652883529663086,0.008713185787200928,0.04388880729675293,0.0019644498825073242,-0.041163623332977295,-0.023273229598999023
1769651551.4410641,full,goal16.png,0.8348520994186401,-0.792255699634552,-0.5235052704811096,-1.9504684209823608,0.9867299199104309,0.7983443737030029,2.7714552879333496,-0.8234246969223022,-0.5140804648399353,-1.9110809564590454,0.9808050394058228,0.7581544518470764,2.753748893737793,-0.031168997287750244,0.009424805641174316,0.03938746452331543,-0.005924880504608154,-0.040189921855926514,-0.01770639419555664
1769651551.5405054,full,goal16.png,0.8270094394683838,-0.805978000164032,-0.5298364758491516,-1.934837818145752,0.9861846566200256,0.780502438545227,2.7633371353149414,-0.8372076749801636,-0.5178661346435547,-1.899466872215271,0.9748013019561768,0.7419978380203247,2.746917963027954,-0.031229674816131592,0.011970341205596924,0.03537094593048096,-0.011383354663848877,-0.038504600524902344,-0.016419172286987305
1769651551.6369104,full,goal16.png,0.8207076191902161,-0.8206695914268494,-0.5352283716201782,-1.9229329824447632,0.9827011227607727,0.7619485855102539,2.755688428878784,-0.8473168611526489,-0.5227147340774536,-1.8889751434326172,0.9706329107284546,0.733392596244812,2.741576910018921,-0.02664726972579956,0.01251363754272461,0.033957839012145996,-0.012068212032318115,-0.028555989265441895,-0.014111518859863281
1769651551.7358832,full,goal16.png,0.8066156506538391,-0.8349370956420898,-0.5403476357460022,-1.9099982976913452,0.9766427874565125,0.7467268109321594,2.748645544052124,-0.8589175939559937,-0.5307295918464661,-1.8819198608398438,0.9660909175872803,0.7260950207710266,2.7400496006011963,-0.02398049831390381,0.009618043899536133,0.028078436851501465,-0.010551869869232178,-0.020631790161132812,-0.008595943450927734
1769651551.8360875,full,goal16.png,0.8276755809783936,-0.8461753726005554,-0.5467089414596558,-1.9000324010849,0.9717355370521545,0.7360792756080627,2.7433292865753174,-0.8709713816642761,-0.5390788912773132,-1.8764238357543945,0.9629530906677246,0.7202409505844116,2.740978479385376,-0.024796009063720703,0.007630050182342529,0.02360856533050537,-0.008782446384429932,-0.015838325023651123,-0.0023508071899414062
1769651551.9348564,full,goal16.png,0.804292619228363,-0.8571410775184631,-0.553888201713562,-1.8926411867141724,0.9673734903335571,0.7283093929290771,2.7421629428863525,-0.8829718232154846,-0.5471220016479492,-1.8683521747589111,0.9597313404083252,0.710053026676178,2.7402236461639404,-0.025830745697021484,0.006766200065612793,0.02428901195526123,-0.007642149925231934,-0.01825636625289917,-0.0019392967224121094
1769651552.0350003,full,goal16.png,0.7993199825286865,-0.8696819543838501,-0.5613096356391907,-1.8852194547653198,0.9642836451530457,0.7209181189537048,2.742011547088623,-0.8942481279373169,-0.5552581548690796,-1.8566347360610962,0.9543783664703369,0.6994566917419434,2.7435877323150635,-0.024566173553466797,0.006051480770111084,0.028584718704223633,-0.00990527868270874,-0.021461427211761475,0.0015761852264404297
1769651552.136151,full,goal16.png,0.8109408617019653,-0.8824045658111572,-0.5708516836166382,-1.8764045238494873,0.9607394933700562,0.7112398743629456,2.741602659225464,-0.9072870016098022,-0.5659555196762085,-1.8469284772872925,0.9451696872711182,0.6916170716285706,2.755434274673462,-0.02488243579864502,0.0048961639404296875,0.029476046562194824,-0.015569806098937988,-0.019622802734375,0.013831615447998047
1769651552.235273,full,goal16.png,0.8080209493637085,-0.892946183681488,-0.5798180103302002,-1.8676198720932007,0.9554383754730225,0.7010769248008728,2.746494770050049,-0.9210859537124634,-0.5761470794677734,-1.840126872062683,0.9329211711883545,0.6858735084533691,2.7692525386810303,-0.028139770030975342,0.003670930862426758,0.027493000030517578,-0.02251720428466797,-0.015203416347503662,0.022757768630981445
1769651552.337591,full,goal16.png,0.8052493333816528,-0.9059717059135437,-0.588633120059967,-1.8580173254013062,0.9461690783500671,0.6928678154945374,2.7553398609161377,-0.9328981637954712,-0.5874671936035156,-1.8334925174713135,0.9219444990158081,0.6807002425193787,2.777513027191162,-0.02692645788192749,0.001165926456451416,0.024524807929992676,-0.024224579334259033,-0.012167572975158691,0.022173166275024414
1769651552.4376047,full,goal16.png,0.7832659482955933,-0.9198454022407532,-0.5992655754089355,-1.849414587020874,0.9349610805511475,0.6861883997917175,2.766472339630127,-0.9447203874588013,-0.5986361503601074,-1.8247861862182617,0.9117391109466553,0.6705043315887451,2.7807111740112305,-0.024874985218048096,0.000629425048828125,0.024628400802612305,-0.023221969604492188,-0.015684068202972412,0.014238834381103516
1769651552.5365658,full,goal16.png,0.7786725163459778,-0.9319016337394714,-0.6097767949104309,-1.8430228233337402,0.9241771697998047,0.6798422336578369,2.7749693393707275,-0.955979585647583,-0.6104158759117126,-1.813413143157959,0.8993556499481201,0.6617302894592285,2.7852230072021484,-0.024077951908111572,-0.0006390810012817383,0.02960968017578125,-0.02482151985168457,-0.0181119441986084,0.010253667831420898
1769651552.635553,full,goal16.png,0.797870934009552,-0.9425643682479858,-0.6192885637283325,-1.833511233329773,0.9127873182296753,0.6722843647003174,2.780588388442993,-0.9652395248413086,-0.6236838102340698,-1.8006988763809204,0.8826791048049927,0.657218337059021,2.7932558059692383,-0.022675156593322754,-0.004395246505737305,0.03281235694885254,-0.030108213424682617,-0.015066027641296387,0.012667417526245117
1769651552.7342882,full,goal16.png,0.7702271342277527,-0.9541358947753906,-0.6317991614341736,-1.8223940134048462,0.9008826613426208,0.6641662120819092,2.785919666290283,-0.9767224192619324,-0.6383333802223206,-1.7859299182891846,0.8648497462272644,0.6513318419456482,2.7994492053985596,-0.022586524486541748,-0.006534218788146973,0.03646409511566162,-0.036032915115356445,-0.012834370136260986,0.013529539108276367
1769651552.8364382,full,goal16.png,0.7963959574699402,-0.9652530550956726,-0.6477326154708862,-1.810671091079712,0.8838281631469727,0.6578048467636108,2.7924325466156006,-0.9928511381149292,-0.6547163724899292,-1.7680511474609375,0.8455202579498291,0.6418173909187317,2.8038766384124756,-0.027598083019256592,-0.006983757019042969,0.042619943618774414,-0.038307905197143555,-0.01598745584487915,0.011444091796875
1769651552.9359598,full,goal16.png,0.8188349008560181,-0.9764610528945923,-0.6620607376098633,-1.7949192523956299,0.8669253587722778,0.651519238948822,2.798778772354126,-1.0112922191619873,-0.6724721193313599,-1.7504258155822754,0.825075626373291,0.6324506998062134,2.80891489982605,-0.03483116626739502,-0.010411381721496582,0.04449343681335449,-0.041849732398986816,-0.019068539142608643,0.010136127471923828
1769651553.037314,full,goal16.png,0.8137544989585876,-0.991273820400238,-0.6772369742393494,-1.7781375646591187,0.8483260273933411,0.6431586742401123,2.80407977104187,-1.0234721899032593,-0.6892986297607422,-1.7350959777832031,0.8111643195152283,0.6270343661308289,2.8145854473114014,-0.03219836950302124,-0.012061655521392822,0.04304158687591553,-0.03716170787811279,-0.016124308109283447,0.01050567626953125
1769651553.1409214,full,goal16.png,0.8546658754348755,-1.009661078453064,-0.6978356242179871,-1.7613557577133179,0.82833331823349,0.6346466541290283,2.8090476989746094,-1.0326694250106812,-0.7032977342605591,-1.7189865112304688,0.7988429069519043,0.622406542301178,2.814387321472168,-0.023008346557617188,-0.0054621100425720215,0.04236924648284912,-0.029490411281585693,-0.012240111827850342,0.005339622497558594
1769651553.2415345,full,goal16.png,0.8416328430175781,-1.0221110582351685,-0.7142234444618225,-1.7465733289718628,0.8158529996871948,0.6286488771438599,2.8134701251983643,-1.0403767824172974,-0.7158619165420532,-1.7006524801254272,0.7917340397834778,0.6148626208305359,2.8081095218658447,-0.018265724182128906,-0.0016384720802307129,0.04592084884643555,-0.02411895990371704,-0.013786256313323975,-0.005360603332519531
1769651553.3403897,full,goal16.png,0.8442314863204956,-1.0291690826416016,-0.725885808467865,-1.730942726135254,0.8030396103858948,0.6234537959098816,2.8126676082611084,-1.049621820449829,-0.7351268529891968,-1.6830484867095947,0.7793728113174438,0.6091811656951904,2.8006582260131836,-0.02045273780822754,-0.009241044521331787,0.04789423942565918,-0.023666799068450928,-0.014272630214691162,-0.012009382247924805
1769651553.4408946,full,goal16.png,0.8585232496261597,-1.038165807723999,-0.7405775189399719,-1.7114346027374268,0.7929220199584961,0.6161837577819824,2.8073058128356934,-1.0553170442581177,-0.7558286190032959,-1.6662418842315674,0.7663277387619019,0.6108155250549316,2.7968273162841797,-0.017151236534118652,-0.015251100063323975,0.045192718505859375,-0.02659428119659424,-0.005368232727050781,-0.010478496551513672
1769651553.541601,full,goal16.png,0.8591929078102112,-1.0484044551849365,-0.7567533850669861,-1.6939258575439453,0.7808052897453308,0.612048864364624,2.802565097808838,-1.0589148998260498,-0.7722393274307251,-1.6514041423797607,0.7537261247634888,0.614189088344574,2.7911720275878906,-0.010510444641113281,-0.015485942363739014,0.04252171516418457,-0.02707916498184204,0.002140223979949951,-0.011393070220947266
1769651553.641269,full,goal16.png,0.8634771704673767,-1.0546748638153076,-0.7778365015983582,-1.6776288747787476,0.7694761157035828,0.6116096377372742,2.7987635135650635,-1.0639280080795288,-0.7877994179725647,-1.6355692148208618,0.7421924471855164,0.615067720413208,2.783665418624878,-0.009253144264221191,-0.009962916374206543,0.04205965995788574,-0.027283668518066406,0.003458082675933838,-0.015098094940185547
1769651553.7476234,full,goal16.png,0.8735607862472534,-1.0567346811294556,-0.7977080345153809,-1.6640883684158325,0.7577228546142578,0.6133816838264465,2.793114185333252,-1.071805477142334,-0.8055803179740906,-1.6204044818878174,0.7288487553596497,0.6146504282951355,2.7782528400421143,-0.015070796012878418,-0.007872283458709717,0.04368388652801514,-0.028874099254608154,0.0012687444686889648,-0.014861345291137695
1769651553.8368301,full,goal16.png,0.8667227029800415,-1.0622478723526,-0.8142474293708801,-1.6464887857437134,0.7446973323822021,0.6143813729286194,2.7856016159057617,-1.0824780464172363,-0.8265252709388733,-1.6033941507339478,0.7139142155647278,0.6147070527076721,2.776219367980957,-0.02023017406463623,-0.012277841567993164,0.043094635009765625,-0.030783116817474365,0.0003256797790527344,-0.009382247924804688
1769651553.9378798,full,goal16.png,0.8821134567260742,-1.0720019340515137,-0.8317258954048157,-1.6304643154144287,0.7312173843383789,0.614502489566803,2.7806336879730225,-1.0924859046936035,-0.8456640243530273,-1.5877779722213745,0.7016633749008179,0.6135844588279724,2.7728993892669678,-0.020483970642089844,-0.01393812894821167,0.0426863431930542,-0.029554009437561035,-0.0009180307388305664,-0.0077342987060546875
1769651554.0351071,full,goal16.png,0.883608341217041,-1.0820890665054321,-0.8534755706787109,-1.6145004034042358,0.7169196009635925,0.6142450571060181,2.7772562503814697,-1.1011561155319214,-0.8613585233688354,-1.5733813047409058,0.6890245676040649,0.6100535988807678,2.7667336463928223,-0.019067049026489258,-0.007882952690124512,0.04111909866333008,-0.027895033359527588,-0.004191458225250244,-0.010522603988647461
1769651554.1405058,full,goal16.png,0.8625284433364868,-1.0913584232330322,-0.8729835152626038,-1.5976277589797974,0.7033790946006775,0.6125486493110657,2.7729849815368652,-1.1093764305114746,-0.8751764893531799,-1.5600531101226807,0.677108645439148,0.6082214117050171,2.760366439819336,-0.018018007278442383,-0.002192974090576172,0.0375746488571167,-0.02627044916152954,-0.004327237606048584,-0.012618541717529297
1769651554.2363107,full,goal16.png,0.8636062741279602,-1.0995978116989136,-0.8843430876731873,-1.583693504333496,0.690595805644989,0.6098981499671936,2.7680928707122803,-1.117836833000183,-0.891250729560852,-1.5441241264343262,0.6663336753845215,0.6086280941963196,2.7575416564941406,-0.01823902130126953,-0.006907641887664795,0.03956937789916992,-0.02426213026046753,-0.0012700557708740234,-0.010551214218139648
1769651554.339017,full,goal16.png,0.8630295991897583,-1.1086550951004028,-0.9010944962501526,-1.5696985721588135,0.679993748664856,0.6086409687995911,2.7631099224090576,-1.1271841526031494,-0.9095574617385864,-1.5235859155654907,0.6581056118011475,0.6070865392684937,2.7554681301116943,-0.018529057502746582,-0.008462965488433838,0.046112656593322754,-0.021888136863708496,-0.0015544295310974121,-0.007641792297363281
1769651554.439051,full,goal16.png,0.8792933225631714,-1.11728835105896,-0.9219959378242493,-1.5530380010604858,0.6686644554138184,0.6081714630126953,2.759671688079834,-1.1343971490859985,-0.9283208250999451,-1.5016800165176392,0.6524913907051086,0.6063311696052551,2.752702236175537,-0.017108798027038574,-0.006324887275695801,0.05135798454284668,-0.016173064708709717,-0.0018402934074401855,-0.006969451904296875
1769651554.537192,full,goal16.png,0.8601517677307129,-1.1253459453582764,-0.937778115272522,-1.5340752601623535,0.6608491539955139,0.6072778701782227,2.756990909576416,-1.1401698589324951,-0.9473665356636047,-1.4795945882797241,0.6508433818817139,0.606309711933136,2.7502803802490234,-0.01482391357421875,-0.009588420391082764,0.054480671882629395,-0.010005772113800049,-0.0009681582450866699,-0.006710529327392578
1769651554.6419876,full,goal16.png,0.8693517446517944,-1.1327978372573853,-0.9567408561706543,-1.5122045278549194,0.6555783152580261,0.6069598197937012,2.7544615268707275,-1.1457629203796387,-0.9672256708145142,-1.4575414657592773,0.6503472924232483,0.606785774230957,2.7501776218414307,-0.012965083122253418,-0.010484814643859863,0.05466306209564209,-0.005231022834777832,-0.00017404556274414062,-0.004283905029296875
1769651554.7369585,full,goal16.png,0.8524504899978638,-1.1392197608947754,-0.9784904718399048,-1.4902125597000122,0.653185248374939,0.6069749593734741,2.7524471282958984,-1.1503716707229614,-0.9853850603103638,-1.434480905532837,0.6511751413345337,0.6020022034645081,2.746281623840332,-0.011151909828186035,-0.006894588470458984,0.05573165416717529,-0.0020101070404052734,-0.0049727559089660645,-0.006165504455566406
1769651554.8364756,full,goal16.png,0.8490826487541199,-1.1447025537490845,-0.9965747594833374,-1.468826413154602,0.6520947813987732,0.6058541536331177,2.750750780105591,-1.1551823616027832,-1.0017327070236206,-1.4126272201538086,0.6511762142181396,0.5974218249320984,2.739701509475708,-0.01047980785369873,-0.005157947540283203,0.05619919300079346,-0.0009185671806335449,-0.008432328701019287,-0.011049270629882812
1769651554.9357765,full,goal16.png,0.8553488254547119,-1.1495795249938965,-1.0104180574417114,-1.445531964302063,0.6520342230796814,0.6020070314407349,2.7466917037963867,-1.1602046489715576,-1.0193594694137573,-1.3887141942977905,0.6547781825065613,0.592848539352417,2.734459400177002,-0.010625123977661133,-0.008941411972045898,0.05681777000427246,0.002743959426879883,-0.009158492088317871,-0.012232303619384766
1769651555.0357332,full,goal16.png,0.8624147176742554,-1.1548503637313843,-1.027593731880188,-1.423600435256958,0.6526703238487244,0.5974632501602173,2.741239070892334,-1.1668013334274292,-1.0403367280960083,-1.3619561195373535,0.6582410335540771,0.590304970741272,2.735161304473877,-0.011950969696044922,-0.012742996215820312,0.06164431571960449,0.005570709705352783,-0.0071582794189453125,-0.006077766418457031
1769651555.1365874,full,goal16.png,0.8560981750488281,-1.1609086990356445,-1.0511910915374756,-1.3972162008285522,0.6551239490509033,0.5939645767211914,2.7374374866485596,-1.171988844871521,-1.0620092153549194,-1.3354640007019043,0.6674519181251526,0.5868313312530518,2.7368521690368652,-0.011080145835876465,-0.010818123817443848,0.06175220012664795,0.012327969074249268,-0.0071332454681396484,-0.0005853176116943359
1769651555.2384553,full,goal16.png,0.8612421751022339,-1.1659674644470215,-1.0707900524139404,-1.373376488685608,0.6592134237289429,0.5915260314941406,2.73681640625,-1.1751246452331543,-1.08329176902771,-1.3104016780853271,0.6769581437110901,0.5827736258506775,2.7354683876037598,-0.009157180786132812,-0.012501716613769531,0.06297481060028076,0.017744719982147217,-0.008752405643463135,-0.0013480186462402344
1769651555.3362882,full,goal16.png,0.8564693927764893,-1.17072331905365,-1.0887229442596436,-1.3484159708023071,0.6657261252403259,0.5882847905158997,2.737089157104492,-1.1764777898788452,-1.1031156778335571,-1.2870831489562988,0.6880843043327332,0.5784764885902405,2.7290496826171875,-0.0057544708251953125,-0.014392733573913574,0.0613328218460083,0.022358179092407227,-0.00980830192565918,-0.008039474487304688
1769651555.4367003,full,goal16.png,0.8445044755935669,-1.1746309995651245,-1.1099878549575806,-1.3223345279693604,0.6761466860771179,0.5831806063652039,2.7346506118774414,-1.1782326698303223,-1.1220066547393799,-1.263408899307251,0.6990045309066772,0.5737031698226929,2.7204885482788086,-0.003601670265197754,-0.012018799781799316,0.058925628662109375,0.022857844829559326,-0.009477436542510986,-0.014162063598632812
1769651555.5362296,full,goal16.png,0.8552120923995972,-1.176509141921997,-1.1282840967178345,-1.298827886581421,0.686506450176239,0.5785459876060486,2.7292888164520264,-1.1829392910003662,-1.140390157699585,-1.2376394271850586,0.7055670619010925,0.5659754276275635,2.710923433303833,-0.006430149078369141,-0.012106060981750488,0.061188459396362305,0.019060611724853516,-0.012570559978485107,-0.01836538314819336
1769651555.6367416,full,goal16.png,0.8535901308059692,-1.178568959236145,-1.1439754962921143,-1.2744731903076172,0.6958363652229309,0.5727905035018921,2.721170663833618,-1.1892635822296143,-1.1600425243377686,-1.2102259397506714,0.7082751989364624,0.5581417083740234,2.7020058631896973,-0.010694622993469238,-0.016067028045654297,0.0642472505569458,0.012438833713531494,-0.014648795127868652,-0.0191648006439209
1769651555.737718,full,goal16.png,0.8408461213111877,-1.1827795505523682,-1.1632107496261597,-1.2487856149673462,0.7032882571220398,0.5662171244621277,2.7125072479248047,-1.194429874420166,-1.1789727210998535,-1.1840364933013916,0.7106950879096985,0.5538710951805115,2.6923065185546875,-0.011650323867797852,-0.015761971473693848,0.06474912166595459,0.007406830787658691,-0.012346029281616211,-0.020200729370117188
1769651555.835629,full,goal16.png,0.8297638893127441,-1.18926203250885,-1.1834760904312134,-1.2215229272842407,0.707710862159729,0.5590531229972839,2.703071117401123,-1.1962916851043701,-1.195553183555603,-1.1607508659362793,0.7150149941444397,0.5546451807022095,2.686310052871704,-0.0070296525955200195,-0.012077093124389648,0.060772061347961426,0.007304131984710693,-0.004407942295074463,-0.016761064529418945
1769651555.9374304,full,goal16.png,0.8154371976852417,-1.194320797920227,-1.2011967897415161,-1.1970773935317993,0.7104976177215576,0.5557966828346252,2.694725751876831,-1.197674036026001,-1.212737798690796,-1.1358873844146729,0.7167640924453735,0.5542052984237671,2.6795411109924316,-0.0033532381057739258,-0.011541008949279785,0.061190009117126465,0.006266474723815918,-0.0015913844108581543,-0.015184640884399414
1769651556.038761,full,goal16.png,0.8139779567718506,-1.1969258785247803,-1.2170395851135254,-1.1724802255630493,0.7139205932617188,0.5545244812965393,2.688394784927368,-1.1971863508224487,-1.2266037464141846,-1.1151477098464966,0.7159507870674133,0.5563995838165283,2.6769487857818604,-0.00026047229766845703,-0.00956416130065918,0.057332515716552734,0.00203019380569458,0.0018751025199890137,-0.011445999145507812
1769651556.136522,full,goal16.png,0.8189661502838135,-1.1969258785247803,-1.2343666553497314,-1.148610234260559,0.7155867218971252,0.5548728108406067,2.682291030883789,-1.1956770420074463,-1.2374486923217773,-1.0964361429214478,0.7132965326309204,0.5590760707855225,2.6751770973205566,0.0012488365173339844,-0.0030820369720458984,0.05217409133911133,-0.002290189266204834,0.0042032599449157715,-0.007113933563232422
1769651556.2381415,full,goal16.png,0.8108654618263245,-1.19656240940094,-1.2489067316055298,-1.127860188484192,0.7154353260993958,0.5568114519119263,2.678868055343628,-1.1944788694381714,-1.250368595123291,-1.075836181640625,0.7124652862548828,0.5609180331230164,2.670166015625,0.0020835399627685547,-0.0014618635177612305,0.052024006843566895,-0.0029700398445129395,0.004106581211090088,-0.00870203971862793
1769651556.3376758,full,goal16.png,0.7989369034767151,-1.1962292194366455,-1.259842038154602,-1.1083219051361084,0.7144962549209595,0.5590682029724121,2.6757328510284424,-1.1925866603851318,-1.2644628286361694,-1.0533866882324219,0.7139716148376465,0.5616023540496826,2.662466049194336,0.003642559051513672,-0.004620790481567383,0.05493521690368652,-0.0005246400833129883,0.002534151077270508,-0.013266801834106445
1769651556.4387164,full,goal16.png,0.7820069789886475,-1.1954113245010376,-1.2708684206008911,-1.0854514837265015,0.713860034942627,0.5606434345245361,2.670219659805298,-1.1903806924819946,-1.2782988548278809,-1.0345454216003418,0.7173043489456177,0.5628046989440918,2.6529557704925537,0.005030632019042969,-0.007430434226989746,0.05090606212615967,0.0034443140029907227,0.002161264419555664,-0.01726388931274414
1769651556.5371819,full,goal16.png,0.7748133540153503,-1.1932302713394165,-1.2838939428329468,-1.0655194520950317,0.7145870923995972,0.5616430044174194,2.6637067794799805,-1.1887041330337524,-1.2926011085510254,-1.014805555343628,0.7188341617584229,0.5643988251686096,2.6454672813415527,0.0045261383056640625,-0.008707165718078613,0.05071389675140381,0.004247069358825684,0.0027558207511901855,-0.018239498138427734
1769651556.6373408,full,goal16.png,0.7771686315536499,-1.190716028213501,-1.2995851039886475,-1.046677827835083,0.7166469097137451,0.5630365014076233,2.6551342010498047,-1.187835454940796,-1.3056296110153198,-0.9969198703765869,0.7203031778335571,0.5654916763305664,2.638644218444824,0.002880573272705078,-0.006044507026672363,0.049757957458496094,0.0036562681198120117,0.0024551749229431152,-0.01648998260498047
1769651556.7356327,full,goal16.png,0.7907052040100098,-1.1888076066970825,-1.3133983612060547,-1.0275028944015503,0.718040406703949,0.5642178654670715,2.6473188400268555,-1.1875170469284058,-1.3165442943572998,-0.9810451865196228,0.721763551235199,0.5651454925537109,2.6328210830688477,0.0012905597686767578,-0.003145933151245117,0.04645770788192749,0.00372314453125,0.0009276270866394043,-0.014497756958007812
1769651556.837356,full,goal16.png,0.7940967082977295,-1.1884138584136963,-1.327423334121704,-1.0086311101913452,0.7195246815681458,0.5648540258407593,2.6403820514678955,-1.1880557537078857,-1.3241498470306396,-0.9702670574188232,0.7240395545959473,0.5627601146697998,2.6276867389678955,0.0003581047058105469,0.003273487091064453,0.03836405277252197,0.004514873027801514,-0.0020939111709594727,-0.0126953125
1769651556.9372861,full,goal16.png,0.786355197429657,-1.1884441375732422,-1.3392070531845093,-0.9934244751930237,0.7209786772727966,0.5644752979278564,2.6348538398742676,-1.1878770589828491,-1.3286123275756836,-0.964806079864502,0.7287513017654419,0.5621432065963745,2.620327949523926,0.0005670785903930664,0.010594725608825684,0.02861839532852173,0.007772624492645264,-0.0023320913314819336,-0.014525890350341797
1769651557.0356257,full,goal16.png,0.7837558388710022,-1.1885652542114258,-1.3481733798980713,-0.9833069443702698,0.723553478717804,0.5631576180458069,2.6288106441497803,-1.186903476715088,-1.3322069644927979,-0.9612201452255249,0.7342720627784729,0.5631672739982605,2.614424228668213,0.0016617774963378906,0.015966415405273438,0.022086799144744873,0.010718584060668945,9.655952453613281e-06,-0.014386415481567383
1769651557.1361825,full,goal16.png,0.7857733368873596,-1.1882623434066772,-1.3527778387069702,-0.9756431579589844,0.7286425828933716,0.5626274943351746,2.621434450149536,-1.185607671737671,-1.334635615348816,-0.9592970609664917,0.7408384084701538,0.5639623403549194,2.607759714126587,0.0026546716690063477,0.018142223358154297,0.016346096992492676,0.012195825576782227,0.001334846019744873,-0.013674736022949219
1769651557.237784,full,goal16.png,0.7852674126625061,-1.187686800956726,-1.3553829193115234,-0.9712508320808411,0.7339134216308594,0.5629910826683044,2.6158607006073,-1.1850336790084839,-1.3374186754226685,-0.9546834826469421,0.7475361824035645,0.5613430738449097,2.6005020141601562,0.0026531219482421875,0.01796424388885498,0.016567349433898926,0.013622760772705078,-0.0016480088233947754,-0.015358686447143555
1769651557.3363688,full,goal16.png,0.7964152693748474,-1.1868386268615723,-1.3582909107208252,-0.9684942364692688,0.739941418170929,0.5629456043243408,2.609635829925537,-1.1851519346237183,-1.3410909175872803,-0.9490020871162415,0.7521439790725708,0.558763325214386,2.5946006774902344,0.001686692237854004,0.017199993133544922,0.019492149353027344,0.012202560901641846,-0.004182279109954834,-0.015035152435302734
1769651557.4377995,full,goal16.png,0.7956182360649109,-1.185808777809143,-1.36183500289917,-0.9644653797149658,0.745757520198822,0.561082661151886,2.6021385192871094,-1.1854288578033447,-1.3434741497039795,-0.9456626176834106,0.758139967918396,0.5569625496864319,2.5908560752868652,0.00037992000579833984,0.01836085319519043,0.018802762031555176,0.012382447719573975,-0.0041201114654541016,-0.01128244400024414
1769651557.538227,full,goal16.png,0.796602725982666,-1.1857481002807617,-1.3660154342651367,-0.9598610401153564,0.751664400100708,0.558871328830719,2.596261978149414,-1.185692310333252,-1.345043420791626,-0.9449923634529114,0.7663807272911072,0.5565218925476074,2.5881829261779785,5.5789947509765625e-05,0.020972013473510742,0.014868676662445068,0.01471632719039917,-0.0023494362831115723,-0.008079051971435547
1769651557.63933,full,goal16.png,0.7985379695892334,-1.1861419677734375,-1.3688931465148926,-0.9564683437347412,0.7580559849739075,0.557841420173645,2.592535972595215,-1.1853854656219482,-1.3459725379943848,-0.9444401264190674,0.7758927941322327,0.5568273067474365,2.5843451023101807,0.0007565021514892578,0.022920608520507812,0.012028217315673828,0.017836809158325195,-0.001014113426208496,-0.00819087028503418
1769651557.7384572,full,goal16.png,0.8072452545166016,-1.186293363571167,-1.3706804513931274,-0.9547114372253418,0.765841007232666,0.5571295619010925,2.589552164077759,-1.184588074684143,-1.3498542308807373,-0.9419955015182495,0.7837170362472534,0.5594496726989746,2.5837247371673584,0.0017052888870239258,0.020826220512390137,0.012715935707092285,0.017876029014587402,0.00232011079788208,-0.005827426910400391
1769651557.8396142,full,goal16.png,0.7981598377227783,-1.1860510110855103,-1.3723766803741455,-0.9531665444374084,0.7744439840316772,0.5575082302093506,2.5869925022125244,-1.184290885925293,-1.3556418418884277,-0.9391217827796936,0.7909298539161682,0.5627854466438293,2.584218740463257,0.0017601251602172852,0.016734838485717773,0.014044761657714844,0.016485869884490967,0.00527721643447876,-0.002773761749267578
1769651557.9382627,full,goal16.png,0.7910555601119995,-1.18568754196167,-1.3757693767547607,-0.9508945941925049,0.7819564342498779,0.5589773654937744,2.5857958793640137,-1.184035062789917,-1.363426923751831,-0.9319607019424438,0.7956565618515015,0.5660459995269775,2.5861358642578125,0.0016524791717529297,0.012342453002929688,0.018933892250061035,0.013700127601623535,0.007068634033203125,0.0003399848937988281
1769651558.0385306,full,goal16.png,0.7838205695152283,-1.1852635145187378,-1.3810402154922485,-0.9475018978118896,0.7893476486206055,0.5611129999160767,2.5857808589935303,-1.1838858127593994,-1.371525764465332,-0.9203810691833496,0.8005111217498779,0.5675860047340393,2.5830578804016113,0.001377701759338379,0.009514451026916504,0.02712082862854004,0.011163473129272461,0.0064730048179626465,-0.0027229785919189453
1769651558.1375158,full,goal16.png,0.7784424424171448,-1.1851119995117188,-1.3876134157180786,-0.9404135942459106,0.7944669127464294,0.5638694763183594,2.5857203006744385,-1.1840596199035645,-1.3766851425170898,-0.9133279323577881,0.8056529760360718,0.566825807094574,2.5760841369628906,0.0010523796081542969,0.01092827320098877,0.02708566188812256,0.011186063289642334,0.0029563307762145996,-0.009636163711547852
1769651558.238631,full,goal16.png,0.7747434377670288,-1.185051441192627,-1.3945201635360718,-0.9312048554420471,0.799919605255127,0.56620192527771,2.582690954208374,-1.1834969520568848,-1.3802446126937866,-0.9111945629119873,0.810043454170227,0.5652390122413635,2.5701866149902344,0.0015544891357421875,0.014275550842285156,0.020010292530059814,0.010123848915100098,-0.0009629130363464355,-0.012504339218139648
1769651558.3385317,full,goal16.png,0.777456521987915,-1.1847788095474243,-1.3988215923309326,-0.9248132705688477,0.8042511940002441,0.5664443373680115,2.5777535438537598,-1.1830339431762695,-1.3838697671890259,-0.9081431031227112,0.8137394189834595,0.5595788359642029,2.5670981407165527,0.0017448663711547852,0.014951825141906738,0.016670167446136475,0.009488224983215332,-0.006865501403808594,-0.010655403137207031
1769651558.4372568,full,goal16.png,0.7769202589988708,-1.1845970153808594,-1.4015477895736694,-0.9213600158691406,0.8090676069259644,0.5640512704849243,2.572361469268799,-1.1816335916519165,-1.385148525238037,-0.9058541059494019,0.8212379217147827,0.5514746904373169,2.5626046657562256,0.002963423728942871,0.016399264335632324,0.01550590991973877,0.01217031478881836,-0.012576580047607422,-0.009756803512573242
1769651558.5401156,full,goal16.png,0.774579644203186,-1.1839609146118164,-1.4043043851852417,-0.9175734519958496,0.8146716952323914,0.5586743950843811,2.5674996376037598,-1.1796010732650757,-1.3848406076431274,-0.9035689830780029,0.8312020301818848,0.5420209169387817,2.5562877655029297,0.004359841346740723,0.019463777542114258,0.01400446891784668,0.016530334949493408,-0.016653478145599365,-0.011211872100830078
1769651558.6383293,full,goal16.png,0.7739293575286865,-1.1829006671905518,-1.4065157175064087,-0.9149078130722046,0.8211541175842285,0.5521313548088074,2.5628952980041504,-1.1768205165863037,-1.385473608970642,-0.9005655646324158,0.843533992767334,0.5356025695800781,2.549710988998413,0.006080150604248047,0.0210421085357666,0.014342248439788818,0.02237987518310547,-0.016528785228729248,-0.013184309005737305
1769651558.7370675,full,goal16.png,0.7508900165557861,-1.1810832023620605,-1.407666802406311,-0.9128479957580566,0.8301206231117249,0.5442857146263123,2.5569276809692383,-1.1748459339141846,-1.3865665197372437,-0.8985428810119629,0.8573698997497559,0.5316338539123535,2.5444095134735107,0.0062372684478759766,0.021100282669067383,0.01430511474609375,0.027249276638031006,-0.01265186071395874,-0.012518167495727539
1769651558.835618,full,goal16.png,0.7496983408927917,-1.1782357692718506,-1.408272624015808,-0.909970223903656,0.8440245389938354,0.5377426743507385,2.5509603023529053,-1.1752578020095825,-1.3904287815093994,-0.8937171697616577,0.8663233518600464,0.5322344899177551,2.5401229858398438,0.0029779672622680664,0.01784384250640869,0.01625305414199829,0.022298812866210938,-0.0055081844329833984,-0.010837316513061523
1769651558.93668,full,goal16.png,0.7589055299758911,-1.1767514944076538,-1.4094237089157104,-0.9070621728897095,0.8554749488830566,0.5338501930236816,2.5460681915283203,-1.1765644550323486,-1.3973910808563232,-0.8855316638946533,0.8717662692070007,0.5380485653877258,2.537686586380005,0.00018703937530517578,0.012032628059387207,0.021530508995056152,0.016291320323944092,0.0041983723640441895,-0.00838160514831543
1769651559.037593,full,goal16.png,0.7499575614929199,-1.1764181852340698,-1.4130587577819824,-0.9024275541305542,0.8636234998703003,0.5344105362892151,2.5426602363586426,-1.1779123544692993,-1.405807614326477,-0.8729509115219116,0.8769263029098511,0.5429248809814453,2.5327248573303223,-0.0014941692352294922,0.007251143455505371,0.029476642608642578,0.013302803039550781,0.008514344692230225,-0.009935379028320312
1769651559.1393445,full,goal16.png,0.7339979410171509,-1.1768726110458374,-1.4202380180358887,-0.8936731815338135,0.8703786134719849,0.5375912189483643,2.5395097732543945,-1.1790920495986938,-1.4123026132583618,-0.8591421842575073,0.8838537335395813,0.5418449640274048,2.5268054008483887,-0.0022194385528564453,0.007935404777526855,0.03453099727630615,0.013475120067596436,0.004253745079040527,-0.01270437240600586
1769651559.2396185,full,goal16.png,0.7389121055603027,-1.1778723001480103,-1.4289621114730835,-0.8823742270469666,0.8762855529785156,0.5412717461585999,2.5348598957061768,-1.1822649240493774,-1.4153480529785156,-0.8498101234436035,0.8907397985458374,0.5362178683280945,2.517176866531372,-0.0043926239013671875,0.013614058494567871,0.03256410360336304,0.014454245567321777,-0.005053877830505371,-0.017683029174804688
1769651559.3404918,full,goal16.png,0.7513320446014404,-1.1796292066574097,-1.434929609298706,-0.8716508746147156,0.8826771378517151,0.540272057056427,2.5273475646972656,-1.1862858533859253,-1.4170221090316772,-0.845866322517395,0.8990187048912048,0.5301737785339355,2.507537364959717,-0.006656646728515625,0.01790750026702881,0.025784552097320557,0.016341567039489746,-0.010098278522491455,-0.019810199737548828
1769651559.4401448,full,goal16.png,0.7532739639282227,-1.1820827722549438,-1.4382920265197754,-0.8613819479942322,0.8895836472511292,0.5355314016342163,2.518244981765747,-1.1890509128570557,-1.4178414344787598,-0.8451440334320068,0.9118499159812927,0.5245504379272461,2.4974911212921143,-0.006968140602111816,0.020450592041015625,0.016237914562225342,0.022266268730163574,-0.010980963706970215,-0.020753860473632812
1769651559.541683,full,goal16.png,0.746620774269104,-1.1852635145187378,-1.4403215646743774,-0.8561716675758362,0.8995800614356995,0.5308361649513245,2.5089452266693115,-1.1888461112976074,-1.4203375577926636,-0.8424547910690308,0.9225130081176758,0.5190993547439575,2.4891059398651123,-0.003582596778869629,0.019984006881713867,0.01371687650680542,0.02293294668197632,-0.011736810207366943,-0.01983928680419922
1769651559.641004,full,goal16.png,0.7652258276939392,-1.187686800956726,-1.442229986190796,-0.8540209531784058,0.9100914001464844,0.5244899988174438,2.499509334564209,-1.1871612071990967,-1.42132568359375,-0.8381696343421936,0.928840160369873,0.5116372108459473,2.480708599090576,0.0005255937576293945,0.0209043025970459,0.015851318836212158,0.018748760223388672,-0.012852787971496582,-0.018800735473632812
1769651559.7389834,full,goal16.png,0.7693174481391907,-1.1885956525802612,-1.4446229934692383,-0.8511735796928406,0.9195424318313599,0.5184467434883118,2.491497039794922,-1.1861696243286133,-1.4221763610839844,-0.8321191072463989,0.9305418133735657,0.5053365230560303,2.474648952484131,0.0024260282516479492,0.022446632385253906,0.01905447244644165,0.01099938154220581,-0.013110220432281494,-0.016848087310791016
1769651559.8395405,full,goal16.png,0.7639841437339783,-1.1879897117614746,-1.4465314149856567,-0.8469023704528809,0.926418662071228,0.5112069249153137,2.4828941822052,-1.1873031854629517,-1.4205518960952759,-0.829470694065094,0.9365984797477722,0.4967038035392761,2.4703714847564697,0.0006865262985229492,0.02597951889038086,0.017431676387786865,0.01017981767654419,-0.014503121376037598,-0.012522697448730469
1769651559.9390612,full,goal16.png,0.7486141920089722,-1.1865357160568237,-1.4473493099212646,-0.8421465158462524,0.9302960634231567,0.5052394270896912,2.476896286010742,-1.189449667930603,-1.421220064163208,-0.8286291360855103,0.9466937184333801,0.4891272187232971,2.465541124343872,-0.002913951873779297,0.02612924575805664,0.013517379760742188,0.01639765501022339,-0.016112208366394043,-0.011355161666870117
1769651560.0429869,full,goal16.png,0.7513812184333801,-1.1860814094543457,-1.447106957435608,-0.83920818567276,0.9366573691368103,0.49787846207618713,2.4711711406707764,-1.1918655633926392,-1.421905279159546,-0.8276410102844238,0.9606075882911682,0.4779801368713379,2.456300735473633,-0.005784153938293457,0.02520167827606201,0.011567175388336182,0.02395021915435791,-0.019898325204849243,-0.014870405197143555
1769651560.1398351,full,goal16.png,0.7483642101287842,-1.1882320642471313,-1.4473493099212646,-0.8374815583229065,0.9467748999595642,0.48973000049591064,2.4649007320404053,-1.1935927867889404,-1.4225584268569946,-0.8269509077072144,0.9721946120262146,0.4702388644218445,2.4473724365234375,-0.005360722541809082,0.02479088306427002,0.010530650615692139,0.02541971206665039,-0.019491136074066162,-0.017528295516967773
1769651560.2404168,full,goal16.png,0.7660364508628845,-1.1906251907348633,-1.4478036165237427,-0.8362698554992676,0.9589219689369202,0.4802485704421997,2.4566614627838135,-1.1954636573791504,-1.422888994216919,-0.8249322175979614,0.9815170764923096,0.46133318543434143,2.4394280910491943,-0.004838466644287109,0.02491462230682373,0.011337637901306152,0.022595107555389404,-0.018915385007858276,-0.01723337173461914
1769651560.3388963,full,goal16.png,0.7675082683563232,-1.1924729347229004,-1.448136806488037,-0.8351793885231018,0.9693121910095215,0.47164562344551086,2.447967529296875,-1.1984783411026,-1.4230012893676758,-0.8217949271202087,0.9911637306213379,0.44664251804351807,2.434155225753784,-0.006005406379699707,0.025135517120361328,0.013384461402893066,0.021851539611816406,-0.025003105401992798,-0.01381230354309082
1769651560.4416535,full,goal16.png,0.7677033543586731,-1.1944721937179565,-1.448500394821167,-0.8330589532852173,0.9799748063087463,0.4613161087036133,2.4407882690429688,-1.2016935348510742,-1.4197680950164795,-0.8216963410377502,1.00632643699646,0.42818790674209595,2.427354335784912,-0.007221341133117676,0.0287322998046875,0.011362612247467041,0.026351630687713623,-0.033128201961517334,-0.01343393325805664
1769651560.5409243,full,goal16.png,0.7731807231903076,-1.1975014209747314,-1.4488942623138428,-0.8309990763664246,0.9915160536766052,0.4462610185146332,2.4343361854553223,-1.203147292137146,-1.4145374298095703,-0.8246411085128784,1.0221383571624756,0.41135871410369873,2.4210076332092285,-0.005645871162414551,0.03435683250427246,0.006357967853546143,0.03062230348587036,-0.03490230441093445,-0.01332855224609375
1769651560.6403124,full,goal16.png,0.7786542773246765,-1.2008941173553467,-1.4472583532333374,-0.8305143713951111,1.005056619644165,0.4294792413711548,2.4282171726226807,-1.2028001546859741,-1.4104628562927246,-0.8266474008560181,1.034597396850586,0.3967031240463257,2.4154787063598633,-0.0019060373306274414,0.03679549694061279,0.0038669705390930176,0.0295407772064209,-0.0327761173248291,-0.012738466262817383
1769651560.7400942,full,goal16.png,0.7785403728485107,-1.2024086713790894,-1.4442291259765625,-0.8314231634140015,1.0192937850952148,0.4139849543571472,2.4220528602600098,-1.2013033628463745,-1.4082224369049072,-0.8255150318145752,1.0434856414794922,0.3866901397705078,2.410248279571533,0.0011053085327148438,0.03600668907165527,0.0059081315994262695,0.024191856384277344,-0.027294814586639404,-0.011804580688476562
1769651560.8386302,full,goal16.png,0.7697800397872925,-1.2025904655456543,-1.4410486221313477,-0.8323622345924377,1.032773733139038,0.39864203333854675,2.4162216186523438,-1.200242519378662,-1.408678412437439,-0.8209679126739502,1.052763819694519,0.37871336936950684,2.4045944213867188,0.0023479461669921875,0.03237020969390869,0.011394321918487549,0.019990086555480957,-0.019928663969039917,-0.011627197265625
1769651560.945889,full,goal16.png,0.7738535404205322,-1.2014696598052979,-1.4393218755722046,-0.8318169713020325,1.0428307056427002,0.3880550265312195,2.4104509353637695,-1.199772596359253,-1.409675121307373,-0.8162341117858887,1.0648759603500366,0.37364187836647034,2.3978233337402344,0.0016970634460449219,0.029646754264831543,0.015582859516143799,0.022045254707336426,-0.014413148164749146,-0.012627601623535156
1769651561.0411077,full,goal16.png,0.7730976343154907,-1.2005306482315063,-1.439200758934021,-0.8299994468688965,1.050918698310852,0.3809970021247864,2.4054527282714844,-1.2004574537277222,-1.4080206155776978,-0.8143875598907471,1.0801984071731567,0.3664259612560272,2.3873209953308105,7.319450378417969e-05,0.031180143356323242,0.015611886978149414,0.029279708862304688,-0.014571040868759155,-0.018131732940673828
1769651561.1409147,full,goal16.png,0.7678591012954712,-1.1998945474624634,-1.4394429922103882,-0.827061116695404,1.0652769804000854,0.37315136194229126,2.397031784057617,-1.2017810344696045,-1.4059597253799438,-0.8129827976226807,1.0922932624816895,0.36267194151878357,2.375058174133301,-0.0018864870071411133,0.033483266830444336,0.014078319072723389,0.027016282081604004,-0.01047942042350769,-0.021973609924316406
1769651561.2417526,full,goal16.png,0.762193500995636,-1.2001670598983765,-1.4385039806365967,-0.8253647685050964,1.0777573585510254,0.3674262464046478,2.388247013092041,-1.2043399810791016,-1.4078395366668701,-0.8067498803138733,1.098658561706543,0.3607548475265503,2.3636393547058105,-0.004172921180725098,0.030664443969726562,0.018614888191223145,0.020901203155517578,-0.006671398878097534,-0.02460765838623047
1769651561.3410878,full,goal16.png,0.7677193880081177,-1.2011061906814575,-1.4372014999389648,-0.8229717016220093,1.0894197225570679,0.36327624320983887,2.3767664432525635,-1.2068133354187012,-1.4096267223358154,-0.8006062507629395,1.1055684089660645,0.3563559949398041,2.3514230251312256,-0.005707144737243652,0.027574777603149414,0.022365450859069824,0.016148686408996582,-0.00692024827003479,-0.02534341812133789
1769651561.4420905,full,goal16.png,0.7716578245162964,-1.2027419805526733,-1.4373226165771484,-0.8179735541343689,1.097113847732544,0.36047419905662537,2.365058422088623,-1.2089577913284302,-1.4124033451080322,-0.7947300672531128,1.1122255325317383,0.35016584396362305,2.3396592140197754,-0.006215810775756836,0.02491927146911621,0.023243486881256104,0.015111684799194336,-0.01030835509300232,-0.025399208068847656
1769651561.540414,full,goal16.png,0.7496976256370544,-1.2056196928024292,-1.4392915964126587,-0.8112789988517761,1.103990077972412,0.3559303879737854,2.353123426437378,-1.210525631904602,-1.4127308130264282,-0.7945780158042908,1.1206914186477661,0.34394168853759766,2.329817295074463,-0.0049059391021728516,0.02656078338623047,0.01670098304748535,0.016701340675354004,-0.011988699436187744,-0.02330613136291504
1769651561.6398942,full,goal16.png,0.7553642988204956,-1.20867919921875,-1.4408667087554932,-0.8059476613998413,1.1109269857406616,0.3502052128314972,2.342672824859619,-1.2109246253967285,-1.4090731143951416,-0.7987736463546753,1.1332907676696777,0.3426554203033447,2.3183491230010986,-0.0022454261779785156,0.03179359436035156,0.007174015045166016,0.022363781929016113,-0.007549792528152466,-0.024323701858520508
1769651561.7413554,full,goal16.png,0.7472354173660278,-1.2102240324020386,-1.4407153129577637,-0.8047056794166565,1.1207112073898315,0.3453282117843628,2.3314647674560547,-1.2096681594848633,-1.4000258445739746,-0.8052246570587158,1.1560980081558228,0.3426853120326996,2.300995349884033,0.000555872917175293,0.04068946838378906,-0.0005189776420593262,0.03538680076599121,-0.002642899751663208,-0.030469417572021484
1769651561.8407636,full,goal16.png,0.7662819623947144,-1.2101331949234009,-1.4383525848388672,-0.8069472312927246,1.135857343673706,0.3438742160797119,2.3173487186431885,-1.2078014612197876,-1.387478232383728,-0.8125191330909729,1.1878395080566406,0.3402131199836731,2.2806005477905273,0.0023317337036132812,0.05087435245513916,-0.005571901798248291,0.05198216438293457,-0.0036610960960388184,-0.03674817085266113
1769651561.9431422,full,goal16.png,0.762352705001831,-1.2094061374664307,-1.4319912195205688,-0.8121877908706665,1.1567285060882568,0.3422687351703644,2.30171799659729,-1.2082021236419678,-1.3779609203338623,-0.8184927701950073,1.2165653705596924,0.33669912815093994,2.2635135650634766,0.0012040138244628906,0.05403029918670654,-0.00630497932434082,0.05983686447143555,-0.0055696070194244385,-0.03820443153381348
1769651562.0387766,full,goal16.png,0.7348967790603638,-1.2088305950164795,-1.4220554828643799,-0.8183067440986633,1.184718132019043,0.33998170495033264,2.282952070236206,-1.210038661956787,-1.3677821159362793,-0.8268450498580933,1.2419705390930176,0.3301386535167694,2.249445915222168,-0.0012080669403076172,0.054273366928100586,-0.008538305759429932,0.05725240707397461,-0.009843051433563232,-0.033506155014038086
1769651562.140843,full,goal16.png,0.7268353700637817,-1.2090123891830444,-1.4110292196273804,-0.8250921368598938,1.2142225503921509,0.3353167176246643,2.2655344009399414,-1.2090610265731812,-1.3581386804580688,-0.8321077227592468,1.26101553440094,0.3282698094844818,2.2377266883850098,-4.863739013671875e-05,0.05289053916931152,-0.007015585899353027,0.04679298400878906,-0.007046908140182495,-0.02780771255493164
1769651562.2411332,full,goal16.png,0.7413875460624695,-1.2094666957855225,-1.4016083478927612,-0.8313020467758179,1.2376986742019653,0.33159083127975464,2.25211501121521,-1.2050085067749023,-1.347253680229187,-0.8355236649513245,1.2812834978103638,0.3303040862083435,2.2249393463134766,0.004458189010620117,0.05435466766357422,-0.004221618175506592,0.04358482360839844,-0.0012867450714111328,-0.0271756649017334
1769651562.3416848,full,goal16.png,0.75493323802948,-1.20867919921875,-1.392702579498291,-0.8365122079849243,1.2580246925354004,0.3297884166240692,2.239983081817627,-1.2009062767028809,-1.3386741876602173,-0.8394076824188232,1.296860694885254,0.33629491925239563,2.211940288543701,0.007772922515869141,0.05402839183807373,-0.0028954744338989258,0.038836002349853516,0.006506502628326416,-0.02804279327392578
1769651562.4421625,full,goal16.png,0.7328293323516846,-1.205862045288086,-1.3834635019302368,-0.8411468863487244,1.2772600650787354,0.332393616437912,2.227018117904663,-1.2016113996505737,-1.3320188522338867,-0.843747615814209,1.309622883796692,0.3355165719985962,2.1960830688476562,0.004250645637512207,0.0514446496963501,-0.002600729465484619,0.03236281871795654,0.003122955560684204,-0.030935049057006836
1769651562.541257,full,goal16.png,0.7677711248397827,-1.2032265663146973,-1.3755271434783936,-0.8455392122268677,1.2937389612197876,0.33481699228286743,2.2129323482513428,-1.2055915594100952,-1.3280038833618164,-0.8467210531234741,1.3204503059387207,0.3275594115257263,2.1822667121887207,-0.0023649930953979492,0.04752326011657715,-0.0011818408966064453,0.026711344718933105,-0.007257580757141113,-0.03066563606262207
1769651562.6421351,full,goal16.png,0.7679390907287598,-1.2028025388717651,-1.369074821472168,-0.8499012589454651,1.3065524101257324,0.33346888422966003,2.1980438232421875,-1.206373929977417,-1.3197214603424072,-0.8541829586029053,1.3335912227630615,0.31910866498947144,2.169299602508545,-0.0035713911056518555,0.04935336112976074,-0.0042816996574401855,0.0270388126373291,-0.014360219240188599,-0.028744220733642578
1769651562.7412045,full,goal16.png,0.7557687759399414,-1.2045291662216187,-1.3628650903701782,-0.8539301156997681,1.31927490234375,0.3268955945968628,2.1848669052124023,-1.2036067247390747,-1.3082001209259033,-0.8635895252227783,1.3449432849884033,0.3156535029411316,2.1570358276367188,0.0009224414825439453,0.0546649694442749,-0.009659409523010254,0.02566838264465332,-0.011242091655731201,-0.027831077575683594
1769651562.840713,full,goal16.png,0.7366554737091064,-1.2059831619262695,-1.3537471294403076,-0.8607760667800903,1.3322097063064575,0.3200345039367676,2.1704025268554688,-1.2002824544906616,-1.2911081314086914,-0.8770594596862793,1.3601422309875488,0.31570929288864136,2.139707565307617,0.00570070743560791,0.06263899803161621,-0.016283392906188965,0.02793252468109131,-0.004325211048126221,-0.030694961547851562
1769651562.9418726,full,goal16.png,0.7355952858924866,-1.2047715187072754,-1.3442959785461426,-0.8699242472648621,1.3444173336029053,0.3176262080669403,2.157180070877075,-1.1999889612197876,-1.273862361907959,-0.8873242139816284,1.3757660388946533,0.3120896816253662,2.1235337257385254,0.004782557487487793,0.0704336166381836,-0.017399966716766357,0.03134870529174805,-0.005536526441574097,-0.033646345138549805
1769651563.041966,full,goal16.png,0.7451468706130981,-1.202045202255249,-1.3300890922546387,-0.8817987442016602,1.3578064441680908,0.31546032428741455,2.1421401500701904,-1.2025272846221924,-1.2635176181793213,-0.8906988501548767,1.3880441188812256,0.3072691857814789,2.1071736812591553,-0.0004820823669433594,0.06657147407531738,-0.008900105953216553,0.030237674713134766,-0.008191138505935669,-0.034966468811035156
1769651563.1422262,full,goal16.png,0.765606164932251,-1.201409101486206,-1.312156319618225,-0.8894019722938538,1.3731340169906616,0.3121434152126312,2.1256461143493652,-1.2080323696136475,-1.2667129039764404,-0.8783771991729736,1.3939446210861206,0.29901066422462463,2.091179609298706,-0.006623268127441406,0.04544341564178467,0.011024773120880127,0.020810604095458984,-0.013132750988006592,-0.03446650505065918
1769651563.245378,full,goal16.png,0.8020021915435791,-1.2032265663146973,-1.2985855340957642,-0.8912801146507263,1.3840090036392212,0.30635762214660645,2.1097731590270996,-1.2122703790664673,-1.2701411247253418,-0.868761420249939,1.401306390762329,0.2917853593826294,2.074751377105713,-0.00904381275177002,0.028444409370422363,0.022518694400787354,0.01729738712310791,-0.01457226276397705,-0.03502178192138672
1769651563.3482275,full,goal16.png,0.8045260310173035,-1.2071342468261719,-1.298282504081726,-0.88570636510849,1.3924603462219238,0.299557089805603,2.0929458141326904,-1.2149025201797485,-1.2687581777572632,-0.8670161962509155,1.4135538339614868,0.28276506066322327,2.057203531265259,-0.00776827335357666,0.02952432632446289,0.018690168857574463,0.02109348773956299,-0.01679202914237976,-0.03574228286743164
1769651563.4458506,full,goal16.png,0.8087633848190308,-1.2107692956924438,-1.3016752004623413,-0.8807991147041321,1.4005786180496216,0.29286253452301025,2.077921152114868,-1.2167692184448242,-1.2669025659561157,-0.8669806718826294,1.4244108200073242,0.27727046608924866,2.0420970916748047,-0.005999922752380371,0.034772634506225586,0.013818442821502686,0.023832201957702637,-0.015592068433761597,-0.03582406044006348
1769651563.544415,full,goal16.png,0.8128058910369873,-1.2140408754348755,-1.3003424406051636,-0.8779213428497314,1.4118472337722778,0.28385069966316223,2.0606396198272705,-1.219457745552063,-1.268086314201355,-0.8618957996368408,1.4330430030822754,0.2707902789115906,2.0273098945617676,-0.0054168701171875,0.032256126403808594,0.016025543212890625,0.02119576930999756,-0.013060420751571655,-0.03332972526550293
1769651563.6464958,full,goal16.png,0.8200124502182007,-1.2162522077560425,-1.2983734607696533,-0.875770628452301,1.422964334487915,0.27833759784698486,2.045039176940918,-1.2215126752853394,-1.2695910930633545,-0.858045220375061,1.439650297164917,0.26441600918769836,2.0134921073913574,-0.005260467529296875,0.028782367706298828,0.01772540807723999,0.016685962677001953,-0.013921588659286499,-0.03154706954956055
1769651563.7439463,full,goal16.png,0.8126516342163086,-1.2175244092941284,-1.2992215156555176,-0.8729231357574463,1.4306282997131348,0.27218830585479736,2.0306200981140137,-1.2229284048080444,-1.2677116394042969,-0.8603595495223999,1.4511724710464478,0.2586735188961029,1.9986817836761475,-0.005403995513916016,0.0315098762512207,0.012563586235046387,0.02054417133331299,-0.013514786958694458,-0.03193831443786621
1769651563.841723,full,goal16.png,0.8091152310371399,-1.2196447849273682,-1.3001606464385986,-0.8698636889457703,1.4388676881790161,0.2650090754032135,2.016110420227051,-1.2230825424194336,-1.2624151706695557,-0.8686766624450684,1.4645946025848389,0.2564902603626251,1.9845387935638428,-0.0034377574920654297,0.03774547576904297,0.0011870265007019043,0.025726914405822754,-0.008518815040588379,-0.03157162666320801
1769651563.941431,full,goal16.png,0.8186322450637817,-1.221280574798584,-1.2991912364959717,-0.8709238767623901,1.4504997730255127,0.26031383872032166,2.000903844833374,-1.2226860523223877,-1.257079005241394,-0.8759797215461731,1.4799288511276245,0.2564951777458191,1.9717388153076172,-0.001405477523803711,0.04211223125457764,-0.005055844783782959,0.029429078102111816,-0.0038186609745025635,-0.029165029525756836
1769651564.0414069,full,goal16.png,0.8067377805709839,-1.2215834856033325,-1.2966771125793457,-0.8760734796524048,1.4633435010910034,0.25816309452056885,1.9869089126586914,-1.2215874195098877,-1.2527461051940918,-0.8797226548194885,1.4943641424179077,0.25725919008255005,1.960397720336914,-3.933906555175781e-06,0.043931007385253906,-0.0036491751670837402,0.031020641326904297,-0.0009039044380187988,-0.026511192321777344
1769651564.1416664,full,goal16.png,0.8122876882553101,-1.2211291790008545,-1.291981816291809,-0.8811019659042358,1.478126049041748,0.2571786940097809,1.9749890565872192,-1.2201752662658691,-1.2500265836715698,-0.878044843673706,1.508055567741394,0.25769728422164917,1.947542428970337,0.0009539127349853516,0.04195523262023926,0.003057122230529785,0.029929518699645996,0.0005185902118682861,-0.027446627616882324
1769651564.2421496,full,goal16.png,0.8057249784469604,-1.2205839157104492,-1.2868322134017944,-0.8833738565444946,1.4926965236663818,0.2576632797718048,1.960691213607788,-1.2184743881225586,-1.2469656467437744,-0.876457691192627,1.5218048095703125,0.2601243257522583,1.9350731372833252,0.002109527587890625,0.03986656665802002,0.006916165351867676,0.029108285903930664,0.002461045980453491,-0.02561807632446289
1769651564.3421154,full,goal16.png,0.8049613237380981,-1.2201294898986816,-1.2840756177902222,-0.8835556507110596,1.5066912174224854,0.25804197788238525,1.9496195316314697,-1.2174673080444336,-1.2442948818206787,-0.8744865655899048,1.5409783124923706,0.26239556074142456,1.9207944869995117,0.002662181854248047,0.03978073596954346,0.009069085121154785,0.034287095069885254,0.004353582859039307,-0.028825044631958008
1769651564.4435697,full,goal16.png,0.7936478853225708,-1.2183120250701904,-1.2818644046783447,-0.8831617832183838,1.5207467079162598,0.26048046350479126,1.936457633972168,-1.2159805297851562,-1.2409309148788452,-0.8731071949005127,1.5659198760986328,0.26628682017326355,1.9053711891174316,0.0023314952850341797,0.04093348979949951,0.010054588317871094,0.04517316818237305,0.00580635666847229,-0.031086444854736328
1769651564.5426817,full,goal16.png,0.8019802570343018,-1.2167973518371582,-1.278017282485962,-0.8821318745613098,1.54052734375,0.26294925808906555,1.9223264455795288,-1.2131227254867554,-1.2345683574676514,-0.874962329864502,1.5932012796401978,0.2696380317211151,1.8904863595962524,0.003674626350402832,0.04344892501831055,0.007169544696807861,0.052673935890197754,0.0066887736320495605,-0.03184008598327637
1769651564.6402965,full,goal16.png,0.8156741261482239,-1.2160098552703857,-1.27401864528656,-0.8817077875137329,1.564518690109253,0.2666145861148834,1.907453179359436,-1.2093247175216675,-1.2241467237472534,-0.8824024200439453,1.6221686601638794,0.2707609236240387,1.8772268295288086,0.006685137748718262,0.04987192153930664,-0.0006946325302124023,0.057649970054626465,0.0041463375091552734,-0.03022634983062744
1769651564.7442777,full,goal16.png,0.8001165390014648,-1.2130411863327026,-1.2680511474609375,-0.88285893201828,1.5902668237686157,0.2689773738384247,1.8927009105682373,-1.206831693649292,-1.2125270366668701,-0.8912208080291748,1.6501476764678955,0.26707834005355835,1.8649519681930542,0.0062094926834106445,0.05552411079406738,-0.008361876010894775,0.059880852699279785,-0.001899033784866333,-0.027748942375183105
1769651564.8421054,full,goal16.png,0.8051167130470276,-1.2100423574447632,-1.2588424682617188,-0.8875845074653625,1.6194379329681396,0.2696286737918854,1.8796602487564087,-1.2053159475326538,-1.2019751071929932,-0.8967328667640686,1.6771361827850342,0.26293694972991943,1.850466251373291,0.004726409912109375,0.056867361068725586,-0.009148359298706055,0.05769824981689453,-0.006691724061965942,-0.029193997383117676
1769651564.940564,full,goal16.png,0.7995193004608154,-1.2077703475952148,-1.249451994895935,-0.8949756622314453,1.6485486030578613,0.26643288135528564,1.8653169870376587,-1.2038822174072266,-1.1919169425964355,-0.8996540307998657,1.7035149335861206,0.2599340081214905,1.8322328329086304,0.0038881301879882812,0.05753505229949951,-0.00467836856842041,0.05496633052825928,-0.006498873233795166,-0.03308415412902832
1769651565.0428052,full,goal16.png,0.7954551577568054,-1.2057710886001587,-1.2398191690444946,-0.9013369679450989,1.6740845441818237,0.26366111636161804,1.850882887840271,-1.2012708187103271,-1.182717204093933,-0.9009655117988586,1.727644443511963,0.25902706384658813,1.8135672807693481,0.004500269889831543,0.05710196495056152,0.0003714561462402344,0.05355989933013916,-0.004634052515029907,-0.03731560707092285
1769651565.1450052,full,goal16.png,0.7975526452064514,-1.2040444612503052,-1.2313677072525024,-0.9050022959709167,1.7002266645431519,0.260722815990448,1.8342525959014893,-1.1985037326812744,-1.174394965171814,-0.9024803638458252,1.7512834072113037,0.25986629724502563,1.796046257019043,0.005540728569030762,0.05697274208068848,0.0025219321250915527,0.051056742668151855,-0.0008565187454223633,-0.03820633888244629
1769651565.2425425,full,goal16.png,0.8040406107902527,-1.2021057605743408,-1.222340703010559,-0.9070924520492554,1.7245208024978638,0.260162353515625,1.8150626420974731,-1.1960437297821045,-1.1673061847686768,-0.9040855169296265,1.7745825052261353,0.26059281826019287,1.7812391519546509,0.006062030792236328,0.055034518241882324,0.0030069351196289062,0.050061702728271484,0.0004304647445678711,-0.033823490142822266
1769651565.3445709,full,goal16.png,0.8019466996192932,-1.2006820440292358,-1.214495062828064,-0.9086979627609253,1.7483000755310059,0.2604350447654724,1.7989777326583862,-1.1932437419891357,-1.1585595607757568,-0.9081444144248962,1.801180362701416,0.2637631893157959,1.7670073509216309,0.007438302040100098,0.05593550205230713,0.0005535483360290527,0.052880287170410156,0.0033281445503234863,-0.03197038173675537
1769651565.4450388,full,goal16.png,0.813970685005188,-1.1968653202056885,-1.2094666957855225,-0.9106972217559814,1.7715034484863281,0.26135897636413574,1.7844223976135254,-1.1899089813232422,-1.1481374502182007,-0.914962649345398,1.829447865486145,0.26624080538749695,1.7537901401519775,0.006956338882446289,0.06132924556732178,-0.004265427589416504,0.057944416999816895,0.004881829023361206,-0.03063225746154785
1769651565.5445302,full,goal16.png,0.8052805662155151,-1.1922305822372437,-1.2046502828598022,-0.9153016209602356,1.7988570928573608,0.2645699083805084,1.7692461013793945,-1.1867494583129883,-1.1391725540161133,-0.9197819232940674,1.8553295135498047,0.27142593264579773,1.7404853105545044,0.005481123924255371,0.06547772884368896,-0.004480302333831787,0.05647242069244385,0.006856024265289307,-0.028760790824890137
1769651565.644143,full,goal16.png,0.8090810179710388,-1.189474105834961,-1.1947447061538696,-0.9215720295906067,1.8250293731689453,0.26700839400291443,1.756023645401001,-1.1837338209152222,-1.1318858861923218,-0.9231992959976196,1.8780429363250732,0.2764410078525543,1.726548433303833,0.0057402849197387695,0.06285881996154785,-0.0016272664070129395,0.05301356315612793,0.009432613849639893,-0.02947521209716797
1769651565.7437418,full,goal16.png,0.8091436624526978,-1.1878080368041992,-1.1820523738861084,-0.9252979159355164,1.850656509399414,0.27156734466552734,1.7421953678131104,-1.1816773414611816,-1.1255273818969727,-0.9266138076782227,1.9001216888427734,0.2802119553089142,1.7125000953674316,0.006130695343017578,0.05652499198913574,-0.0013158917427062988,0.049465179443359375,0.00864461064338684,-0.02969527244567871
1769651565.8435576,full,goal16.png,0.8055155277252197,-1.184899926185608,-1.1715712547302246,-0.9295691251754761,1.8761924505233765,0.27664119005203247,1.7272160053253174,-1.1801409721374512,-1.119628667831421,-0.9323643445968628,1.9247643947601318,0.2789824903011322,1.6990852355957031,0.004758954048156738,0.05194258689880371,-0.0027952194213867188,0.04857194423675537,0.0023413002490997314,-0.028130769729614258
1769651565.9457464,full,goal16.png,0.8081995248794556,-1.1819919347763062,-1.1659067869186401,-0.9333555698394775,1.8981239795684814,0.2784738838672638,1.7143874168395996,-1.1796047687530518,-1.1154212951660156,-0.9375003576278687,1.950299620628357,0.2768871486186981,1.6844780445098877,0.0023871660232543945,0.05048549175262451,-0.004144787788391113,0.05217564105987549,-0.0015867352485656738,-0.029909372329711914
1769651566.0437267,full,goal16.png,0.8080636858940125,-1.1813255548477173,-1.1605148315429688,-0.9377478957176208,1.9220242500305176,0.27874651551246643,1.7004834413528442,-1.1794337034225464,-1.114276647567749,-0.9370400309562683,1.9724897146224976,0.27746784687042236,1.6688798666000366,0.0018918514251708984,0.04623818397521973,0.0007078647613525391,0.05046546459197998,-0.0012786686420440674,-0.03160357475280762
1769651566.140817,full,goal16.png,0.8122175931930542,-1.1813558340072632,-1.1577885150909424,-0.9404438734054565,1.9374126195907593,0.2773226797580719,1.6921530961990356,-1.1789404153823853,-1.1134960651397705,-0.9339370727539062,1.990456223487854,0.2797480821609497,1.6535817384719849,0.0024154186248779297,0.044292449951171875,0.006506800651550293,0.05304360389709473,0.0024254024028778076,-0.03857135772705078
1769651566.2445216,full,goal16.png,0.8183900713920593,-1.1804471015930176,-1.1560314893722534,-0.9422614574432373,1.9693704843521118,0.2783982455730438,1.669843077659607,-1.1777982711791992,-1.1128605604171753,-0.9288256764411926,2.0095691680908203,0.28654173016548157,1.635873556137085,0.0026488304138183594,0.043170928955078125,0.013435781002044678,0.040198683738708496,0.008143484592437744,-0.03396952152252197
1769651566.339167,full,goal16.png,0.8161115646362305,-1.1794171333312988,-1.155243992805481,-0.9418675899505615,1.981305718421936,0.27891314029693604,1.661482572555542,-1.1765326261520386,-1.1115421056747437,-0.9257948398590088,2.0265045166015625,0.29414454102516174,1.6197692155838013,0.002884507179260254,0.043701887130737305,0.016072750091552734,0.045198798179626465,0.015231400728225708,-0.04171335697174072
1769651566.4446244,full,goal16.png,0.8126556873321533,-1.1786900758743286,-1.1480344533920288,-0.9377478957176208,2.0078413486480713,0.28794020414352417,1.6369459629058838,-1.174593448638916,-1.1109212636947632,-0.9206050038337708,2.044401168823242,0.3041688799858093,1.6017533540725708,0.004096627235412598,0.037113189697265625,0.017142891883850098,0.0365598201751709,0.016228675842285156,-0.03519260883331299
1769651566.5408707,full,goal16.png,0.8219624161720276,-1.17838716506958,-1.1444298028945923,-0.9361425042152405,2.0166261196136475,0.29075729846954346,1.628979206085205,-1.1733120679855347,-1.1098732948303223,-0.9166702032089233,2.060410737991333,0.3102971315383911,1.5849617719650269,0.00507509708404541,0.03455650806427002,0.01947230100631714,0.04378461837768555,0.019539833068847656,-0.04401743412017822
1769651566.642205,full,goal16.png,0.8238934278488159,-1.1762970685958862,-1.1418851613998413,-0.9322347640991211,2.0355887413024902,0.3001024127006531,1.611818790435791,-1.171919345855713,-1.107077956199646,-0.9142842292785645,2.0783746242523193,0.312336802482605,1.5673182010650635,0.00437772274017334,0.03480720520019531,0.01795053482055664,0.0427858829498291,0.012234389781951904,-0.04450058937072754
1769651566.7411153,full,goal16.png,0.8229451179504395,-1.174328088760376,-1.141703486442566,-0.9289935231208801,2.0516436100006104,0.3079327642917633,1.5948100090026855,-1.1701090335845947,-1.1044671535491943,-0.9122719168663025,2.095215320587158,0.3145029544830322,1.5479832887649536,0.00421905517578125,0.03723633289337158,0.016721606254577637,0.04357171058654785,0.006570190191268921,-0.046826720237731934
1769651566.843444,full,goal16.png,0.8259115219116211,-1.173691987991333,-1.1392498016357422,-0.9258734583854675,2.069122076034546,0.31079545617103577,1.5767710208892822,-1.1671944856643677,-1.1020296812057495,-0.9090064764022827,2.1094934940338135,0.31928694248199463,1.5311918258666992,0.006497502326965332,0.037220120429992676,0.016866981983184814,0.04037141799926758,0.008491486310958862,-0.04557919502258301
1769651566.9402192,full,goal16.png,0.8315549492835999,-1.1726317405700684,-1.135826826095581,-0.9232683777809143,2.0869033336639404,0.3134610652923584,1.5582627058029175,-1.165808081626892,-1.0993483066558838,-0.9062620401382446,2.123687267303467,0.32344159483909607,1.5169950723648071,0.0068236589431762695,0.036478519439697266,0.017006337642669678,0.03678393363952637,0.009980529546737671,-0.04126763343811035
1769651567.041496,full,goal16.png,0.8296935558319092,-1.1696934700012207,-1.1340396404266357,-0.9206632971763611,2.1011102199554443,0.31718704104423523,1.541087031364441,-1.165830373764038,-1.0964268445968628,-0.905434250831604,2.139831066131592,0.3264501690864563,1.5041866302490234,0.003863096237182617,0.03761279582977295,0.01522904634475708,0.03872084617614746,0.00926312804222107,-0.03690040111541748
1769651567.1405284,full,goal16.png,0.8374875783920288,-1.1669671535491943,-1.1325856447219849,-0.9178763628005981,2.116407871246338,0.321791410446167,1.5257896184921265,-1.166567087173462,-1.0967062711715698,-0.8990656137466431,2.158601760864258,0.332991361618042,1.4905660152435303,0.0004000663757324219,0.03587937355041504,0.018810749053955078,0.04219388961791992,0.011199951171875,-0.03522360324859619
1769651567.2413514,full,goal16.png,0.8253332376480103,-1.1660281419754028,-1.1295866966247559,-0.9163618087768555,2.1316444873809814,0.3249872028827667,1.5118099451065063,-1.1666715145111084,-1.099931001663208,-0.8869887590408325,2.1788322925567627,0.34456759691238403,1.4746575355529785,-0.0006433725357055664,0.02965569496154785,0.02937304973602295,0.04718780517578125,0.01958039402961731,-0.03715240955352783
1769651567.3422787,full,goal16.png,0.827462911605835,-1.16627037525177,-1.127496600151062,-0.9117271304130554,2.1498804092407227,0.33036401867866516,1.4982542991638184,-1.1671268939971924,-1.1022741794586182,-0.8758164048194885,2.1993041038513184,0.35652482509613037,1.4582923650741577,-0.0008565187454223633,0.025222420692443848,0.035910725593566895,0.0494236946105957,0.02616080641746521,-0.039961934089660645
1769651567.4435802,full,goal16.png,0.8242915868759155,-1.1667853593826294,-1.128768801689148,-0.9027910232543945,2.1698124408721924,0.3399968147277832,1.4835022687911987,-1.1669551134109497,-1.1054673194885254,-0.8629388809204102,2.2214488983154297,0.3675612211227417,1.4411537647247314,-0.0001697540283203125,0.02330148220062256,0.039852142333984375,0.051636457443237305,0.027564406394958496,-0.042348504066467285
1769651567.5414057,full,goal16.png,0.8268367052078247,-1.1670277118682861,-1.1314042806625366,-0.8913103938102722,2.188805341720581,0.35123518109321594,1.467629075050354,-1.1651190519332886,-1.1105300188064575,-0.8458824157714844,2.244138240814209,0.3819385766983032,1.4247667789459229,0.0019086599349975586,0.0208742618560791,0.04542797803878784,0.05533289909362793,0.03070339560508728,-0.04286229610443115
1769651567.6425157,full,goal16.png,0.825701117515564,-1.1667853593826294,-1.13364577293396,-0.8798297643661499,2.2107367515563965,0.3627612888813019,1.449802279472351,-1.16257905960083,-1.117511510848999,-0.8259237408638,2.2660069465637207,0.39716243743896484,1.4082814455032349,0.004206299781799316,0.016134262084960938,0.053906023502349854,0.05527019500732422,0.034401148557662964,-0.04152083396911621
1769651567.742939,full,goal16.png,0.8147527575492859,-1.1660584211349487,-1.1363418102264404,-0.86504727602005,2.2330617904663086,0.37572622299194336,1.4337173700332642,-1.1606416702270508,-1.1242440938949585,-0.8042033314704895,2.290511131286621,0.41248199343681335,1.38974130153656,0.005416750907897949,0.012097716331481934,0.06084394454956055,0.0574493408203125,0.036755770444869995,-0.0439760684967041
1769651567.8431787,full,goal16.png,0.8091018199920654,-1.1642711162567139,-1.141067385673523,-0.8469023704528809,2.255084276199341,0.39019057154655457,1.417374849319458,-1.1601535081863403,-1.1297045946121216,-0.7816924452781677,2.3183131217956543,0.4283123314380646,1.3657892942428589,0.004117608070373535,0.011362791061401367,0.06520992517471313,0.06322884559631348,0.03812175989151001,-0.05158555507659912
1769651567.940979,full,goal16.png,0.8109753131866455,-1.162029504776001,-1.147792100906372,-0.8265461921691895,2.2791664600372314,0.40570005774497986,1.3991390466690063,-1.159067153930664,-1.1327896118164062,-0.761677086353302,2.3480851650238037,0.446325421333313,1.3387525081634521,0.002962350845336914,0.01500248908996582,0.06486910581588745,0.06891870498657227,0.04062536358833313,-0.0603865385055542
1769651568.0425022,full,goal16.png,0.8126171231269836,-1.1606967449188232,-1.1562436819076538,-0.8041604161262512,2.305399179458618,0.4214973747730255,1.377192497253418,-1.1584446430206299,-1.1347919702529907,-0.7446789145469666,2.377283811569214,0.4656929671764374,1.312650203704834,0.0022521018981933594,0.021451711654663086,0.05948150157928467,0.0718846321105957,0.044195592403411865,-0.06454229354858398
1769651568.142938,full,goal16.png,0.8223484754562378,-1.1592730283737183,-1.1616053581237793,-0.7845009565353394,2.3339040279388428,0.43850624561309814,1.3523683547973633,-1.1587916612625122,-1.13802170753479,-0.7264711260795593,2.4085755348205566,0.4887029528617859,1.2843401432037354,0.0004813671112060547,0.023583650588989258,0.05802983045578003,0.07467150688171387,0.050196707248687744,-0.06802821159362793
1769651568.2428443,full,goal16.png,0.8038727045059204,-1.1588488817214966,-1.1636651754379272,-0.7658714056015015,2.364316940307617,0.45845353603363037,1.3249691724777222,-1.158990502357483,-1.141526699066162,-0.7072972655296326,2.437882423400879,0.5141901969909668,1.2584800720214844,-0.00014162063598632812,0.022138476371765137,0.058574140071868896,0.07356548309326172,0.055736660957336426,-0.06648910045623779
1769651568.3410344,full,goal16.png,0.8115772604942322,-1.1590306758880615,-1.1650586128234863,-0.7469086647033691,2.39363956451416,0.47918835282325745,1.297903299331665,-1.156934142112732,-1.1419408321380615,-0.6904236078262329,2.4658563137054443,0.5381566882133484,1.2355421781539917,0.00209653377532959,0.023117780685424805,0.05648505687713623,0.07221674919128418,0.05896833539009094,-0.06236112117767334
1769651568.443553,full,goal16.png,0.8143514394760132,-1.159212350845337,-1.1678152084350586,-0.7291878461837769,2.4231441020965576,0.5031039118766785,1.2719885110855103,-1.1538437604904175,-1.141692876815796,-0.6704455614089966,2.495030164718628,0.5637714862823486,1.2100415229797363,0.005368590354919434,0.026122331619262695,0.05874228477478027,0.07188606262207031,0.060667574405670166,-0.061946988105773926
1769651568.5397127,full,goal16.png,0.8000317811965942,-1.1580309867858887,-1.17035973072052,-0.7121638059616089,2.451709508895874,0.5268527865409851,1.24811851978302,-1.1500630378723145,-1.143341064453125,-0.6479685306549072,2.5244340896606445,0.5899646282196045,1.1807665824890137,0.007967948913574219,0.02701866626739502,0.06419527530670166,0.07272458076477051,0.06311184167861938,-0.06735193729400635
1769651568.6407928,full,goal16.png,0.820831835269928,-1.1554561853408813,-1.171147346496582,-0.6911411285400391,2.4814257621765137,0.553206741809845,1.221825122833252,-1.1453412771224976,-1.1473348140716553,-0.6210349798202515,2.5547690391540527,0.6182700991630554,1.146113634109497,0.010114908218383789,0.023812532424926758,0.0701061487197876,0.07334327697753906,0.06506335735321045,-0.07571148872375488
1769651568.7415197,full,goal16.png,0.8252425193786621,-1.1528208255767822,-1.1716623306274414,-0.6702094078063965,2.5104150772094727,0.5787125825881958,1.1943503618240356,-1.140801191329956,-1.1511503458023071,-0.5971683263778687,2.57928466796875,0.645330011844635,1.1162478923797607,0.012019634246826172,0.020511984825134277,0.07304108142852783,0.06886959075927734,0.06661742925643921,-0.0781024694442749
1769651568.8409436,full,goal16.png,0.8123338222503662,-1.148610234260559,-1.1740856170654297,-0.6453700661659241,2.5391016006469727,0.606141984462738,1.1626194715499878,-1.1369315385818481,-1.1546449661254883,-0.5727517604827881,2.5983667373657227,0.6747834086418152,1.0902897119522095,0.011678695678710938,0.019440650939941406,0.07261830568313599,0.05926513671875,0.06864142417907715,-0.07232975959777832
1769651568.9415488,full,goal16.png,0.8260707855224609,-1.1433696746826172,-1.17890202999115,-0.6207426190376282,2.56642484664917,0.6353889107704163,1.130222201347351,-1.1337041854858398,-1.1576780080795288,-0.5477267503738403,2.614058017730713,0.7052235007286072,1.0678168535232544,0.009665489196777344,0.021224021911621094,0.07301586866378784,0.04763317108154297,0.06983458995819092,-0.06240534782409668
1769651569.0416749,full,goal16.png,0.8032200932502747,-1.138735055923462,-1.1841727495193481,-0.5976904630661011,2.587841272354126,0.6632119417190552,1.1035501956939697,-1.1310147047042847,-1.1589245796203613,-0.5251426696777344,2.6271796226501465,0.7344614267349243,1.0500452518463135,0.007720351219177246,0.025248169898986816,0.0725477933883667,0.03933835029602051,0.07124948501586914,-0.05350494384765625
1769651569.1403284,full,goal16.png,0.8090145587921143,-1.135251522064209,-1.1877775192260742,-0.5739113092422485,2.605198621749878,0.691095769405365,1.0793923139572144,-1.12862229347229,-1.1598033905029297,-0.5052025318145752,2.6382551193237305,0.760337233543396,1.0363245010375977,0.006629228591918945,0.02797412872314453,0.06870877742767334,0.03305649757385254,0.069241464138031,-0.0430678129196167
1769651569.2417152,full,goal16.png,0.8007239103317261,-1.1328281164169312,-1.189564824104309,-0.5479813814163208,2.6201024055480957,0.7215088605880737,1.058369755744934,-1.1258599758148193,-1.1589668989181519,-0.4897831082344055,2.6452600955963135,0.7827531099319458,1.0286548137664795,0.006968140602111816,0.030597925186157227,0.05819827318191528,0.025157690048217773,0.06124424934387207,-0.02971494197845459
1769651569.340907,full,goal16.png,0.803888201713562,-1.1310712099075317,-1.1901706457138062,-0.5272313952445984,2.6318252086639404,0.7480900287628174,1.0432389974594116,-1.1221275329589844,-1.1580243110656738,-0.4741477966308594,2.6490707397460938,0.8037515878677368,1.0260456800460815,0.008943676948547363,0.032146334648132324,0.053083598613739014,0.01724553108215332,0.055661559104919434,-0.017193317413330078
1769651569.441524,full,goal16.png,0.8020687699317932,-1.1283448934555054,-1.1908975839614868,-0.5110857486724854,2.640761375427246,0.7705968618392944,1.0343635082244873,-1.117234468460083,-1.1567169427871704,-0.4595514237880707,2.650562286376953,0.823925256729126,1.027378797531128,0.011110424995422363,0.034180641174316406,0.05153432488441467,0.009800910949707031,0.05332839488983154,-0.006984710693359375
1769651569.542339,full,goal16.png,0.804007351398468,-1.1248310804367065,-1.1912611722946167,-0.4952733814716339,2.6460320949554443,0.7924525141716003,1.0294408798217773,-1.1127419471740723,-1.157389521598816,-0.44507667422294617,2.6505916118621826,0.8426419496536255,1.0303215980529785,0.012089133262634277,0.03387165069580078,0.050196707248687744,0.004559516906738281,0.050189435482025146,0.0008807182312011719
1769651569.6427412,full,goal16.png,0.7919700145721436,-1.1204689741134644,-1.1903220415115356,-0.4797336161136627,2.6484856605529785,0.8139598965644836,1.0274113416671753,-1.1085708141326904,-1.1591076850891113,-0.43319955468177795,2.650136947631836,0.858652651309967,1.0333791971206665,0.011898159980773926,0.031214356422424316,0.046534061431884766,0.0016512870788574219,0.0446927547454834,0.005967855453491211
1769651569.7420797,full,goal16.png,0.7971641421318054,-1.1165915727615356,-1.1899888515472412,-0.46540552377700806,2.6493945121765137,0.8333315253257751,1.0293653011322021,-1.104029893875122,-1.1613998413085938,-0.42197197675704956,2.6483383178710938,0.8744381666183472,1.0378661155700684,0.012561678886413574,0.02858901023864746,0.043433547019958496,-0.0010561943054199219,0.04110664129257202,0.008500814437866211
1769651569.8430634,full,goal16.png,0.8005200624465942,-1.1121387481689453,-1.1906553506851196,-0.4527435004711151,2.6494855880737305,0.8492651581764221,1.0324852466583252,-1.100021481513977,-1.1639761924743652,-0.41271620988845825,2.6456072330474854,0.8889430165290833,1.0430346727371216,0.012117266654968262,0.026679158210754395,0.04002729058265686,-0.003878355026245117,0.03967785835266113,0.010549426078796387
1769651569.9426532,full,goal16.png,0.8049778938293457,-1.1072616577148438,-1.1922001838684082,-0.4413537085056305,2.648970603942871,0.8670918345451355,1.0367110967636108,-1.0970420837402344,-1.1657705307006836,-0.40738797187805176,2.6414477825164795,0.9010477066040039,1.0486029386520386,0.010219573974609375,0.02642965316772461,0.033965736627578735,-0.0075228214263916016,0.03395587205886841,0.011891841888427734
1769651570.0424228,full,goal16.png,0.8036753535270691,-1.1031420230865479,-1.194320559501648,-0.43144822120666504,2.647425651550293,0.8812685012817383,1.0409822463989258,-1.0947141647338867,-1.167513370513916,-0.40405789017677307,2.6363534927368164,0.9106294512748718,1.0540295839309692,0.008427858352661133,0.026807188987731934,0.027390331029891968,-0.011072158813476562,0.029360949993133545,0.013047337532043457
1769651570.1430056,full,goal16.png,0.8158286809921265,-1.1000522375106812,-1.1961078643798828,-0.4240873157978058,2.6441843509674072,0.8938094973564148,1.0472222566604614,-1.0931141376495361,-1.1698589324951172,-0.4012499749660492,2.633481502532959,0.9180781841278076,1.0568387508392334,0.0069380998611450195,0.026248931884765625,0.022837340831756592,-0.010702848434448242,0.024268686771392822,0.009616494178771973
1769651570.2425456,full,goal16.png,0.8112587928771973,-1.0976288318634033,-1.1976829767227173,-0.4186348021030426,2.6396708488464355,0.9048660397529602,1.0526748895645142,-1.0914671421051025,-1.171581745147705,-0.39846962690353394,2.6332640647888184,0.9240731596946716,1.0579532384872437,0.006161689758300781,0.026101231575012207,0.020165175199508667,-0.0064067840576171875,0.019207119941711426,0.005278348922729492
1769651570.3424275,full,goal16.png,0.8152477741241455,-1.0957205295562744,-1.1993188858032227,-0.4155449867248535,2.636399269104004,0.913423478603363,1.0553556680679321,-1.0902342796325684,-1.1726679801940918,-0.39705890417099,2.632585048675537,0.9286813139915466,1.0585010051727295,0.005486249923706055,0.02665090560913086,0.018486082553863525,-0.003814220428466797,0.015257835388183594,0.0031453371047973633
1769651570.4454265,full,goal16.png,0.8222042322158813,-1.0939332246780396,-1.2014998197555542,-0.412909597158432,2.635035991668701,0.9199362397193909,1.0569006204605103,-1.088983178138733,-1.1739569902420044,-0.39595770835876465,2.6312031745910645,0.9325031042098999,1.0589914321899414,0.004950046539306641,0.027542829513549805,0.01695188879966736,-0.0038328170776367188,0.012566864490509033,0.0020908117294311523
1769651570.5422297,full,goal16.png,0.8172917366027832,-1.092388391494751,-1.2034990787506104,-0.41097089648246765,2.634127378463745,0.9255706071853638,1.0581122636795044,-1.0884734392166138,-1.1757681369781494,-0.395505428314209,2.629269599914551,0.9361600875854492,1.0593364238739014,0.003914952278137207,0.027730941772460938,0.015465468168258667,-0.004857778549194336,0.01058948040008545,0.0012241601943969727
1769651570.643252,full,goal16.png,0.8223235607147217,-1.0912675857543945,-1.2044986486434937,-0.4096986651420593,2.6327037811279297,0.9295237064361572,1.0590966939926147,-1.0880998373031616,-1.1780714988708496,-0.39389684796333313,2.6275837421417236,0.9393542408943176,1.0598887205123901,0.00316774845123291,0.026427149772644043,0.015801817178726196,-0.005120038986206055,0.0098305344581604,0.0007920265197753906
1769651570.7448506,full,goal16.png,0.8152148723602295,-1.0906314849853516,-1.2056801319122314,-0.40878987312316895,2.6308863162994385,0.9327800273895264,1.0602933168411255,-1.0879292488098145,-1.1800830364227295,-0.3930206894874573,2.6268467903137207,0.9422845244407654,1.0605177879333496,0.0027022361755371094,0.025597095489501953,0.01576918363571167,-0.0040395259857177734,0.009504497051239014,0.0002244710922241211
1769651570.8431535,full,goal16.png,0.8236411809921265,-1.0902678966522217,-1.2077096700668335,-0.40742671489715576,2.6290688514709473,0.9359607100486755,1.0606870651245117,-1.087729573249817,-1.182017207145691,-0.39174941182136536,2.626962184906006,0.9440734386444092,1.0607023239135742,0.002538323402404785,0.025692462921142578,0.015677303075790405,-0.0021066665649414062,0.008112728595733643,1.52587890625e-05
1769651570.9403718,full,goal16.png,0.818305253982544,-1.0899044275283813,-1.209587812423706,-0.4062756896018982,2.627796173095703,0.9394139647483826,1.0609294176101685,-1.0879318714141846,-1.1829848289489746,-0.39155691862106323,2.6266863346099854,0.9448322057723999,1.061164379119873,0.0019725561141967773,0.026602983474731445,0.014718770980834961,-0.0011098384857177734,0.005418241024017334,0.00023496150970458984
1769651571.0404003,full,goal16.png,0.819101095199585,-1.0897226333618164,-1.2110720872879028,-0.40509429574012756,2.627553939819336,0.9413678646087646,1.0614291429519653,-1.0886280536651611,-1.1838932037353516,-0.39135849475860596,2.626112699508667,0.9456326961517334,1.0620882511138916,0.0010945796966552734,0.02717888355255127,0.013735800981521606,-0.0014412403106689453,0.00426483154296875,0.0006591081619262695
1769651571.1397388,full,goal16.png,0.8183912038803101,-1.0897833108901978,-1.2118898630142212,-0.40439754724502563,2.627281427383423,0.9425340294837952,1.0616564750671387,-1.0889651775360107,-1.1844717264175415,-0.39154738187789917,2.6252405643463135,0.9461545944213867,1.0633972883224487,0.0008181333541870117,0.027418136596679688,0.012850165367126465,-0.002040863037109375,0.0036205649375915527,0.0017408132553100586
1769651571.2428951,full,goal16.png,0.8214123249053955,-1.0899347066879272,-1.2125563621520996,-0.40391287207603455,2.626948356628418,0.9434276819229126,1.0622774362564087,-1.0896084308624268,-1.185306429862976,-0.3920600414276123,2.6256840229034424,0.9457054138183594,1.0640947818756104,0.0003262758255004883,0.027249932289123535,0.011852830648422241,-0.001264333724975586,0.0022777318954467773,0.0018173456192016602
1769651571.342113,full,goal16.png,0.8211918473243713,-1.090146780014038,-1.2131016254425049,-0.403731107711792,2.6260697841644287,0.9443061947822571,1.0631558895111084,-1.09018874168396,-1.185368537902832,-0.393075168132782,2.6249678134918213,0.9448693990707397,1.0646917819976807,-4.1961669921875e-05,0.02773308753967285,0.01065593957901001,-0.0011019706726074219,0.000563204288482666,0.0015358924865722656
1769651571.4427466,full,goal16.png,0.8201359510421753,-1.0902073383331299,-1.213707447052002,-0.403731107711792,2.626039505004883,0.9445030093193054,1.063625454902649,-1.0903810262680054,-1.1849075555801392,-0.3934400677680969,2.624866008758545,0.9444350600242615,1.0651466846466064,-0.00017368793487548828,0.028799891471862793,0.010291039943695068,-0.0011734962463378906,-6.794929504394531e-05,0.0015212297439575195
1769651571.5433362,full,goal16.png,0.8284350633621216,-1.0906010866165161,-1.2136166095733643,-0.40391287207603455,2.6257970333099365,0.944169819355011,1.0641100406646729,-1.0898714065551758,-1.1849192380905151,-0.3924140930175781,2.625239372253418,0.9451757073402405,1.0655077695846558,0.000729680061340332,0.02869737148284912,0.011498779058456421,-0.0005576610565185547,0.0010058879852294922,0.0013977289199829102
1769651571.6423173,full,goal16.png,0.8217159509658813,-1.0910857915878296,-1.2130107879638672,-0.40400373935699463,2.625373125076294,0.9438819885253906,1.0644586086273193,-1.089574933052063,-1.1848576068878174,-0.39165598154067993,2.624943971633911,0.945517897605896,1.0658493041992188,0.0015108585357666016,0.028153181076049805,0.012347757816314697,-0.0004291534423828125,0.001635909080505371,0.001390695571899414
1769651571.7435148,full,goal16.png,0.8255982398986816,-1.0912675857543945,-1.2132530212402344,-0.40394318103790283,2.625342607498169,0.9441092610359192,1.0647765398025513,-1.0891495943069458,-1.185111403465271,-0.39038094878196716,2.624392509460449,0.9460398554801941,1.0666502714157104,0.0021179914474487305,0.02814161777496338,0.013562232255935669,-0.0009500980377197266,0.0019305944442749023,0.0018737316131591797
1769651571.841281,full,goal16.png,0.820370078086853,-1.0910857915878296,-1.2136166095733643,-0.4037613868713379,2.625282049179077,0.9445484280586243,1.0652461051940918,-1.0891854763031006,-1.1852370500564575,-0.3898268938064575,2.6238226890563965,0.9457207918167114,1.0670119524002075,0.001900315284729004,0.02837955951690674,0.013934493064880371,-0.001459360122680664,0.0011723637580871582,0.0017658472061157227
1769651571.9418764,full,goal16.png,0.8220405578613281,-1.0906314849853516,-1.2134954929351807,-0.40288296341896057,2.6248276233673096,0.9451542496681213,1.0659730434417725,-1.0891529321670532,-1.1848101615905762,-0.3897390067577362,2.6234099864959717,0.945475161075592,1.0674751996994019,0.0014785528182983398,0.028685331344604492,0.013143956661224365,-0.0014176368713378906,0.0003209114074707031,0.0015021562576293945
1769651572.0420241,full,goal16.png,0.8231903314590454,-1.0904799699783325,-1.2135257720947266,-0.4022771120071411,2.624343156814575,0.9451088309288025,1.0663214921951294,-1.089221715927124,-1.184289813041687,-0.39046046137809753,2.6225078105926514,0.94507896900177,1.0677039623260498,0.001258254051208496,0.02923595905303955,0.011816650629043579,-0.0018353462219238281,-2.9861927032470703e-05,0.0013824701309204102
1769651572.141421,full,goal16.png,0.8198567032814026,-1.0904799699783325,-1.2137680053710938,-0.4020650386810303,2.6239798069000244,0.9450178742408752,1.0666849613189697,-1.0892970561981201,-1.1842997074127197,-0.39086756110191345,2.621842861175537,0.9456197023391724,1.068164348602295,0.0011829137802124023,0.029468297958374023,0.011197477579116821,-0.0021369457244873047,0.0006018280982971191,0.0014793872833251953
1769651572.2459815,full,goal16.png,0.8238257765769958,-1.0904496908187866,-1.2135863304138184,-0.40209531784057617,2.6233737468719482,0.9447605013847351,1.0670030117034912,-1.089177131652832,-1.1841979026794434,-0.3907712996006012,2.620673179626465,0.9468870162963867,1.0692914724349976,0.0012725591659545898,0.029388427734375,0.011324018239974976,-0.0027005672454833984,0.0021265149116516113,0.0022884607315063477
1769651572.3506403,full,goal16.png,0.8204669952392578,-1.0905102491378784,-1.2135257720947266,-0.40212562680244446,2.6226770877838135,0.9448513984680176,1.0673967599868774,-1.0892300605773926,-1.1844148635864258,-0.3897436261177063,2.6210076808929443,0.9477772116661072,1.0695784091949463,0.0012801885604858398,0.02911090850830078,0.01238200068473816,-0.0016694068908691406,0.0029258131980895996,0.0021816492080688477
1769651572.442788,full,goal16.png,0.8163002729415894,-1.0904496908187866,-1.2135863304138184,-0.40215596556663513,2.6217379570007324,0.9459267258644104,1.0685327053070068,-1.0885369777679443,-1.1847370862960815,-0.3876810073852539,2.6198506355285645,0.9488642811775208,1.0702238082885742,0.0019127130508422852,0.028849244117736816,0.014474958181381226,-0.0018873214721679688,0.0029375553131103516,0.0016911029815673828
1769651572.5420055,full,goal16.png,0.8134328722953796,-1.0905102491378784,-1.2136468887329102,-0.4020044803619385,2.621616840362549,0.9465780258178711,1.069123387336731,-1.0880471467971802,-1.1854627132415771,-0.3862530291080475,2.618767023086548,0.9495849609375,1.070828914642334,0.002463102340698242,0.028184175491333008,0.01575145125389099,-0.0028498172760009766,0.0030069351196289062,0.0017055273056030273
1769651572.641487,full,goal16.png,0.81395423412323,-1.090358853340149,-1.213677167892456,-0.40070196986198425,2.6207685470581055,0.9474716186523438,1.06989586353302,-1.0880515575408936,-1.1856881380081177,-0.38666832447052,2.6178090572357178,0.9487786889076233,1.070946455001831,0.002307295799255371,0.02798902988433838,0.014033645391464233,-0.0029594898223876953,0.001307070255279541,0.0010505914688110352
1769651572.74185,full,goal16.png,0.816220760345459,-1.0899649858474731,-1.2139195203781128,-0.3992176651954651,2.619920492172241,0.9482440948486328,1.0705773830413818,-1.088395118713379,-1.1851670742034912,-0.38864850997924805,2.618083953857422,0.9467706680297852,1.0700953006744385,0.0015698671340942383,0.028752446174621582,0.010569155216217041,-0.001836538314819336,-0.0014734268188476562,-0.0004820823669433594
1769651572.8409479,full,goal16.png,0.81587153673172,-1.0897226333618164,-1.2142527103424072,-0.3988843858242035,2.6191935539245605,0.948244035243988,1.070668339729309,-1.088539958000183,-1.1846591234207153,-0.3902556896209717,2.6176493167877197,0.9457296133041382,1.0699408054351807,0.0011826753616333008,0.029593586921691895,0.008628696203231812,-0.0015442371368408203,-0.0025144219398498535,-0.000727534294128418
1769651572.942166,full,goal16.png,0.821503221988678,-1.0896923542022705,-1.2144042253494263,-0.3992176651954651,2.619072198867798,0.9477594494819641,1.0707287788391113,-1.088243007659912,-1.184395670890808,-0.3907109797000885,2.6171822547912598,0.9457974433898926,1.0702191591262817,0.0014493465423583984,0.030008554458618164,0.008506685495376587,-0.001889944076538086,-0.001962006092071533,-0.0005096197128295898
1769651573.0434947,full,goal16.png,0.8207609057426453,-1.0897833108901978,-1.2140103578567505,-0.4000960886478424,2.6187996864318848,0.9468203783035278,1.0708500146865845,-1.0873186588287354,-1.184112548828125,-0.39010509848594666,2.6164698600769043,0.9467387199401855,1.0711028575897217,0.0024646520614624023,0.02989780902862549,0.009990990161895752,-0.0023298263549804688,-8.165836334228516e-05,0.00025284290313720703
1769651573.1473691,full,goal16.png,0.8104411363601685,-1.0898135900497437,-1.213677167892456,-0.4006413221359253,2.61846661567688,0.9465325474739075,1.0709559917449951,-1.0866131782531738,-1.1844037771224976,-0.38943982124328613,2.616173505783081,0.9474343061447144,1.071553349494934,0.0032004117965698242,0.029273390769958496,0.01120150089263916,-0.002293109893798828,0.0009017586708068848,0.0005973577499389648
1769651573.240769,full,goal16.png,0.8196827173233032,-1.0894802808761597,-1.2136166095733643,-0.40070196986198425,2.6179211139678955,0.9465174078941345,1.0710924863815308,-1.0858056545257568,-1.1848070621490479,-0.3889755308628082,2.6161866188049316,0.9485037326812744,1.0719914436340332,0.003674626350402832,0.028809547424316406,0.011726438999176025,-0.0017344951629638672,0.0019863247871398926,0.0008989572525024414
1769651573.3416936,full,goal16.png,0.8156063556671143,-1.0885412693023682,-1.2135560512542725,-0.4005807638168335,2.617497205734253,0.9467446208000183,1.0713196992874146,-1.0851601362228394,-1.1853523254394531,-0.3880249857902527,2.617133617401123,0.9493227005004883,1.0720100402832031,0.0033811330795288086,0.028203725814819336,0.01255577802658081,-0.0003635883331298828,0.0025780797004699707,0.0006903409957885742
1769651573.4416735,full,goal16.png,0.8226613998413086,-1.0876022577285767,-1.2137982845306396,-0.40039896965026855,2.6173455715179443,0.9472141265869141,1.0716981887817383,-1.0851736068725586,-1.1854041814804077,-0.38783636689186096,2.6161539554595947,0.9501491785049438,1.0721840858459473,0.0024286508560180664,0.028394103050231934,0.012562602758407593,-0.0011916160583496094,0.002935051918029785,0.0004858970642089844
1769651573.5416474,full,goal16.png,0.8156719207763672,-1.0868449211120605,-1.2140709161758423,-0.3999446630477905,2.6175878047943115,0.9476533532142639,1.0720163583755493,-1.0851571559906006,-1.1857842206954956,-0.3867589831352234,2.615330934524536,0.9516175389289856,1.0724468231201172,0.001687765121459961,0.02828669548034668,0.013185679912567139,-0.0022568702697753906,0.00396418571472168,0.0004304647445678711
1769651573.6426425,full,goal16.png,0.817663311958313,-1.0864511728286743,-1.2140406370162964,-0.3996416926383972,2.617406129837036,0.9483802914619446,1.0723798274993896,-1.0850352048873901,-1.186335802078247,-0.385822594165802,2.614762306213379,0.9529677033424377,1.0725555419921875,0.0014159679412841797,0.027704834938049316,0.013819098472595215,-0.0026438236236572266,0.004587411880493164,0.00017571449279785156
1769651573.7426953,full,goal16.png,0.8150948286056519,-1.086360216140747,-1.214464783668518,-0.39909645915031433,2.6168911457061768,0.949455738067627,1.0728492736816406,-1.0849270820617676,-1.1867058277130127,-0.3848685324192047,2.61436128616333,0.9544520378112793,1.0728743076324463,0.0014331340789794922,0.02775895595550537,0.01422792673110962,-0.0025298595428466797,0.004996299743652344,2.5033950805664062e-05
1769651573.8415673,full,goal16.png,0.8263839483261108,-1.0862996578216553,-1.2146161794662476,-0.3984602987766266,2.6164066791534424,0.9506371021270752,1.072879672050476,-1.0844722986221313,-1.1866600513458252,-0.3838040232658386,2.61368465423584,0.9559124708175659,1.0739229917526245,0.0018273591995239258,0.027956128120422363,0.014656275510787964,-0.002722024917602539,0.005275368690490723,0.0010433197021484375
1769651573.944771,full,goal16.png,0.8286353349685669,-1.0862693786621094,-1.2149494886398315,-0.39755159616470337,2.615921974182129,0.9521517753601074,1.0732128620147705,-1.0839325189590454,-1.1871352195739746,-0.3819514513015747,2.6134023666381836,0.957587480545044,1.075035810470581,0.002336859703063965,0.027814269065856934,0.015600144863128662,-0.0025196075439453125,0.0054357051849365234,0.0018229484558105469
1769651574.0448854,full,goal16.png,0.8218273520469666,-1.0858149528503418,-1.2152522802352905,-0.3966125249862671,2.6154978275299072,0.9535906314849854,1.0741063356399536,-1.083476185798645,-1.186955451965332,-0.38154128193855286,2.6123807430267334,0.9587644338607788,1.0762591361999512,0.0023387670516967773,0.028296828269958496,0.015071243047714233,-0.003117084503173828,0.005173802375793457,0.0021528005599975586
1769651574.142598,full,goal16.png,0.8170140981674194,-1.085148572921753,-1.2155855894088745,-0.39503732323646545,2.615225315093994,0.9552263617515564,1.0753180980682373,-1.083411693572998,-1.1866540908813477,-0.38184455037117004,2.61079740524292,0.9594948887825012,1.0776557922363281,0.0017368793487548828,0.028931498527526855,0.01319277286529541,-0.004427909851074219,0.004268527030944824,0.0023376941680908203
1769651574.2406328,full,goal16.png,0.8178330659866333,-1.08451247215271,-1.2156764268875122,-0.3940982520580292,2.614558696746826,0.9565137028694153,1.0764237642288208,-1.0831348896026611,-1.1871522665023804,-0.3816909193992615,2.6102612018585205,0.9600342512130737,1.078363299369812,0.0013775825500488281,0.028524160385131836,0.0124073326587677,-0.004297494888305664,0.0035205483436584473,0.001939535140991211
1769651574.3419456,full,goal16.png,0.8177284002304077,-1.0841792821884155,-1.2156158685684204,-0.39379534125328064,2.6131350994110107,0.9576800465583801,1.077620267868042,-1.0830239057540894,-1.1872729063034058,-0.3821919560432434,2.609212875366211,0.9605573415756226,1.0788793563842773,0.0011553764343261719,0.02834296226501465,0.011603385210037231,-0.003922224044799805,0.0028772950172424316,0.0012590885162353516
1769651574.4418948,full,goal16.png,0.8217698931694031,-1.0839672088623047,-1.2158279418945312,-0.39364394545555115,2.612438440322876,0.958725094795227,1.0786652565002441,-1.0836939811706543,-1.1870182752609253,-0.38431280851364136,2.6073267459869385,0.9601279497146606,1.0789768695831299,0.0002732276916503906,0.028809666633605957,0.00933113694190979,-0.0051116943359375,0.0014028549194335938,0.0003116130828857422
1769651574.5405004,full,goal16.png,0.807050347328186,-1.0839369297027588,-1.2159793376922607,-0.39367422461509705,2.6116206645965576,0.9593461155891418,1.0793468952178955,-1.084010362625122,-1.1869473457336426,-0.3849944472312927,2.6054787635803223,0.9603670239448547,1.0798802375793457,-7.343292236328125e-05,0.029031991958618164,0.008679777383804321,-0.0061419010162353516,0.0010209083557128906,0.0005333423614501953
1769651574.6426997,full,goal16.png,0.8174795508384705,-1.084330677986145,-1.2157976627349854,-0.39415889978408813,2.6101362705230713,0.9594066143035889,1.07952880859375,-1.084312081336975,-1.1869616508483887,-0.3851325809955597,2.6045541763305664,0.9598541259765625,1.0805503129959106,1.8596649169921875e-05,0.02883601188659668,0.009026318788528442,-0.005582094192504883,0.0004475116729736328,0.0010215044021606445
1769651574.7424464,full,goal16.png,0.8197985887527466,-1.0847245454788208,-1.21576726436615,-0.3947646915912628,2.6081976890563965,0.9596641659736633,1.0799981355667114,-1.0844237804412842,-1.1863675117492676,-0.3860269784927368,2.6044938564300537,0.9581608772277832,1.0807744264602661,0.0003007650375366211,0.029399752616882324,0.008737713098526001,-0.0037038326263427734,-0.001503288745880127,0.0007762908935546875
1769651574.8419938,full,goal16.png,0.819749116897583,-1.084966778755188,-1.215918779373169,-0.395097941160202,2.607046604156494,0.9596489667892456,1.0804072618484497,-1.084789514541626,-1.185533046722412,-0.38828063011169434,2.6042253971099854,0.9555746912956238,1.080615520477295,0.00017726421356201172,0.030385732650756836,0.00681731104850769,-0.002821207046508789,-0.004074275493621826,0.00020825862884521484
1769651574.9411757,full,goal16.png,0.8237055540084839,-1.085269808769226,-1.2158279418945312,-0.3956431746482849,2.6065616607666016,0.9589826464653015,1.0809221267700195,-1.0848822593688965,-1.1848715543746948,-0.39052659273147583,2.6030192375183105,0.9536640644073486,1.080683708190918,0.00038754940032958984,0.030956387519836426,0.005116581916809082,-0.0035424232482910156,-0.005318582057952881,-0.0002384185791015625
1769651575.0415585,full,goal16.png,0.8221737146377563,-1.0854514837265015,-1.2147372961044312,-0.39715775847435,2.6062588691711426,0.9570894241333008,1.0814825296401978,-1.0847713947296143,-1.1845440864562988,-0.3917699456214905,2.6017487049102783,0.9527091979980469,1.081100344657898,0.000680088996887207,0.030193209648132324,0.005387812852859497,-0.004510164260864258,-0.004380226135253906,-0.0003821849822998047
1769651575.1427245,full,goal16.png,0.8134838342666626,-1.085269808769226,-1.213889241218567,-0.3987935483455658,2.6052894592285156,0.9553172588348389,1.0814672708511353,-1.0854853391647339,-1.183884859085083,-0.3940192759037018,2.60209321975708,0.9508557319641113,1.080169439315796,-0.0002155303955078125,0.030004382133483887,0.004774272441864014,-0.003196239471435547,-0.004461526870727539,-0.0012978315353393555
1769651575.243782,full,goal16.png,0.8195900917053223,-1.0848759412765503,-1.2137680053710938,-0.4001263678073883,2.6041386127471924,0.9539692401885986,1.0816340446472168,-1.0869845151901245,-1.1837127208709717,-0.39554235339164734,2.602693557739258,0.9495300054550171,1.0790624618530273,-0.0021085739135742188,0.03005528450012207,0.004584014415740967,-0.0014450550079345703,-0.004439234733581543,-0.002571582794189453
1769651575.3443127,full,goal16.png,0.8227988481521606,-1.085148572921753,-1.2137377262115479,-0.4019439220428467,2.603895902633667,0.952454686164856,1.0809372663497925,-1.0882351398468018,-1.1838979721069336,-0.3963596224784851,2.6026782989501953,0.9486340284347534,1.0783945322036743,-0.003086566925048828,0.029839754104614258,0.005584299564361572,-0.0012176036834716797,-0.003820657730102539,-0.002542734146118164
1769651575.443224,full,goal16.png,0.8183070421218872,-1.0868449211120605,-1.2135257720947266,-0.403216153383255,2.603926420211792,0.9512279033660889,1.0799527168273926,-1.0883519649505615,-1.1846421957015991,-0.39520663022994995,2.6025097370147705,0.9491957426071167,1.0787315368652344,-0.0015070438385009766,0.02888357639312744,0.008009523153305054,-0.0014166831970214844,-0.002032160758972168,-0.0012211799621582031
1769651575.543872,full,goal16.png,0.8198442459106445,-1.0891470909118652,-1.212465524673462,-0.4040340185165405,2.6040170192718506,0.9503644704818726,1.079331874847412,-1.0884191989898682,-1.184800624847412,-0.3954559564590454,2.602428913116455,0.9485872983932495,1.0790687799453735,0.0007278919219970703,0.027664899826049805,0.008578062057495117,-0.0015881061553955078,-0.0017771720886230469,-0.0002630949020385742
1769651575.6403863,full,goal16.png,0.8216582536697388,-1.089571237564087,-1.2120716571807861,-0.40400373935699463,2.603986978530884,0.9502584338188171,1.0792863368988037,-1.0886622667312622,-1.184569239616394,-0.3973182439804077,2.6032259464263916,0.9468043446540833,1.0786573886871338,0.000908970832824707,0.02750241756439209,0.006685495376586914,-0.0007610321044921875,-0.0034540891647338867,-0.0006289482116699219
1769651575.7435944,full,goal16.png,0.8229014277458191,-1.0890562534332275,-1.212465524673462,-0.4040642976760864,2.6040475368499756,0.9500464200973511,1.0794378519058228,-1.0897468328475952,-1.1839193105697632,-0.4003037214279175,2.6042795181274414,0.9436917304992676,1.077502727508545,-0.0006905794143676758,0.02854621410369873,0.0037605762481689453,0.0002319812774658203,-0.006354689598083496,-0.001935124397277832
1769651575.8399355,full,goal16.png,0.82352215051651,-1.0891470909118652,-1.2124049663543701,-0.4048519432544708,2.604259729385376,0.9488953351974487,1.0791349411010742,-1.0902652740478516,-1.1839529275894165,-0.4017861783504486,2.604116916656494,0.941885769367218,1.0771652460098267,-0.0011181831359863281,0.028452038764953613,0.003065764904022217,-0.00014281272888183594,-0.007009565830230713,-0.0019696950912475586
1769651575.9382732,full,goal16.png,0.822665810585022,-1.0902981758117676,-1.2117081880569458,-0.4068814814090729,2.6049563884735107,0.9460781812667847,1.0778930187225342,-1.0901676416397095,-1.1839230060577393,-0.4016910493373871,2.603673219680786,0.9419647455215454,1.0775744915008545,0.00013053417205810547,0.027785181999206543,0.005190432071685791,-0.0012831687927246094,-0.004113435745239258,-0.0003185272216796875
1769651576.0407135,full,goal16.png,0.8194706439971924,-1.0910555124282837,-1.2114962339401245,-0.40842634439468384,2.605228900909424,0.9444424510002136,1.077438473701477,-1.0899548530578613,-1.1840547323226929,-0.4014628529548645,2.6020009517669678,0.9425381422042847,1.0785443782806396,0.0011006593704223633,0.02744150161743164,0.006963491439819336,-0.0032279491424560547,-0.001904308795928955,0.0011059045791625977
1769651576.140604,full,goal16.png,0.8268250226974487,-1.0910252332687378,-1.2115265130996704,-0.4090927839279175,2.605198621749878,0.9438668489456177,1.0775294303894043,-1.0894992351531982,-1.184497356414795,-0.4012141227722168,2.600031852722168,0.9428296089172363,1.0795303583145142,0.0015259981155395508,0.02702915668487549,0.007878661155700684,-0.005166769027709961,-0.0010372400283813477,0.0020009279251098633
1769651576.2424302,full,goal16.png,0.8271727561950684,-1.090813159942627,-1.211344599723816,-0.40927454829216003,2.6046836376190186,0.9436094760894775,1.0779080390930176,-1.0893630981445312,-1.1851048469543457,-0.40182721614837646,2.598226308822632,0.9421789050102234,1.0799680948257446,0.0014500617980957031,0.026239752769470215,0.007447332143783569,-0.006457328796386719,-0.0014305710792541504,0.0020600557327270508
1769651576.347096,full,goal16.png,0.8224369287490845,-1.0906920433044434,-1.2112234830856323,-0.40921398997306824,2.6034114360809326,0.943367063999176,1.07854425907135,-1.0897221565246582,-1.185745120048523,-0.4011557102203369,2.5983967781066895,0.9417665004730225,1.0793297290802002,0.0009698867797851562,0.025478363037109375,0.008058279752731323,-0.005014657974243164,-0.0016005635261535645,0.0007854700088500977
1769651576.4399304,full,goal16.png,0.8253454566001892,-1.0903891324996948,-1.2115567922592163,-0.4093654155731201,2.601472854614258,0.9429429173469543,1.0790895223617554,-1.090063452720642,-1.1860015392303467,-0.40060174465179443,2.597728729248047,0.9421984553337097,1.0793380737304688,0.0003256797790527344,0.02555525302886963,0.008763670921325684,-0.0037441253662109375,-0.0007444620132446289,0.0002485513687133789
1769651576.5393944,full,goal16.png,0.8212488293647766,-1.090177059173584,-1.2123745679855347,-0.409395694732666,2.6007156372070312,0.9428218603134155,1.079180359840393,-1.0902342796325684,-1.1865763664245605,-0.3989287316799164,2.596357583999634,0.942936897277832,1.0795016288757324,-5.7220458984375e-05,0.02579820156097412,0.010466963052749634,-0.004358053207397461,0.0001150369644165039,0.00032126903533935547
1769651576.635409,full,goal16.png,0.8253307938575745,-1.0902376174926758,-1.212768316268921,-0.40921398997306824,2.599806785583496,0.9428520798683167,1.079180359840393,-1.09006929397583,-1.1869473457336426,-0.3974718451499939,2.5933902263641357,0.9433616399765015,1.0803701877593994,0.00016832351684570312,0.02582097053527832,0.01174214482307434,-0.0064165592193603516,0.0005095601081848145,0.0011898279190063477
1769651576.7354662,full,goal16.png,0.8225253820419312,-1.0904799699783325,-1.212738037109375,-0.4084567129611969,2.598504066467285,0.9429429769515991,1.079180359840393,-1.0902917385101318,-1.18682062625885,-0.3972247242927551,2.5937161445617676,0.9434298276901245,1.0799119472503662,0.0001882314682006836,0.025917410850524902,0.011231988668441772,-0.004787921905517578,0.0004868507385253906,0.0007315874099731445
1769651576.8424532,full,goal16.png,0.8147282600402832,-1.0905102491378784,-1.2131016254425049,-0.4076084792613983,2.5960805416107178,0.9432307481765747,1.0794681310653687,-1.091224193572998,-1.1869533061981201,-0.3988304138183594,2.5953800678253174,0.9424413442611694,1.0783522129058838,-0.0007139444351196289,0.026148319244384766,0.00877806544303894,-0.0007004737854003906,-0.0007894039154052734,-0.0011159181594848633
1769651576.9447143,full,goal16.png,0.8245087265968323,-1.0906010866165161,-1.2129199504852295,-0.4071540832519531,2.595686912536621,0.9433064460754395,1.0794832706451416,-1.0922656059265137,-1.1869049072265625,-0.40120697021484375,2.5962743759155273,0.9410368204116821,1.0772860050201416,-0.0016645193099975586,0.026015043258666992,0.005947113037109375,0.00058746337890625,-0.0022696256637573242,-0.002197265625
1769651577.0420854,full,goal16.png,0.8118541240692139,-1.090994954109192,-1.212465524673462,-0.40730559825897217,2.596050500869751,0.9432004690170288,1.0792560577392578,-1.0924360752105713,-1.1868383884429932,-0.4016394317150116,2.5960466861724854,0.9410120248794556,1.0771037340164185,-0.0014411211013793945,0.02562713623046875,0.005666166543960571,-3.814697265625e-06,-0.002188444137573242,-0.0021523237228393555
1769651577.1430554,full,goal16.png,0.8179416656494141,-1.0919036865234375,-1.2124958038330078,-0.40842634439468384,2.596626043319702,0.9424886107444763,1.07854425907135,-1.0924277305603027,-1.1865410804748535,-0.4013432264328003,2.5951743125915527,0.9416775107383728,1.0773974657058716,-0.0005240440368652344,0.025954723358154297,0.007083117961883545,-0.001451730728149414,-0.0008111000061035156,-0.0011467933654785156
1769651577.2467234,full,goal16.png,0.8177883625030518,-1.0924792289733887,-1.212768316268921,-0.4090625047683716,2.5967471599578857,0.9420645833015442,1.078089714050293,-1.0930018424987793,-1.186700463294983,-0.40153518319129944,2.5948638916015625,0.9421921968460083,1.077237606048584,-0.000522613525390625,0.02606785297393799,0.0075273215770721436,-0.0018832683563232422,0.00012761354446411133,-0.0008521080017089844
1769651577.3405387,full,goal16.png,0.8218765258789062,-1.0926913022994995,-1.2127985954284668,-0.40918371081352234,2.596626043319702,0.9421099424362183,1.0780444145202637,-1.0934876203536987,-1.1863304376602173,-0.4039853811264038,2.592986583709717,0.941234290599823,1.0776400566101074,-0.0007963180541992188,0.02646815776824951,0.00519832968711853,-0.0036394596099853516,-0.0008756518363952637,-0.00040435791015625
1769651577.4414852,full,goal16.png,0.8190124034881592,-1.093024492263794,-1.213343858718872,-0.409395694732666,2.596383810043335,0.9422462582588196,1.0779080390930176,-1.0937604904174805,-1.1862775087356567,-0.4066566228866577,2.5902557373046875,0.9398107528686523,1.0781583786010742,-0.0007359981536865234,0.027066349983215332,0.0027390718460083008,-0.006128072738647461,-0.0024355053901672363,0.0002503395080566406
1769651577.5419004,full,goal16.png,0.8240594863891602,-1.0932365655899048,-1.213858962059021,-0.4106680154800415,2.595353841781616,0.942110002040863,1.0780140161514282,-1.0938154458999634,-1.1867989301681519,-0.40790116786956787,2.5894250869750977,0.938846230506897,1.0777814388275146,-0.0005788803100585938,0.02706003189086914,0.002766847610473633,-0.005928754806518555,-0.0032637715339660645,-0.00023257732391357422
1769651577.6419592,full,goal16.png,0.8228254318237305,-1.0934789180755615,-1.2146161794662476,-0.41275811195373535,2.5929908752441406,0.9416858553886414,1.078256368637085,-1.0943071842193604,-1.1878849267959595,-0.40817791223526,2.5918633937835693,0.9373116493225098,1.0766582489013672,-0.0008282661437988281,0.026731252670288086,0.004580199718475342,-0.001127481460571289,-0.004374206066131592,-0.0015981197357177734
1769651577.7423825,full,goal16.png,0.8201130032539368,-1.0939937829971313,-1.215706706047058,-0.41415154933929443,2.591870069503784,0.9408224821090698,1.0780595541000366,-1.0945545434951782,-1.1884069442749023,-0.40826159715652466,2.593916654586792,0.9353859424591064,1.0759687423706055,-0.000560760498046875,0.02729976177215576,0.005889952182769775,0.0020465850830078125,-0.005436539649963379,-0.0020908117294311523
1769651577.8379202,full,goal16.png,0.8258899450302124,-1.0946300029754639,-1.2177363634109497,-0.4148785471916199,2.5923547744750977,0.9394896626472473,1.0772416591644287,-1.0949255228042603,-1.1882857084274292,-0.4089016318321228,2.5953495502471924,0.9329991340637207,1.0755053758621216,-0.0002955198287963867,0.029450654983520508,0.00597691535949707,0.0029947757720947266,-0.006490528583526611,-0.001736283302307129
1769651577.9417443,full,goal16.png,0.8327916264533997,-1.0951145887374878,-1.2201900482177734,-0.41542378067970276,2.5936574935913086,0.9373844265937805,1.076650857925415,-1.095388650894165,-1.1878371238708496,-0.40982934832572937,2.595222234725952,0.93015456199646,1.074713945388794,-0.0002740621566772461,0.03235292434692383,0.005594432353973389,0.0015647411346435547,-0.007229864597320557,-0.0019369125366210938
1769651578.0407708,full,goal16.png,0.8340749144554138,-1.095235824584961,-1.2214621305465698,-0.4160296618938446,2.5949902534484863,0.9351578950881958,1.0758785009384155,-1.0959513187408447,-1.1879379749298096,-0.41096141934394836,2.5959064960479736,0.927579939365387,1.0742003917694092,-0.0007154941558837891,0.033524155616760254,0.00506824254989624,0.0009162425994873047,-0.007577955722808838,-0.0016781091690063477
1769651578.1404433,full,goal16.png,0.8281043767929077,-1.0954174995422363,-1.2216137647628784,-0.41672641038894653,2.595353841781616,0.9322195649147034,1.0751211643218994,-1.096587061882019,-1.1887907981872559,-0.4113355875015259,2.595472812652588,0.9260521531105042,1.0743597745895386,-0.0011695623397827148,0.03282296657562256,0.005390822887420654,0.00011897087097167969,-0.006167411804199219,-0.0007613897323608398
1769651578.2367818,full,goal16.png,0.8353279829025269,-1.0957508087158203,-1.2219165563583374,-0.41754424571990967,2.595747470855713,0.9295690655708313,1.0747425556182861,-1.0978610515594482,-1.1900763511657715,-0.4122611880302429,2.5954482555389404,0.9241042137145996,1.0742039680480957,-0.0021102428436279297,0.03184020519256592,0.005283057689666748,-0.00029921531677246094,-0.0054648518562316895,-0.0005385875701904297
1769651578.3378184,full,goal16.png,0.8286266922950745,-1.0965383052825928,-1.2239158153533936,-0.41845303773880005,2.595747470855713,0.927372932434082,1.0751818418502808,-1.0992947816848755,-1.1900193691253662,-0.41554319858551025,2.5950634479522705,0.9209112524986267,1.073991060256958,-0.002756476402282715,0.033896446228027344,0.002909839153289795,-0.0006840229034423828,-0.006461679935455322,-0.001190781593322754
1769651578.4384766,full,goal16.png,0.8325145244598389,-1.0973259210586548,-1.22627854347229,-0.4195435047149658,2.595686912536621,0.9255251288414001,1.0748182535171509,-1.1008808612823486,-1.1893517971038818,-0.42134445905685425,2.5947797298431396,0.9162821769714355,1.0738964080810547,-0.0035549402236938477,0.0369267463684082,-0.0018009543418884277,-0.0009071826934814453,-0.0092429518699646,-0.0009218454360961914
1769651578.5409741,full,goal16.png,0.8297687768936157,-1.0984164476394653,-1.2270965576171875,-0.4221486449241638,2.5955657958984375,0.9227383136749268,1.074939489364624,-1.1019998788833618,-1.18747878074646,-0.4274579584598541,2.594184637069702,0.9124637842178345,1.0756688117980957,-0.0035834312438964844,0.03961777687072754,-0.005309313535690308,-0.0013811588287353516,-0.010274529457092285,0.0007293224334716797
1769651578.6449575,full,goal16.png,0.8248575925827026,-1.100112795829773,-1.2267935276031494,-0.4275102913379669,2.595353841781616,0.9186941981315613,1.0750454664230347,-1.1028579473495483,-1.1853748559951782,-0.4323389232158661,2.5934500694274902,0.9091800451278687,1.077848196029663,-0.0027451515197753906,0.04141867160797119,-0.00482863187789917,-0.0019037723541259766,-0.009514153003692627,0.002802729606628418
1769651578.7424095,full,goal16.png,0.8356274962425232,-1.1014153957366943,-1.2263695001602173,-0.4337807595729828,2.595050811767578,0.9157105088233948,1.0756362676620483,-1.103423833847046,-1.1826915740966797,-0.43595632910728455,2.5949201583862305,0.9063373804092407,1.0788480043411255,-0.0020084381103515625,0.0436779260635376,-0.002175569534301758,-0.00013065338134765625,-0.009373128414154053,0.0032117366790771484
1769651578.8416283,full,goal16.png,0.8330386877059937,-1.102172613143921,-1.2257939577102661,-0.4390818476676941,2.5945963859558105,0.91224205493927,1.0774385929107666,-1.1037062406539917,-1.1811256408691406,-0.43950390815734863,2.5963761806488037,0.9032312631607056,1.0783662796020508,-0.0015336275100708008,0.04466831684112549,-0.000422060489654541,0.001779794692993164,-0.009010791778564453,0.0009276866912841797
1769651578.9399378,full,goal16.png,0.8288314342498779,-1.1026875972747803,-1.2235524654388428,-0.44289857149124146,2.594838857650757,0.909182608127594,1.0786198377609253,-1.1035104990005493,-1.179940938949585,-0.4425494074821472,2.5987446308135986,0.8997888565063477,1.076621651649475,-0.000822901725769043,0.04361152648925781,0.0003491640090942383,0.003905773162841797,-0.009393751621246338,-0.0019981861114501953
1769651579.039372,full,goal16.png,0.8321304321289062,-1.1033540964126587,-1.2213107347488403,-0.4461701512336731,2.5955657958984375,0.905789852142334,1.0786199569702148,-1.1031674146652222,-1.1790796518325806,-0.4444478452205658,2.600749969482422,0.8970407247543335,1.0756233930587769,0.00018668174743652344,0.042231082916259766,0.0017223060131072998,0.005184173583984375,-0.008749127388000488,-0.0029965639114379883
1769651579.1429696,full,goal16.png,0.8282530903816223,-1.1036267280578613,-1.2202203273773193,-0.44947201013565063,2.5974137783050537,0.9018822312355042,1.0775597095489502,-1.1033228635787964,-1.1780564785003662,-0.44620734453201294,2.6030752658843994,0.8942149877548218,1.074774980545044,0.0003038644790649414,0.042163848876953125,0.0032646656036376953,0.005661487579345703,-0.007667243480682373,-0.00278472900390625
1769651579.2439427,full,goal16.png,0.8333420157432556,-1.103535771369934,-1.220341444015503,-0.4520165026187897,2.5996551513671875,0.899246871471405,1.0764994621276855,-1.1039810180664062,-1.1766623258590698,-0.44947972893714905,2.604860544204712,0.8911439180374146,1.0739026069641113,-0.00044524669647216797,0.043679118156433105,0.002536773681640625,0.005205392837524414,-0.008102953433990479,-0.0025968551635742188
1769651579.3394463,full,goal16.png,0.8264188766479492,-1.1034146547317505,-1.2204625606536865,-0.4541066586971283,2.602017879486084,0.8960813879966736,1.0757875442504883,-1.1045336723327637,-1.17582368850708,-0.451568603515625,2.607231616973877,0.8894532918930054,1.0721335411071777,-0.0011190176010131836,0.044638872146606445,0.002538055181503296,0.005213737487792969,-0.006628096103668213,-0.003654003143310547
1769651579.4422405,full,goal16.png,0.8270484805107117,-1.103747844696045,-1.2197356224060059,-0.45695406198501587,2.6041080951690674,0.8933398723602295,1.0747729539871216,-1.104713797569275,-1.1752488613128662,-0.4533490538597107,2.6096343994140625,0.8894057273864746,1.070992350578308,-0.0009659528732299805,0.04448676109313965,0.0036050081253051758,0.005526304244995117,-0.003934144973754883,-0.0037806034088134766
1769651579.5421975,full,goal16.png,0.8288388252258301,-1.1041415929794312,-1.218766212463379,-0.45928657054901123,2.606379985809326,0.8915375471115112,1.073667287826538,-1.105002522468567,-1.1747570037841797,-0.4569701552391052,2.612339496612549,0.8877281546592712,1.0699827671051025,-0.0008609294891357422,0.04400920867919922,0.002316415309906006,0.005959510803222656,-0.0038093924522399902,-0.003684520721435547
1769651579.6419318,full,goal16.png,0.8345839977264404,-1.1044445037841797,-1.2184330224990845,-0.46183106303215027,2.608985185623169,0.8905682563781738,1.0726069211959839,-1.1057795286178589,-1.1750521659851074,-0.4602589011192322,2.6137402057647705,0.8862118721008301,1.0690850019454956,-0.0013350248336791992,0.04338085651397705,0.0015721619129180908,0.0047550201416015625,-0.00435638427734375,-0.0035219192504882812
1769651579.7394624,full,goal16.png,0.8313175439834595,-1.1046262979507446,-1.218705654144287,-0.4647088050842285,2.611499547958374,0.8893414735794067,1.0714406967163086,-1.1066856384277344,-1.1763346195220947,-0.4604518413543701,2.6148335933685303,0.8860929012298584,1.0673167705535889,-0.002059340476989746,0.04237103462219238,0.0042569637298583984,0.00333404541015625,-0.00324857234954834,-0.0041239261627197266
1769651579.8391685,full,goal16.png,0.8360040187835693,-1.105141282081604,-1.2190691232681274,-0.4674047827720642,2.6128625869750977,0.8882054090499878,1.07051682472229,-1.1080838441848755,-1.178555965423584,-0.4585421681404114,2.615189790725708,0.8871122598648071,1.0648696422576904,-0.0029425621032714844,0.04051315784454346,0.008862614631652832,0.0023272037506103516,-0.001093149185180664,-0.005647182464599609
1769651579.9391997,full,goal16.png,0.8276839852333069,-1.1061408519744873,-1.219372034072876,-0.4683438241481781,2.6141347885131836,0.8872512578964233,1.0692899227142334,-1.1094872951507568,-1.1807570457458496,-0.4566021263599396,2.6151721477508545,0.88677978515625,1.0616207122802734,-0.0033464431762695312,0.03861498832702637,0.011741697788238525,0.0010373592376708984,-0.00047147274017333984,-0.007669210433959961
1769651580.042145,full,goal16.png,0.8348361253738403,-1.1075645685195923,-1.2204322814941406,-0.4678894281387329,2.6148014068603516,0.8871150016784668,1.0673362016677856,-1.110978126525879,-1.182166337966919,-0.4559602737426758,2.6165409088134766,0.8857839107513428,1.0585213899612427,-0.003413558006286621,0.03826594352722168,0.011929154396057129,0.001739501953125,-0.0013310909271240234,-0.008814811706542969
1769651580.1440217,full,goal16.png,0.837146520614624,-1.1089580059051514,-1.2225526571273804,-0.4669807255268097,2.614983081817627,0.8868271112442017,1.0644433498382568,-1.1121021509170532,-1.1829041242599487,-0.4568837285041809,2.6180803775787354,0.8845312595367432,1.0563700199127197,-0.0031441450119018555,0.03964853286743164,0.010096997022628784,0.0030972957611083984,-0.002295851707458496,-0.00807332992553711
1769651580.2455654,full,goal16.png,0.8293131589889526,-1.1102606058120728,-1.2244913578033447,-0.46640515327453613,2.615952253341675,0.8860697150230408,1.061565637588501,-1.1128320693969727,-1.1842091083526611,-0.456464946269989,2.6205995082855225,0.8840596675872803,1.0533772706985474,-0.0025714635848999023,0.040282249450683594,0.00994020700454712,0.004647254943847656,-0.002010047435760498,-0.008188366889953613
1769651580.3450139,full,goal16.png,0.8271926045417786,-1.1111390590667725,-1.224430799484253,-0.46640515327453613,2.617103338241577,0.8851156234741211,1.0589755773544312,-1.113149881362915,-1.18552565574646,-0.45510512590408325,2.6230204105377197,0.883785605430603,1.050217628479004,-0.002010822296142578,0.03890514373779297,0.01130002737045288,0.005917072296142578,-0.0013300180435180664,-0.008757948875427246
1769651580.437314,full,goal16.png,0.8259896039962769,-1.1121387481689453,-1.222370982170105,-0.465981125831604,2.6191329956054688,0.8848884701728821,1.0559616088867188,-1.1132208108901978,-1.185750126838684,-0.45425620675086975,2.624958038330078,0.883063554763794,1.0482271909713745,-0.0010820627212524414,0.0366208553314209,0.011724919080734253,0.005825042724609375,-0.0018249154090881348,-0.007734417915344238
1769651580.5352006,full,goal16.png,0.8226951360702515,-1.1126840114593506,-1.222067952156067,-0.4651328921318054,2.621222972869873,0.8846308588981628,1.0527658462524414,-1.1131466627120972,-1.1842094659805298,-0.45557594299316406,2.62560772895813,0.8819276094436646,1.048181414604187,-0.00046265125274658203,0.03785848617553711,0.009556949138641357,0.004384756088256836,-0.002703249454498291,-0.0045844316482543945
1769651580.6359437,full,goal16.png,0.8264080882072449,-1.1128051280975342,-1.2239763736724854,-0.46495112776756287,2.623161792755127,0.8839341998100281,1.0507060289382935,-1.1130702495574951,-1.1828187704086304,-0.45668506622314453,2.6274356842041016,0.8808825016021729,1.04767906665802,-0.0002651214599609375,0.04115760326385498,0.008266061544418335,0.004273891448974609,-0.0030516982078552246,-0.0030269622802734375
1769651580.7373521,full,goal16.png,0.8263264894485474,-1.1128051280975342,-1.22343111038208,-0.4652843773365021,2.6242825984954834,0.8831314444541931,1.049903154373169,-1.1132535934448242,-1.1828529834747314,-0.45618143677711487,2.628756523132324,0.8806653022766113,1.0463085174560547,-0.00044846534729003906,0.04057812690734863,0.009102940559387207,0.00447392463684082,-0.002466142177581787,-0.003594636917114258
1769651580.838095,full,goal16.png,0.8276864290237427,-1.1127748489379883,-1.2192206382751465,-0.46543580293655396,2.6261303424835205,0.8824045658111572,1.049267053604126,-1.113399863243103,-1.1825560331344604,-0.45631474256515503,2.630117893218994,0.8801431655883789,1.0458636283874512,-0.0006250143051147461,0.036664605140686035,0.009121060371398926,0.003987550735473633,-0.0022614002227783203,-0.0034034252166748047
1769651580.9404385,full,goal16.png,0.8271148204803467,-1.1128959655761719,-1.2160398960113525,-0.4652540981769562,2.627796173095703,0.88161700963974,1.0482673645019531,-1.114161491394043,-1.1811692714691162,-0.4593397378921509,2.631993293762207,0.8780770897865295,1.045680284500122,-0.0012655258178710938,0.03487062454223633,0.005914360284805298,0.004197120666503906,-0.0035399198532104492,-0.0025870800018310547
1769651581.0391948,full,goal16.png,0.8279318809509277,-1.1129566431045532,-1.2150403261184692,-0.46543580293655396,2.629432201385498,0.8810868263244629,1.0477070808410645,-1.114845871925354,-1.179023027420044,-0.464772492647171,2.632380962371826,0.8754964470863342,1.0470988750457764,-0.0018892288208007812,0.03601729869842529,0.0006633102893829346,0.002948760986328125,-0.005590379238128662,-0.0006082057952880859
1769651581.1408422,full,goal16.png,0.82744300365448,-1.1135019063949585,-1.213858962059021,-0.467011034488678,2.6312801837921143,0.8795267343521118,1.0469951629638672,-1.1155176162719727,-1.1771020889282227,-0.47085702419281006,2.632254123687744,0.8720684051513672,1.0490398406982422,-0.00201570987701416,0.03675687313079834,-0.00384598970413208,0.0009739398956298828,-0.007458329200744629,0.002044677734375
1769651581.241711,full,goal16.png,0.823465883731842,-1.1143500804901123,-1.2115265130996704,-0.4703431725502014,2.6319162845611572,0.877663791179657,1.0474647283554077,-1.115877628326416,-1.1757019758224487,-0.4752582013607025,2.6313533782958984,0.8685195446014404,1.0512734651565552,-0.001527547836303711,0.03582453727722168,-0.004915028810501099,-0.0005629062652587891,-0.009144246578216553,0.003808736801147461
1769651581.33699,full,goal16.png,0.8236838579177856,-1.1149861812591553,-1.2095575332641602,-0.4750383794307709,2.6320674419403076,0.8743771314620972,1.0493881702423096,-1.1165313720703125,-1.175126075744629,-0.4783848822116852,2.630096435546875,0.8653073310852051,1.0526020526885986,-0.0015451908111572266,0.03443145751953125,-0.0033465027809143066,-0.001971006393432617,-0.00906980037689209,0.0032138824462890625
1769651581.4358168,full,goal16.png,0.8265321254730225,-1.1154404878616333,-1.2084366083145142,-0.48091500997543335,2.6318557262420654,0.8704544305801392,1.0516449213027954,-1.1168739795684814,-1.1746492385864258,-0.47963473200798035,2.627815008163452,0.8641635179519653,1.053367018699646,-0.0014334917068481445,0.03378736972808838,0.001280277967453003,-0.004040718078613281,-0.006290912628173828,0.001722097396850586
1769651581.5379407,full,goal16.png,0.8272251486778259,-1.1157737970352173,-1.207861065864563,-0.4847318232059479,2.6311891078948975,0.8681218028068542,1.05270516872406,-1.117042064666748,-1.1739428043365479,-0.4803828001022339,2.627657890319824,0.8629089593887329,1.053314447402954,-0.0012682676315307617,0.03391826152801514,0.004349023103713989,-0.003531217575073242,-0.005212843418121338,0.000609278678894043
1769651581.636934,full,goal16.png,0.8246854543685913,-1.1161978244781494,-1.2070432901382446,-0.4869734048843384,2.629704713821411,0.866879940032959,1.053371548652649,-1.116920828819275,-1.1732748746871948,-0.47979503870010376,2.6287975311279297,0.8622140884399414,1.0526939630508423,-0.0007230043411254883,0.033768415451049805,0.007178366184234619,-0.0009071826934814453,-0.004665851593017578,-0.0006775856018066406
1769651581.743743,full,goal16.png,0.8261155486106873,-1.1165310144424438,-1.2058920860290527,-0.488154798746109,2.6290383338928223,0.8656681776046753,1.0534322261810303,-1.116813063621521,-1.1726844310760498,-0.4805992841720581,2.629525661468506,0.861121654510498,1.0520999431610107,-0.00028204917907714844,0.03320765495300293,0.007555514574050903,0.00048732757568359375,-0.004546523094177246,-0.0013322830200195312
1769651581.8380945,full,goal16.png,0.8304404020309448,-1.1167128086090088,-1.2051045894622803,-0.48836684226989746,2.629189968109131,0.8648200035095215,1.0529778003692627,-1.1169720888137817,-1.1722697019577026,-0.4826609790325165,2.6297879219055176,0.859778881072998,1.0515871047973633,-0.0002592802047729492,0.03283488750457764,0.0057058632373809814,0.0005979537963867188,-0.0050411224365234375,-0.001390695571899414
1769651581.9437654,full,goal16.png,0.8293233513832092,-1.116652250289917,-1.2048622369766235,-0.48894235491752625,2.6295230388641357,0.8638809323310852,1.0524932146072388,-1.1173558235168457,-1.1720991134643555,-0.4844968914985657,2.629575729370117,0.8587854504585266,1.0511837005615234,-0.0007035732269287109,0.032763123512268066,0.004445463418960571,5.269050598144531e-05,-0.005095481872558594,-0.001309514045715332
1769651582.0381656,full,goal16.png,0.8274615406990051,-1.116652250289917,-1.2049833536148071,-0.4904266595840454,2.629765510559082,0.8627147674560547,1.0519630908966064,-1.1175687313079834,-1.171597957611084,-0.4855947196483612,2.629481315612793,0.8586850166320801,1.051079273223877,-0.0009164810180664062,0.033385396003723145,0.004831939935684204,-0.0002841949462890625,-0.004029750823974609,-0.0008838176727294922
1769651582.1356275,full,goal16.png,0.8246970176696777,-1.1168339252471924,-1.2051045894622803,-0.4922442138195038,2.629826068878174,0.8617151379585266,1.0517812967300415,-1.1174535751342773,-1.1710560321807861,-0.4852941632270813,2.630087375640869,0.8588747978210449,1.050966501235962,-0.0006196498870849609,0.03404855728149414,0.006950050592422485,0.0002613067626953125,-0.0028403401374816895,-0.0008147954940795898
1769651582.236351,full,goal16.png,0.8225008249282837,-1.1170157194137573,-1.2051045894622803,-0.49321356415748596,2.629795789718628,0.8613364100456238,1.051735758781433,-1.1165580749511719,-1.1713446378707886,-0.4825417995452881,2.630256414413452,0.8594827055931091,1.050919532775879,0.0004576444625854492,0.0337599515914917,0.010671764612197876,0.00046062469482421875,-0.0018537044525146484,-0.0008162260055541992
1769651582.3361847,full,goal16.png,0.8253483772277832,-1.1169854402542114,-1.2051348686218262,-0.49336498975753784,2.630068302154541,0.8612909913063049,1.0516903400421143,-1.1154793500900269,-1.1713190078735352,-0.48004066944122314,2.6297097206115723,0.8605203628540039,1.0515562295913696,0.0015060901641845703,0.033815860748291016,0.013324320316314697,-0.00035858154296875,-0.0007706284523010254,-0.0001341104507446289
1769651582.4369075,full,goal16.png,0.8272442817687988,-1.116682529449463,-1.2054680585861206,-0.4925774037837982,2.6301894187927246,0.8613969683647156,1.0516752004623413,-1.115168809890747,-1.1714409589767456,-0.4791143536567688,2.6292927265167236,0.8610469102859497,1.0520341396331787,0.0015137195587158203,0.034027099609375,0.013463050127029419,-0.0008966922760009766,-0.00035005807876586914,0.00035893917083740234
1769651582.5403967,full,goal16.png,0.8248821496963501,-1.1161978244781494,-1.2060739994049072,-0.49112337827682495,2.6301591396331787,0.8616242408752441,1.0516903400421143,-1.1153838634490967,-1.1713265180587769,-0.4790744483470917,2.629441261291504,0.8611413240432739,1.05198073387146,0.0008139610290527344,0.03474748134613037,0.012048929929733276,-0.0007178783416748047,-0.00048291683197021484,0.0002903938293457031
1769651582.6391807,full,goal16.png,0.8214480876922607,-1.115713119506836,-1.2060739994049072,-0.49012377858161926,2.630068302154541,0.8618515133857727,1.0518267154693604,-1.11555016040802,-1.1715493202209473,-0.4788196086883545,2.629789352416992,0.8609198927879333,1.0514893531799316,0.00016295909881591797,0.03452467918395996,0.01130416989326477,-0.0002789497375488281,-0.0009316205978393555,-0.00033736228942871094
1769651582.738225,full,goal16.png,0.8258111476898193,-1.1153496503829956,-1.2059829235076904,-0.48979058861732483,2.630038022994995,0.8619575500488281,1.0518721342086792,-1.1150450706481934,-1.1723800897598267,-0.47609299421310425,2.630967140197754,0.8620450496673584,1.0498292446136475,0.0003045797348022461,0.03360283374786377,0.013697594404220581,0.0009291172027587891,8.749961853027344e-05,-0.0020428895950317383
1769651582.8427055,full,goal16.png,0.827616810798645,-1.1151678562164307,-1.2059223651885986,-0.48939675092697144,2.630068302154541,0.8621240258216858,1.051645040512085,-1.114699125289917,-1.1735621690750122,-0.47346413135528564,2.6325013637542725,0.8627243638038635,1.0473741292953491,0.0004687309265136719,0.032360196113586426,0.01593261957168579,0.0024330615997314453,0.0006003379821777344,-0.00427091121673584
1769651582.9357252,full,goal16.png,0.8306414484977722,-1.1149559020996094,-1.2058920860290527,-0.48788216710090637,2.630674123764038,0.8628207445144653,1.050857424736023,-1.1146963834762573,-1.1741664409637451,-0.4727681875228882,2.6334099769592285,0.8624212741851807,1.0455074310302734,0.0002595186233520508,0.03172564506530762,0.015113979578018188,0.0027358531951904297,-0.00039947032928466797,-0.005349993705749512
1769651583.0353303,full,goal16.png,0.8274234533309937,-1.1145620346069336,-1.2062556743621826,-0.4855193793773651,2.6318857669830322,0.8636234998703003,1.049539566040039,-1.1151189804077148,-1.174474835395813,-0.4738333821296692,2.6325953006744385,0.8614739179611206,1.044927954673767,-0.00055694580078125,0.03178083896636963,0.011685997247695923,0.00070953369140625,-0.0021495819091796875,-0.004611611366271973
1769651583.1366692,full,goal16.png,0.8301376700401306,-1.1143500804901123,-1.2072855234146118,-0.4843682646751404,2.632885456085205,0.8635932207107544,1.0481765270233154,-1.1151847839355469,-1.1740078926086426,-0.47478052973747253,2.6308212280273438,0.8609030246734619,1.045398235321045,-0.0008347034454345703,0.03327763080596924,0.009587734937667847,-0.002064228057861328,-0.0026901960372924805,-0.002778291702270508
1769651583.2343614,full,goal16.png,0.8279500603675842,-1.1143500804901123,-1.2076793909072876,-0.48451974987983704,2.6327946186065674,0.8629116415977478,1.04737389087677,-1.1148428916931152,-1.1736446619033813,-0.4729251265525818,2.6303861141204834,0.861067533493042,1.044821858406067,-0.0004928112030029297,0.03403472900390625,0.011594623327255249,-0.0024085044860839844,-0.0018441081047058105,-0.002552032470703125
1769651583.3369834,full,goal16.png,0.8279279470443726,-1.11444091796875,-1.207527995109558,-0.4847318232059479,2.632219076156616,0.8626390099525452,1.0471618175506592,-1.1142632961273193,-1.173533320426941,-0.4703325927257538,2.630751848220825,0.8614110946655273,1.04389488697052,0.00017762184143066406,0.03399467468261719,0.014399230480194092,-0.0014672279357910156,-0.0012279152870178223,-0.00326693058013916
1769651583.437025,full,goal16.png,0.8270424604415894,-1.1143500804901123,-1.2069826126098633,-0.48403507471084595,2.6317646503448486,0.8624876141548157,1.0469799041748047,-1.114122986793518,-1.1731982231140137,-0.4696400761604309,2.6307826042175293,0.8611041307449341,1.0434198379516602,0.00022709369659423828,0.03378438949584961,0.014394998550415039,-0.000982046127319336,-0.0013834834098815918,-0.0035600662231445312
1769651583.5378015,full,goal16.png,0.8237782716751099,-1.1140167713165283,-1.2054377794265747,-0.48179349303245544,2.6317951679229736,0.8624724745750427,1.046449899673462,-1.1133735179901123,-1.172978162765503,-0.4673505425453186,2.6299350261688232,0.8624386191368103,1.0433616638183594,0.0006432533264160156,0.03245961666107178,0.01444295048713684,-0.0018601417541503906,-3.3855438232421875e-05,-0.003088235855102539
1769651583.6389103,full,goal16.png,0.820124626159668,-1.1131685972213745,-1.2036808729171753,-0.4802182912826538,2.631673574447632,0.862396776676178,1.0460408926010132,-1.1124403476715088,-1.1732317209243774,-0.46388256549835205,2.6302425861358643,0.864958643913269,1.0424139499664307,0.0007282495498657227,0.03044915199279785,0.016335725784301758,-0.0014309883117675781,0.0025618672370910645,-0.0036269426345825195
1769651583.7367136,full,goal16.png,0.8274673223495483,-1.1123204231262207,-1.2038322687149048,-0.47882482409477234,2.6314918994903564,0.8628813028335571,1.0456169843673706,-1.1111245155334473,-1.1737470626831055,-0.45989006757736206,2.631105899810791,0.8677089214324951,1.0415481328964233,0.0011959075927734375,0.030085206031799316,0.01893475651741028,-0.0003859996795654297,0.004827618598937988,-0.004068851470947266
1769651583.836437,full,goal16.png,0.8276498913764954,-1.110654354095459,-1.2042866945266724,-0.47509893774986267,2.6314618587493896,0.864517092704773,1.044405221939087,-1.110177755355835,-1.1747254133224487,-0.4565545618534088,2.63301157951355,0.870185375213623,1.0400924682617188,0.00047659873962402344,0.029561281204223633,0.018544375896453857,0.0015497207641601562,0.005668282508850098,-0.004312753677368164
1769651583.9406683,full,goal16.png,0.8281311392784119,-1.1101394891738892,-1.2044986486434937,-0.4719485938549042,2.63161301612854,0.8665920495986938,1.0429966449737549,-1.1091281175613403,-1.1755682229995728,-0.45333731174468994,2.6340906620025635,0.8722227811813354,1.0385773181915283,0.0010113716125488281,0.0289304256439209,0.018611282110214233,0.0024776458740234375,0.0056307315826416016,-0.0044193267822265625
1769651584.037096,full,goal16.png,0.824405312538147,-1.110018253326416,-1.2049833536148071,-0.4693131744861603,2.6324918270111084,0.8690305948257446,1.0412851572036743,-1.1078388690948486,-1.1766551733016968,-0.4485476613044739,2.6335935592651367,0.8753859996795654,1.0380940437316895,0.002179384231567383,0.02832818031311035,0.0207655131816864,0.0011017322540283203,0.006355404853820801,-0.0031911134719848633
1769651584.1366122,full,goal16.png,0.820709764957428,-1.1088671684265137,-1.2059223651885986,-0.4655267298221588,2.6336426734924316,0.871590256690979,1.0395129919052124,-1.1065936088562012,-1.1771693229675293,-0.44399493932724,2.632284164428711,0.8794267177581787,1.03859281539917,0.0022735595703125,0.028753042221069336,0.021531790494918823,-0.0013585090637207031,0.007836461067199707,-0.0009201765060424805
1769651584.240166,full,goal16.png,0.8171727657318115,-1.1072920560836792,-1.2079519033432007,-0.4616493582725525,2.634188175201416,0.874589204788208,1.0388163328170776,-1.1057778596878052,-1.1776326894760132,-0.43966275453567505,2.63222599029541,0.8828129768371582,1.039360523223877,0.0015141963958740234,0.0303192138671875,0.02198660373687744,-0.0019621849060058594,0.008223772048950195,0.0005441904067993164
1769651584.3380249,full,goal16.png,0.8251358270645142,-1.1066558361053467,-1.2084972858428955,-0.4573781490325928,2.6337032318115234,0.878057599067688,1.0386195182800293,-1.1051748991012573,-1.1786291599273682,-0.434905469417572,2.6337320804595947,0.8857394456863403,1.0396535396575928,0.0014809370040893555,0.029868125915527344,0.022472679615020752,2.8848648071289062e-05,0.007681846618652344,0.0010340213775634766
1769651584.438611,full,goal16.png,0.8279557228088379,-1.1061712503433228,-1.2087395191192627,-0.45259201526641846,2.633157968521118,0.8809806704521179,1.0394221544265747,-1.1050729751586914,-1.1797070503234863,-0.4313746988773346,2.634957790374756,0.8875240087509155,1.0398861169815063,0.0010982751846313477,0.029032468795776367,0.021217316389083862,0.0017998218536376953,0.006543338298797607,0.0004639625549316406
1769651584.5380414,full,goal16.png,0.8293012976646423,-1.1052018404006958,-1.2098603248596191,-0.44819968938827515,2.6337337493896484,0.8834647536277771,1.0398461818695068,-1.1054927110671997,-1.1804171800613403,-0.42904365062713623,2.635960817337036,0.8883554935455322,1.040144920349121,-0.00029087066650390625,0.02944314479827881,0.019156038761138916,0.0022270679473876953,0.004890739917755127,0.0002987384796142578
1769651584.635663,full,goal16.png,0.8202924132347107,-1.1035963296890259,-1.2100725173950195,-0.44462528824806213,2.6352481842041016,0.885145902633667,1.0404672622680664,-1.1061694622039795,-1.180609107017517,-0.4284934401512146,2.636282444000244,0.8905484676361084,1.0414177179336548,-0.0025731325149536133,0.02946341037750244,0.016131848096847534,0.0010342597961425781,0.005402565002441406,0.0009504556655883789
1769651584.7362692,full,goal16.png,0.813709020614624,-1.1036570072174072,-1.2099815607070923,-0.4420807361602783,2.636035919189453,0.8866454362869263,1.041027545928955,-1.106520414352417,-1.181120753288269,-0.4279835820198059,2.6356968879699707,0.8944006562232971,1.043575644493103,-0.0028634071350097656,0.028860807418823242,0.014097154140472412,-0.0003390312194824219,0.00775521993637085,0.0025480985641479492
1769651584.8347812,full,goal16.png,0.8156557083129883,-1.1042628288269043,-1.2109812498092651,-0.4412325918674469,2.6368839740753174,0.8889626264572144,1.042163610458374,-1.1061561107635498,-1.1812835931777954,-0.4278731644153595,2.6351966857910156,0.8989937901496887,1.0462325811386108,-0.0018932819366455078,0.029697656631469727,0.013359427452087402,-0.0016872882843017578,0.010031163692474365,0.004068970680236816
1769651584.9369032,full,goal16.png,0.8115405440330505,-1.1028391122817993,-1.2119808197021484,-0.44062671065330505,2.6372172832489014,0.8927491307258606,1.0446475744247437,-1.1049385070800781,-1.1818993091583252,-0.42597731947898865,2.6344902515411377,0.9045438766479492,1.0483365058898926,-0.0020993947982788086,0.030081510543823242,0.014649391174316406,-0.002727031707763672,0.011794745922088623,0.0036889314651489258
1769651585.038553,full,goal16.png,0.8083287477493286,-1.1018394231796265,-1.212253451347351,-0.44011175632476807,2.6370656490325928,0.8967628479003906,1.0462075471878052,-1.1037395000457764,-1.1820493936538696,-0.4250476360321045,2.632777690887451,0.9098086357116699,1.0510756969451904,-0.0019000768661499023,0.030204057693481445,0.015064120292663574,-0.0042879581451416016,0.013045787811279297,0.004868149757385254
1769651585.1368873,full,goal16.png,0.8134995698928833,-1.1020212173461914,-1.2128896713256836,-0.4386880397796631,2.6364903450012207,0.9017004370689392,1.0485703945159912,-1.1025704145431519,-1.1823852062225342,-0.42444515228271484,2.6310577392578125,0.9147411584854126,1.052560806274414,-0.0005491971969604492,0.030504465103149414,0.014242887496948242,-0.005432605743408203,0.013040721416473389,0.0039904117584228516
1769651585.2377415,full,goal16.png,0.8074465990066528,-1.1014759540557861,-1.2149797677993774,-0.4376581311225891,2.6352181434631348,0.9082285165786743,1.0510996580123901,-1.101928949356079,-1.1822867393493652,-0.4242395758628845,2.6297214031219482,0.9172163605690002,1.0531057119369507,-0.00045299530029296875,0.03269302845001221,0.01341855525970459,-0.0054967403411865234,0.008987843990325928,0.002006053924560547
1769651585.335088,full,goal16.png,0.8224622011184692,-1.0997190475463867,-1.2170395851135254,-0.437173455953598,2.6337337493896484,0.9125449657440186,1.0523568391799927,-1.1010371446609497,-1.1835203170776367,-0.42191144824028015,2.6268937587738037,0.9202079176902771,1.0535989999771118,-0.0013180971145629883,0.03351926803588867,0.015262007713317871,-0.0068399906158447266,0.007662951946258545,0.0012421607971191406
1769651585.43576,full,goal16.png,0.8187805414199829,-1.0984164476394653,-1.2167062759399414,-0.4364161491394043,2.6318252086639404,0.9155741333961487,1.052871823310852,-1.0997419357299805,-1.1849608421325684,-0.4196398854255676,2.6222281455993652,0.9234589338302612,1.0548667907714844,-0.0013254880905151367,0.03174543380737305,0.01677626371383667,-0.009597063064575195,0.007884800434112549,0.0019949674606323242
1769651585.534871,full,goal16.png,0.7963616847991943,-1.097083568572998,-1.2160701751708984,-0.4341745674610138,2.6286749839782715,0.9186791777610779,1.0535533428192139,-1.0982568264007568,-1.184609055519104,-0.42019709944725037,2.6157400608062744,0.9246987104415894,1.0570645332336426,-0.001173257827758789,0.031461119651794434,0.013977468013763428,-0.01293492317199707,0.006019532680511475,0.003511190414428711
1769651585.6352289,full,goal16.png,0.7965835332870483,-1.0952661037445068,-1.2167062759399414,-0.43262964487075806,2.624403715133667,0.9216325879096985,1.054628610610962,-1.0971169471740723,-1.1828649044036865,-0.4220002591609955,2.612049102783203,0.9212974309921265,1.0606224536895752,-0.0018508434295654297,0.03384137153625488,0.010629385709762573,-0.012354612350463867,-0.0003351569175720215,0.005993843078613281
1769651585.7377324,full,goal16.png,0.7734118700027466,-1.0935394763946533,-1.216888189315796,-0.4322964549064636,2.619405508041382,0.9228442907333374,1.05617356300354,-1.0953583717346191,-1.1795270442962646,-0.42335042357444763,2.6124989986419678,0.9150376319885254,1.063507318496704,-0.0018188953399658203,0.03736114501953125,0.008946031332015991,-0.0069065093994140625,-0.007806658744812012,0.0073337554931640625
1769651585.837186,full,goal16.png,0.7824877500534058,-1.0920854806900024,-1.2158582210540771,-0.43269020318984985,2.616285562515259,0.9212236404418945,1.0587029457092285,-1.0933619737625122,-1.1771501302719116,-0.4221183657646179,2.6146152019500732,0.9097709655761719,1.0640815496444702,-0.0012764930725097656,0.03870809078216553,0.010571837425231934,-0.0016703605651855469,-0.011452674865722656,0.005378603935241699
1769651585.9388506,full,goal16.png,0.7592037320137024,-1.0899347066879272,-1.2136468887329102,-0.4332658052444458,2.6156492233276367,0.9164072871208191,1.0623985528945923,-1.0922163724899292,-1.1765159368515015,-0.4219033718109131,2.6157758235931396,0.9050157070159912,1.0607411861419678,-0.002281665802001953,0.03713095188140869,0.011362433433532715,0.0001266002655029297,-0.01139158010482788,-0.0016573667526245117
1769651586.03842,full,goal16.png,0.7396596670150757,-1.0888441801071167,-1.2123745679855347,-0.4332052171230316,2.6160128116607666,0.9115756154060364,1.0638678073883057,-1.0917046070098877,-1.1786326169967651,-0.41780978441238403,2.620197296142578,0.9043147563934326,1.0564086437225342,-0.002860426902770996,0.03374195098876953,0.015395432710647583,0.0041844844818115234,-0.00726085901260376,-0.007459163665771484
1769651586.1436517,full,goal16.png,0.746505856513977,-1.0889350175857544,-1.2107387781143188,-0.4327811300754547,2.6169216632843018,0.9072591662406921,1.0617624521255493,-1.0907413959503174,-1.1826127767562866,-0.4104102849960327,2.6286697387695312,0.9077621698379517,1.0513159036636353,-0.0018063783645629883,0.028126001358032227,0.022370845079421997,0.011748075485229492,0.0005030035972595215,-0.010446548461914062
1769651586.2360551,full,goal16.png,0.7868736982345581,-1.0891168117523193,-1.2098300457000732,-0.4296913146972656,2.6201629638671875,0.9056535363197327,1.0587939023971558,-1.0893723964691162,-1.1859263181686401,-0.40706348419189453,2.634869337081909,0.9081976413726807,1.048297643661499,-0.000255584716796875,0.023903727531433105,0.022627830505371094,0.01470637321472168,0.002544105052947998,-0.010496258735656738
1769651586.334697,full,goal16.png,0.7815104126930237,-1.0881778001785278,-1.2111932039260864,-0.4237237870693207,2.626917839050293,0.9070318937301636,1.0545074939727783,-1.088313102722168,-1.1865695714950562,-0.40886908769607544,2.6351184844970703,0.905181884765625,1.0473594665527344,-0.00013530254364013672,0.024623632431030273,0.01485469937324524,0.008200645446777344,-0.0018500089645385742,-0.007148027420043945
1769651586.4372597,full,goal16.png,0.7931041717529297,-1.0868146419525146,-1.2142224311828613,-0.4197555482387543,2.6325523853302,0.9078043103218079,1.0511603355407715,-1.0878615379333496,-1.185030221939087,-0.411617636680603,2.6345973014831543,0.9019633531570435,1.0473008155822754,-0.001046895980834961,0.029192209243774414,0.008137911558151245,0.0020449161529541016,-0.005840957164764404,-0.0038595199584960938
1769651586.5375986,full,goal16.png,0.7961602210998535,-1.0856029987335205,-1.2163732051849365,-0.4196647107601166,2.6349453926086426,0.9059868454933167,1.0492517948150635,-1.0882351398468018,-1.1823604106903076,-0.41626691818237305,2.6339170932769775,0.8980790972709656,1.0464789867401123,-0.00263214111328125,0.034012794494628906,0.0033977925777435303,-0.001028299331665039,-0.007907748222351074,-0.002772808074951172
1769651586.636911,full,goal16.png,0.803325891494751,-1.084936499595642,-1.2162823677062988,-0.4209975302219391,2.635096549987793,0.903184711933136,1.047843337059021,-1.0880924463272095,-1.1801533699035645,-0.4205808639526367,2.631561756134033,0.8952769041061401,1.047262191772461,-0.003155946731567383,0.036128997802734375,0.00041666626930236816,-0.0035347938537597656,-0.00790780782699585,-0.0005811452865600586
1769651586.73784,full,goal16.png,0.8056929111480713,-1.0847851037979126,-1.2150100469589233,-0.4240873157978058,2.6350059509277344,0.8997617363929749,1.0476616621017456,-1.0882936716079712,-1.1793022155761719,-0.4238448739051819,2.629152297973633,0.8927873373031616,1.0476964712142944,-0.0035085678100585938,0.035707831382751465,0.00024244189262390137,-0.0058536529541015625,-0.006974399089813232,3.4809112548828125e-05
1769651586.838253,full,goal16.png,0.8010886907577515,-1.084936499595642,-1.213707447052002,-0.427480012178421,2.6336123943328857,0.8970052003860474,1.047873616218567,-1.0890272855758667,-1.1789124011993408,-0.42684823274612427,2.627903938293457,0.8907667398452759,1.0471067428588867,-0.004090785980224609,0.03479504585266113,0.0006317794322967529,-0.005708456039428711,-0.006238460540771484,-0.0007668733596801758
1769651586.9386895,full,goal16.png,0.8046889901161194,-1.0853606462478638,-1.2125260829925537,-0.431115061044693,2.6311585903167725,0.8941275477409363,1.0482068061828613,-1.0897020101547241,-1.1785783767700195,-0.4290733337402344,2.6278653144836426,0.8902230858802795,1.046489953994751,-0.0043413639068603516,0.03394770622253418,0.002041727304458618,-0.003293275833129883,-0.0039044618606567383,-0.0017168521881103516
1769651587.0346234,full,goal16.png,0.7998974919319153,-1.085936188697815,-1.211344599723816,-0.43414419889450073,2.629704713821411,0.8923857808113098,1.0481311082839966,-1.0900410413742065,-1.1785342693328857,-0.42964082956314087,2.6279373168945312,0.8916528224945068,1.0471612215042114,-0.0041048526763916016,0.032810330390930176,0.004503369331359863,-0.0017673969268798828,-0.0007329583168029785,-0.0009698867797851562
1769651587.1371598,full,goal16.png,0.8022805452346802,-1.086542010307312,-1.2103450298309326,-0.4363555908203125,2.629189968109131,0.8917648196220398,1.047691822052002,-1.0904794931411743,-1.1790332794189453,-0.4279247522354126,2.627814531326294,0.8937152624130249,1.0476610660552979,-0.003937482833862305,0.031311750411987305,0.008430838584899902,-0.001375436782836914,0.0019504427909851074,-3.075599670410156e-05
1769651587.2364333,full,goal16.png,0.7974767684936523,-1.08735990524292,-1.2091031074523926,-0.4372642934322357,2.6290082931518555,0.8920069932937622,1.047843337059021,-1.0909183025360107,-1.179412603378296,-0.42567718029022217,2.628955364227295,0.8952303528785706,1.047257900238037,-0.0035583972930908203,0.02969050407409668,0.01158711314201355,-5.2928924560546875e-05,0.0032233595848083496,-0.0005854368209838867
1769651587.3368077,full,goal16.png,0.7863984107971191,-1.0877536535263062,-1.2082852125167847,-0.43665850162506104,2.629098892211914,0.8927341103553772,1.0480855703353882,-1.0910851955413818,-1.1789922714233398,-0.4245404601097107,2.6313419342041016,0.8961116075515747,1.046141505241394,-0.0033315420150756836,0.029292941093444824,0.012118041515350342,0.0022430419921875,0.0033774971961975098,-0.0019440650939941406
1769651587.4391465,full,goal16.png,0.7937129139900208,-1.0877536535263062,-1.2082852125167847,-0.4354165196418762,2.6296138763427734,0.8937184810638428,1.047828197479248,-1.090685248374939,-1.1779046058654785,-0.4235782027244568,2.632140874862671,0.8967784643173218,1.0457814931869507,-0.0029315948486328125,0.030380606651306152,0.011838316917419434,0.002526998519897461,0.003059983253479004,-0.0020467042922973633
1769651587.5401547,full,goal16.png,0.7917340397834778,-1.0882686376571655,-1.20846688747406,-0.4346592426300049,2.6314313411712646,0.8945819139480591,1.047237515449524,-1.0901436805725098,-1.1771501302719116,-0.4222230315208435,2.632004499435425,0.8981224298477173,1.0462582111358643,-0.0018750429153442383,0.03131675720214844,0.012436211109161377,0.0005731582641601562,0.003540515899658203,-0.000979304313659668
1769651587.6363885,full,goal16.png,0.7966156005859375,-1.0880565643310547,-1.2068614959716797,-0.4333263635635376,2.632370710372925,0.8953694105148315,1.046873927116394,-1.0901172161102295,-1.1768770217895508,-0.4208261966705322,2.6328654289245605,0.8987839818000793,1.0460560321807861,-0.0020606517791748047,0.029984474182128906,0.012500166893005371,0.0004947185516357422,0.0034145712852478027,-0.0008178949356079102
1769651587.7368898,full,goal16.png,0.787935197353363,-1.0877536535263062,-1.2054377794265747,-0.43217524886131287,2.6327643394470215,0.8965356945991516,1.0468891859054565,-1.0907055139541626,-1.1769777536392212,-0.42123910784721375,2.6353166103363037,0.897471010684967,1.0443249940872192,-0.0029518604278564453,0.028460025787353516,0.010936141014099121,0.0025522708892822266,0.0009353160858154297,-0.0025641918182373047
1769651587.8383422,full,goal16.png,0.8007031679153442,-1.0878143310546875,-1.2062253952026367,-0.43132710456848145,2.6337032318115234,0.8973232507705688,1.0466468334197998,-1.0921602249145508,-1.1764839887619019,-0.423544704914093,2.637547016143799,0.8946212530136108,1.0418500900268555,-0.004345893859863281,0.029741406440734863,0.007782399654388428,0.0038437843322753906,-0.002701997756958008,-0.004796743392944336
1769651587.9352164,full,goal16.png,0.7874127626419067,-1.0876930952072144,-1.207558274269104,-0.43141794204711914,2.6358842849731445,0.8969295024871826,1.0457682609558105,-1.0928194522857666,-1.1764353513717651,-0.42484790086746216,2.636136531829834,0.8935552835464478,1.0421967506408691,-0.005126357078552246,0.031122922897338867,0.006570041179656982,0.0002522468566894531,-0.0033742189407348633,-0.0035715103149414062
1769651588.038858,full,goal16.png,0.792169988155365,-1.0876325368881226,-1.2072855234146118,-0.43217524886131287,2.637580633163452,0.8954451084136963,1.044374942779541,-1.0924901962280273,-1.1767414808273315,-0.42431363463401794,2.6326873302459717,0.8951919674873352,1.0436980724334717,-0.004857659339904785,0.030544042587280273,0.007861614227294922,-0.004893302917480469,-0.000253140926361084,-0.0006768703460693359
1769651588.1396449,full,goal16.png,0.7899420261383057,-1.089207649230957,-1.2071946859359741,-0.43299317359924316,2.6374595165252686,0.8946727514266968,1.043784260749817,-1.0920828580856323,-1.1769534349441528,-0.42431527376174927,2.6298282146453857,0.896594762802124,1.0452420711517334,-0.002875208854675293,0.03024125099182129,0.008677899837493896,-0.0076313018798828125,0.001922011375427246,0.001457810401916504
1769651588.2398024,full,goal16.png,0.7884467244148254,-1.090358853340149,-1.2081338167190552,-0.4332658052444458,2.6353087425231934,0.895066499710083,1.044238567352295,-1.092684030532837,-1.1772079467773438,-0.4253615140914917,2.6300408840179443,0.8950599431991577,1.0442454814910889,-0.0023251771926879883,0.030925869941711426,0.007904291152954102,-0.0052678585052490234,-6.556510925292969e-06,6.9141387939453125e-06
1769651588.3388517,full,goal16.png,0.7883960008621216,-1.0899347066879272,-1.208800196647644,-0.43347784876823425,2.632612943649292,0.8956875205039978,1.0449806451797485,-1.0934994220733643,-1.177902102470398,-0.42641887068748474,2.6320571899414062,0.8930879831314087,1.041795015335083,-0.0035647153854370117,0.030898094177246094,0.007058978080749512,-0.0005557537078857422,-0.0025995373725891113,-0.0031856298446655273
1769651588.438146,full,goal16.png,0.7798779010772705,-1.0900558233261108,-1.2090122699737549,-0.4338110387325287,2.6318857669830322,0.8953996896743774,1.0449049472808838,-1.0948354005813599,-1.1799588203430176,-0.4259851276874542,2.6358470916748047,0.890998125076294,1.0380902290344238,-0.0047795772552490234,0.029053449630737305,0.007825911045074463,0.003961324691772461,-0.004401564598083496,-0.006814718246459961
1769651588.5368428,full,goal16.png,0.777260959148407,-1.0910857915878296,-1.2085275650024414,-0.4343259930610657,2.6327643394470215,0.89380943775177,1.0431935787200928,-1.0957164764404297,-1.1823115348815918,-0.42537856101989746,2.6386938095092773,0.8896240592002869,1.0357410907745361,-0.004630684852600098,0.02621603012084961,0.008947432041168213,0.005929470062255859,-0.004185378551483154,-0.007452487945556641
1769651588.6352277,full,goal16.png,0.7709051370620728,-1.0919945240020752,-1.20883047580719,-0.4342957139015198,2.6355814933776855,0.8917495012283325,1.0406187772750854,-1.0964136123657227,-1.1846436262130737,-0.4248211681842804,2.6399643421173096,0.8882747888565063,1.03485107421875,-0.004419088363647461,0.02418684959411621,0.00947454571723938,0.0043828487396240234,-0.003474712371826172,-0.005767703056335449
1769651588.7342904,full,goal16.png,0.7818828821182251,-1.0924489498138428,-1.2099512815475464,-0.43408364057540894,2.638580560684204,0.8901289105415344,1.038543701171875,-1.0969934463500977,-1.1862139701843262,-0.4252084493637085,2.640202522277832,0.8863855600357056,1.0341453552246094,-0.004544496536254883,0.023737311363220215,0.00887519121170044,0.0016219615936279297,-0.0037433505058288574,-0.004398345947265625
1769651588.8342855,full,goal16.png,0.7679535150527954,-1.0933274030685425,-1.2110720872879028,-0.4337201714515686,2.63985276222229,0.888523519039154,1.0368473529815674,-1.098188877105713,-1.1871776580810547,-0.42600542306900024,2.641434669494629,0.8840970993041992,1.0320415496826172,-0.00486147403717041,0.023894429206848145,0.007714748382568359,0.0015819072723388672,-0.004426419734954834,-0.004805803298950195
1769651588.9352818,full,goal16.png,0.7578713297843933,-1.0952661037445068,-1.2117990255355835,-0.4337504506111145,2.640761375427246,0.8870695233345032,1.0355144739151,-1.0985891819000244,-1.1872942447662354,-0.42545944452285767,2.6432197093963623,0.8834646940231323,1.030925989151001,-0.003323078155517578,0.024504780769348145,0.008291006088256836,0.002458333969116211,-0.0036048293113708496,-0.004588484764099121
1769651589.0369837,full,goal16.png,0.7703249454498291,-1.0967503786087036,-1.2118898630142212,-0.4339018762111664,2.6420035362243652,0.8855094313621521,1.034105896949768,-1.0982747077941895,-1.1865984201431274,-0.42469727993011475,2.6457715034484863,0.8829950094223022,1.0299497842788696,-0.0015243291854858398,0.02529144287109375,0.009204596281051636,0.0037679672241210938,-0.0025144219398498535,-0.0041561126708984375
1769651589.1381927,full,goal16.png,0.7600908875465393,-1.0975077152252197,-1.2117990255355835,-0.4337807595729828,2.64357852935791,0.8843583464622498,1.032894253730774,-1.0979390144348145,-1.1860778331756592,-0.42344313859939575,2.6515719890594482,0.8824878931045532,1.0278300046920776,-0.00043129920959472656,0.025721192359924316,0.010337620973587036,0.007993459701538086,-0.0018704533576965332,-0.005064249038696289
1769651589.2358792,full,goal16.png,0.7630685567855835,-1.0968413352966309,-1.2118595838546753,-0.4334172010421753,2.6462743282318115,0.8835858702659607,1.031909704208374,-1.098305106163025,-1.1854077577590942,-0.4247029423713684,2.6557302474975586,0.8810654282569885,1.0255305767059326,-0.001463770866394043,0.026451826095581055,0.008714258670806885,0.00945591926574707,-0.002520442008972168,-0.006379127502441406
1769651589.3362439,full,goal16.png,0.7806548476219177,-1.0959022045135498,-1.211617350578308,-0.43299317359924316,2.650606155395508,0.8828134536743164,1.030349612236023,-1.099345326423645,-1.1851688623428345,-0.42635124921798706,2.6556830406188965,0.8796483278274536,1.0250673294067383,-0.003443121910095215,0.026448488235473633,0.0066419243812561035,0.005076885223388672,-0.003165125846862793,-0.005282282829284668
1769651589.4367774,full,goal16.png,0.7901517152786255,-1.0961445569992065,-1.2107387781143188,-0.43317487835884094,2.6542110443115234,0.8819047808647156,1.0285927057266235,-1.1007440090179443,-1.184424638748169,-0.42976176738739014,2.6543803215026855,0.8766785860061646,1.0246429443359375,-0.004599452018737793,0.026314139366149902,0.0034131109714508057,0.00016927719116210938,-0.005226194858551025,-0.003949761390686035
1769651589.5349975,full,goal16.png,0.7807503342628479,-1.097265362739563,-1.2103147506713867,-0.43414419889450073,2.655301570892334,0.880738377571106,1.0275477170944214,-1.1021422147750854,-1.1843092441558838,-0.43270567059516907,2.652726888656616,0.8738511800765991,1.0242183208465576,-0.004876852035522461,0.02600550651550293,0.001438528299331665,-0.0025746822357177734,-0.006887197494506836,-0.0033293962478637695
1769651589.635117,full,goal16.png,0.7802186608314514,-1.098052978515625,-1.2103147506713867,-0.4364767074584961,2.6551499366760254,0.8784967660903931,1.0263360738754272,-1.1032052040100098,-1.1849818229675293,-0.4346228241920471,2.6515510082244873,0.8712538480758667,1.0240015983581543,-0.005152225494384766,0.025332927703857422,0.0018538832664489746,-0.003598928451538086,-0.007242918014526367,-0.0023344755172729492
1769651589.7376304,full,goal16.png,0.7866760492324829,-1.098689079284668,-1.2103753089904785,-0.4387788772583008,2.654362440109253,0.8761037588119507,1.0256695747375488,-1.104200005531311,-1.185752511024475,-0.43455082178115845,2.651670217514038,0.8694092035293579,1.0235422849655151,-0.005510926246643066,0.024622797966003418,0.004228055477142334,-0.0026922225952148438,-0.0066945552825927734,-0.0021272897720336914
1769651589.839479,full,goal16.png,0.7724111676216125,-1.0998098850250244,-1.2105873823165894,-0.44062671065330505,2.653332471847534,0.8734229207038879,1.0255030393600464,-1.1046364307403564,-1.1864535808563232,-0.43278005719184875,2.652144432067871,0.8693883419036865,1.0231587886810303,-0.004826545715332031,0.024133801460266113,0.007846653461456299,-0.001188039779663086,-0.004034578800201416,-0.0023442506790161133
1769651589.9381125,full,goal16.png,0.765015184879303,-1.1009609699249268,-1.2120716571807861,-0.4413234293460846,2.653120517730713,0.8716357350349426,1.0249273777008057,-1.1043683290481567,-1.1861013174057007,-0.43160656094551086,2.651576519012451,0.8706961870193481,1.0233912467956543,-0.0034073591232299805,0.02597033977508545,0.00971686840057373,-0.0015439987182617188,-0.0009395480155944824,-0.0015361309051513672
1769651590.0375037,full,goal16.png,0.7381541728973389,-1.1012336015701294,-1.213041067123413,-0.44105082750320435,2.653120517730713,0.8709995746612549,1.0245033502578735,-1.1025739908218384,-1.185542106628418,-0.42826640605926514,2.6530301570892334,0.8756805062294006,1.0230348110198975,-0.0013403892517089844,0.027498960494995117,0.012784421443939209,-9.036064147949219e-05,0.004680931568145752,-0.0014685392379760742
1769651590.1359224,full,goal16.png,0.6371912956237793,-1.1011427640914917,-1.2123442888259888,-0.44023287296295166,2.653090238571167,0.8713933229446411,1.0242609977722168,-1.0998780727386475,-1.1843944787979126,-0.4256719946861267,2.656958818435669,0.8806247711181641,1.0206996202468872,0.0012646913528442383,0.027949810028076172,0.014560878276824951,0.003868579864501953,0.00923144817352295,-0.00356137752532959
1769651590.2347062,full,goal16.png,0.5638646483421326,-1.0998704433441162,-1.2115870714187622,-0.43796101212501526,2.6538171768188477,0.8743467926979065,1.0232160091400146,-1.0999878644943237,-1.183738112449646,-0.4293937087059021,2.65824556350708,0.880047082901001,1.0188881158828735,-0.00011742115020751953,0.02784895896911621,0.00856730341911316,0.004428386688232422,0.005700290203094482,-0.004327893257141113
1769651590.3368242,full,goal16.png,0.5643672943115234,-1.0982043743133545,-1.2112234830856323,-0.43668878078460693,2.656240463256836,0.8784211277961731,1.021716594696045,-1.1023485660552979,-1.1810908317565918,-0.44190704822540283,2.6557369232177734,0.8709098696708679,1.0202986001968384,-0.004144191741943359,0.030132651329040527,-0.0052182674407958984,-0.0005035400390625,-0.007511258125305176,-0.001417994499206543
1769651590.435383,full,goal16.png,0.5644994974136353,-1.097265362739563,-1.2104965448379517,-0.43883952498435974,2.6579065322875977,0.8790269494056702,1.0204442739486694,-1.1056889295578003,-1.1784346103668213,-0.4571375846862793,2.652224063873291,0.8593933582305908,1.0231423377990723,-0.008423566818237305,0.03206193447113037,-0.018298059701919556,-0.005682468414306641,-0.019633591175079346,0.002698063850402832
1769651590.5381668,full,goal16.png,0.5617522597312927,-1.098870873451233,-1.2090728282928467,-0.44801798462867737,2.656846523284912,0.8710904717445374,1.0219285488128662,-1.1072442531585693,-1.1765897274017334,-0.46775758266448975,2.6487393379211426,0.8520766496658325,1.0260159969329834,-0.008373379707336426,0.03248310089111328,-0.019739598035812378,-0.008107185363769531,-0.019013822078704834,0.0040874481201171875
1769651590.6377892,full,goal16.png,0.5595949292182922,-1.1020514965057373,-1.2074066400527954,-0.46043768525123596,2.654301881790161,0.862684428691864,1.0230947732925415,-1.1079022884368896,-1.1752005815505981,-0.47451430559158325,2.6470861434936523,0.8466707468032837,1.0278586149215698,-0.005850791931152344,0.032206058502197266,-0.01407662034034729,-0.007215738296508789,-0.016013681888580322,0.00476384162902832
1769651590.7378538,full,goal16.png,0.5520403385162354,-1.1044445037841797,-1.2055588960647583,-0.47028252482414246,2.651151418685913,0.855368971824646,1.0255333185195923,-1.108115792274475,-1.1735934019088745,-0.4802585542201996,2.645289421081543,0.8428280353546143,1.0297737121582031,-0.00367128849029541,0.03196549415588379,-0.009976029396057129,-0.005861997604370117,-0.012540936470031738,0.00424039363861084
1769651590.8360453,full,goal16.png,0.5451552867889404,-1.105111002922058,-1.2038322687149048,-0.47764351963996887,2.649333953857422,0.8492196202278137,1.0283201932907104,-1.1091283559799194,-1.171730399131775,-0.48626863956451416,2.64422869682312,0.8393027782440186,1.0307995080947876,-0.004017353057861328,0.03210186958312988,-0.008625119924545288,-0.005105257034301758,-0.009916841983795166,0.0024793148040771484
1769651590.9360576,full,goal16.png,0.5606029033660889,-1.104959487915039,-1.2025599479675293,-0.4856102466583252,2.6475770473480225,0.8451606035232544,1.0297439098358154,-1.111180067062378,-1.1694629192352295,-0.4939899444580078,2.644097089767456,0.8342618942260742,1.0316959619522095,-0.006220579147338867,0.033097028732299805,-0.008379697799682617,-0.0034799575805664062,-0.010898709297180176,0.001952052116394043
1769651591.0343513,full,goal16.png,0.5437854528427124,-1.1058076620101929,-1.200954556465149,-0.4924562871456146,2.6466987133026123,0.8417526483535767,1.0305466651916504,-1.1128000020980835,-1.1683480739593506,-0.49828076362609863,2.644958257675171,0.8315000534057617,1.0307954549789429,-0.006992340087890625,0.03260648250579834,-0.005824476480484009,-0.0017404556274414062,-0.010252594947814941,0.00024878978729248047
1769651591.1355495,full,goal16.png,0.576964259147644,-1.1077160835266113,-1.1987735033035278,-0.4979088008403778,2.646395683288574,0.8373603224754333,1.031122088432312,-1.1138854026794434,-1.1672377586364746,-0.5008746981620789,2.64479398727417,0.8297296762466431,1.0294299125671387,-0.006169319152832031,0.03153574466705322,-0.00296589732170105,-0.0016016960144042969,-0.007630646228790283,-0.0016921758651733398
1769651591.2361388,full,goal16.png,0.5740344524383545,-1.1099274158477783,-1.1965924501419067,-0.5023010969161987,2.64642596244812,0.8344069719314575,1.0306525230407715,-1.1148738861083984,-1.166669249534607,-0.5027585029602051,2.6448330879211426,0.8282303810119629,1.0284353494644165,-0.004946470260620117,0.029923200607299805,-0.00045740604400634766,-0.001592874526977539,-0.006176590919494629,-0.0022171735763549805
1769651591.337275,full,goal16.png,0.5655769109725952,-1.1110179424285889,-1.1948961019515991,-0.5053909420967102,2.646395683288574,0.8323773741722107,1.029683232307434,-1.115975022315979,-1.1667896509170532,-0.50290447473526,2.646401882171631,0.8272579908370972,1.0265614986419678,-0.004957079887390137,0.0281064510345459,0.0024864673614501953,6.198883056640625e-06,-0.005119383335113525,-0.0031217336654663086
1769651591.4373977,full,goal16.png,0.5653231739997864,-1.1116540431976318,-1.194653868675232,-0.5079657435417175,2.646486520767212,0.83048415184021,1.0286684036254883,-1.1168087720870972,-1.1674575805664062,-0.5010966062545776,2.6490330696105957,0.8266586065292358,1.0246379375457764,-0.005154728889465332,0.027196288108825684,0.006869137287139893,0.002546548843383789,-0.003825545310974121,-0.004030466079711914
1769651591.5372756,full,goal16.png,0.5638294816017151,-1.11283540725708,-1.1955928802490234,-0.5089653730392456,2.647122621536255,0.8294239044189453,1.0274568796157837,-1.1169447898864746,-1.1677137613296509,-0.4998033046722412,2.649538040161133,0.8259713649749756,1.0236462354660034,-0.004109382629394531,0.02787911891937256,0.009162068367004395,0.0024154186248779297,-0.0034525394439697266,-0.0038106441497802734
1769651591.637728,full,goal16.png,0.5669234991073608,-1.1145620346069336,-1.196683406829834,-0.5087533593177795,2.6484856605529785,0.8284091353416443,1.0260179042816162,-1.1172420978546143,-1.167218804359436,-0.5019166469573975,2.6478238105773926,0.8238005638122559,1.0243321657180786,-0.002680063247680664,0.02946460247039795,0.00683671236038208,-0.0006618499755859375,-0.004608571529388428,-0.0016857385635375977
1769651591.7348938,full,goal16.png,0.5718512535095215,-1.1152890920639038,-1.1986522674560547,-0.5083897709846497,2.6490612030029297,0.8274851441383362,1.02500319480896,-1.1178656816482544,-1.166399359703064,-0.5064268708229065,2.644681930541992,0.820335865020752,1.0257090330123901,-0.002576589584350586,0.03225290775299072,0.001962900161743164,-0.0043792724609375,-0.0071492791175842285,0.0007058382034301758
1769651591.8341012,full,goal16.png,0.5658645629882812,-1.1154102087020874,-1.2006818056106567,-0.5099044442176819,2.64839506149292,0.8254707455635071,1.024988055229187,-1.1186718940734863,-1.1658763885498047,-0.5093364119529724,2.642075300216675,0.8180249929428101,1.0262813568115234,-0.0032616853713989258,0.03480541706085205,0.0005680322647094727,-0.006319761276245117,-0.0074457526206970215,0.0012933015823364258
1769651591.9359126,full,goal16.png,0.5658873915672302,-1.1155617237091064,-1.200136661529541,-0.5126609802246094,2.6466987133026123,0.8225628137588501,1.0263208150863647,-1.1195913553237915,-1.1650831699371338,-0.5132348537445068,2.6414272785186768,0.8146664500236511,1.0265765190124512,-0.004029631614685059,0.03505349159240723,-0.0005738735198974609,-0.005271434783935547,-0.007896363735198975,0.0002557039260864258
1769651592.0344937,full,goal16.png,0.5688501596450806,-1.116500735282898,-1.198561429977417,-0.515781044960022,2.644578218460083,0.8195334672927856,1.027017593383789,-1.1196160316467285,-1.164916753768921,-0.514443039894104,2.6394879817962646,0.8135010004043579,1.0267071723937988,-0.0031152963638305664,0.033644676208496094,0.0013380050659179688,-0.005090236663818359,-0.006032466888427734,-0.0003104209899902344
1769651592.1371572,full,goal16.png,0.5625598430633545,-1.1177427768707275,-1.1986219882965088,-0.5196887254714966,2.6431846618652344,0.8165649771690369,1.0271084308624268,-1.1201791763305664,-1.1645375490188599,-0.5178883075714111,2.637568235397339,0.8116012811660767,1.0267317295074463,-0.002436399459838867,0.034084439277648926,0.0018004179000854492,-0.005616426467895508,-0.004963696002960205,-0.00037670135498046875
1769651592.236642,full,goal16.png,0.5587272047996521,-1.1180154085159302,-1.1989855766296387,-0.5218999981880188,2.641700267791748,0.8151564002037048,1.0268207788467407,-1.121279239654541,-1.1636831760406494,-0.5219988822937012,2.6369147300720215,0.808819055557251,1.0269198417663574,-0.00326383113861084,0.03530240058898926,-9.888410568237305e-05,-0.0047855377197265625,-0.006337344646453857,9.906291961669922e-05
1769651592.3387315,full,goal16.png,0.5699423551559448,-1.1181365251541138,-1.1980465650558472,-0.5243839621543884,2.6399738788604736,0.8133842945098877,1.0264419317245483,-1.1227922439575195,-1.16354238986969,-0.5258602499961853,2.637418031692505,0.8046205043792725,1.0266284942626953,-0.004655718803405762,0.03450417518615723,-0.001476287841796875,-0.00255584716796875,-0.008763790130615234,0.00018656253814697266
1769651592.4384632,full,goal16.png,0.5594749450683594,-1.1187423467636108,-1.1968045234680176,-0.5279583930969238,2.639186143875122,0.810839831829071,1.0264116525650024,-1.1237183809280396,-1.1634912490844727,-0.5271683931350708,2.6383960247039795,0.8017282485961914,1.0263279676437378,-0.004976034164428711,0.03331327438354492,0.0007899999618530273,-0.0007901191711425781,-0.009111583232879639,-8.368492126464844e-05
1769651592.5365129,full,goal16.png,0.5680396556854248,-1.1200449466705322,-1.1968045234680176,-0.5317752361297607,2.639216661453247,0.8071290850639343,1.0264571905136108,-1.1242972612380981,-1.163431167602539,-0.5277547240257263,2.6389713287353516,0.8008025884628296,1.026590347290039,-0.004252314567565918,0.033373355865478516,0.004020512104034424,-0.0002453327178955078,-0.006326496601104736,0.00013315677642822266
1769651592.6364543,full,goal16.png,0.565345823764801,-1.1212868690490723,-1.196653127670288,-0.5339258909225464,2.6393678188323975,0.8044179677963257,1.0263208150863647,-1.124672770500183,-1.1625083684921265,-0.5294336676597595,2.6388847827911377,0.7987966537475586,1.0267391204833984,-0.00338590145111084,0.03414475917816162,0.004492223262786865,-0.0004830360412597656,-0.00562131404876709,0.0004183053970336914
1769651592.735905,full,goal16.png,0.5633567571640015,-1.1220139265060425,-1.1959867477416992,-0.535167932510376,2.6397011280059814,0.8029789924621582,1.0266388654708862,-1.1250791549682617,-1.1626231670379639,-0.5304461121559143,2.6390163898468018,0.7969753742218018,1.0256750583648682,-0.0030652284622192383,0.03336358070373535,0.00472182035446167,-0.0006847381591796875,-0.006003618240356445,-0.0009638071060180664
1769651592.8357837,full,goal16.png,0.5669283866882324,-1.122347116470337,-1.195441484451294,-0.5365613102912903,2.639791965484619,0.8009493947029114,1.0266389846801758,-1.1248281002044678,-1.1628353595733643,-0.5309147834777832,2.638319253921509,0.7959274649620056,1.0252124071121216,-0.0024809837341308594,0.03260612487792969,0.00564652681350708,-0.0014727115631103516,-0.005021929740905762,-0.0014265775680541992
1769651592.9372988,full,goal16.png,0.5657655596733093,-1.1225287914276123,-1.1956231594085693,-0.5377426743507385,2.639822244644165,0.7992985844612122,1.026260256767273,-1.1248393058776855,-1.1623457670211792,-0.533352255821228,2.636718273162842,0.7948071956634521,1.0261214971542358,-0.002310514450073242,0.03327739238739014,0.004390418529510498,-0.003103971481323242,-0.00449138879776001,-0.00013875961303710938
1769651593.0368578,full,goal16.png,0.5791295170783997,-1.1227105855941772,-1.1957745552062988,-0.5392876267433167,2.6396405696868896,0.7980718016624451,1.0259119272232056,-1.1245195865631104,-1.1611920595169067,-0.5363767147064209,2.6344637870788574,0.7939497828483582,1.0275962352752686,-0.0018090009689331055,0.03458249568939209,0.002910912036895752,-0.0051767826080322266,-0.004122018814086914,0.0016843080520629883
1769651593.1371305,full,goal16.png,0.5710278749465942,-1.1226197481155396,-1.1949265003204346,-0.5413474440574646,2.638610601425171,0.7964208126068115,1.0269266366958618,-1.1244878768920898,-1.1597400903701782,-0.5397981405258179,2.6340084075927734,0.792502224445343,1.0287275314331055,-0.001868128776550293,0.03518640995025635,0.0015493035316467285,-0.004602193832397461,-0.003918588161468506,0.0018008947372436523
1769651593.2367427,full,goal16.png,0.5614409446716309,-1.1224682331085205,-1.1939572095870972,-0.5441646575927734,2.6368234157562256,0.7954817414283752,1.0278961658477783,-1.1239508390426636,-1.1585767269134521,-0.5415506362915039,2.6342415809631348,0.7911626696586609,1.029239535331726,-0.0014826059341430664,0.03538048267364502,0.0026140213012695312,-0.0025818347930908203,-0.0043190717697143555,0.001343369483947754
1769651593.335878,full,goal16.png,0.5691244602203369,-1.1224682331085205,-1.1928060054779053,-0.5470120310783386,2.6359448432922363,0.7940428853034973,1.029274344444275,-1.123759150505066,-1.1575291156768799,-0.5437958836555481,2.6345181465148926,0.7888498902320862,1.029620885848999,-0.0012909173965454102,0.03527688980102539,0.0032161474227905273,-0.00142669677734375,-0.005192995071411133,0.0003465414047241211
1769651593.4356863,full,goal16.png,0.5726933479309082,-1.122347116470337,-1.1911096572875977,-0.5491930246353149,2.635793685913086,0.792497992515564,1.0299408435821533,-1.1234536170959473,-1.156646728515625,-0.5462046265602112,2.6325178146362305,0.7867247462272644,1.030951976776123,-0.0011065006256103516,0.034462928771972656,0.0029883980751037598,-0.0032758712768554688,-0.0057732462882995605,0.0010111331939697266
1769651593.5351808,full,goal16.png,0.5642109513282776,-1.122135043144226,-1.189897894859314,-0.5512529611587524,2.6354904174804688,0.7908470034599304,1.0303800106048584,-1.123961091041565,-1.1561121940612793,-0.5483686923980713,2.632094383239746,0.785584568977356,1.0314311981201172,-0.0018260478973388672,0.03378570079803467,0.0028842687606811523,-0.0033960342407226562,-0.005262434482574463,0.001051187515258789
1769651593.6376066,full,goal16.png,0.5854493379592896,-1.1219532489776611,-1.189897894859314,-0.5533127784729004,2.634188175201416,0.7893931269645691,1.0308040380477905,-1.1245734691619873,-1.1549137830734253,-0.5516296029090881,2.632546901702881,0.7845390439033508,1.0317802429199219,-0.002620220184326172,0.03498411178588867,0.0016831755638122559,-0.0016412734985351562,-0.004854083061218262,0.0009762048721313477
1769651593.7371821,full,goal16.png,0.5692969560623169,-1.1221047639846802,-1.1897162199020386,-0.55579674243927,2.6334307193756104,0.7882571220397949,1.0311826467514038,-1.1249535083770752,-1.1528915166854858,-0.5563582181930542,2.632248878479004,0.7830072045326233,1.0328483581542969,-0.0028487443923950195,0.036824703216552734,-0.0005614757537841797,-0.0011818408966064453,-0.005249917507171631,0.0016657114028930664
1769651593.8370278,full,goal16.png,0.5854741930961609,-1.1222865581512451,-1.1879593133926392,-0.559037983417511,2.6333701610565186,0.7871363759040833,1.0316067934036255,-1.1251170635223389,-1.1507197618484497,-0.5625326633453369,2.629680633544922,0.7812497019767761,1.0343981981277466,-0.00283050537109375,0.03723955154418945,-0.0034946799278259277,-0.0036895275115966797,-0.005886673927307129,0.0027914047241210938
1769651593.9369361,full,goal16.png,0.5658016800880432,-1.1224379539489746,-1.1857479810714722,-0.5636120438575745,2.6327946186065674,0.7853794097900391,1.0329396724700928,-1.1258736848831177,-1.1499786376953125,-0.5648139715194702,2.628681182861328,0.7808217406272888,1.0337867736816406,-0.0034357309341430664,0.03576934337615967,-0.001201927661895752,-0.004113435745239258,-0.004557669162750244,0.0008471012115478516
1769651594.0377214,full,goal16.png,0.5744067430496216,-1.1226803064346313,-1.1836577653884888,-0.5692766308784485,2.630976915359497,0.7837738394737244,1.0342119932174683,-1.1273177862167358,-1.1496477127075195,-0.5667386054992676,2.6289615631103516,0.7797495126724243,1.0326321125030518,-0.004637479782104492,0.03401005268096924,0.002538025379180908,-0.002015352249145508,-0.004024326801300049,-0.001579880714416504
1769651594.135479,full,goal16.png,0.568356454372406,-1.1232255697250366,-1.1827794313430786,-0.5728208422660828,2.6298563480377197,0.782956063747406,1.0339998006820679,-1.128814935684204,-1.1488728523254395,-0.5678743720054626,2.629944324493408,0.7784420251846313,1.031440019607544,-0.0055893659591674805,0.03390657901763916,0.004946470260620117,8.797645568847656e-05,-0.004514038562774658,-0.0025597810745239258
1769651594.2348528,full,goal16.png,0.5645473003387451,-1.1244977712631226,-1.182173490524292,-0.5754258632659912,2.6296441555023193,0.7815626263618469,1.0327578783035278,-1.1298028230667114,-1.1480847597122192,-0.5699332356452942,2.630619525909424,0.7767447233200073,1.0305737257003784,-0.005305051803588867,0.034088730812072754,0.0054926276206970215,0.0009753704071044922,-0.0048179030418396,-0.002184152603149414
1769651594.3372288,full,goal16.png,0.5713326334953308,-1.1260427236557007,-1.181567668914795,-0.5770010948181152,2.6299169063568115,0.7802449464797974,1.0316219329833984,-1.1306568384170532,-1.1468144655227661,-0.5730550289154053,2.6321239471435547,0.7743682265281677,1.0297305583953857,-0.004614114761352539,0.03475320339202881,0.003946065902709961,0.002207040786743164,-0.005876719951629639,-0.0018913745880126953
1769651594.4360979,full,goal16.png,0.5732316970825195,-1.1271029710769653,-1.1806589365005493,-0.5790306329727173,2.630431890487671,0.7789726257324219,1.0309555530548096,-1.1314581632614136,-1.1453592777252197,-0.5756858587265015,2.6331639289855957,0.7724966406822205,1.0293047428131104,-0.004355192184448242,0.03529965877532959,0.0033447742462158203,0.0027320384979248047,-0.006475985050201416,-0.0016508102416992188
1769651594.5371413,full,goal16.png,0.5761712789535522,-1.127345323562622,-1.1786596775054932,-0.5816660523414612,2.6314313411712646,0.77650386095047,1.03033447265625,-1.1318079233169556,-1.1441004276275635,-0.5773095488548279,2.6343863010406494,0.771856427192688,1.0287834405899048,-0.004462599754333496,0.03455924987792969,0.004356503486633301,0.0029549598693847656,-0.004647433757781982,-0.0015510320663452148
1769651594.6412249,full,goal16.png,0.5726540088653564,-1.1274361610412598,-1.1759940385818481,-0.5837562084197998,2.632370710372925,0.7746712565422058,1.0299861431121826,-1.1322005987167358,-1.1437939405441284,-0.5779591202735901,2.6339430809020996,0.7710486650466919,1.0287909507751465,-0.004764437675476074,0.03220009803771973,0.005797088146209717,0.0015723705291748047,-0.003622591495513916,-0.0011951923370361328
1769651594.7420666,full,goal16.png,0.5720333456993103,-1.1281934976577759,-1.1740856170654297,-0.5854222774505615,2.633521556854248,0.7737776041030884,1.0296680927276611,-1.1325464248657227,-1.143153190612793,-0.5802254676818848,2.6321589946746826,0.769314169883728,1.0293785333633423,-0.004352927207946777,0.03093242645263672,0.005196809768676758,-0.0013625621795654297,-0.0044634342193603516,-0.00028955936431884766
1769651594.8383393,full,goal16.png,0.5764610171318054,-1.1291930675506592,-1.1737221479415894,-0.5869671106338501,2.63358211517334,0.7725962996482849,1.0299104452133179,-1.1327285766601562,-1.1413987874984741,-0.584867000579834,2.631591558456421,0.7667257785797119,1.0302023887634277,-0.0035355091094970703,0.032323360443115234,0.0021001100540161133,-0.0019905567169189453,-0.005870521068572998,0.0002919435501098633
1769651594.9379907,full,goal16.png,0.5763939619064331,-1.1294959783554077,-1.1739038228988647,-0.5893601775169373,2.6329762935638428,0.7710058689117432,1.0305618047714233,-1.1329748630523682,-1.1395286321640015,-0.588563859462738,2.631995439529419,0.7649809718132019,1.0308454036712646,-0.0034788846969604492,0.03437519073486328,0.0007963180541992188,-0.0009808540344238281,-0.00602489709854126,0.0002835988998413086
1769651595.0363815,full,goal16.png,0.5780033469200134,-1.1297080516815186,-1.1736313104629517,-0.5928740501403809,2.6324918270111084,0.768537163734436,1.031273603439331,-1.1336687803268433,-1.138598918914795,-0.5893946290016174,2.634133815765381,0.7641639709472656,1.0302190780639648,-0.003960728645324707,0.03503239154815674,0.0034794211387634277,0.001641988754272461,-0.00437319278717041,-0.001054525375366211
1769651595.1365156,full,goal16.png,0.5662029385566711,-1.1303138732910156,-1.1727830171585083,-0.5960850715637207,2.6325523853302,0.7670679688453674,1.0315613746643066,-1.133852481842041,-1.138317584991455,-0.587761640548706,2.6363444328308105,0.7644816637039185,1.029608964920044,-0.0035386085510253906,0.03446543216705322,0.008323431015014648,0.0037920475006103516,-0.0025863051414489746,-0.0019524097442626953
1769651595.2359183,full,goal16.png,0.5720961093902588,-1.1310409307479858,-1.1716623306274414,-0.5977814197540283,2.6337337493896484,0.7660834193229675,1.031303882598877,-1.1331478357315063,-1.1387443542480469,-0.5849969983100891,2.63910174369812,0.7648186683654785,1.0287319421768188,-0.002106904983520508,0.03291797637939453,0.012784421443939209,0.00536799430847168,-0.0012647509574890137,-0.0025719404220581055
1769651595.3365867,full,goal16.png,0.5755563974380493,-1.1311923265457153,-1.1707534790039062,-0.5972360968589783,2.636035919189453,0.765765368938446,1.0308948755264282,-1.1327253580093384,-1.1396663188934326,-0.5818762183189392,2.642416477203369,0.7659460306167603,1.0266361236572266,-0.0015330314636230469,0.031087160110473633,0.015359878540039062,0.006380558013916016,0.00018066167831420898,-0.00425875186920166
1769651595.4371436,full,goal16.png,0.5752692222595215,-1.1309802532196045,-1.1705716848373413,-0.5955700278282166,2.6387922763824463,0.7657502293586731,1.0302436351776123,-1.1327219009399414,-1.1391279697418213,-0.5826365351676941,2.642791986465454,0.7656070590019226,1.0265949964523315,-0.001741647720336914,0.03144371509552002,0.012933492660522461,0.0039997100830078125,-0.00014317035675048828,-0.0036486387252807617
1769651595.5375402,full,goal16.png,0.5865134000778198,-1.1309196949005127,-1.1706626415252686,-0.5937525033950806,2.6413369178771973,0.7659016251564026,1.0291835069656372,-1.1325827836990356,-1.138285517692566,-0.584931492805481,2.642420768737793,0.7644373178482056,1.0272562503814697,-0.0016630887985229492,0.03237712383270264,0.00882101058959961,0.0010838508605957031,-0.0014643073081970215,-0.0019272565841674805
1769651595.636128,full,goal16.png,0.5778045654296875,-1.1309802532196045,-1.170814037322998,-0.5937828421592712,2.642336368560791,0.7658107280731201,1.0288503170013428,-1.1323297023773193,-1.1381248235702515,-0.5858945846557617,2.6429483890533447,0.7635422945022583,1.0265229940414429,-0.0013494491577148438,0.03268921375274658,0.007888257503509521,0.0006120204925537109,-0.0022684335708618164,-0.0023273229598999023
1769651595.7375097,full,goal16.png,0.5724838376045227,-1.1308894157409668,-1.1707231998443604,-0.5945401191711426,2.6424880027770996,0.7654018402099609,1.0287442207336426,-1.1317033767700195,-1.138488531112671,-0.5846056938171387,2.646031379699707,0.7637749910354614,1.0250868797302246,-0.0008139610290527344,0.03223466873168945,0.009934425354003906,0.003543376922607422,-0.0016268491744995117,-0.0036573410034179688
1769651595.8374457,full,goal16.png,0.5678701400756836,-1.130677342414856,-1.1705414056777954,-0.5951157212257385,2.643336296081543,0.7647051215171814,1.0280474424362183,-1.1311954259872437,-1.138390064239502,-0.5848578810691833,2.645871877670288,0.7639023661613464,1.025162696838379,-0.0005180835723876953,0.03215134143829346,0.010257840156555176,0.002535581588745117,-0.0008027553558349609,-0.0028847455978393555
1769651595.9357572,full,goal16.png,0.5831721425056458,-1.1304349899291992,-1.1705414056777954,-0.5949339270591736,2.644972085952759,0.7642961740493774,1.0273962020874023,-1.131104588508606,-1.1384947299957275,-0.5865553617477417,2.645432472229004,0.7632156610488892,1.0248454809188843,-0.0006695985794067383,0.03204667568206787,0.008378565311431885,0.0004603862762451172,-0.0010805130004882812,-0.0025507211685180664
1769651596.0345743,full,goal16.png,0.573637843132019,-1.130223035812378,-1.1706929206848145,-0.5950550436973572,2.6454265117645264,0.7641295194625854,1.027169108390808,-1.1310778856277466,-1.1382378339767456,-0.5887797474861145,2.6438827514648438,0.7619931697845459,1.0250661373138428,-0.0008548498153686523,0.03245508670806885,0.006275296211242676,-0.0015437602996826172,-0.0021363496780395508,-0.002102971076965332
1769651596.1351078,full,goal16.png,0.5754836797714233,-1.1301320791244507,-1.1706929206848145,-0.5962364673614502,2.6453354358673096,0.7637055516242981,1.0268357992172241,-1.131346344947815,-1.1377460956573486,-0.5905910134315491,2.6435532569885254,0.7610908150672913,1.0249463319778442,-0.0012142658233642578,0.03294682502746582,0.005645453929901123,-0.0017821788787841797,-0.002614736557006836,-0.0018894672393798828
1769651596.23768,full,goal16.png,0.586493194103241,-1.1301017999649048,-1.170390009880066,-0.5979630947113037,2.6447901725769043,0.7631299495697021,1.0265328884124756,-1.131197452545166,-1.1366872787475586,-0.5913884043693542,2.64437198638916,0.760646641254425,1.0252069234848022,-0.0010956525802612305,0.033702731132507324,0.006574690341949463,-0.0004181861877441406,-0.0024833083152770996,-0.0013259649276733398
1769651596.337774,full,goal16.png,0.5760109424591064,-1.1301017999649048,-1.1698447465896606,-0.5994777679443359,2.644547700881958,0.7622816562652588,1.0261088609695435,-1.1314314603805542,-1.1373391151428223,-0.5891621708869934,2.6451518535614014,0.7614326477050781,1.0236194133758545,-0.001329660415649414,0.03250563144683838,0.01031559705734253,0.0006041526794433594,-0.0008490085601806641,-0.002489447593688965
1769651596.4389136,full,goal16.png,0.5844998955726624,-1.1301017999649048,-1.1687239408493042,-0.6002350449562073,2.6446688175201416,0.7617970705032349,1.0258665084838867,-1.1316946744918823,-1.1386818885803223,-0.5852092504501343,2.6444661617279053,0.7633419036865234,1.021601915359497,-0.001592874526977539,0.030042052268981934,0.015025794506072998,-0.00020265579223632812,0.0015448331832885742,-0.0042645931243896484
1769651596.537899,full,goal16.png,0.5836225748062134,-1.1300715208053589,-1.1682090759277344,-0.5991747379302979,2.644911527633667,0.761918306350708,1.0250790119171143,-1.1321896314620972,-1.1406280994415283,-0.5805913209915161,2.6439905166625977,0.7656192183494568,1.0185481309890747,-0.0021181106567382812,0.027580976486206055,0.01858341693878174,-0.0009210109710693359,0.0037009119987487793,-0.006530880928039551
1769651596.642122,full,goal16.png,0.5824911594390869,-1.130192756652832,-1.168602705001831,-0.5969634652137756,2.644850969314575,0.763175368309021,1.0234886407852173,-1.1325156688690186,-1.1421005725860596,-0.5776078701019287,2.6439871788024902,0.7671383619308472,1.0163317918777466,-0.0023229122161865234,0.026502132415771484,0.019355595111846924,-0.0008637905120849609,0.003962993621826172,-0.007156848907470703
1769651596.7370176,full,goal16.png,0.5669142007827759,-1.1302533149719238,-1.169390320777893,-0.5936919450759888,2.6446993350982666,0.7653867602348328,1.0206410884857178,-1.1317427158355713,-1.1431124210357666,-0.5749391317367554,2.645383358001709,0.7689310312271118,1.0147672891616821,-0.001489400863647461,0.026277899742126465,0.0187528133392334,0.0006840229034423828,0.0035442709922790527,-0.0058737993240356445
1769651596.8372774,full,goal16.png,0.5778900980949402,-1.1302835941314697,-1.1701476573944092,-0.5908445119857788,2.6446993350982666,0.7673859000205994,1.018096685409546,-1.130602240562439,-1.1437559127807617,-0.5735873579978943,2.644364833831787,0.7701655626296997,1.0149211883544922,-0.0003186464309692383,0.02639174461364746,0.01725715398788452,-0.0003345012664794922,0.002779662609100342,-0.003175497055053711
1769651596.9338353,full,goal16.png,0.5910953283309937,-1.1299504041671753,-1.1708745956420898,-0.5889966487884521,2.644941568374634,0.7689460515975952,1.0164456367492676,-1.1302224397659302,-1.1439166069030762,-0.572706937789917,2.6421995162963867,0.7706592082977295,1.01542067527771,-0.0002720355987548828,0.026957988739013672,0.016289710998535156,-0.0027420520782470703,0.0017131567001342773,-0.0010249614715576172
1769651597.0379627,full,goal16.png,0.5900540351867676,-1.129223346710205,-1.1716320514678955,-0.5876032710075378,2.644638776779175,0.7696123719215393,1.0159308910369873,-1.1303669214248657,-1.1445485353469849,-0.5713958740234375,2.640042781829834,0.7720726728439331,1.0153133869171143,-0.0011435747146606445,0.027083516120910645,0.016207396984100342,-0.00459599494934082,0.002460300922393799,-0.0006175041198730469
1769651597.1381238,full,goal16.png,0.5979869365692139,-1.128587245941162,-1.1719348430633545,-0.5865127444267273,2.643305778503418,0.7702182531356812,1.015718698501587,-1.130990982055664,-1.1458160877227783,-0.569315493106842,2.6409120559692383,0.7736201882362366,1.0142550468444824,-0.002403736114501953,0.026118755340576172,0.017197251319885254,-0.0023937225341796875,0.00340193510055542,-0.0014636516571044922
1769651597.2368226,full,goal16.png,0.5941528081893921,-1.1285569667816162,-1.1724498271942139,-0.5851193070411682,2.6421852111816406,0.7715510725975037,1.0149614810943604,-1.1314153671264648,-1.147398591041565,-0.567104160785675,2.6432414054870605,0.7749634385108948,1.0124837160110474,-0.002858400344848633,0.025051236152648926,0.018015146255493164,0.0010561943054199219,0.0034123659133911133,-0.0024777650833129883
1769651597.336175,full,goal16.png,0.5785388350486755,-1.1291627883911133,-1.1739946603775024,-0.5833321213722229,2.6422457695007324,0.7727022767066956,1.014113187789917,-1.1316628456115723,-1.1485891342163086,-0.5641120672225952,2.645164966583252,0.7766120433807373,1.011155605316162,-0.0025000572204589844,0.025405526161193848,0.019220054149627686,0.0029191970825195312,0.003909766674041748,-0.002957582473754883
1769651597.4350986,full,goal16.png,0.5747885704040527,-1.1297080516815186,-1.1768420934677124,-0.5813934206962585,2.6431543827056885,0.7738835215568542,1.013022780418396,-1.131272554397583,-1.1489756107330322,-0.562122106552124,2.6458873748779297,0.7775419354438782,1.0110855102539062,-0.0015645027160644531,0.027866482734680176,0.01927131414413452,0.002732992172241211,0.0036584138870239258,-0.001937270164489746
1769651597.5355237,full,goal16.png,0.5897225737571716,-1.1299201250076294,-1.1805983781814575,-0.5789700746536255,2.644517660140991,0.7748377919197083,1.0121594667434692,-1.1308021545410156,-1.1490254402160645,-0.5625948309898376,2.6450929641723633,0.7769917845726013,1.012390375137329,-0.0008820295333862305,0.031572937965393066,0.016375243663787842,0.0005753040313720703,0.0021539926528930664,0.00023090839385986328
1769651597.6355276,full,goal16.png,0.5829367637634277,-1.1297686100006104,-1.181900978088379,-0.5774857401847839,2.645183801651001,0.7756707668304443,1.0119625329971313,-1.1312636137008667,-1.1494803428649902,-0.563398540019989,2.646523952484131,0.7762672901153564,1.0127263069152832,-0.0014950037002563477,0.03242063522338867,0.014087200164794922,0.0013401508331298828,0.0005965232849121094,0.0007637739181518555
1769651597.7361305,full,goal16.png,0.5812849402427673,-1.1296172142028809,-1.1812344789505005,-0.5766375660896301,2.6453354358673096,0.7758979797363281,1.0124319791793823,-1.1315453052520752,-1.149902105331421,-0.5637291669845581,2.6475489139556885,0.7757086753845215,1.0123648643493652,-0.001928091049194336,0.03133237361907959,0.012908399105072021,0.0022134780883789062,-0.00018930435180664062,-6.711483001708984e-05
1769651597.8374596,full,goal16.png,0.5863221883773804,-1.1296474933624268,-1.1812041997909546,-0.5766375660896301,2.6462137699127197,0.7757616639137268,1.0126289129257202,-1.1316051483154297,-1.1500422954559326,-0.5630190968513489,2.648629665374756,0.7760404348373413,1.0119352340698242,-0.0019576549530029297,0.031161904335021973,0.01361846923828125,0.002415895462036133,0.00027877092361450195,-0.0006936788558959961
1769651597.9366786,full,goal16.png,0.5743823647499084,-1.1296777725219727,-1.181840419769287,-0.5768193006515503,2.6470015048980713,0.7757010459899902,1.012689471244812,-1.1312720775604248,-1.1507022380828857,-0.5608831644058228,2.6478590965270996,0.7761996388435364,1.0114792585372925,-0.0015943050384521484,0.031138181686401367,0.01593613624572754,0.0008575916290283203,0.0004985928535461426,-0.0012102127075195312
1769651598.0370119,full,goal16.png,0.5828831195831299,-1.1298898458480835,-1.1814465522766113,-0.5762740969657898,2.64766788482666,0.7756859064102173,1.0126137733459473,-1.131519079208374,-1.1516486406326294,-0.5608068704605103,2.6472506523132324,0.7747425436973572,1.0110840797424316,-0.0016292333602905273,0.029797911643981934,0.015467226505279541,-0.0004172325134277344,-0.0009433627128601074,-0.001529693603515625
1769651598.1358855,full,goal16.png,0.5787249207496643,-1.1300715208053589,-1.1811132431030273,-0.5751835107803345,2.6476073265075684,0.7756102085113525,1.0124775171279907,-1.1312499046325684,-1.1511648893356323,-0.5635625720024109,2.6464385986328125,0.7731070518493652,1.0131375789642334,-0.0011783838272094727,0.02994835376739502,0.011620938777923584,-0.0011687278747558594,-0.0025031566619873047,0.0006600618362426758
1769651598.2350256,full,goal16.png,0.5848902463912964,-1.130010962486267,-1.1814465522766113,-0.5751532316207886,2.647425651550293,0.775065004825592,1.0124472379684448,-1.1313188076019287,-1.1507002115249634,-0.5652672648429871,2.645481824874878,0.7730414867401123,1.0146801471710205,-0.001307845115661621,0.03074634075164795,0.009885966777801514,-0.001943826675415039,-0.0020235180854797363,0.0022329092025756836
1769651598.3384428,full,goal16.png,0.5793272256851196,-1.1298291683197021,-1.1814465522766113,-0.5759711861610413,2.647062063217163,0.774292528629303,1.0132195949554443,-1.1317280530929565,-1.1506880521774292,-0.5654012560844421,2.646357536315918,0.7730827331542969,1.0142078399658203,-0.0018988847732543945,0.03075850009918213,0.010569930076599121,-0.0007045269012451172,-0.0012097954750061035,0.0009882450103759766
1769651598.4377844,full,goal16.png,0.5806453824043274,-1.1299201250076294,-1.181537389755249,-0.5770919322967529,2.6466076374053955,0.7739139199256897,1.013658881187439,-1.1322818994522095,-1.1500365734100342,-0.5671222805976868,2.6469802856445312,0.7721740007400513,1.014219880104065,-0.002361774444580078,0.031500816345214844,0.009969651699066162,0.0003726482391357422,-0.0017399191856384277,0.0005609989166259766
1769651598.5370035,full,goal16.png,0.5915786027908325,-1.1301320791244507,-1.1813557147979736,-0.5776675343513489,2.64678955078125,0.7737776041030884,1.0137951374053955,-1.132312536239624,-1.1496998071670532,-0.5681760907173157,2.6489362716674805,0.7718906402587891,1.013908863067627,-0.00218045711517334,0.03165590763092041,0.009491443634033203,0.0021467208862304688,-0.0018869638442993164,0.00011372566223144531
1769651598.6381214,full,goal16.png,0.5789554715156555,-1.1301624774932861,-1.1812344789505005,-0.5787277221679688,2.647092342376709,0.7735503911972046,1.0139617919921875,-1.1320829391479492,-1.1496117115020752,-0.5687394738197327,2.6496407985687256,0.7724055051803589,1.0144989490509033,-0.001920461654663086,0.03162276744842529,0.009988248348236084,0.0025484561920166016,-0.0011448860168457031,0.0005371570587158203
1769651598.7374687,full,goal16.png,0.6675330400466919,-1.1301320791244507,-1.1811436414718628,-0.5793941617012024,2.647970676422119,0.7733836770057678,1.0139466524124146,-1.1316962242126465,-1.1537083387374878,-0.560085117816925,2.649336814880371,0.7800613641738892,1.0115001201629639,-0.0015641450881958008,0.027435302734375,0.019309043884277344,0.0013661384582519531,0.006677687168121338,-0.0024465322494506836
1769651598.8361986,full,goal16.png,0.664604902267456,-1.130192756652832,-1.181537389755249,-0.5788185596466064,2.648637294769287,0.7740955948829651,1.013628602027893,-1.1308634281158447,-1.1597411632537842,-0.5485249757766724,2.6444754600524902,0.7906937599182129,1.0097051858901978,-0.0006706714630126953,0.021796226501464844,0.030293583869934082,-0.004161834716796875,0.016598165035247803,-0.0039234161376953125
1769651598.9394653,full,goal16.png,0.6543146371841431,-1.130223035812378,-1.1837791204452515,-0.5736992359161377,2.648303985595703,0.7797601222991943,1.0125077962875366,-1.1291776895523071,-1.1666686534881592,-0.5381349325180054,2.6358063220977783,0.8010044097900391,1.0090548992156982,0.0010453462600708008,0.017110466957092285,0.035564303398132324,-0.012497663497924805,0.021244287490844727,-0.003452897071838379
1769651599.0370016,full,goal16.png,0.6625211238861084,-1.1296777725219727,-1.1884136199951172,-0.5647025108337402,2.6453659534454346,0.7893627285957336,1.0104782581329346,-1.1279056072235107,-1.1721782684326172,-0.5320698022842407,2.6288657188415527,0.8080234527587891,1.0088194608688354,0.001772165298461914,0.0162353515625,0.03263270854949951,-0.016500234603881836,0.01866072416305542,-0.001658797264099121
1769651599.1378782,full,goal16.png,0.6534769535064697,-1.1284054517745972,-1.1942600011825562,-0.5551303029060364,2.6387317180633545,0.7983595132827759,1.0096300840377808,-1.126993179321289,-1.176234483718872,-0.5288838148117065,2.6245741844177246,0.8135144710540771,1.0095078945159912,0.0014122724533081055,0.018025517463684082,0.026246488094329834,-0.014157533645629883,0.01515495777130127,-0.00012218952178955078
1769651599.2357569,full,goal16.png,0.6484825611114502,-1.1269211769104004,-1.198894739151001,-0.5486781001091003,2.631037473678589,0.8058415651321411,1.0097512006759644,-1.1260199546813965,-1.1794556379318237,-0.5269100666046143,2.621568441390991,0.8185265064239502,1.0105856657028198,0.0009012222290039062,0.019439101219177246,0.021768033504486084,-0.009469032287597656,0.012684941291809082,0.0008344650268554688
1769651599.335885,full,goal16.png,0.641340434551239,-1.1260124444961548,-1.2028024196624756,-0.5445281267166138,2.626039505004883,0.8122180104255676,1.010008692741394,-1.125762701034546,-1.1818218231201172,-0.5253027677536011,2.620351791381836,0.8225401043891907,1.0114907026290894,0.0002497434616088867,0.0209805965423584,0.019225358963012695,-0.005687713623046875,0.010322093963623047,0.0014820098876953125
1769651599.437394,full,goal16.png,0.6479135751724243,-1.1253763437271118,-1.20722496509552,-0.5423470735549927,2.622858762741089,0.8172768354415894,1.0105236768722534,-1.1260323524475098,-1.1842656135559082,-0.5251960754394531,2.6179025173187256,0.8257284164428711,1.0122008323669434,-0.0006560087203979492,0.022959351539611816,0.01715099811553955,-0.004956245422363281,0.008451581001281738,0.0016771554946899414
1769651599.536746,full,goal16.png,0.6645764112472534,-1.1250430345535278,-1.21131432056427,-0.5404083728790283,2.6207685470581055,0.8213359117507935,1.0111597776412964,-1.1263114213943481,-1.1868977546691895,-0.5243443846702576,2.6147751808166504,0.82819002866745,1.0126909017562866,-0.0012683868408203125,0.024416565895080566,0.016063988208770752,-0.005993366241455078,0.006854116916656494,0.0015311241149902344
1769651599.6366575,full,goal16.png,0.6515083312988281,-1.125133991241455,-1.2141920328140259,-0.5393179059028625,2.618678569793701,0.8245317339897156,1.0116899013519287,-1.1255557537078857,-1.189527153968811,-0.5202061533927917,2.609781265258789,0.83201003074646,1.0139167308807373,-0.00042176246643066406,0.024664878845214844,0.0191117525100708,-0.00889730453491211,0.007478296756744385,0.0022268295288085938
1769651599.7358356,full,goal16.png,0.6638465523719788,-1.1253156661987305,-1.2170395851135254,-0.5378032326698303,2.6156492233276367,0.8272429704666138,1.0123107433319092,-1.1245571374893188,-1.1918087005615234,-0.5166079998016357,2.601855993270874,0.8354624509811401,1.0174994468688965,0.0007585287094116211,0.025230884552001953,0.02119523286819458,-0.013793230056762695,0.008219480514526367,0.005188703536987305
1769651599.8364973,full,goal16.png,0.6793252825737,-1.1248310804367065,-1.2201292514801025,-0.5345317721366882,2.6104695796966553,0.8312414288520813,1.015037178993225,-1.1231021881103516,-1.194068193435669,-0.5124417543411255,2.5956616401672363,0.8386553525924683,1.0204381942749023,0.0017288923263549805,0.026061058044433594,0.022090017795562744,-0.014807939529418945,0.007413923740386963,0.005401015281677246
1769651599.9373326,full,goal16.png,0.6745802164077759,-1.1236193180084229,-1.2221589088439941,-0.5307756066322327,2.6037447452545166,0.8343312740325928,1.0177936553955078,-1.1211392879486084,-1.1966183185577393,-0.5070235133171082,2.5907745361328125,0.8424186110496521,1.0227091312408447,0.002480030059814453,0.025540590286254883,0.02375209331512451,-0.012970209121704102,0.008087337017059326,0.004915475845336914
1769651600.0359309,full,goal16.png,0.6649557948112488,-1.122135043144226,-1.223764419555664,-0.5263529419898987,2.597353219985962,0.8374361395835876,1.0206562280654907,-1.1194831132888794,-1.197914719581604,-0.5032521486282349,2.58758807182312,0.8453607559204102,1.024666428565979,0.0026519298553466797,0.02584969997406006,0.02310079336166382,-0.009765148162841797,0.00792461633682251,0.004010200500488281
1769651600.143415,full,goal16.png,0.6594724655151367,-1.1204386949539185,-1.2257636785507202,-0.5220211744308472,2.592597007751465,0.8405259251594543,1.023079514503479,-1.1177642345428467,-1.1987603902816772,-0.500504732131958,2.5846879482269287,0.8483248949050903,1.0266575813293457,0.0026744604110717773,0.02700328826904297,0.02151644229888916,-0.007909059524536133,0.007798969745635986,0.0035780668258666992
1769651600.2381227,full,goal16.png,0.6529138684272766,-1.118863582611084,-1.2277629375457764,-0.5186890959739685,2.5892951488494873,0.8433884382247925,1.0249426364898682,-1.1164271831512451,-1.1990549564361572,-0.49916836619377136,2.582552194595337,0.8501787185668945,1.029004454612732,0.002436399459838867,0.02870798110961914,0.019520729780197144,-0.006742954254150391,0.006790280342102051,0.0040618181228637695
1769651600.3393748,full,goal16.png,0.6477445363998413,-1.1174397468566895,-1.2289444208145142,-0.5158416628837585,2.5864477157592773,0.8463116884231567,1.0270477533340454,-1.114728331565857,-1.199260950088501,-0.49893510341644287,2.579730749130249,0.8514299392700195,1.031507968902588,0.0027114152908325195,0.029683470726013184,0.016906559467315674,-0.00671696662902832,0.005118250846862793,0.0044602155685424805
1769651600.436675,full,goal16.png,0.6292752027511597,-1.1161372661590576,-1.2291563749313354,-0.513781726360321,2.584054708480835,0.8482351899147034,1.0290321111679077,-1.1138372421264648,-1.1996181011199951,-0.5004425644874573,2.577228546142578,0.8510746955871582,1.033644676208496,0.0023000240325927734,0.029538273811340332,0.01333916187286377,-0.006826162338256836,0.002839505672454834,0.004612565040588379
1769651600.5396225,full,goal16.png,0.6427491903305054,-1.1145317554473877,-1.2290958166122437,-0.5128124952316284,2.5810558795928955,0.8496741056442261,1.0310766696929932,-1.114016056060791,-1.2010953426361084,-0.5008419752120972,2.578859806060791,0.8505345582962036,1.0332274436950684,0.0005156993865966797,0.028000473976135254,0.01197052001953125,-0.002196073532104492,0.0008604526519775391,0.0021507740020751953
1769651600.642181,full,goal16.png,0.6404564380645752,-1.1135019063949585,-1.230065107345581,-0.5129638910293579,2.5794806480407715,0.8499769568443298,1.032258152961731,-1.1150412559509277,-1.2028083801269531,-0.5021337866783142,2.579681634902954,0.8495354652404785,1.0335144996643066,-0.0015393495559692383,0.02725672721862793,0.010830104351043701,0.0002009868621826172,-0.00044149160385131836,0.0012563467025756836
1769651600.737923,full,goal16.png,0.6510686874389648,-1.113047480583191,-1.2319129705429077,-0.5132062435150146,2.57963228225708,0.8497346639633179,1.0326216220855713,-1.1151372194290161,-1.2052078247070312,-0.5020929574966431,2.5770387649536133,0.8508842587471008,1.0353010892868042,-0.0020897388458251953,0.026705145835876465,0.011113286018371582,-0.002593517303466797,0.001149594783782959,0.00267946720123291
1769651600.8365986,full,goal16.png,0.647244393825531,-1.113653302192688,-1.2337000370025635,-0.513781726360321,2.5797228813171387,0.8494620323181152,1.0329245328903198,-1.1138890981674194,-1.2058457136154175,-0.499416708946228,2.5755810737609863,0.8537113666534424,1.0370396375656128,-0.0002357959747314453,0.027854323387145996,0.014365017414093018,-0.004141807556152344,0.0042493343353271484,0.004115104675292969
1769651600.9394238,full,goal16.png,0.7331594824790955,-1.1139562129974365,-1.2354267835617065,-0.513781726360321,2.578329563140869,0.8506585955619812,1.0343936681747437,-1.111053466796875,-1.205486536026001,-0.4899459481239319,2.5804803371429443,0.8580731153488159,1.0363436937332153,0.0029027462005615234,0.029940247535705566,0.02383577823638916,0.0021507740020751953,0.007414519786834717,0.0019500255584716797
1769651601.037297,full,goal16.png,0.8050245046615601,-1.1128959655761719,-1.2368505001068115,-0.5113887190818787,2.577511787414551,0.8527335524559021,1.0360143184661865,-1.1087385416030884,-1.2021985054016113,-0.47712695598602295,2.592165231704712,0.8619113564491272,1.0346333980560303,0.004157423973083496,0.034651994705200195,0.03426176309585571,0.014653444290161133,0.009177803993225098,-0.00138092041015625
1769651601.1374526,full,goal16.png,0.8271124362945557,-1.1104423999786377,-1.2375168800354004,-0.5036642551422119,2.58211612701416,0.8561414480209351,1.036302089691162,-1.1083825826644897,-1.1994473934173584,-0.46478527784347534,2.603506565093994,0.8645009994506836,1.0322281122207642,0.0020598173141479492,0.03806948661804199,0.03887897729873657,0.021390438079833984,0.008359551429748535,-0.004073977470397949
1769651601.2359416,full,goal16.png,0.8234809637069702,-1.1085339784622192,-1.2352148294448853,-0.49288031458854675,2.5917186737060547,0.8597612977027893,1.0347117185592651,-1.1097667217254639,-1.1973035335540771,-0.4595950245857239,2.6115622520446777,0.8646038770675659,1.0298776626586914,-0.001232743263244629,0.037911295890808105,0.033285290002822876,0.019843578338623047,0.004842579364776611,-0.0048340559005737305
1769651601.337641,full,goal16.png,0.8217098712921143,-1.1082613468170166,-1.2321854829788208,-0.4820055663585663,2.601351737976074,0.8629267811775208,1.0322428941726685,-1.1107022762298584,-1.197115182876587,-0.45320355892181396,2.616666316986084,0.8681207895278931,1.0288342237472534,-0.002440929412841797,0.03507030010223389,0.02880200743675232,0.015314579010009766,0.0051940083503723145,-0.003408670425415039
1769651601.439438,full,goal16.png,0.824884295463562,-1.10874605178833,-1.2302770614624023,-0.4741901755332947,2.6096818447113037,0.8645474314689636,1.030501127243042,-1.1108970642089844,-1.1976871490478516,-0.4459837079048157,2.622380256652832,0.8726421594619751,1.02779221534729,-0.002151012420654297,0.03258991241455078,0.028206467628479004,0.01269841194152832,0.008094727993011475,-0.002708911895751953
1769651601.537396,full,goal16.png,0.8253066539764404,-1.1090792417526245,-1.2298227548599243,-0.46849530935287476,2.615225315093994,0.8671373724937439,1.028789758682251,-1.1096727848052979,-1.198371410369873,-0.4382155239582062,2.6274898052215576,0.8779913187026978,1.0271062850952148,-0.0005935430526733398,0.03145134449005127,0.03027978539466858,0.012264490127563477,0.010853946208953857,-0.0016834735870361328
1769651601.6393664,full,goal16.png,0.8208354711532593,-1.1091700792312622,-1.2298834323883057,-0.4617099165916443,2.6207385063171387,0.8718932271003723,1.028426170349121,-1.1087654829025269,-1.1979917287826538,-0.43424272537231445,2.632138729095459,0.8803890347480774,1.0270272493362427,0.00040459632873535156,0.031891703605651855,0.027467191219329834,0.011400222778320312,0.008495807647705078,-0.001398921012878418
1769651601.7368839,full,goal16.png,0.8236520290374756,-1.1088974475860596,-1.2298531532287598,-0.45440956950187683,2.6255548000335693,0.8759675025939941,1.0284109115600586,-1.107893466949463,-1.196651816368103,-0.43160873651504517,2.6355345249176025,0.881971001625061,1.027900218963623,0.0010039806365966797,0.03320133686065674,0.022800832986831665,0.009979724884033203,0.0060034990310668945,-0.0005106925964355469
1769651601.8391685,full,goal16.png,0.8258468508720398,-1.1080795526504517,-1.2295501232147217,-0.4497748911380768,2.6304619312286377,0.8788149356842041,1.0281081199645996,-1.1081703901290894,-1.1944241523742676,-0.43143242597579956,2.6399824619293213,0.8819049596786499,1.0279784202575684,-9.083747863769531e-05,0.0351259708404541,0.01834246516227722,0.009520530700683594,0.0030900239944458008,-0.00012969970703125
1769651601.9389503,full,goal16.png,0.8273246884346008,-1.107201099395752,-1.2288837432861328,-0.4470182955265045,2.6349453926086426,0.8804808855056763,1.0287139415740967,-1.1084673404693604,-1.1928706169128418,-0.429678738117218,2.6444222927093506,0.8828191161155701,1.0279580354690552,-0.0012662410736083984,0.036013126373291016,0.0173395574092865,0.009476900100708008,0.002338230609893799,-0.0007559061050415039
1769651602.038639,full,goal16.png,0.8238856792449951,-1.1070194244384766,-1.2276417016983032,-0.4456551969051361,2.639519453048706,0.8809657096862793,1.0288351774215698,-1.1086636781692505,-1.1905059814453125,-0.4288344979286194,2.647655487060547,0.8839372396469116,1.0287845134735107,-0.0016442537307739258,0.03713572025299072,0.016820698976516724,0.00813603401184082,0.0029715299606323242,-5.066394805908203e-05
1769651602.136779,full,goal16.png,0.8244168758392334,-1.1072313785552979,-1.2257939577102661,-0.4443829655647278,2.6434574127197266,0.8817835450172424,1.0291379690170288,-1.1080026626586914,-1.1883234977722168,-0.4263100028038025,2.6500754356384277,0.88584303855896,1.0297822952270508,-0.0007712841033935547,0.037470459938049316,0.018072962760925293,0.006618022918701172,0.004059493541717529,0.0006443262100219727
1769651602.237786,full,goal16.png,0.8286178112030029,-1.1072313785552979,-1.2234008312225342,-0.4429289400577545,2.6469106674194336,0.8832224011421204,1.029728651046753,-1.1071747541427612,-1.1865426301956177,-0.42364275455474854,2.652588367462158,0.8870537281036377,1.0303161144256592,5.6624412536621094e-05,0.036858201026916504,0.01928618550300598,0.005677700042724609,0.003831326961517334,0.00058746337890625
1769651602.3398995,full,goal16.png,0.8293315768241882,-1.1069587469100952,-1.221765160560608,-0.44114166498184204,2.6491522789001465,0.8847218751907349,1.0300770998001099,-1.106756567955017,-1.1855372190475464,-0.4216603636741638,2.6545071601867676,0.8879842162132263,1.0301103591918945,0.000202178955078125,0.03622794151306152,0.019481301307678223,0.005354881286621094,0.003262341022491455,3.325939178466797e-05
1769651602.4406512,full,goal16.png,0.8242826461791992,-1.1064438819885254,-1.2205231189727783,-0.43899092078208923,2.6512725353240967,0.885948657989502,1.0304557085037231,-1.1064668893814087,-1.185163140296936,-0.41898831725120544,2.6560850143432617,0.8903212547302246,1.0296740531921387,-2.300739288330078e-05,0.035359978675842285,0.02000260353088379,0.004812479019165039,0.004372596740722656,-0.0007816553115844727
1769651602.535151,full,goal16.png,0.825007438659668,-1.1063529253005981,-1.219977855682373,-0.4368098974227905,2.6533024311065674,0.8872663378715515,1.0302284955978394,-1.106009840965271,-1.1847739219665527,-0.4160805344581604,2.6563448905944824,0.8933645486831665,1.029649257659912,0.00034308433532714844,0.03520393371582031,0.020729362964630127,0.003042459487915039,0.00609821081161499,-0.0005792379379272461
1769651602.6372938,full,goal16.png,0.819208025932312,-1.1060802936553955,-1.2197659015655518,-0.43405336141586304,2.6548471450805664,0.8897503614425659,1.0298044681549072,-1.1054562330245972,-1.1839817762374878,-0.4140450954437256,2.656991481781006,0.896243691444397,1.0295859575271606,0.0006240606307983398,0.035784125328063965,0.02000826597213745,0.002144336700439453,0.006493330001831055,-0.00021851062774658203
1769651602.739796,full,goal16.png,0.8208558559417725,-1.105777382850647,-1.2194325923919678,-0.4314785301685333,2.6554832458496094,0.8924462795257568,1.0294106006622314,-1.1052507162094116,-1.1833406686782837,-0.41306740045547485,2.6567211151123047,0.8980879783630371,1.0300483703613281,0.0005266666412353516,0.03609192371368408,0.01841112971305847,0.0012378692626953125,0.0056416988372802734,0.0006377696990966797
1769651602.8387158,full,goal16.png,0.8154069185256958,-1.1052623987197876,-1.218554139137268,-0.4289945960044861,2.6559982299804688,0.8950666189193726,1.0296075344085693,-1.1052231788635254,-1.1828577518463135,-0.41331392526626587,2.656311511993408,0.9001196622848511,1.0304731130599976,3.921985626220703e-05,0.03569638729095459,0.015680670738220215,0.0003132820129394531,0.005053043365478516,0.0008655786514282227
1769651602.9376729,full,goal16.png,0.8237572908401489,-1.1044445037841797,-1.2175241708755493,-0.4275708496570587,2.6560287475585938,0.8973537087440491,1.0300164222717285,-1.1049586534500122,-1.1824586391448975,-0.4130813777446747,2.655547618865967,0.902777910232544,1.0315196514129639,-0.0005141496658325195,0.035065531730651855,0.014489471912384033,-0.0004811286926269531,0.005424201488494873,0.0015032291412353516
1769651603.0413542,full,goal16.png,0.8177359104156494,-1.1040204763412476,-1.215888500213623,-0.4274194538593292,2.655937671661377,0.8995346426963806,1.0308040380477905,-1.1046667098999023,-1.1820955276489258,-0.4129014313220978,2.6564834117889404,0.904473066329956,1.0310512781143188,-0.0006462335586547852,0.033792972564697266,0.014518022537231445,0.0005457401275634766,0.0049384236335754395,0.0002472400665283203
1769651603.1413486,full,goal16.png,0.8284286856651306,-1.1039296388626099,-1.2140103578567505,-0.4267832934856415,2.6557860374450684,0.9017307758331299,1.031455397605896,-1.1041877269744873,-1.181444525718689,-0.4130042791366577,2.6577072143554688,0.9062986373901367,1.0307896137237549,-0.0002580881118774414,0.03256583213806152,0.013779014348983765,0.0019211769104003906,0.004567861557006836,-0.0006657838821411133
1769651603.2408597,full,goal16.png,0.8248346447944641,-1.103899359703064,-1.213677167892456,-0.4266621470451355,2.6559982299804688,0.9032302498817444,1.0317127704620361,-1.1038057804107666,-1.1794862747192383,-0.41535013914108276,2.6580209732055664,0.9052718877792358,1.0307071208953857,9.357929229736328e-05,0.03419089317321777,0.011312007904052734,0.0020227432250976562,0.002041637897491455,-0.0010056495666503906
1769651603.340029,full,goal16.png,0.7639302015304565,-1.1035054922103882,-1.2135560512542725,-0.4267530143260956,2.6567554473876953,0.9042602181434631,1.0319551229476929,-1.102294683456421,-1.1767418384552002,-0.4168570935726166,2.6555423736572266,0.9038559198379517,1.0336767435073853,0.0012108087539672852,0.036814212799072266,0.009895920753479004,-0.00121307373046875,-0.0004042983055114746,0.0017216205596923828
1769651603.4400475,full,goal16.png,0.7065409421920776,-1.1026573181152344,-1.2121928930282593,-0.4276314973831177,2.6570584774017334,0.9041844010353088,1.0320309400558472,-1.101017713546753,-1.1765968799591064,-0.41484472155570984,2.6534311771392822,0.9045240879058838,1.0353342294692993,0.0016396045684814453,0.03559601306915283,0.012786775827407837,-0.003627300262451172,0.00033968687057495117,0.0033032894134521484
1769651603.5416718,full,goal16.png,0.6339015364646912,-1.1012941598892212,-1.2105571031570435,-0.4283585250377655,2.6559982299804688,0.9041540622711182,1.033060908317566,-1.1014070510864258,-1.1764636039733887,-0.41799649596214294,2.6523513793945312,0.9032560586929321,1.0340219736099243,-0.00011289119720458984,0.034093499183654785,0.010362029075622559,-0.0036468505859375,-0.0008980035781860352,0.0009610652923583984
1769651603.6433685,full,goal16.png,0.6255050897598267,-1.1003551483154297,-1.209587812423706,-0.4283585250377655,2.654392719268799,0.904472291469574,1.0340453386306763,-1.1034603118896484,-1.1752688884735107,-0.42783817648887634,2.6541390419006348,0.8963495492935181,1.0297433137893677,-0.00310516357421875,0.03431892395019531,0.0005203485488891602,-0.0002536773681640625,-0.008122742176055908,-0.004302024841308594
1769651603.7406316,full,goal16.png,0.6287586688995361,-1.1005672216415405,-1.2091333866119385,-0.43050917983055115,2.6535141468048096,0.9033211469650269,1.0334696769714355,-1.1049532890319824,-1.1723625659942627,-0.44114574790000916,2.6549501419067383,0.885829746723175,1.0276517868041992,-0.0043860673904418945,0.03677082061767578,-0.010636568069458008,0.001435995101928711,-0.017491400241851807,-0.005817890167236328
1769651603.8404944,full,goal16.png,0.6367405652999878,-1.1019606590270996,-1.208648681640625,-0.4390818476676941,2.6538777351379395,0.8969295024871826,1.0302587747573853,-1.1051996946334839,-1.1705727577209473,-0.44937804341316223,2.6552951335906982,0.8784101009368896,1.0266423225402832,-0.0032390356063842773,0.038075923919677734,-0.01029619574546814,0.001417398452758789,-0.01851940155029297,-0.0036164522171020508
1769651603.9402504,full,goal16.png,0.6611082553863525,-1.1028996706008911,-1.2073460817337036,-0.44829061627388,2.654332160949707,0.8882205486297607,1.0285474061965942,-1.104010820388794,-1.1698898077011108,-0.45327192544937134,2.654837131500244,0.8742066621780396,1.0262928009033203,-0.001111149787902832,0.03745627403259277,-0.004981309175491333,0.0005049705505371094,-0.014013886451721191,-0.0022546052932739258
1769651604.0414586,full,goal16.png,0.6847909092903137,-1.103081464767456,-1.205195426940918,-0.45607563853263855,2.654665470123291,0.8813896775245667,1.0281990766525269,-1.1022679805755615,-1.1711301803588867,-0.4530053734779358,2.6562514305114746,0.8740689754486084,1.0248513221740723,0.0008134841918945312,0.03406524658203125,0.003070265054702759,0.0015859603881835938,-0.007320702075958252,-0.00334775447845459
1769651604.140349,full,goal16.png,0.6943546533584595,-1.1025664806365967,-1.2040139436721802,-0.4611344039440155,2.6547560691833496,0.8771185874938965,1.0274416208267212,-1.1011683940887451,-1.174536108970642,-0.4483252763748169,2.657813549041748,0.8778927326202393,1.0230226516723633,0.0013980865478515625,0.029477834701538086,0.012809127569198608,0.0030574798583984375,0.0007741451263427734,-0.00441896915435791
1769651604.240577,full,goal16.png,0.7068735361099243,-1.1014456748962402,-1.204710841178894,-0.461952269077301,2.6556649208068848,0.8763461709022522,1.0264570713043213,-1.1007881164550781,-1.1789450645446777,-0.44193723797798157,2.659764051437378,0.8823723196983337,1.0216376781463623,0.0006575584411621094,0.02576577663421631,0.020015031099319458,0.004099130630493164,0.006026148796081543,-0.004819393157958984
1769651604.3397977,full,goal16.png,0.7068605422973633,-1.1004157066345215,-1.207255244255066,-0.45974093675613403,2.6570281982421875,0.8779213428497314,1.0250030755996704,-1.1009974479675293,-1.1815155744552612,-0.43921247124671936,2.6602706909179688,0.8845263719558716,1.0216858386993408,-0.0005817413330078125,0.025739669799804688,0.020528465509414673,0.00324249267578125,0.006605029106140137,-0.00331723690032959
1769651604.4445302,full,goal16.png,0.727729082107544,-1.0997190475463867,-1.2105268239974976,-0.4553183317184448,2.658754587173462,0.8817986845970154,1.022610068321228,-1.1004019975662231,-1.1826236248016357,-0.43630778789520264,2.6613521575927734,0.8854814767837524,1.021754503250122,-0.0006829500198364258,0.027903199195861816,0.019010543823242188,0.0025975704193115234,0.0036827921867370605,-0.000855565071105957
1769651604.5408866,full,goal16.png,0.7154955863952637,-1.0996583700180054,-1.2125260829925537,-0.4527435004711151,2.6595423221588135,0.8835708498954773,1.0223222970962524,-1.0993869304656982,-1.182861328125,-0.43486613035202026,2.6626696586608887,0.8859606981277466,1.0208450555801392,0.0002714395523071289,0.02966475486755371,0.01787737011909485,0.0031273365020751953,0.002389848232269287,-0.0014772415161132812
1769651604.6406262,full,goal16.png,0.7137706279754639,-1.0994161367416382,-1.213707447052002,-0.45032015442848206,2.66066312789917,0.8849491477012634,1.0219436883926392,-1.0983153581619263,-1.18305242061615,-0.43451961874961853,2.663773536682129,0.8853775858879089,1.020200490951538,0.001100778579711914,0.03065502643585205,0.015800535678863525,0.0031104087829589844,0.0004284381866455078,-0.0017431974411010742
1769651604.7390237,full,goal16.png,0.7195208072662354,-1.0989617109298706,-1.21416175365448,-0.44913873076438904,2.6617536544799805,0.8853276968002319,1.0216560363769531,-1.097731113433838,-1.1829147338867188,-0.43592506647109985,2.6646780967712402,0.8843425512313843,1.0195153951644897,0.0012305974960327148,0.03124701976776123,0.013213664293289185,0.0029244422912597656,-0.0009851455688476562,-0.002140641212463379
1769651604.839058,full,goal16.png,0.7272148132324219,-1.0979317426681519,-1.2149797677993774,-0.4483814537525177,2.6632680892944336,0.8854942321777344,1.0212470293045044,-1.0974454879760742,-1.1830732822418213,-0.4363691806793213,2.666701078414917,0.8843766450881958,1.018422245979309,0.0004862546920776367,0.03190648555755615,0.012012273073196411,0.0034329891204833984,-0.0011175870895385742,-0.0028247833251953125
1769651604.9384437,full,goal16.png,0.7287503480911255,-1.0973259210586548,-1.2154340744018555,-0.44856321811676025,2.664389133453369,0.8852064609527588,1.0208381414413452,-1.0972709655761719,-1.1826801300048828,-0.43567347526550293,2.667485237121582,0.8854631781578064,1.0176987648010254,5.4955482482910156e-05,0.032753944396972656,0.012889742851257324,0.0030961036682128906,0.0002567172050476074,-0.0031393766403198242
1769651605.0415862,full,goal16.png,0.7379856705665588,-1.0969018936157227,-1.2160701751708984,-0.44868436455726624,2.665964365005493,0.8854185938835144,1.0200505256652832,-1.097222089767456,-1.1823763847351074,-0.4343526363372803,2.6687874794006348,0.8867865800857544,1.0167664289474487,-0.00032019615173339844,0.033693790435791016,0.014331728219985962,0.0028231143951416016,0.0013679862022399902,-0.0032840967178344727
1769651605.1426582,full,goal16.png,0.7290619015693665,-1.0968109369277954,-1.2162518501281738,-0.4484420120716095,2.66693377494812,0.8863728046417236,1.018975019454956,-1.0970351696014404,-1.1822223663330078,-0.4323078989982605,2.6694746017456055,0.8883601427078247,1.0168490409851074,-0.00022423267364501953,0.034029483795166016,0.016134113073349,0.0025408267974853516,0.0019873380661010742,-0.002125978469848633
1769651605.2394676,full,goal16.png,0.734763503074646,-1.0968109369277954,-1.2158279418945312,-0.4475333094596863,2.667842388153076,0.8871603608131409,1.01821768283844,-1.097450852394104,-1.1817419528961182,-0.4317049980163574,2.6705968379974365,0.8886548280715942,1.016524314880371,-0.0006399154663085938,0.034085988998413086,0.015828311443328857,0.0027544498443603516,0.0014944672584533691,-0.0016933679580688477
1769651605.3417037,full,goal16.png,0.7332683801651001,-1.09662926197052,-1.2156158685684204,-0.44641247391700745,2.668781280517578,0.887963056564331,1.0176876783370972,-1.0974823236465454,-1.1812033653259277,-0.43110403418540955,2.6723315715789795,0.8888713717460632,1.0154986381530762,-0.0008530616760253906,0.034412503242492676,0.0153084397315979,0.003550291061401367,0.0009083151817321777,-0.002189040184020996
1769651605.439284,full,goal16.png,0.7382135987281799,-1.0962960720062256,-1.2152220010757446,-0.44553399085998535,2.6700234413146973,0.8883720636367798,1.0173695087432861,-1.0971062183380127,-1.1805498600006104,-0.43056726455688477,2.673795700073242,0.8897125124931335,1.0149725675582886,-0.0008101463317871094,0.03467214107513428,0.014966726303100586,0.003772258758544922,0.0013404488563537598,-0.0023969411849975586
1769651605.5425472,full,goal16.png,0.7276090383529663,-1.0962353944778442,-1.215131163597107,-0.44495847821235657,2.6712350845336914,0.8886901140213013,1.0170515775680542,-1.0965903997421265,-1.1803133487701416,-0.42918944358825684,2.673790454864502,0.8908535838127136,1.0153952836990356,-0.00035500526428222656,0.03481781482696533,0.01576903462409973,0.002555370330810547,0.0021634697914123535,-0.0016562938690185547
1769651605.6418614,full,goal16.png,0.7347663640975952,-1.096447467803955,-1.2151917219161987,-0.4443223178386688,2.672355890274048,0.8890687823295593,1.0167031288146973,-1.0963960886001587,-1.1800580024719238,-0.4289540648460388,2.6729061603546143,0.8923695683479309,1.0160419940948486,5.137920379638672e-05,0.0351337194442749,0.015368252992630005,0.0005502700805664062,0.003300786018371582,-0.0006611347198486328
1769651605.7387033,full,goal16.png,0.7398228049278259,-1.0965080261230469,-1.2152220010757446,-0.4434438943862915,2.6727497577667236,0.8896594047546387,1.0167486667633057,-1.09605073928833,-1.179900884628296,-0.42881953716278076,2.673281192779541,0.893020749092102,1.0152661800384521,0.0004572868347167969,0.03532111644744873,0.014624357223510742,0.0005314350128173828,0.003361344337463379,-0.0014824867248535156
1769651605.839848,full,goal16.png,0.723857045173645,-1.0963263511657715,-1.2152220010757446,-0.44289857149124146,2.67262864112854,0.8909922242164612,1.0169304609298706,-1.0955169200897217,-1.180049180984497,-0.42801469564437866,2.6730990409851074,0.8935711979866028,1.0144143104553223,0.0008094310760498047,0.03517282009124756,0.014883875846862793,0.0004703998565673828,0.0025789737701416016,-0.00251615047454834
1769651605.9414985,full,goal16.png,0.7463877201080322,-1.095841646194458,-1.2151614427566528,-0.4425654113292694,2.67262864112854,0.8918101787567139,1.0164759159088135,-1.0948693752288818,-1.1798834800720215,-0.42662543058395386,2.6727066040039062,0.896077036857605,1.013846516609192,0.0009722709655761719,0.03527796268463135,0.015939980745315552,7.796287536621094e-05,0.004266858100891113,-0.002629399299621582
1769651606.0412283,full,goal16.png,0.7349048852920532,-1.0953872203826904,-1.2148889303207397,-0.44198986887931824,2.672658681869507,0.8927795886993408,1.0156883001327515,-1.0945922136306763,-1.180499792098999,-0.42491185665130615,2.6711368560791016,0.897653341293335,1.0136901140213013,0.0007950067520141602,0.03438913822174072,0.017078012228012085,-0.0015218257904052734,0.004873752593994141,-0.0019981861114501953
1769651606.1431644,full,goal16.png,0.7606540322303772,-1.0947208404541016,-1.214495062828064,-0.44105082750320435,2.6723861694335938,0.8947786688804626,1.0149614810943604,-1.095470905303955,-1.1806178092956543,-0.42602765560150146,2.6681759357452393,0.8960450887680054,1.0148271322250366,-0.0007500648498535156,0.03387725353240967,0.01502317190170288,-0.004210233688354492,0.0012664198875427246,-0.00013434886932373047
1769651606.2399201,full,goal16.png,0.7890545129776001,-1.0943270921707153,-1.214797854423523,-0.44020259380340576,2.6712653636932373,0.8958845138549805,1.0149765014648438,-1.0968399047851562,-1.1791794300079346,-0.4311628043651581,2.66387939453125,0.888154149055481,1.0175650119781494,-0.002512812614440918,0.03561842441558838,0.00903978943824768,-0.007385969161987305,-0.007730364799499512,0.002588510513305664
1769651606.343202,full,goal16.png,0.817510187625885,-1.0946905612945557,-1.2151917219161987,-0.4407479166984558,2.66884183883667,0.894763708114624,1.0160064697265625,-1.0980112552642822,-1.177172064781189,-0.43500441312789917,2.65956974029541,0.8804588317871094,1.0216820240020752,-0.0033206939697265625,0.038019657135009766,0.005743503570556641,-0.009272098541259766,-0.014304876327514648,0.005675554275512695
1769651606.4410074,full,goal16.png,0.810160219669342,-1.0959627628326416,-1.2147070169448853,-0.44289857149124146,2.6652677059173584,0.8895685076713562,1.0189297199249268,-1.0996547937393188,-1.175241470336914,-0.4359447956085205,2.6567418575286865,0.8749986886978149,1.025025486946106,-0.003692030906677246,0.03946554660797119,0.006953775882720947,-0.008525848388671875,-0.01456981897354126,0.006095767021179199
1769651606.5419898,full,goal16.png,0.8043081760406494,-1.097416877746582,-1.2134045362472534,-0.4451099634170532,2.661571979522705,0.883267879486084,1.0220799446105957,-1.1013329029083252,-1.1747597455978394,-0.43558624386787415,2.654449939727783,0.870850145816803,1.026719093322754,-0.003916025161743164,0.03864479064941406,0.009523719549179077,-0.007122039794921875,-0.012417733669281006,0.004639148712158203
1769651606.642624,full,goal16.png,0.8187549114227295,-1.098507285118103,-1.212465524673462,-0.4461398720741272,2.6583609580993652,0.8772852420806885,1.0258513689041138,-1.103001356124878,-1.1750757694244385,-0.43627381324768066,2.6518404483795166,0.8667871356010437,1.0287448167800903,-0.004494071006774902,0.03738975524902344,0.009866058826446533,-0.006520509719848633,-0.010498106479644775,0.0028934478759765625
1769651606.7414784,full,goal16.png,0.8182417154312134,-1.0995372533798218,-1.2113748788833618,-0.4465336203575134,2.6556954383850098,0.8731048703193665,1.0278809070587158,-1.104304552078247,-1.1756796836853027,-0.4363876283168793,2.6506714820861816,0.8645057678222656,1.0300885438919067,-0.004767298698425293,0.03569519519805908,0.010145992040634155,-0.005023956298828125,-0.00859910249710083,0.002207636833190918
1769651606.8453581,full,goal16.png,0.8033709526062012,-1.1010215282440186,-1.2101633548736572,-0.44686686992645264,2.653059720993042,0.8696212768554688,1.0290321111679077,-1.1056236028671265,-1.1764112710952759,-0.43532025814056396,2.6501412391662598,0.864159107208252,1.0308367013931274,-0.00460207462310791,0.03375208377838135,0.011546611785888672,-0.0029184818267822266,-0.005462169647216797,0.0018045902252197266
1769651606.9440453,full,goal16.png,0.811160683631897,-1.1026875972747803,-1.2093453407287598,-0.4470486342906952,2.6516363620758057,0.8673191666603088,1.0303648710250854,-1.1061683893203735,-1.1769444942474365,-0.4323451519012451,2.6485416889190674,0.8650037050247192,1.0311250686645508,-0.0034807920455932617,0.03240084648132324,0.014703482389450073,-0.0030946731567382812,-0.0023154616355895996,0.000760197639465332
1769651607.0433648,full,goal16.png,0.8140677213668823,-1.1041113138198853,-1.2085881233215332,-0.44650334119796753,2.650848627090454,0.8665618300437927,1.0310312509536743,-1.1067084074020386,-1.1772149801254272,-0.43083900213241577,2.6454851627349854,0.8644790649414062,1.0311620235443115,-0.0025970935821533203,0.03137314319610596,0.015664339065551758,-0.00536346435546875,-0.0020827651023864746,0.00013077259063720703
1769651607.143205,full,goal16.png,0.805593729019165,-1.1048383712768555,-1.2084063291549683,-0.44501903653144836,2.6491823196411133,0.8664102554321289,1.0311827659606934,-1.106230616569519,-1.176532506942749,-0.4284442663192749,2.64292049407959,0.8648922443389893,1.0323623418807983,-0.0013922452926635742,0.03187382221221924,0.016574770212173462,-0.0062618255615234375,-0.0015180110931396484,0.0011795759201049805
1769651607.2411442,full,goal16.png,0.8169825077056885,-1.1050200462341309,-1.2087395191192627,-0.44386792182922363,2.6469409465789795,0.8662286400794983,1.03142511844635,-1.1050175428390503,-1.1759825944900513,-0.42489731311798096,2.6415586471557617,0.8669071197509766,1.0345261096954346,2.5033950805664062e-06,0.032756924629211426,0.018970608711242676,-0.0053822994232177734,0.0006784796714782715,0.0031009912490844727
1769651607.344202,full,goal16.png,0.8155891299247742,-1.1049292087554932,-1.2091636657714844,-0.4420504570007324,2.6447296142578125,0.866304337978363,1.032076358795166,-1.1037027835845947,-1.1753818988800049,-0.4218542277812958,2.640342950820923,0.8693863153457642,1.037016749382019,0.0012264251708984375,0.03378176689147949,0.020196229219436646,-0.0043866634368896484,0.003081977367401123,0.004940390586853027
1769651607.4428842,full,goal16.png,0.8135390281677246,-1.1044749021530151,-1.2091333866119385,-0.4396876394748688,2.6431241035461426,0.8678643703460693,1.0340301990509033,-1.102728009223938,-1.1748957633972168,-0.4202010929584503,2.6395623683929443,0.8717055916786194,1.038519024848938,0.0017468929290771484,0.03423762321472168,0.019486546516418457,-0.003561735153198242,0.003841221332550049,0.004488825798034668
1769651607.5425487,full,goal16.png,0.8045042157173157,-1.1034752130508423,-1.2091939449310303,-0.4373552203178406,2.642064094543457,0.8698636293411255,1.0361809730529785,-1.1016223430633545,-1.1748137474060059,-0.417660117149353,2.638641834259033,0.875396728515625,1.0399746894836426,0.001852869987487793,0.034380197525024414,0.01969510316848755,-0.003422260284423828,0.005533099174499512,0.0037937164306640625
1769651607.6433175,full,goal16.png,0.8059223890304565,-1.1024149656295776,-1.2090728282928467,-0.43520447611808777,2.641064167022705,0.8722112774848938,1.0381953716278076,-1.1007416248321533,-1.1742974519729614,-0.4166722893714905,2.6376543045043945,0.8785152435302734,1.0415327548980713,0.0016733407974243164,0.034775376319885254,0.01853218674659729,-0.003409862518310547,0.006303966045379639,0.003337383270263672
1769651607.747784,full,goal16.png,0.8072862029075623,-1.1012941598892212,-1.2090728282928467,-0.43308401107788086,2.640125274658203,0.8746952414512634,1.0396796464920044,-1.099867582321167,-1.1739275455474854,-0.41592127084732056,2.6360416412353516,0.8810834288597107,1.0434114933013916,0.0014265775680541992,0.03514528274536133,0.017162740230560303,-0.0040836334228515625,0.006388187408447266,0.003731846809387207
1769651607.85097,full,goal16.png,0.8075690865516663,-1.1002036333084106,-1.2090728282928467,-0.43178150057792664,2.639186143875122,0.8773609399795532,1.041375994682312,-1.0990808010101318,-1.1737847328186035,-0.41521790623664856,2.634859561920166,0.8825023174285889,1.0452938079833984,0.0011228322982788086,0.035288095474243164,0.016563594341278076,-0.004326581954956055,0.0051413774490356445,0.003917813301086426
1769651607.9457433,full,goal16.png,0.806352436542511,-1.0993858575820923,-1.2088607549667358,-0.4306303858757019,2.637943983078003,0.8795268535614014,1.0429662466049194,-1.0983355045318604,-1.1740195751190186,-0.4134141802787781,2.6350011825561523,0.8844681978225708,1.0468027591705322,0.0010503530502319336,0.034841179847717285,0.017216205596923828,-0.002942800521850586,0.004941344261169434,0.003836512565612793
1769651608.0445862,full,goal16.png,0.808971643447876,-1.0989314317703247,-1.2088607549667358,-0.42950955033302307,2.6366114616394043,0.881450355052948,1.044829249382019,-1.0976663827896118,-1.1745998859405518,-0.4113457202911377,2.635193347930908,0.8868352174758911,1.047701358795166,0.0012650489807128906,0.03426086902618408,0.018163830041885376,-0.0014181137084960938,0.005384862422943115,0.0028721094131469727
1769651608.143008,full,goal16.png,0.8091696500778198,-1.0984164476394653,-1.2091939449310303,-0.4276920557022095,2.636368989944458,0.883888840675354,1.0466012954711914,-1.0973410606384277,-1.1752545833587646,-0.41009005904197693,2.6346096992492676,0.8894369602203369,1.048529028892517,0.0010753870010375977,0.033939361572265625,0.017601996660232544,-0.0017592906951904297,0.00554811954498291,0.0019277334213256836
1769651608.2449768,full,goal16.png,0.8053320646286011,-1.09787118434906,-1.2096786499023438,-0.4259048104286194,2.6362781524658203,0.8863273859024048,1.0475554466247559,-1.0975699424743652,-1.176041603088379,-0.40933772921562195,2.6342649459838867,0.8904836177825928,1.0482630729675293,0.0003012418746948242,0.033637046813964844,0.016567081212997437,-0.0020132064819335938,0.004156231880187988,0.0007076263427734375
1769651608.3425925,full,goal16.png,0.8111608624458313,-1.0974774360656738,-1.2100725173950195,-0.4248445928096771,2.6358842849731445,0.8883416652679443,1.0483886003494263,-1.0983518362045288,-1.1765861511230469,-0.41179129481315613,2.6351161003112793,0.8875510692596436,1.0459328889846802,-0.0008744001388549805,0.033486366271972656,0.013053297996520996,-0.0007681846618652344,-0.0007905960083007812,-0.0024557113647460938
1769651608.4423847,full,goal16.png,0.805002748966217,-1.0973562002182007,-1.2103450298309326,-0.4242084324359894,2.6356420516967773,0.8891141414642334,1.048312783241272,-1.0985162258148193,-1.1761735677719116,-0.4173382818698883,2.6355624198913574,0.8828988075256348,1.0443204641342163,-0.0011600255966186523,0.034171462059020996,0.006870150566101074,-7.963180541992188e-05,-0.006215333938598633,-0.003992319107055664
1769651608.5452383,full,goal16.png,0.7966970205307007,-1.097447156906128,-1.2103147506713867,-0.4252989888191223,2.635793685913086,0.8875086903572083,1.0469496250152588,-1.0973916053771973,-1.1737139225006104,-0.42252588272094727,2.636323928833008,0.8811622858047485,1.0449073314666748,5.555152893066406e-05,0.03660082817077637,0.002773106098175049,0.000530242919921875,-0.006346404552459717,-0.0020422935485839844
1769651608.6426425,full,goal16.png,0.7913330793380737,-1.0976288318634033,-1.210042119026184,-0.42869168519973755,2.636096477508545,0.884903609752655,1.045495629310608,-1.0956183671951294,-1.1708744764328003,-0.4251663386821747,2.6335790157318115,0.8850178718566895,1.0483801364898682,0.0020104646682739258,0.03916764259338379,0.003525346517562866,-0.0025174617767333984,0.00011426210403442383,0.002884507179260254
1769651608.7528946,full,goal16.png,0.7770965695381165,-1.0969927310943604,-1.2092242240905762,-0.43269020318984985,2.6361873149871826,0.8838282227516174,1.0455411672592163,-1.0939319133758545,-1.1717846393585205,-0.42115023732185364,2.6296048164367676,0.8946239352226257,1.0530204772949219,0.0030608177185058594,0.037439584732055664,0.011539965867996216,-0.006582498550415039,0.0107957124710083,0.007479310035705566
1769651608.846342,full,goal16.png,0.7735822200775146,-1.0955084562301636,-1.2079821825027466,-0.4346592426300049,2.634763717651367,0.8864787817001343,1.0481916666030884,-1.0937647819519043,-1.1762644052505493,-0.41440778970718384,2.6266939640045166,0.9040964841842651,1.0570170879364014,0.0017436742782592773,0.031717777252197266,0.020251452922821045,-0.008069753646850586,0.01761770248413086,0.008825421333312988
1769651608.957801,full,goal16.png,0.7847222089767456,-1.0940847396850586,-1.2074671983718872,-0.4327508509159088,2.6309468746185303,0.8938699960708618,1.0530080795288086,-1.093645691871643,-1.181382656097412,-0.40602314472198486,2.625807046890259,0.9124906063079834,1.0605278015136719,0.00043904781341552734,0.026084542274475098,0.02672770619392395,-0.005139827728271484,0.018620610237121582,0.007519721984863281
1769651609.042948,full,goal16.png,0.7801299691200256,-1.0932668447494507,-1.208648681640625,-0.428509920835495,2.6280994415283203,0.9010795950889587,1.056946039199829,-1.0933172702789307,-1.1844093799591064,-0.40046626329421997,2.6255099773406982,0.9189538359642029,1.0638571977615356,-5.042552947998047e-05,0.024239301681518555,0.028043657541275024,-0.0025894641876220703,0.01787424087524414,0.006911158561706543
1769651609.1535485,full,goal16.png,0.7742264270782471,-1.0931456089019775,-1.212283730506897,-0.4219668507575989,2.6267361640930176,0.9096673130989075,1.0607476234436035,-1.0922915935516357,-1.1860971450805664,-0.3961350619792938,2.623584747314453,0.924770712852478,1.0678398609161377,0.0008540153503417969,0.026186585426330566,0.025831788778305054,-0.003151416778564453,0.015103399753570557,0.00709223747253418
1769651609.2541087,full,goal16.png,0.7823209762573242,-1.092994213104248,-1.2150100469589233,-0.41681724786758423,2.6258275508880615,0.9161346554756165,1.0638525485992432,-1.0911355018615723,-1.1869330406188965,-0.3933229446411133,2.6215007305145264,0.9279754161834717,1.071232795715332,0.0018587112426757812,0.028077006340026855,0.023494303226470947,-0.004326820373535156,0.011840760707855225,0.007380247116088867
1769651609.3454297,full,goal16.png,0.7813296318054199,-1.0920854806900024,-1.2159793376922607,-0.41269752383232117,2.624009847640991,0.9220264554023743,1.0671695470809937,-1.0900659561157227,-1.1871283054351807,-0.39254429936408997,2.6189844608306885,0.9289092421531677,1.0743894577026367,0.002019524574279785,0.028851032257080078,0.0201532244682312,-0.005025386810302734,0.006882786750793457,0.007219910621643066
1769651609.439567,full,goal16.png,0.7846871018409729,-1.0913887023925781,-1.2166759967803955,-0.4102136194705963,2.622828483581543,0.9250102639198303,1.069759488105774,-1.0888721942901611,-1.1870113611221313,-0.3919224739074707,2.6168320178985596,0.9298311471939087,1.0775914192199707,0.002516508102416992,0.02966463565826416,0.01829114556312561,-0.0059964656829833984,0.004820883274078369,0.007831931114196777
1769651609.5456934,full,goal16.png,0.7916243672370911,-1.0899649858474731,-1.2186752557754517,-0.40785083174705505,2.619647979736328,0.9282211661338806,1.0738792419433594,-1.0874545574188232,-1.1861729621887207,-0.3921542763710022,2.6135311126708984,0.9315618276596069,1.0815792083740234,0.0025104284286499023,0.03250229358673096,0.015696555376052856,-0.0061168670654296875,0.0033406615257263184,0.0076999664306640625
1769651609.6424227,full,goal16.png,0.7846285104751587,-1.0889047384262085,-1.2196142673492432,-0.4069420397281647,2.6175878047943115,0.9292812943458557,1.0770901441574097,-1.0867589712142944,-1.1866085529327393,-0.39247268438339233,2.6106669902801514,0.9329131841659546,1.0837578773498535,0.0021457672119140625,0.033005714416503906,0.014469355344772339,-0.006920814514160156,0.003631889820098877,0.006667733192443848
1769651609.7416565,full,goal16.png,0.7880702018737793,-1.0879051685333252,-1.2192509174346924,-0.40654829144477844,2.6151342391967773,0.9310534000396729,1.0803465843200684,-1.0868921279907227,-1.18714439868927,-0.3933369517326355,2.6083295345306396,0.9332675933837891,1.0845047235488892,0.001013040542602539,0.03210651874542236,0.013211339712142944,-0.006804704666137695,0.002214193344116211,0.004158139228820801
1769651609.8445508,full,goal16.png,0.7870380878448486,-1.0869357585906982,-1.2190994024276733,-0.4064270853996277,2.6123173236846924,0.932189404964447,1.0828152894973755,-1.0870637893676758,-1.1878840923309326,-0.3939172923564911,2.606167793273926,0.9329667091369629,1.0856760740280151,-0.00012803077697753906,0.031215310096740723,0.012509793043136597,-0.0061495304107666016,0.0007773041725158691,0.0028607845306396484
1769651609.9418416,full,goal16.png,0.78413325548172,-1.0865117311477661,-1.220008134841919,-0.4066694378852844,2.6103785037994385,0.9324316382408142,1.084057331085205,-1.0864464044570923,-1.1884291172027588,-0.39364317059516907,2.6036341190338135,0.9335858821868896,1.0874998569488525,6.532669067382812e-05,0.031579017639160156,0.013026267290115356,-0.006744384765625,0.0011542439460754395,0.003442525863647461
1769651610.0450008,full,goal16.png,0.7943853139877319,-1.0868449211120605,-1.2202808856964111,-0.4068814814090729,2.60795521736145,0.932673990726471,1.085360050201416,-1.0855116844177246,-1.1884169578552246,-0.39500418305397034,2.600682020187378,0.9338456392288208,1.0892776250839233,0.0013332366943359375,0.03186392784118652,0.011877298355102539,-0.007273197174072266,0.0011716485023498535,0.003917574882507324
1769651610.1394744,full,goal16.png,0.792152464389801,-1.0868752002716064,-1.2200989723205566,-0.4068209230899811,2.606198310852051,0.9328557252883911,1.086298942565918,-1.0843058824539185,-1.188085913658142,-0.3967721462249756,2.599693536758423,0.9337763786315918,1.0901128053665161,0.0025693178176879883,0.03201305866241455,0.010048776865005493,-0.00650477409362793,0.0009206533432006836,0.0038138628005981445
1769651610.241007,full,goal16.png,0.7841491103172302,-1.0862996578216553,-1.2200384140014648,-0.4071540832519531,2.603350877761841,0.9331132173538208,1.0881012678146362,-1.0834972858428955,-1.187564730644226,-0.3987932801246643,2.6001851558685303,0.9317829608917236,1.0899972915649414,0.0028023719787597656,0.03247368335723877,0.008360803127288818,-0.003165721893310547,-0.001330256462097168,0.0018960237503051758
1769651610.3412275,full,goal16.png,0.7850854396820068,-1.0844216346740723,-1.2202808856964111,-0.40830519795417786,2.6015028953552246,0.9332798719406128,1.0890251398086548,-1.082988977432251,-1.1873712539672852,-0.3996849060058594,2.6015143394470215,0.929919958114624,1.0894958972930908,0.001432657241821289,0.03290963172912598,0.008620291948318481,1.1444091796875e-05,-0.0033599138259887695,0.00047075748443603516
1769651610.4484491,full,goal16.png,0.79392409324646,-1.0831493139266968,-1.2207049131393433,-0.4102438986301422,2.6012303829193115,0.9323710203170776,1.0895099639892578,-1.0837926864624023,-1.1881494522094727,-0.39847105741500854,2.6008119583129883,0.930415153503418,1.0896865129470825,-0.0006433725357055664,0.032555460929870605,0.011772841215133667,-0.0004184246063232422,-0.001955866813659668,0.00017654895782470703
1769651610.5494413,full,goal16.png,0.7921972274780273,-1.0832401514053345,-1.2200384140014648,-0.4107588529586792,2.6015028953552246,0.9316138029098511,1.0895705223083496,-1.0845746994018555,-1.1898077726364136,-0.3960513770580292,2.599405527114868,0.9330271482467651,1.08994460105896,-0.001334547996520996,0.03023064136505127,0.014707475900650024,-0.0020973682403564453,0.0014133453369140625,0.00037407875061035156
1769651610.6428397,full,goal16.png,0.778904914855957,-1.0835734605789185,-1.2200384140014648,-0.41045594215393066,2.601351737976074,0.9315532445907593,1.0895705223083496,-1.0847554206848145,-1.190871238708496,-0.3942437171936035,2.598846435546875,0.9349985718727112,1.0898704528808594,-0.001181960105895996,0.02916717529296875,0.01621222496032715,-0.0025053024291992188,0.0034453272819519043,0.0002999305725097656
1769651610.7446125,full,goal16.png,0.7879699468612671,-1.083876371383667,-1.2218257188796997,-0.4094260334968567,2.6005940437316895,0.9324316382408142,1.0895705223083496,-1.0846283435821533,-1.1915912628173828,-0.39289289712905884,2.5977108478546143,0.9366618394851685,1.0902016162872314,-0.0007519721984863281,0.030234456062316895,0.01653313636779785,-0.0028831958770751953,0.004230201244354248,0.0006310939788818359
1769651610.8395054,full,goal16.png,0.7909463047981262,-1.0839974880218506,-1.223128318786621,-0.40885046124458313,2.600170135498047,0.9330828785896301,1.0896462202072144,-1.0848710536956787,-1.192583441734314,-0.391991525888443,2.5966546535491943,0.9374943971633911,1.0900342464447021,-0.000873565673828125,0.03054487705230713,0.016858935356140137,-0.003515481948852539,0.004411518573760986,0.00038802623748779297
1769651610.9407346,full,goal16.png,0.7883760929107666,-1.0840883255004883,-1.224249005317688,-0.4076084792613983,2.5990190505981445,0.9345217943191528,1.090206503868103,-1.085189700126648,-1.1930019855499268,-0.39258113503456116,2.595958709716797,0.9376690983772278,1.089555025100708,-0.001101374626159668,0.03124701976776123,0.015027344226837158,-0.0030603408813476562,0.003147304058074951,-0.0006514787673950195
1769651611.0392163,full,goal16.png,0.7828428149223328,-1.0841186046600342,-1.2246125936508179,-0.4066391587257385,2.597867965698242,0.935491144657135,1.0904792547225952,-1.0844374895095825,-1.1932625770568848,-0.39061421155929565,2.5950891971588135,0.9392921924591064,1.0902786254882812,-0.00031888484954833984,0.031350016593933105,0.01602494716644287,-0.002778768539428711,0.0038010478019714355,-0.00020062923431396484
1769651611.143055,full,goal16.png,0.7819079160690308,-1.0839974880218506,-1.2255213260650635,-0.40624532103538513,2.5965654850006104,0.9364150762557983,1.0903732776641846,-1.0830271244049072,-1.1930654048919678,-0.38842758536338806,2.5934481620788574,0.9408239126205444,1.0918240547180176,0.0009703636169433594,0.0324559211730957,0.01781773567199707,-0.0031173229217529297,0.004408836364746094,0.0014507770538330078
1769651611.2415135,full,goal16.png,0.719303548336029,-1.0836037397384644,-1.2262179851531982,-0.40512457489967346,2.595686912536621,0.9378387331962585,1.0911002159118652,-1.0817590951919556,-1.1944385766983032,-0.3845111131668091,2.595409631729126,0.9438713788986206,1.089797854423523,0.001844644546508789,0.03177940845489502,0.02061346173286438,-0.0002772808074951172,0.0060326457023620605,-0.0013023614883422852
1769651611.34256,full,goal16.png,0.5792499780654907,-1.0828161239624023,-1.226308822631836,-0.40300410985946655,2.5949902534484863,0.9395805597305298,1.0915091037750244,-1.0835686922073364,-1.1961215734481812,-0.3867490589618683,2.599285840988159,0.9402849674224854,1.0821195840835571,-0.000752568244934082,0.030187249183654785,0.016255050897598267,0.0042955875396728516,0.0007044076919555664,-0.009389519691467285
1769651611.4432752,full,goal16.png,0.5774023532867432,-1.0818164348602295,-1.2264907360076904,-0.4011259973049164,2.5952324867248535,0.9413678050041199,1.0906609296798706,-1.0866535902023315,-1.1967689990997314,-0.39349666237831116,2.6022839546203613,0.9321077466011047,1.0744173526763916,-0.004837155342102051,0.029721736907958984,0.007629334926605225,0.0070514678955078125,-0.009260058403015137,-0.016243577003479004
1769651611.5463421,full,goal16.png,0.5625308752059937,-1.082452654838562,-1.228065848350525,-0.4015198051929474,2.5986554622650146,0.9386565685272217,1.083012342453003,-1.0910688638687134,-1.1948864459991455,-0.41439056396484375,2.599266290664673,0.9121838808059692,1.0714964866638184,-0.008616209030151367,0.033179402351379395,-0.012870758771896362,0.0006108283996582031,-0.02647268772125244,-0.01151585578918457
1769651611.6421986,full,goal16.png,0.5568640232086182,-1.083876371383667,-1.22897469997406,-0.40348878502845764,2.6005640029907227,0.9351730942726135,1.0789834260940552,-1.0943620204925537,-1.1929571628570557,-0.4318864941596985,2.5975875854492188,0.896268367767334,1.0701704025268555,-0.010485649108886719,0.036017537117004395,-0.028397709131240845,-0.0029764175415039062,-0.03890472650527954,-0.008813023567199707
1769651611.7398884,full,goal16.png,0.5537788271903992,-1.0882989168167114,-1.228308081626892,-0.41578733921051025,2.600139617919922,0.9201785922050476,1.0743184089660645,-1.0970957279205322,-1.1914784908294678,-0.44515734910964966,2.5956504344940186,0.8837333917617798,1.0680723190307617,-0.0087968111038208,0.036829590797424316,-0.029370009899139404,-0.00448918342590332,-0.03644520044326782,-0.006246089935302734
1769651611.8411772,full,goal16.png,0.563086986541748,-1.0924186706542969,-1.2271571159362793,-0.4323267340660095,2.5989887714385986,0.9048205018043518,1.071016788482666,-1.0990525484085083,-1.1876699924468994,-0.46234220266342163,2.594170331954956,0.8699555397033691,1.0675666332244873,-0.006633877754211426,0.03948712348937988,-0.03001546859741211,-0.004818439483642578,-0.034864962100982666,-0.003450155258178711
1769651611.9398088,full,goal16.png,0.5676225423812866,-1.0953266620635986,-1.2267632484436035,-0.44723033905029297,2.5970804691314697,0.8912951350212097,1.0698201656341553,-1.100952386856079,-1.1836800575256348,-0.47728702425956726,2.5942749977111816,0.8571732044219971,1.0671358108520508,-0.005625724792480469,0.04308319091796875,-0.030056685209274292,-0.002805471420288086,-0.034121930599212646,-0.002684354782104492
1769651612.0448656,full,goal16.png,0.5664018392562866,-1.0975379943847656,-1.2222498655319214,-0.4701008200645447,2.595414400100708,0.8716055154800415,1.0678510665893555,-1.1032946109771729,-1.1809018850326538,-0.4876800775527954,2.5977916717529297,0.8452160358428955,1.0643614530563354,-0.0057566165924072266,0.04134798049926758,-0.017579257488250732,0.0023772716522216797,-0.026389479637145996,-0.0034896135330200195
1769651612.1430492,full,goal16.png,0.5633622407913208,-1.0983256101608276,-1.2189480066299438,-0.47830986976623535,2.5952022075653076,0.8645171523094177,1.0682146549224854,-1.1049749851226807,-1.179573655128479,-0.49282407760620117,2.600642204284668,0.8379769325256348,1.0611640214920044,-0.006649374961853027,0.039374351501464844,-0.01451420783996582,0.0054399967193603516,-0.02654021978378296,-0.007050633430480957
1769651612.2428055,full,goal16.png,0.5569909811019897,-1.1003551483154297,-1.2149494886398315,-0.4912748634815216,2.596323251724243,0.8531273603439331,1.0657306909561157,-1.1057909727096558,-1.1801135540008545,-0.4943998456001282,2.601381301879883,0.834166407585144,1.0576832294464111,-0.005435824394226074,0.03483593463897705,-0.0031249821186065674,0.0050580501556396484,-0.018960952758789062,-0.00804746150970459
1769651612.3394165,full,goal16.png,0.5635374188423157,-1.1024755239486694,-1.2132227420806885,-0.49806028604507446,2.5990190505981445,0.8446002006530762,1.0628983974456787,-1.1054182052612305,-1.1812341213226318,-0.4918666183948517,2.5989480018615723,0.8347588777542114,1.0544440746307373,-0.002942681312561035,0.03198862075805664,0.006193667650222778,-7.104873657226562e-05,-0.009841322898864746,-0.008454322814941406
1769651612.4439232,full,goal16.png,0.5736616849899292,-1.1033540964126587,-1.2115567922592163,-0.5007562637329102,2.6002912521362305,0.8389809727668762,1.059369444847107,-1.1056711673736572,-1.1824283599853516,-0.4883510172367096,2.599152088165283,0.8354489803314209,1.0499552488327026,-0.002317070960998535,0.029128432273864746,0.012405246496200562,-0.0011391639709472656,-0.0035319924354553223,-0.009414196014404297
1769651612.540642,full,goal16.png,0.5661149024963379,-1.1033540964126587,-1.2117990255355835,-0.5007562637329102,2.5998973846435547,0.836784839630127,1.0565977096557617,-1.1063895225524902,-1.1836663484573364,-0.48566770553588867,2.602714776992798,0.8341230154037476,1.0448170900344849,-0.003035426139831543,0.02813267707824707,0.015088558197021484,0.002817392349243164,-0.0026618242263793945,-0.011780619621276855
1769651612.6404154,full,goal16.png,0.5641472339630127,-1.1033843755722046,-1.2137982845306396,-0.4996959865093231,2.599776268005371,0.8362547159194946,1.0523719787597656,-1.1077263355255127,-1.1840107440948486,-0.48570096492767334,2.605402946472168,0.8322960138320923,1.0420421361923218,-0.0043419599533081055,0.029787540435791016,0.01399502158164978,0.005626678466796875,-0.003958702087402344,-0.010329842567443848
1769651612.7408595,full,goal16.png,0.5754128694534302,-1.1039296388626099,-1.2156764268875122,-0.49772700667381287,2.6012606620788574,0.8350429534912109,1.0478887557983398,-1.108181118965149,-1.1842668056488037,-0.485765665769577,2.6039562225341797,0.832288384437561,1.0418753623962402,-0.0042514801025390625,0.031409621238708496,0.01196134090423584,0.0026955604553222656,-0.0027545690536499023,-0.006013393402099609
1769651612.8436346,full,goal16.png,0.5683550834655762,-1.1055653095245361,-1.217130422592163,-0.4970909357070923,2.6040780544281006,0.8332558274269104,1.0449503660202026,-1.1097835302352905,-1.1844404935836792,-0.48771005868911743,2.604203701019287,0.830143392086029,1.0412062406539917,-0.0042182207107543945,0.03268992900848389,0.009380877017974854,0.00012564659118652344,-0.0031124353408813477,-0.0037441253662109375
1769651612.9421852,full,goal16.png,0.5704028606414795,-1.106746792793274,-1.218735933303833,-0.49684861302375793,2.6041080951690674,0.8328014612197876,1.0440720319747925,-1.1118006706237793,-1.1839779615402222,-0.49208810925483704,2.6060383319854736,0.8252665996551514,1.0409139394760132,-0.005053877830505371,0.03475797176361084,0.0047605037689208984,0.00193023681640625,-0.0075348615646362305,-0.003158092498779297
1769651613.0431948,full,goal16.png,0.5573500394821167,-1.107806921005249,-1.2200686931610107,-0.49733325839042664,2.604199171066284,0.831483781337738,1.0428754091262817,-1.114627480506897,-1.1830377578735352,-0.498373806476593,2.609811305999756,0.8189574480056763,1.0398144721984863,-0.006820559501647949,0.037030935287475586,-0.0010405480861663818,0.00561213493347168,-0.012526333332061768,-0.00306093692779541
1769651613.1424026,full,goal16.png,0.5730507373809814,-1.1089580059051514,-1.219372034072876,-0.49918103218078613,2.605198621749878,0.8285302519798279,1.0412850379943848,-1.1171436309814453,-1.1823192834854126,-0.5030925869941711,2.614008903503418,0.8144859075546265,1.0381927490234375,-0.008185625076293945,0.03705275058746338,-0.00391155481338501,0.008810281753540039,-0.014044344425201416,-0.0030922889709472656
1769651613.2419784,full,goal16.png,0.5789948105812073,-1.1111390590667725,-1.2182210683822632,-0.5034825205802917,2.6084094047546387,0.8237895965576172,1.0400885343551636,-1.119816780090332,-1.1817399263381958,-0.5065392851829529,2.617553472518921,0.8115397691726685,1.035951852798462,-0.00867772102355957,0.03648114204406738,-0.003056764602661133,0.009144067764282227,-0.01224982738494873,-0.00413668155670166
1769651613.342277,full,goal16.png,0.55192631483078,-1.1143196821212769,-1.2178877592086792,-0.5090562105178833,2.612165689468384,0.8188519477844238,1.0389071702957153,-1.1214661598205566,-1.1808871030807495,-0.5099955797195435,2.6192362308502197,0.8089693188667297,1.0353667736053467,-0.007146477699279785,0.03700065612792969,-0.0009393692016601562,0.0070705413818359375,-0.009882628917694092,-0.0035403966903686523
1769651613.4422421,full,goal16.png,0.5537407398223877,-1.11728835105896,-1.2178574800491333,-0.5132668018341064,2.6156492233276367,0.8154289126396179,1.0370594263076782,-1.1227091550827026,-1.1796363592147827,-0.5153571367263794,2.619011163711548,0.8054442405700684,1.0356674194335938,-0.005420804023742676,0.038221120834350586,-0.0020903348922729492,0.003361940383911133,-0.00998467206954956,-0.0013920068740844727
1769651613.5403059,full,goal16.png,0.5623742341995239,-1.1189544200897217,-1.2170093059539795,-0.5173864960670471,2.6177093982696533,0.8125057220458984,1.0360748767852783,-1.123558759689331,-1.1778104305267334,-0.5196054577827454,2.6191277503967285,0.8020946383476257,1.0360580682754517,-0.004604339599609375,0.039198875427246094,-0.002218961715698242,0.0014183521270751953,-0.010411083698272705,-1.6808509826660156e-05
1769651613.6441185,full,goal16.png,0.5680364370346069,-1.1200752258300781,-1.2158582210540771,-0.5219908952713013,2.6183454990386963,0.8085073232650757,1.0360445976257324,-1.124453067779541,-1.1766473054885864,-0.5219451189041138,2.620443820953369,0.7997198104858398,1.0353055000305176,-0.004377841949462891,0.03921091556549072,4.57763671875e-05,0.0020983219146728516,-0.00878751277923584,-0.0007390975952148438
1769651613.740707,full,goal16.png,0.570868730545044,-1.1210747957229614,-1.2151614427566528,-0.5258985161781311,2.6185877323150635,0.8046754598617554,1.036332368850708,-1.1253067255020142,-1.175490379333496,-0.5247796773910522,2.6224358081817627,0.7977004051208496,1.0344148874282837,-0.004231929779052734,0.03967106342315674,0.0011188387870788574,0.0038480758666992188,-0.006975054740905762,-0.0019174814224243164
1769651613.8423727,full,goal16.png,0.6841026544570923,-1.122165322303772,-1.2140406370162964,-0.528927743434906,2.619405508041382,0.8019340634346008,1.0360445976257324,-1.1255173683166504,-1.175694465637207,-0.5214394330978394,2.624990463256836,0.7988698482513428,1.032111644744873,-0.003352046012878418,0.038346171379089355,0.00748831033706665,0.0055849552154541016,-0.0030642151832580566,-0.003932952880859375
1769651613.9392242,full,goal16.png,0.7420224547386169,-1.1232255697250366,-1.212435245513916,-0.5322598814964294,2.6208596229553223,0.7996469140052795,1.0352721214294434,-1.1237702369689941,-1.176115870475769,-0.510823130607605,2.6317076683044434,0.8060076832771301,1.0262720584869385,-0.0005446672439575195,0.03631937503814697,0.021436750888824463,0.010848045349121094,0.006360769271850586,-0.009000062942504883
1769651614.0443687,full,goal16.png,0.7730233073234558,-1.123558759689331,-1.2118898630142212,-0.5319569110870361,2.6228890419006348,0.7991774082183838,1.0341967344284058,-1.120837926864624,-1.1751887798309326,-0.49450910091400146,2.639477252960205,0.8185362219810486,1.0208888053894043,0.0027208328247070312,0.036701083183288574,0.03744781017303467,0.016588211059570312,0.019358813762664795,-0.013307929039001465
1769651614.1398993,full,goal16.png,0.7741361856460571,-1.122771143913269,-1.2120716571807861,-0.5258985161781311,2.628159999847412,0.8038423657417297,1.0294408798217773,-1.1182135343551636,-1.172254204750061,-0.4816531538963318,2.6476569175720215,0.8290687203407288,1.017981767654419,0.004557609558105469,0.0398174524307251,0.044245362281799316,0.019496917724609375,0.025226354598999023,-0.011459112167358398
1769651614.2399747,full,goal16.png,0.7742795348167419,-1.1208324432373047,-1.2120413780212402,-0.514357328414917,2.6362175941467285,0.8130510449409485,1.0235037803649902,-1.1161266565322876,-1.169028878211975,-0.4721895754337311,2.652301073074341,0.8362149000167847,1.0179150104522705,0.00470578670501709,0.04301249980926514,0.04216775298118591,0.016083478927612305,0.02316385507583618,-0.0055887699127197266
1769651614.3398125,full,goal16.png,0.7711890935897827,-1.1188029050827026,-1.2107993364334106,-0.500786542892456,2.64394211769104,0.8238047361373901,1.0192325115203857,-1.1144341230392456,-1.168199896812439,-0.46079301834106445,2.655634880065918,0.8437986373901367,1.017745018005371,0.004368782043457031,0.04259943962097168,0.0399935245513916,0.01169276237487793,0.019993901252746582,-0.0014874935150146484
1769651614.441079,full,goal16.png,0.76375412940979,-1.1165915727615356,-1.2079519033432007,-0.49154749512672424,2.6490917205810547,0.8320592045783997,1.0183995962142944,-1.1123582124710083,-1.1697927713394165,-0.4474145174026489,2.658541440963745,0.8523697257041931,1.0187245607376099,0.004233360290527344,0.03815913200378418,0.04413297772407532,0.00944972038269043,0.020310521125793457,0.0003249645233154297
1769651614.5457911,full,goal16.png,0.7614820003509521,-1.1143803596496582,-1.2071038484573364,-0.4790368974208832,2.6532113552093506,0.8394959568977356,1.0187782049179077,-1.1091139316558838,-1.1734720468521118,-0.4333980679512024,2.6597487926483154,0.8625466823577881,1.0208351612091064,0.005266427993774414,0.03363180160522461,0.045638829469680786,0.006537437438964844,0.02305072546005249,0.0020569562911987305
1769651614.6434712,full,goal16.png,0.7605506181716919,-1.1126840114593506,-1.2070735692977905,-0.4674351215362549,2.6564526557922363,0.8479474186897278,1.0185661315917969,-1.1057639122009277,-1.1780002117156982,-0.4227556884288788,2.660184383392334,0.8719254732131958,1.0231313705444336,0.0069200992584228516,0.029073357582092285,0.0446794331073761,0.0037317276000976562,0.023978054523468018,0.004565238952636719
1769651614.7424994,full,goal16.png,0.7530695199966431,-1.1098365783691406,-1.2073158025741577,-0.4542883634567261,2.658482313156128,0.8573228716850281,1.0200352668762207,-1.1019541025161743,-1.1818677186965942,-0.41351884603500366,2.6615452766418457,0.8824754357337952,1.025885820388794,0.007882475852966309,0.025448083877563477,0.04076951742172241,0.0030629634857177734,0.02515256404876709,0.005850553512573242
1769651614.8435082,full,goal16.png,0.7573976516723633,-1.1060802936553955,-1.2087395191192627,-0.4426865875720978,2.6593000888824463,0.8665315508842468,1.0222163200378418,-1.0981903076171875,-1.1849936246871948,-0.40512412786483765,2.661884307861328,0.894108772277832,1.0302939414978027,0.007889986038208008,0.02374589443206787,0.03756245970726013,0.002584218978881836,0.027577221393585205,0.008077621459960938
1769651614.9408455,full,goal16.png,0.748303234577179,-1.1022635698318481,-1.2112234830856323,-0.43356868624687195,2.6604814529418945,0.8771185278892517,1.0254727602005005,-1.0944321155548096,-1.1876317262649536,-0.39649078249931335,2.661611795425415,0.9065040349960327,1.03582763671875,0.007831454277038574,0.02359175682067871,0.037077903747558594,0.0011303424835205078,0.029385507106781006,0.010354876518249512
1769651615.0414171,full,goal16.png,0.7432705163955688,-1.0989617109298706,-1.2140103578567505,-0.4242084324359894,2.661268949508667,0.8884931802749634,1.0286988019943237,-1.0909048318862915,-1.1906952857971191,-0.38781940937042236,2.659635543823242,0.917609453201294,1.041581630706787,0.008056879043579102,0.023315072059631348,0.03638902306556702,-0.0016334056854248047,0.029116272926330566,0.012882828712463379
1769651615.1413949,full,goal16.png,0.7504562735557556,-1.0957508087158203,-1.2162518501281738,-0.41527238488197327,2.6614203453063965,0.9007159471511841,1.0335607528686523,-1.0884299278259277,-1.1934250593185425,-0.3808158040046692,2.6575000286102295,0.9254144430160522,1.0455753803253174,0.007320880889892578,0.022826790809631348,0.03445658087730408,-0.003920316696166992,0.024698495864868164,0.012014627456665039
1769651615.2410526,full,goal16.png,0.7454224228858948,-1.0919339656829834,-1.2197659015655518,-0.4067603349685669,2.6607539653778076,0.9114999771118164,1.039770483970642,-1.0865458250045776,-1.1959329843521118,-0.3748004734516144,2.6537880897521973,0.9324287176132202,1.0501867532730103,0.005388140678405762,0.02383291721343994,0.031959861516952515,-0.0069658756256103516,0.02092874050140381,0.010416269302368164
1769651615.34328,full,goal16.png,0.7487895488739014,-1.0888139009475708,-1.22379469871521,-0.3995811343193054,2.6591789722442627,0.9200724959373474,1.0446475744247437,-1.0852110385894775,-1.197621464729309,-0.36945223808288574,2.6492133140563965,0.9378839731216431,1.0551722049713135,0.0036028623580932617,0.02617323398590088,0.030128896236419678,-0.009965658187866211,0.017811477184295654,0.010524630546569824
1769651615.44403,full,goal16.png,0.7556231021881104,-1.0866328477859497,-1.2275508642196655,-0.39276543259620667,2.655937671661377,0.927463710308075,1.0485552549362183,-1.0838568210601807,-1.1991302967071533,-0.36497461795806885,2.645052671432495,0.9428722262382507,1.060705304145813,0.002776026725769043,0.028420567512512207,0.027790814638137817,-0.010885000228881836,0.015408515930175781,0.012150049209594727
1769651615.544389,full,goal16.png,0.7529546022415161,-1.085118293762207,-1.2298531532287598,-0.38673731684684753,2.651515007019043,0.9339766502380371,1.053977370262146,-1.082092046737671,-1.200650930404663,-0.36014696955680847,2.6405951976776123,0.9483727216720581,1.066650390625,0.003026247024536133,0.02920222282409668,0.026590347290039062,-0.010919809341430664,0.014396071434020996,0.012673020362854004
1769651615.6438322,full,goal16.png,0.7541157007217407,-1.0836642980575562,-1.2311859130859375,-0.38213294744491577,2.6478800773620605,0.9390807151794434,1.058990716934204,-1.0807420015335083,-1.2015272378921509,-0.3570162057876587,2.6344552040100098,0.953804075717926,1.0730894804000854,0.0029222965240478516,0.02965867519378662,0.02511674165725708,-0.013424873352050781,0.014723360538482666,0.014098763465881348
1769651615.7409291,full,goal16.png,0.750527024269104,-1.0819679498672485,-1.2331548929214478,-0.3774377405643463,2.6438207626342773,0.9444121718406677,1.0642917156219482,-1.0791540145874023,-1.202164649963379,-0.3546287417411804,2.629514694213867,0.9586998820304871,1.0791701078414917,0.0028139352798461914,0.030990242958068848,0.022808998823165894,-0.014306068420410156,0.014287710189819336,0.014878392219543457
1769651615.8391788,full,goal16.png,0.7487296462059021,-1.0803927183151245,-1.2350329160690308,-0.37325745820999146,2.638610601425171,0.9502130150794983,1.0703351497650146,-1.0782310962677002,-1.2031491994857788,-0.3537941873073578,2.625152587890625,0.9619505405426025,1.0836223363876343,0.0021616220474243164,0.03188371658325195,0.019463270902633667,-0.013458013534545898,0.011737525463104248,0.013287186622619629
1769651615.940895,full,goal16.png,0.7448540925979614,-1.0789992809295654,-1.2357298135757446,-0.369925320148468,2.6325523853302,0.9559230208396912,1.076560139656067,-1.0770478248596191,-1.2046527862548828,-0.3528623580932617,2.620128870010376,0.9645376801490784,1.0874507427215576,0.001951456069946289,0.031077027320861816,0.0170629620552063,-0.012423515319824219,0.008614659309387207,0.010890603065490723
1769651616.0413868,full,goal16.png,0.7499634027481079,-1.0779087543487549,-1.2361234426498413,-0.36801692843437195,2.627553939819336,0.960315465927124,1.081679344177246,-1.0758389234542847,-1.205376148223877,-0.351756751537323,2.613746404647827,0.9670702219009399,1.0917671918869019,0.002069830894470215,0.030747294425964355,0.01626017689704895,-0.013807535171508789,0.006754755973815918,0.010087847709655762
1769651616.1425526,full,goal16.png,0.7549468874931335,-1.0763639211654663,-1.2374260425567627,-0.3666234612464905,2.6226770877838135,0.9630871415138245,1.085632562637329,-1.0743643045425415,-1.2047641277313232,-0.35158148407936096,2.605982780456543,0.9706684947013855,1.097025752067566,0.0019996166229248047,0.03266191482543945,0.015041977167129517,-0.016694307327270508,0.007581353187561035,0.011393189430236816
1769651616.2422109,full,goal16.png,0.7542941570281982,-1.075031042098999,-1.2389708757400513,-0.3656844198703766,2.617194414138794,0.9656468033790588,1.089888572692871,-1.0730359554290771,-1.203747034072876,-0.3510631322860718,2.597980260848999,0.9735797643661499,1.1021860837936401,0.001995086669921875,0.03522384166717529,0.01462128758430481,-0.019214153289794922,0.007932960987091064,0.012297511100769043
1769651616.342353,full,goal16.png,0.7505429983139038,-1.0738193988800049,-1.2390011548995972,-0.3651391565799713,2.6110451221466064,0.9688577055931091,1.094523310661316,-1.0727896690368652,-1.202929973602295,-0.3524243235588074,2.5898542404174805,0.975750744342804,1.1063941717147827,0.0010297298431396484,0.036071181297302246,0.01271483302116394,-0.021190881729125977,0.006893038749694824,0.011870861053466797
1769651616.4409285,full,goal16.png,0.7367391586303711,-1.0726077556610107,-1.2385165691375732,-0.3644121587276459,2.602987289428711,0.9719777703285217,1.0995820760726929,-1.073188304901123,-1.2026848793029785,-0.3547741174697876,2.584624767303467,0.9747655987739563,1.1073042154312134,-0.0005805492401123047,0.03583168983459473,0.009638041257858276,-0.01836252212524414,0.0027878284454345703,0.007722139358520508
1769651616.5420675,full,goal16.png,0.7218868732452393,-1.0720624923706055,-1.2385468482971191,-0.3644424378871918,2.5940513610839844,0.974673867225647,1.1036107540130615,-1.073150873184204,-1.2030436992645264,-0.3566126823425293,2.584329605102539,0.9729266166687012,1.1046911478042603,-0.0010883808135986328,0.03550314903259277,0.007829755544662476,-0.009721755981445312,-0.0017472505569458008,0.0010803937911987305
1769651616.640739,full,goal16.png,0.6767527461051941,-1.072183609008789,-1.238728642463684,-0.36532095074653625,2.5883259773254395,0.9748404622077942,1.1055645942687988,-1.0729827880859375,-1.2027626037597656,-0.3605499267578125,2.5864148139953613,0.9699991941452026,1.0995945930480957,-0.0007991790771484375,0.03596603870391846,0.004771023988723755,-0.001911163330078125,-0.004841268062591553,-0.005970001220703125
1769651616.74045,full,goal16.png,0.6744502186775208,-1.072183609008789,-1.2381833791732788,-0.3664416968822479,2.5863571166992188,0.9740831255912781,1.1049587726593018,-1.0747253894805908,-1.2011171579360962,-0.37291377782821655,2.5853683948516846,0.9636803865432739,1.094246506690979,-0.002541780471801758,0.03706622123718262,-0.006472080945968628,-0.0009887218475341797,-0.01040273904800415,-0.010712265968322754
1769651616.8415647,full,goal16.png,0.6758854985237122,-1.0721230506896973,-1.2374260425567627,-0.3691073954105377,2.586599349975586,0.9715688824653625,1.1019295454025269,-1.0779359340667725,-1.1982909440994263,-0.3920787274837494,2.5828042030334473,0.9529191255569458,1.088605523109436,-0.005812883377075195,0.039135098457336426,-0.02297133207321167,-0.003795146942138672,-0.018649756908416748,-0.01332402229309082
1769651616.942557,full,goal16.png,0.7018124461174011,-1.0727894306182861,-1.236517310142517,-0.3789825737476349,2.5863571166992188,0.9662375450134277,1.0967799425125122,-1.0805374383926392,-1.1955357789993286,-0.40702056884765625,2.5827367305755615,0.9428345561027527,1.083275318145752,-0.007748007774353027,0.04098153114318848,-0.028037995100021362,-0.0036203861236572266,-0.02340298891067505,-0.013504624366760254
1769651617.0420117,full,goal16.png,0.7105843424797058,-1.075031042098999,-1.2353965044021606,-0.3935832977294922,2.584630250930786,0.9584828019142151,1.0910849571228027,-1.0816707611083984,-1.1923844814300537,-0.416940838098526,2.587282180786133,0.9336103200912476,1.077751874923706,-0.006639719009399414,0.043012022972106934,-0.023357540369033813,0.0026519298553466797,-0.02487248182296753,-0.01333308219909668
1769651617.1427982,full,goal16.png,0.7358899116516113,-1.0781511068344116,-1.2331851720809937,-0.4095169007778168,2.5841152667999268,0.9485620856285095,1.0857386589050293,-1.0814883708953857,-1.1889636516571045,-0.42168861627578735,2.5947723388671875,0.9267464876174927,1.072824478149414,-0.003337264060974121,0.04422152042388916,-0.012171715497970581,0.010657072067260742,-0.021815598011016846,-0.012914180755615234
1769651617.2416897,full,goal16.png,0.7419784069061279,-1.0796051025390625,-1.2289444208145142,-0.42027050256729126,2.5859932899475098,0.9390050768852234,1.0801496505737305,-1.0807781219482422,-1.187300205230713,-0.42336416244506836,2.600592613220215,0.9236319065093994,1.069579839706421,-0.0011730194091796875,0.04164421558380127,-0.0030936598777770996,0.014599323272705078,-0.015373170375823975,-0.01056981086730957
1769651617.3449364,full,goal16.png,0.7594240307807922,-1.0795748233795166,-1.224854826927185,-0.4273891746997833,2.591627836227417,0.9312957525253296,1.0752878189086914,-1.0804998874664307,-1.1866676807403564,-0.4235314428806305,2.603206157684326,0.9217051267623901,1.06862473487854,-0.0009250640869140625,0.03818714618682861,0.003857731819152832,0.01157832145690918,-0.009590625762939453,-0.006663084030151367
1769651617.4511907,full,goal16.png,0.7706260681152344,-1.079271912574768,-1.2230373620986938,-0.4314785301685333,2.5971710681915283,0.9269791841506958,1.0717284679412842,-1.0808286666870117,-1.1865582466125488,-0.4223273992538452,2.605278491973877,0.9204473495483398,1.0681216716766357,-0.0015567541122436523,0.03647911548614502,0.00915113091468811,0.008107423782348633,-0.006531834602355957,-0.0036067962646484375
1769651617.5522394,full,goal16.png,0.7717746496200562,-1.0791810750961304,-1.2227344512939453,-0.4332658052444458,2.6012606620788574,0.9243892431259155,1.0699867010116577,-1.0823709964752197,-1.1855571269989014,-0.42108914256095886,2.608715772628784,0.9167824983596802,1.0669721364974976,-0.0031899213790893555,0.037177324295043945,0.012176662683486938,0.007455110549926758,-0.0076067447662353516,-0.0030145645141601562
1769651617.6432707,full,goal16.png,0.7725114822387695,-1.0792113542556763,-1.2226738929748535,-0.4333263635635376,2.603956460952759,0.9225717186927795,1.0692596435546875,-1.0844612121582031,-1.183896541595459,-0.42113327980041504,2.6130688190460205,0.9126911163330078,1.0656381845474243,-0.0052498579025268555,0.03877735137939453,0.012193083763122559,0.009112358093261719,-0.009880602359771729,-0.0036214590072631836
1769651617.7428894,full,goal16.png,0.7592183351516724,-1.0795445442199707,-1.2219468355178833,-0.4329325258731842,2.6072583198547363,0.9195878505706787,1.0682449340820312,-1.0864063501358032,-1.1818368434906006,-0.4214605689048767,2.6168205738067627,0.9093235731124878,1.0646567344665527,-0.0068618059158325195,0.040109992027282715,0.011471956968307495,0.009562253952026367,-0.010264277458190918,-0.0035881996154785156
1769651617.8437057,full,goal16.png,0.7653313875198364,-1.0813924074172974,-1.2205533981323242,-0.43265992403030396,2.611560106277466,0.91508948802948,1.0668666362762451,-1.087761402130127,-1.180293083190918,-0.4208524227142334,2.619905710220337,0.9072540402412415,1.0632870197296143,-0.00636899471282959,0.04026031494140625,0.011807501316070557,0.008345603942871094,-0.007835447788238525,-0.0035796165466308594
1769651617.9441423,full,goal16.png,0.7568904757499695,-1.083543062210083,-1.2189782857894897,-0.4327205419540405,2.614983081817627,0.9115150570869446,1.0655944347381592,-1.0885663032531738,-1.1795055866241455,-0.42043811082839966,2.623811721801758,0.9057925343513489,1.0603091716766357,-0.00502324104309082,0.03947269916534424,0.01228243112564087,0.00882863998413086,-0.005722522735595703,-0.0052852630615234375
1769651618.0432773,full,goal16.png,0.7439959049224854,-1.0849971771240234,-1.2166154384613037,-0.43256905674934387,2.6179816722869873,0.909182608127594,1.0645946264266968,-1.088893175125122,-1.179093599319458,-0.42130059003829956,2.6273791790008545,0.9050715565681458,1.056339979171753,-0.003895998001098633,0.0375218391418457,0.011268466711044312,0.009397506713867188,-0.004111051559448242,-0.008254647254943848
1769651618.1419673,full,goal16.png,0.7517668604850769,-1.085905909538269,-1.2147372961044312,-0.43214496970176697,2.6211323738098145,0.907137930393219,1.0624288320541382,-1.088903784751892,-1.1787537336349487,-0.4232812523841858,2.6288697719573975,0.9047200083732605,1.0528969764709473,-0.002997875213623047,0.03598356246948242,0.008863717317581177,0.007737398147583008,-0.002417922019958496,-0.009531855583190918
1769651618.241472,full,goal16.png,0.7549908757209778,-1.0866025686264038,-1.2142527103424072,-0.4323872923851013,2.624706506729126,0.9058353304862976,1.0595208406448364,-1.0891821384429932,-1.1781892776489258,-0.4257868528366089,2.628464698791504,0.9038404226303101,1.0501234531402588,-0.0025795698165893555,0.036063432693481445,0.006600439548492432,0.0037581920623779297,-0.001994907855987549,-0.009397387504577637
1769651618.3416429,full,goal16.png,0.748043417930603,-1.0869054794311523,-1.2142527103424072,-0.4332658052444458,2.6270694732666016,0.9051536917686462,1.0562947988510132,-1.0895485877990723,-1.1772319078445435,-0.42821621894836426,2.6274123191833496,0.9020484089851379,1.0485895872116089,-0.002643108367919922,0.03702080249786377,0.005049586296081543,0.0003428459167480469,-0.0031052827835083008,-0.007705211639404297
1769651618.4435077,full,goal16.png,0.7441006302833557,-1.0870872735977173,-1.2135257720947266,-0.4349924325942993,2.6274027824401855,0.9045631289482117,1.0534018278121948,-1.0900404453277588,-1.1766643524169922,-0.4298100769519806,2.6277005672454834,0.900557279586792,1.0469696521759033,-0.002953171730041504,0.036861419677734375,0.005182355642318726,0.00029778480529785156,-0.004005849361419678,-0.006432175636291504
1769651618.5419931,full,goal16.png,0.7511608600616455,-1.087329626083374,-1.2124958038330078,-0.4373249411582947,2.627281427383423,0.9028212428092957,1.0511754751205444,-1.0905399322509766,-1.176493525505066,-0.43147242069244385,2.627593994140625,0.8996853828430176,1.045762300491333,-0.003210306167602539,0.036002278327941895,0.00585252046585083,0.00031256675720214844,-0.003135859966278076,-0.005413174629211426
1769651618.6430762,full,goal16.png,0.7491313815116882,-1.0876325368881226,-1.2119808197021484,-0.43923327326774597,2.627251148223877,0.901306688785553,1.049448847770691,-1.0911085605621338,-1.1770015954971313,-0.4314262270927429,2.629206657409668,0.9001365900039673,1.043975830078125,-0.0034760236740112305,0.03497922420501709,0.007807046175003052,0.0019555091857910156,-0.0011700987815856934,-0.005473017692565918
1769651618.7458847,full,goal16.png,0.7411478757858276,-1.0881778001785278,-1.2116779088974,-0.4408387541770935,2.627220869064331,0.9002464413642883,1.0482068061828613,-1.091497540473938,-1.1772518157958984,-0.4308784604072571,2.630236864089966,0.9008927345275879,1.0429620742797852,-0.0033197402954101562,0.034426093101501465,0.009960293769836426,0.0030159950256347656,0.0006462931632995605,-0.005244731903076172
1769651618.8418567,full,goal16.png,0.7418805360794067,-1.0890562534332275,-1.2114962339401245,-0.4414142966270447,2.6276450157165527,0.900458574295044,1.046268105506897,-1.0909723043441772,-1.1767380237579346,-0.4306432604789734,2.6296818256378174,0.9018880128860474,1.0431489944458008,-0.001916050910949707,0.03475821018218994,0.010771036148071289,0.0020368099212646484,0.001429438591003418,-0.0031191110610961914
1769651618.941248,full,goal16.png,0.7410837411880493,-1.0897226333618164,-1.211344599723816,-0.4414142966270447,2.628856658935547,0.901064395904541,1.044844388961792,-1.090773582458496,-1.1758644580841064,-0.4331209659576416,2.629884719848633,0.9009214043617249,1.0428755283355713,-0.0010509490966796875,0.03548014163970947,0.008293330669403076,0.0010280609130859375,-0.0001429915428161621,-0.001968860626220703
1769651619.0419161,full,goal16.png,0.738262414932251,-1.0896015167236328,-1.210860013961792,-0.4414142966270447,2.6289777755737305,0.9018367528915405,1.0441023111343384,-1.0906733274459839,-1.1748621463775635,-0.4367348551750183,2.6295979022979736,0.89859938621521,1.0422823429107666,-0.0010718107223510742,0.035997867584228516,0.004679441452026367,0.0006201267242431641,-0.0032373666763305664,-0.0018199682235717773
1769651619.1400633,full,goal16.png,0.7398768663406372,-1.0894197225570679,-1.2102844715118408,-0.4425956904888153,2.6290688514709473,0.9017914533615112,1.044026494026184,-1.0907014608383179,-1.1743985414505005,-0.4380228519439697,2.630258798599243,0.8981469869613647,1.041285753250122,-0.00128173828125,0.03588593006134033,0.004572838544845581,0.0011899471282958984,-0.0036444664001464844,-0.0027407407760620117
1769651619.2415318,full,goal16.png,0.7560839653015137,-1.0891470909118652,-1.2091636657714844,-0.4451099634170532,2.6290383338928223,0.9005040526390076,1.043254017829895,-1.0903496742248535,-1.174486756324768,-0.43587732315063477,2.6294851303100586,0.9000387191772461,1.0415077209472656,-0.0012025833129882812,0.03467690944671631,0.009232640266418457,0.0004467964172363281,-0.0004653334617614746,-0.0017462968826293945
1769651619.3439364,full,goal16.png,0.74846351146698,-1.0891168117523193,-1.2088607549667358,-0.446715384721756,2.6292505264282227,0.8996104001998901,1.0423604249954224,-1.0902276039123535,-1.1752314567565918,-0.4319996237754822,2.6298296451568604,0.9020428657531738,1.0413779020309448,-0.0011107921600341797,0.03362929821014404,0.014715760946273804,0.0005791187286376953,0.0024324655532836914,-0.000982522964477539
1769651619.443514,full,goal16.png,0.752921462059021,-1.089207649230957,-1.2089213132858276,-0.4465942680835724,2.629189968109131,0.8999284505844116,1.0422240495681763,-1.0902564525604248,-1.1760295629501343,-0.4301132559776306,2.6312708854675293,0.9025697708129883,1.0405409336090088,-0.0010488033294677734,0.03289175033569336,0.016481012105941772,0.0020809173583984375,0.00264132022857666,-0.0016831159591674805
1769651619.54684,full,goal16.png,0.7599137425422668,-1.0890865325927734,-1.2091031074523926,-0.4447464048862457,2.629189968109131,0.9011098742485046,1.0418000221252441,-1.0897918939590454,-1.1765952110290527,-0.42890065908432007,2.6317100524902344,0.9027656316757202,1.0398979187011719,-0.0007053613662719727,0.032507896423339844,0.01584574580192566,0.0025200843811035156,0.0016557574272155762,-0.0019021034240722656
1769651619.6426904,full,goal16.png,0.7556785941123962,-1.0890562534332275,-1.2097694873809814,-0.443080335855484,2.630098581314087,0.901927649974823,1.041224479675293,-1.0895850658416748,-1.1766557693481445,-0.42951881885528564,2.632547378540039,0.9025671482086182,1.0387463569641113,-0.0005288124084472656,0.033113718032836914,0.013561517000198364,0.0024487972259521484,0.000639498233795166,-0.0024781227111816406
1769651619.743101,full,goal16.png,0.7535547614097595,-1.0889654159545898,-1.2104359865188599,-0.44192925095558167,2.6307952404022217,0.9025182723999023,1.0406036376953125,-1.089534878730774,-1.1761698722839355,-0.4302806258201599,2.6334474086761475,0.9021238088607788,1.0377917289733887,-0.000569462776184082,0.034266114234924316,0.011648625135421753,0.0026521682739257812,-0.00039446353912353516,-0.002811908721923828
1769651619.8398476,full,goal16.png,0.7554633617401123,-1.0886927843093872,-1.210860013961792,-0.4418989419937134,2.6315524578094482,0.9028666615486145,1.0400432348251343,-1.089192509651184,-1.1756958961486816,-0.43090200424194336,2.632917642593384,0.9020981788635254,1.0380496978759766,-0.000499725341796875,0.03516411781311035,0.01099693775177002,0.0013651847839355469,-0.0007684826850891113,-0.001993536949157715
1769651619.9426997,full,goal16.png,0.7273094654083252,-1.087996006011963,-1.210678219795227,-0.4420504570007324,2.6324007511138916,0.9027455449104309,1.0393767356872559,-1.0885571241378784,-1.1770434379577637,-0.42912691831588745,2.6344518661499023,0.9033548831939697,1.0366464853286743,-0.0005611181259155273,0.03363478183746338,0.01292353868484497,0.002051115036010742,0.0006093382835388184,-0.002730250358581543
1769651620.0425014,full,goal16.png,0.630416750907898,-1.0876628160476685,-1.210254192352295,-0.4422625005245209,2.6324007511138916,0.9026850461959839,1.0392252206802368,-1.087860107421875,-1.1784894466400146,-0.42967379093170166,2.634751558303833,0.903965950012207,1.035253882408142,-0.00019729137420654297,0.03176474571228027,0.012588709592819214,0.0023508071899414062,0.0012809038162231445,-0.0039713382720947266
1769651620.1407917,full,goal16.png,0.5789476633071899,-1.08735990524292,-1.2105268239974976,-0.44195958971977234,2.6334609985351562,0.9034725427627563,1.0382860898971558,-1.0895826816558838,-1.1792603731155396,-0.43696051836013794,2.6324641704559326,0.8992598652839661,1.034569263458252,-0.002222776412963867,0.03126645088195801,0.004999071359634399,-0.0009968280792236328,-0.004212677478790283,-0.0037168264389038086
1769651620.2467022,full,goal16.png,0.5851768851280212,-1.0870872735977173,-1.2111326456069946,-0.4420504570007324,2.634188175201416,0.9042298793792725,1.0368624925613403,-1.0925729274749756,-1.1789315938949585,-0.4490720331668854,2.6269330978393555,0.8902472257614136,1.0376503467559814,-0.005485653877258301,0.03220105171203613,-0.007021576166152954,-0.007255077362060547,-0.013982653617858887,0.0007878541946411133
1769651620.3450139,full,goal16.png,0.5764424800872803,-1.0874507427215576,-1.211647629737854,-0.44489791989326477,2.6336123943328857,0.902169942855835,1.0354084968566895,-1.0962268114089966,-1.1777300834655762,-0.4642910361289978,2.6233882904052734,0.8774479031562805,1.040700078010559,-0.008776068687438965,0.03391754627227783,-0.019393116235733032,-0.010224103927612305,-0.024722039699554443,0.005291581153869629
1769651620.443756,full,goal16.png,0.580726683139801,-1.0894500017166138,-1.2119505405426025,-0.45334938168525696,2.6295533180236816,0.8954755663871765,1.037135124206543,-1.0990123748779297,-1.1760711669921875,-0.47781163454055786,2.622314691543579,0.8663772940635681,1.042751669883728,-0.009562373161315918,0.03587937355041504,-0.024462252855300903,-0.007238626480102539,-0.0290982723236084,0.005616545677185059
1769651620.5441825,full,goal16.png,0.5687273740768433,-1.092842698097229,-1.211617350578308,-0.4666171967983246,2.6255548000335693,0.8836616277694702,1.0401339530944824,-1.1018894910812378,-1.1740696430206299,-0.4899165630340576,2.6220452785491943,0.8563435077667236,1.0447973012924194,-0.009046792984008789,0.03754770755767822,-0.023299366235733032,-0.003509521484375,-0.027318120002746582,0.004663348197937012
1769651620.6416698,full,goal16.png,0.5757502317428589,-1.0963869094848633,-1.2111326456069946,-0.4807635247707367,2.6233131885528564,0.872771680355072,1.0424211025238037,-1.1046793460845947,-1.1728127002716064,-0.49822014570236206,2.62160062789917,0.8479377031326294,1.0460976362228394,-0.008292436599731445,0.038319945335388184,-0.017456620931625366,-0.0017125606536865234,-0.024833977222442627,0.0036765336990356445
1769651620.7432528,full,goal16.png,0.5710741281509399,-1.0990525484085083,-1.2101330757141113,-0.4938800036907196,2.6226770877838135,0.8623664379119873,1.0454350709915161,-1.106697916984558,-1.1725878715515137,-0.5022189021110535,2.620999336242676,0.8414875268936157,1.0460859537124634,-0.007645368576049805,0.037545204162597656,-0.008338898420333862,-0.0016777515411376953,-0.020878911018371582,0.0006508827209472656
1769651620.8440816,full,goal16.png,0.562717616558075,-1.1010822057724,-1.2090728282928467,-0.5015438199043274,2.6221923828125,0.8541269898414612,1.0461924076080322,-1.1087727546691895,-1.1734209060668945,-0.5032182931900024,2.6230125427246094,0.8372464776039124,1.042607069015503,-0.007690548896789551,0.03565192222595215,-0.0016744732856750488,0.000820159912109375,-0.016880512237548828,-0.003585338592529297
1769651620.9417326,full,goal16.png,0.5594699382781982,-1.1035963296890259,-1.2073158025741577,-0.5081474781036377,2.621586799621582,0.8462359309196472,1.0461469888687134,-1.1108170747756958,-1.1743788719177246,-0.5020632147789001,2.6264336109161377,0.8345165252685547,1.0381112098693848,-0.007220745086669922,0.032936930656433105,0.006084263324737549,0.004846811294555664,-0.01171940565109253,-0.008035778999328613
1769651621.0415049,full,goal16.png,0.5583797097206116,-1.1060802936553955,-1.206800937652588,-0.5107525587081909,2.622162103652954,0.8404957056045532,1.044041633605957,-1.1129902601242065,-1.1733434200286865,-0.5064207315444946,2.629401922225952,0.8291662335395813,1.035435676574707,-0.006909966468811035,0.03345751762390137,0.004331827163696289,0.007239818572998047,-0.011329472064971924,-0.00860595703125
1769651621.1443298,full,goal16.png,0.5646215081214905,-1.1077160835266113,-1.207558274269104,-0.5111464262008667,2.6241915225982666,0.8369514346122742,1.0404672622680664,-1.1148567199707031,-1.171132206916809,-0.5137894153594971,2.6313562393188477,0.8218505382537842,1.0345385074615479,-0.007140636444091797,0.03642606735229492,-0.002642989158630371,0.007164716720581055,-0.01510089635848999,-0.005928754806518555
1769651621.2429004,full,goal16.png,0.5655337572097778,-1.1098365783691406,-1.207830786705017,-0.5144481658935547,2.627281427383423,0.8322107195854187,1.0370291471481323,-1.1170395612716675,-1.1688406467437744,-0.5219358205795288,2.631829023361206,0.8146522045135498,1.0340005159378052,-0.0072029829025268555,0.038990139961242676,-0.007487654685974121,0.004547595977783203,-0.017558515071868896,-0.0030286312103271484
1769651621.3431997,full,goal16.png,0.5587503910064697,-1.1118963956832886,-1.2071038484573364,-0.5201733708381653,2.6296138763427734,0.8257889151573181,1.0360597372055054,-1.119184136390686,-1.1672778129577637,-0.5274931192398071,2.6317858695983887,0.8093160390853882,1.0331326723098755,-0.007287740707397461,0.039826035499572754,-0.007319748401641846,0.0021719932556152344,-0.01647287607192993,-0.002927064895629883
1769651621.4400465,full,goal16.png,0.5648219585418701,-1.114410638809204,-1.205831527709961,-0.5267467498779297,2.63073468208313,0.8199425935745239,1.0346057415008545,-1.1210578680038452,-1.1658110618591309,-0.5330712795257568,2.6319549083709717,0.8038876056671143,1.0326714515686035,-0.006647229194641113,0.04002046585083008,-0.0063245296478271484,0.0012202262878417969,-0.016054987907409668,-0.0019342899322509766
1769651621.5414193,full,goal16.png,0.5600631237030029,-1.116682529449463,-1.2041352987289429,-0.5338047742843628,2.631007432937622,0.8136417865753174,1.0335153341293335,-1.1226167678833008,-1.164048194885254,-0.5391167998313904,2.6330513954162598,0.7976033091545105,1.0319039821624756,-0.005934238433837891,0.040087103843688965,-0.005312025547027588,0.0020439624786376953,-0.016038477420806885,-0.0016113519668579102
1769651621.640652,full,goal16.png,0.5766935348510742,-1.1184697151184082,-1.2022571563720703,-0.5399237275123596,2.6312801837921143,0.80767422914505,1.0325156450271606,-1.1235337257385254,-1.1618483066558838,-0.5455716252326965,2.632911443710327,0.791540801525116,1.032514214515686,-0.0050640106201171875,0.04040884971618652,-0.005647897720336914,0.0016312599182128906,-0.016133427619934082,-1.430511474609375e-06
1769651621.7410042,full,goal16.png,0.5744569897651672,-1.120105504989624,-1.1998337507247925,-0.5461638569831848,2.632006883621216,0.8011312484741211,1.0326064825057983,-1.124832272529602,-1.160341501235962,-0.5493932366371155,2.6334919929504395,0.787385106086731,1.0316147804260254,-0.004726767539978027,0.039492249488830566,-0.003229379653930664,0.0014851093292236328,-0.013746142387390137,-0.0009917020797729492
1769651621.8417284,full,goal16.png,0.5828866958618164,-1.1214383840560913,-1.1973499059677124,-0.5515558123588562,2.632188558578491,0.7953000068664551,1.0331971645355225,-1.1260125637054443,-1.159236192703247,-0.5522260665893555,2.6344738006591797,0.7840849757194519,1.0302739143371582,-0.004574179649353027,0.03811371326446533,-0.0006702542304992676,0.0022852420806884766,-0.011215031147003174,-0.002923250198364258
1769651621.9408484,full,goal16.png,0.5728060007095337,-1.1225591897964478,-1.1951990127563477,-0.5558270215988159,2.632673501968384,0.7911196947097778,1.0319249629974365,-1.1272571086883545,-1.1588006019592285,-0.5539000034332275,2.6355011463165283,0.78139728307724,1.028338074684143,-0.004697918891906738,0.03639841079711914,0.001927018165588379,0.0028276443481445312,-0.009722411632537842,-0.003586888313293457
1769651622.041529,full,goal16.png,0.5830039978027344,-1.1234376430511475,-1.1935633420944214,-0.559249997138977,2.6336426734924316,0.7877420783042908,1.030637502670288,-1.1280094385147095,-1.1576813459396362,-0.5577237606048584,2.6360533237457275,0.7771166563034058,1.0275440216064453,-0.004571795463562012,0.035881996154785156,0.0015262365341186523,0.0024106502532958984,-0.01062542200088501,-0.0030934810638427734
1769651622.1426184,full,goal16.png,0.5773325562477112,-1.1247098445892334,-1.1924728155136108,-0.5618247985839844,2.634824275970459,0.7847281098365784,1.0287442207336426,-1.1284186840057373,-1.1564466953277588,-0.5613005757331848,2.6364285945892334,0.773197591304779,1.0276678800582886,-0.0037088394165039062,0.03602612018585205,0.0005242228507995605,0.001604318618774414,-0.011530518531799316,-0.001076340675354004
1769651622.2416174,full,goal16.png,0.5812649130821228,-1.1260124444961548,-1.1915640830993652,-0.5653992295265198,2.6355509757995605,0.7806084156036377,1.0281685590744019,-1.128770112991333,-1.1554627418518066,-0.5641112327575684,2.637599229812622,0.7704353332519531,1.0274364948272705,-0.0027576684951782227,0.036101341247558594,0.001287996768951416,0.0020482540130615234,-0.01017308235168457,-0.0007320642471313477
1769651622.3438473,full,goal16.png,0.5774235725402832,-1.1266182661056519,-1.19101881980896,-0.569125235080719,2.63606595993042,0.7766098380088806,1.028017282485962,-1.1289503574371338,-1.154616117477417,-0.5644991993904114,2.6395583152770996,0.7693718671798706,1.0258386135101318,-0.0023320913314819336,0.03640270233154297,0.004626035690307617,0.0034923553466796875,-0.00723797082901001,-0.002178668975830078
1769651622.444369,full,goal16.png,0.5796301364898682,-1.1268303394317627,-1.1903220415115356,-0.5723966956138611,2.6370656490325928,0.7734595537185669,1.028320074081421,-1.1290767192840576,-1.153364658355713,-0.5665525197982788,2.64095401763916,0.7678634524345398,1.0248416662216187,-0.002246379852294922,0.036957383155822754,0.005844175815582275,0.003888368606567383,-0.0055961012840271,-0.003478407859802246
1769651622.5414805,full,goal16.png,0.5819542407989502,-1.1268908977508545,-1.1893527507781982,-0.5739718675613403,2.638943910598755,0.7716420888900757,1.0270781517028809,-1.1293301582336426,-1.1525280475616455,-0.568141520023346,2.6412432193756104,0.7658514976501465,1.0240970849990845,-0.002439260482788086,0.036824703216552734,0.005830347537994385,0.0022993087768554688,-0.005790591239929199,-0.0029810667037963867
1769651622.6417615,full,goal16.png,0.5796309113502502,-1.127224087715149,-1.1882925033569336,-0.5755470991134644,2.640216112136841,0.770036518573761,1.0259573459625244,-1.1297671794891357,-1.1522313356399536,-0.5687329769134521,2.642186164855957,0.7649557590484619,1.023292064666748,-0.0025430917739868164,0.03606116771697998,0.006814122200012207,0.001970052719116211,-0.005080759525299072,-0.002665281295776367
1769651622.7462723,full,goal16.png,0.5913220643997192,-1.1276179552078247,-1.1877169609069824,-0.5771222114562988,2.640852212905884,0.767991840839386,1.0255181789398193,-1.1304042339324951,-1.1528429985046387,-0.5684069395065308,2.643110752105713,0.7640447616577148,1.021754264831543,-0.00278627872467041,0.03487396240234375,0.008715271949768066,0.0022585391998291016,-0.003947079181671143,-0.003763914108276367
1769651622.8421733,full,goal16.png,0.5870217680931091,-1.127829909324646,-1.187353491783142,-0.5782430171966553,2.64176082611084,0.7665982842445374,1.0246700048446655,-1.1310056447982788,-1.1534597873687744,-0.5673645734786987,2.64454984664917,0.7634954452514648,1.0196102857589722,-0.0031757354736328125,0.033893704414367676,0.010878443717956543,0.002789020538330078,-0.0031028389930725098,-0.005059719085693359
1769651622.939696,full,goal16.png,0.5749554634094238,-1.1281328201293945,-1.1869596242904663,-0.5784248113632202,2.642730236053467,0.7654169201850891,1.0234280824661255,-1.1322721242904663,-1.1535202264785767,-0.5694029927253723,2.6456470489501953,0.7611342668533325,1.0178794860839844,-0.004139304161071777,0.03343939781188965,0.0090218186378479,0.0029168128967285156,-0.004282653331756592,-0.005548596382141113
1769651623.0395143,full,goal16.png,0.5764546990394592,-1.1288901567459106,-1.1868990659713745,-0.5782430171966553,2.6438510417938232,0.7641295194625854,1.021686315536499,-1.1327054500579834,-1.1521427631378174,-0.5753434896469116,2.6434521675109863,0.757123589515686,1.0190684795379639,-0.003815293312072754,0.03475630283355713,0.0028995275497436523,-0.00039887428283691406,-0.007005929946899414,-0.0026178359985351562
1769651623.1409972,full,goal16.png,0.5791645050048828,-1.1299806833267212,-1.186444640159607,-0.5791215300559998,2.644850969314575,0.7624180912971497,1.019944429397583,-1.133005142211914,-1.1507980823516846,-0.5804672241210938,2.6417601108551025,0.753639817237854,1.0201562643051147,-0.003024458885192871,0.03564655780792236,-0.0013456940650939941,-0.0030908584594726562,-0.008778274059295654,0.00021183490753173828
1769651623.243702,full,goal16.png,0.5780513286590576,-1.1305865049362183,-1.1854753494262695,-0.5829079747200012,2.6443660259246826,0.7596009969711304,1.019762635231018,-1.1336894035339355,-1.1504905223846436,-0.5816835165023804,2.641096591949463,0.7524577975273132,1.0195655822753906,-0.003102898597717285,0.03498482704162598,0.0012244582176208496,-0.0032694339752197266,-0.007143199443817139,-0.0001970529556274414
1769651623.3415945,full,goal16.png,0.5876035690307617,-1.1307380199432373,-1.184536337852478,-0.5875729918479919,2.6434271335601807,0.7562839984893799,1.0206562280654907,-1.1347671747207642,-1.1510577201843262,-0.5800100564956665,2.6431784629821777,0.7529153823852539,1.0169506072998047,-0.0040291547775268555,0.033478617668151855,0.0075629353523254395,-0.0002486705780029297,-0.0033686161041259766,-0.003705620765686035
1769651623.4417408,full,goal16.png,0.5877200365066528,-1.1311620473861694,-1.1833852529525757,-0.5901175141334534,2.642669677734375,0.7546027898788452,1.0204594135284424,-1.1356920003890991,-1.1508607864379883,-0.5807839035987854,2.6456754207611084,0.7515599727630615,1.0153697729110718,-0.0045299530029296875,0.0325244665145874,0.009333610534667969,0.0030057430267333984,-0.0030428171157836914,-0.0050896406173706055
1769651623.5437906,full,goal16.png,0.5881420373916626,-1.1323131322860718,-1.1826884746551514,-0.5901477932929993,2.6431241035461426,0.7540273070335388,1.0193688869476318,-1.1355595588684082,-1.1500897407531738,-0.5823028683662415,2.6476492881774902,0.7507386803627014,1.0148985385894775,-0.0032464265823364258,0.03259873390197754,0.007844924926757812,0.004525184631347656,-0.0032886266708374023,-0.004470348358154297
1769651623.6414847,full,goal16.png,0.5785251259803772,-1.1335854530334473,-1.182203769683838,-0.590632438659668,2.6446993350982666,0.7529670000076294,1.0180058479309082,-1.1357476711273193,-1.1491765975952148,-0.584126889705658,2.6487865447998047,0.7494733333587646,1.015113115310669,-0.0021622180938720703,0.03302717208862305,0.00650554895401001,0.004087209701538086,-0.003493666648864746,-0.002892732620239258
1769651623.741764,full,goal16.png,0.5733254551887512,-1.1337974071502686,-1.1814162731170654,-0.5915412306785583,2.6465470790863037,0.7523157000541687,1.0173544883728027,-1.1357035636901855,-1.1489503383636475,-0.5846884846687317,2.6491599082946777,0.7492132782936096,1.015256404876709,-0.0019061565399169922,0.03246593475341797,0.00685274600982666,0.0026128292083740234,-0.003102421760559082,-0.00209808349609375
1769651623.8400564,full,goal16.png,0.5861761569976807,-1.1337065696716309,-1.180931568145752,-0.5929649472236633,2.647728443145752,0.7515129446983337,1.0168243646621704,-1.1353834867477417,-1.1485950946807861,-0.5855814218521118,2.648137092590332,0.748795211315155,1.0161340236663818,-0.0016769170761108398,0.03233647346496582,0.007383525371551514,0.0004086494445800781,-0.002717733383178711,-0.0006903409957885742
1769651623.9415686,full,goal16.png,0.5912988185882568,-1.1337671279907227,-1.1809921264648438,-0.5940251350402832,2.648303985595703,0.7511040568351746,1.0167789459228516,-1.13572096824646,-1.1485825777053833,-0.5859352350234985,2.646874189376831,0.7488422989845276,1.0159492492675781,-0.0019538402557373047,0.03240954875946045,0.008089900016784668,-0.0014297962188720703,-0.0022617578506469727,-0.0008296966552734375
1769651624.0414286,full,goal16.png,0.5884345769882202,-1.1339186429977417,-1.180780053138733,-0.5947824120521545,2.6481828689575195,0.7508617639541626,1.0170211791992188,-1.1360805034637451,-1.14901864528656,-0.5842683911323547,2.647758960723877,0.7498058676719666,1.0144833326339722,-0.002161860466003418,0.03176140785217285,0.010514020919799805,-0.0004239082336425781,-0.001055896282196045,-0.002537846565246582
1769651624.1408653,full,goal16.png,0.5854920148849487,-1.1342215538024902,-1.180749773979187,-0.595267117023468,2.647698163986206,0.7507858872413635,1.0170667171478271,-1.1366461515426636,-1.1497430801391602,-0.5810012221336365,2.651210069656372,0.7516313195228577,1.0116549730300903,-0.00242459774017334,0.031006693840026855,0.014265894889831543,0.0035119056701660156,0.0008454322814941406,-0.005411744117736816
1769651624.244125,full,goal16.png,0.5860368013381958,-1.134463906288147,-1.180931568145752,-0.5948733687400818,2.6477890014648438,0.7509828805923462,1.016657829284668,-1.1363410949707031,-1.1499463319778442,-0.5791149139404297,2.652996301651001,0.7523187398910522,1.010378360748291,-0.0018771886825561523,0.030985236167907715,0.0157584547996521,0.0052073001861572266,0.0013358592987060547,-0.006279468536376953
1769651624.34572,full,goal16.png,0.595539927482605,-1.1345850229263306,-1.1811132431030273,-0.5929043292999268,2.6496975421905518,0.7519067525863647,1.0150068998336792,-1.1359224319458008,-1.1501919031143188,-0.5766047835350037,2.654423713684082,0.7534511685371399,1.009216070175171,-0.0013374090194702148,0.030921339988708496,0.016299545764923096,0.0047261714935302734,0.0015444159507751465,-0.005790829658508301
1769651624.4447052,full,goal16.png,0.5899084806442261,-1.1345547437667847,-1.1812647581100464,-0.5916017889976501,2.6513330936431885,0.7526943683624268,1.013643741607666,-1.1358129978179932,-1.1497682332992554,-0.5769038796424866,2.6550304889678955,0.7533642649650574,1.0089442729949951,-0.001258254051208496,0.031496524810791016,0.014697909355163574,0.0036973953247070312,0.0006698966026306152,-0.0046994686126708984
1769651624.5400028,full,goal16.png,0.6288999319076538,-1.1341609954833984,-1.1812041997909546,-0.5898751616477966,2.6528780460357666,0.7537696361541748,1.0122957229614258,-1.1357430219650269,-1.1509076356887817,-0.5726339221000671,2.658189535140991,0.7561589479446411,1.0067269802093506,-0.001582026481628418,0.03029656410217285,0.017241239547729492,0.005311489105224609,0.0023893117904663086,-0.005568742752075195
1769651624.6417935,full,goal16.png,0.6903136968612671,-1.1339489221572876,-1.181537389755249,-0.5890876054763794,2.6542413234710693,0.754209041595459,1.0115838050842285,-1.1337227821350098,-1.1538758277893066,-0.5592061877250671,2.660702705383301,0.7664213180541992,1.003653645515442,0.00022614002227783203,0.027661561965942383,0.029881417751312256,0.006461381912231445,0.012212276458740234,-0.007930159568786621
1769651624.7441647,full,goal16.png,0.6617722511291504,-1.1340094804763794,-1.1828097105026245,-0.5860583782196045,2.6566343307495117,0.7563749551773071,1.0093573331832886,-1.1305564641952515,-1.1587973833084106,-0.5352926254272461,2.6627724170684814,0.7844464778900146,0.9998385906219482,0.0034530162811279297,0.024012327194213867,0.0507657527923584,0.0061380863189697266,0.02807152271270752,-0.009518742561340332
1769651624.8422873,full,goal16.png,0.6081318259239197,-1.1329492330551147,-1.1852936744689941,-0.5779704451560974,2.659118413925171,0.7632814645767212,1.004631757736206,-1.1284096240997314,-1.1634353399276733,-0.5128493309020996,2.661827564239502,0.801641047000885,0.9966777563095093,0.004539608955383301,0.0218583345413208,0.0651211142539978,0.0027091503143310547,0.03835958242416382,-0.007954001426696777
1769651624.9403265,full,goal16.png,0.5819648504257202,-1.1307682991027832,-1.1897767782211304,-0.559431791305542,2.6613903045654297,0.7775943279266357,1.0008302927017212,-1.1289876699447632,-1.1661896705627441,-0.5054426789283752,2.660947561264038,0.8067054152488708,0.9952017068862915,0.0017806291580200195,0.02358710765838623,0.05398911237716675,-0.00044274330139160156,0.029111087322235107,-0.0056285858154296875
1769651625.0414603,full,goal16.png,0.5781152844429016,-1.1283448934555054,-1.193654179573059,-0.5368642807006836,2.6616930961608887,0.7946487069129944,0.9984371662139893,-1.1301599740982056,-1.164987564086914,-0.5134206414222717,2.6589598655700684,0.8030804991722107,0.9976189136505127,-0.0018150806427001953,0.02866661548614502,0.023443639278411865,-0.0027332305908203125,0.008431792259216309,-0.0008182525634765625
1769651625.1411738,full,goal16.png,0.5738441944122314,-1.127345323562622,-1.195077896118164,-0.5245656967163086,2.6614809036254883,0.8028881549835205,0.9962561726570129,-1.1308724880218506,-1.162109375,-0.5260770916938782,2.6532111167907715,0.79740971326828,1.002830982208252,-0.0035271644592285156,0.03296852111816406,-0.00151139497756958,-0.008269786834716797,-0.0054784417152404785,0.006574809551239014
1769651625.2424731,full,goal16.png,0.5740155577659607,-1.1277390718460083,-1.1950476169586182,-0.5252018570899963,2.6601784229278564,0.8031153678894043,0.9971799850463867,-1.1314685344696045,-1.1609854698181152,-0.5309832096099854,2.648954391479492,0.795971691608429,1.005416989326477,-0.0037294626235961914,0.03406214714050293,-0.005781352519989014,-0.011224031448364258,-0.007143676280975342,0.008237004280090332
1769651625.3416605,full,goal16.png,0.5730516314506531,-1.1291022300720215,-1.1955928802490234,-0.5329868793487549,2.655543804168701,0.7991167306900024,1.0014208555221558,-1.1321139335632324,-1.1600409746170044,-0.5333096981048584,2.647029399871826,0.7954154014587402,1.0069950819015503,-0.0030117034912109375,0.03555190563201904,-0.0003228187561035156,-0.008514404296875,-0.003701329231262207,0.005574226379394531
1769651625.4409382,full,goal16.png,0.5684093236923218,-1.1299504041671753,-1.1954717636108398,-0.5384697318077087,2.65124249458313,0.7969205975532532,1.0041927099227905,-1.132723093032837,-1.1579737663269043,-0.5384120345115662,2.6449220180511475,0.7933483123779297,1.0096347332000732,-0.002772688865661621,0.03749799728393555,5.7697296142578125e-05,-0.006320476531982422,-0.0035722851753234863,0.005442023277282715
1769651625.540635,full,goal16.png,0.5703920125961304,-1.1301624774932861,-1.1941086053848267,-0.5419229865074158,2.6488795280456543,0.7958603501319885,1.0060404539108276,-1.1327375173568726,-1.155698537826538,-0.544533371925354,2.6418237686157227,0.7909671664237976,1.0135300159454346,-0.0025750398635864258,0.038410067558288574,-0.0026103854179382324,-0.007055759429931641,-0.004893183708190918,0.007489562034606934
1769651625.6452944,full,goal16.png,0.5730815529823303,-1.1303138732910156,-1.192291021347046,-0.5466485619544983,2.6466381549835205,0.7943912148475647,1.0082063674926758,-1.1329646110534668,-1.1538504362106323,-0.5491392016410828,2.638050079345703,0.7900099158287048,1.0171949863433838,-0.002650737762451172,0.038440585136413574,-0.0024906396865844727,-0.008588075637817383,-0.004381299018859863,0.008988618850708008
1769651625.7433646,full,goal16.png,0.5699399709701538,-1.130798578262329,-1.1911399364471436,-0.5514952540397644,2.643972396850586,0.7924525737762451,1.0113263130187988,-1.1329901218414307,-1.1532193422317505,-0.552219033241272,2.634532928466797,0.7899869084358215,1.019921064376831,-0.0021915435791015625,0.037920594215393066,-0.0007237792015075684,-0.009439468383789062,-0.002465665340423584,0.008594751358032227
1769651625.843562,full,goal16.png,0.5774960517883301,-1.1310409307479858,-1.1899282932281494,-0.5556755661964417,2.640761375427246,0.7912560701370239,1.0147948265075684,-1.133358359336853,-1.15226149559021,-0.5563721656799316,2.633190631866455,0.7880111932754517,1.0220742225646973,-0.0023174285888671875,0.03766679763793945,-0.0006965994834899902,-0.007570743560791016,-0.0032448768615722656,0.007279396057128906
1769651625.9476333,full,goal16.png,0.5653318166732788,-1.1309196949005127,-1.188807487487793,-0.5591288208961487,2.637580633163452,0.7907562255859375,1.018020749092102,-1.1338752508163452,-1.1516597270965576,-0.5609089136123657,2.632279872894287,0.785332202911377,1.0236471891403198,-0.0029555559158325195,0.03714776039123535,-0.001780092716217041,-0.005300760269165039,-0.005424022674560547,0.0056264400482177734
1769651626.0446384,full,goal16.png,0.581295371055603,-1.1312832832336426,-1.1882622241973877,-0.5634605884552002,2.6351876258850098,0.7889386415481567,1.020716905593872,-1.1345561742782593,-1.1506596803665161,-0.5647411346435547,2.632514476776123,0.7825098037719727,1.0247113704681396,-0.0032728910446166992,0.03760254383087158,-0.0012805461883544922,-0.0026731491088867188,-0.006428837776184082,0.003994464874267578
1769651626.1406844,full,goal16.png,0.56505286693573,-1.1319496631622314,-1.187989592552185,-0.5683072805404663,2.633854866027832,0.7867121696472168,1.0228828191757202,-1.13520085811615,-1.1506843566894531,-0.5666189193725586,2.6315677165985107,0.7804855704307556,1.0247286558151245,-0.003251194953918457,0.037305235862731934,0.0016883611679077148,-0.002287149429321289,-0.006226599216461182,0.0018458366394042969
1769651626.2420146,full,goal16.png,0.574934720993042,-1.132222294807434,-1.186777949333191,-0.5726087689399719,2.6334307193756104,0.7847735285758972,1.0242761373519897,-1.1357260942459106,-1.1512830257415771,-0.5680146813392639,2.6297237873077393,0.7780565619468689,1.0243878364562988,-0.0035037994384765625,0.03549492359161377,0.004594087600708008,-0.0037069320678710938,-0.00671696662902832,0.00011169910430908203
1769651626.3408117,full,goal16.png,0.5770599842071533,-1.1331310272216797,-1.1858994960784912,-0.5752441883087158,2.6324613094329834,0.7828651070594788,1.0244579315185547,-1.1364959478378296,-1.1519551277160645,-0.5696779489517212,2.628162145614624,0.7755941152572632,1.0242717266082764,-0.0033649206161499023,0.03394436836242676,0.005566239356994629,-0.004299163818359375,-0.007270991802215576,-0.0001862049102783203
1769651626.437447,full,goal16.png,0.5737730264663696,-1.1341609954833984,-1.1865354776382446,-0.5769708156585693,2.630976915359497,0.7810173034667969,1.024215579032898,-1.1366634368896484,-1.1520233154296875,-0.5702888369560242,2.628988265991211,0.7740728855133057,1.023621916770935,-0.00250244140625,0.03451216220855713,0.006681978702545166,-0.001988649368286133,-0.006944417953491211,-0.0005936622619628906
1769651626.5401697,full,goal16.png,0.7062503695487976,-1.1346759796142578,-1.1869899034500122,-0.5787277221679688,2.629401922225952,0.7783970236778259,1.0243216753005981,-1.136131763458252,-1.1540412902832031,-0.5608222484588623,2.6349194049835205,0.7791197896003723,1.0191508531570435,-0.0014557838439941406,0.03294861316680908,0.017905473709106445,0.005517482757568359,0.0007227659225463867,-0.0051708221435546875
1769651626.6384225,full,goal16.png,0.76462721824646,-1.1346153020858765,-1.1871110200881958,-0.5790306329727173,2.6296441555023193,0.7770491242408752,1.0239126682281494,-1.1332955360412598,-1.1576331853866577,-0.5414074659347534,2.6431057453155518,0.7903873920440674,1.0132561922073364,0.0013197660446166992,0.029477834701538086,0.03762316703796387,0.013461589813232422,0.013338267803192139,-0.010656476020812988
1769651626.740622,full,goal16.png,0.7759290933609009,-1.134433627128601,-1.18817138671875,-0.5735478401184082,2.6334004402160645,0.7798814177513123,1.0208077430725098,-1.1286089420318604,-1.1609269380569458,-0.5180003046989441,2.650620937347412,0.804537296295166,1.0079646110534668,0.005824685096740723,0.0272444486618042,0.05554753541946411,0.017220497131347656,0.02465587854385376,-0.012843132019042969
1769651626.8408282,full,goal16.png,0.758416473865509,-1.133040189743042,-1.190200924873352,-0.5589773654937744,2.640852212905884,0.7876209616661072,1.0155218839645386,-1.1239384412765503,-1.1632845401763916,-0.5001591444015503,2.655412197113037,0.8134570121765137,1.0053741931915283,0.0091017484664917,0.02691638469696045,0.05881822109222412,0.01455998420715332,0.025836050510406494,-0.010147690773010254
1769651626.9385226,full,goal16.png,0.7380793690681458,-1.1292839050292969,-1.1917760372161865,-0.5409839749336243,2.647455930709839,0.7994348406791687,1.010342001914978,-1.1208761930465698,-1.1658830642700195,-0.48416435718536377,2.6600563526153564,0.8224780559539795,1.0039423704147339,0.00840771198272705,0.025892972946166992,0.0568196177482605,0.012600421905517578,0.02304321527481079,-0.006399631500244141
1769651627.0385325,full,goal16.png,0.7136662006378174,-1.1240434646606445,-1.1937147378921509,-0.5214153528213501,2.6522724628448486,0.8090827465057373,1.0069340467453003,-1.1190574169158936,-1.1711311340332031,-0.4685695469379425,2.6646766662597656,0.8315346240997314,1.0028104782104492,0.0049860477447509766,0.022583603858947754,0.05284580588340759,0.012404203414916992,0.02245187759399414,-0.004123568534851074
1769651627.1362326,full,goal16.png,0.6947080492973328,-1.1201963424682617,-1.1970165967941284,-0.502846360206604,2.6580278873443604,0.8194577693939209,1.0046470165252686,-1.1179929971694946,-1.1781437397003174,-0.4565078914165497,2.6665902137756348,0.8395974636077881,1.003086805343628,0.00220334529876709,0.018872857093811035,0.04633846879005432,0.008562326431274414,0.020139694213867188,-0.001560211181640625
1769651627.235776,full,goal16.png,0.6870198249816895,-1.1190452575683594,-1.2018027305603027,-0.48885151743888855,2.6626925468444824,0.8275457620620728,1.0037988424301147,-1.1180264949798584,-1.18601655960083,-0.4493892788887024,2.6669809818267822,0.8446918725967407,1.002566933631897,0.0010187625885009766,0.015786170959472656,0.03946223855018616,0.004288434982299805,0.01714611053466797,-0.0012319087982177734
1769651627.338606,full,goal16.png,0.6825537085533142,-1.118075966835022,-1.20846688747406,-0.47467485070228577,2.6652677059173584,0.8358609080314636,1.002753734588623,-1.118150234222412,-1.1922863721847534,-0.4435930550098419,2.6648147106170654,0.849848747253418,1.0031052827835083,-7.426738739013672e-05,0.01618051528930664,0.031081795692443848,-0.00045299530029296875,0.013987839221954346,0.0003515481948852539
1769651627.439484,full,goal16.png,0.6778238415718079,-1.1165915727615356,-1.215131163597107,-0.46631428599357605,2.6662065982818604,0.8426766395568848,1.0026931762695312,-1.1174324750900269,-1.1964491605758667,-0.43766939640045166,2.6624293327331543,0.8564773797988892,1.0040419101715088,-0.0008409023284912109,0.018682003021240234,0.02864488959312439,-0.0037772655487060547,0.013800740242004395,0.001348733901977539
1769651627.5382543,full,goal16.png,0.6850926876068115,-1.1161069869995117,-1.2215226888656616,-0.4601650536060333,2.665691614151001,0.847659707069397,1.0034655332565308,-1.1158758401870728,-1.1996333599090576,-0.43324699997901917,2.661914348602295,0.8626090884208679,1.0050410032272339,0.00023114681243896484,0.021889328956604004,0.02691805362701416,-0.0037772655487060547,0.014949381351470947,0.001575469970703125
1769651627.6394575,full,goal16.png,0.6849899291992188,-1.1162281036376953,-1.2271571159362793,-0.4537128508090973,2.664086103439331,0.8534606099128723,1.0045409202575684,-1.1147583723068237,-1.2024431228637695,-0.43052852153778076,2.6642539501190186,0.8661391735076904,1.0052523612976074,0.001469731330871582,0.024713993072509766,0.02318432927131653,0.0001678466796875,0.012678563594818115,0.0007114410400390625
1769651627.739089,full,goal16.png,0.692582368850708,-1.1156222820281982,-1.2313979864120483,-0.4492599368095398,2.6632986068725586,0.8591856956481934,1.0052679777145386,-1.1137477159500122,-1.2047717571258545,-0.42960068583488464,2.668073892593384,0.8673976063728333,1.0052659511566162,0.0018745660781860352,0.026626229286193848,0.01965925097465515,0.004775285720825195,0.008211910724639893,-2.0265579223632812e-06
1769651627.835902,full,goal16.png,0.7035368084907532,-1.113835096359253,-1.2350631952285767,-0.44589751958847046,2.664086103439331,0.8639264702796936,1.0048589706420898,-1.1134192943572998,-1.2064039707183838,-0.4298756718635559,2.668840169906616,0.8679870367050171,1.005540132522583,0.000415802001953125,0.02865922451019287,0.01602184772491455,0.004754066467285156,0.004060566425323486,0.0006811618804931641
1769651627.935367,full,goal16.png,0.7133817672729492,-1.1124416589736938,-1.237304925918579,-0.4443829655647278,2.666569948196411,0.8656985759735107,1.0050256252288818,-1.1129775047302246,-1.206984519958496,-0.4302722215652466,2.667140007019043,0.8693310022354126,1.0074496269226074,-0.0005358457565307617,0.030320405960083008,0.014110743999481201,0.0005700588226318359,0.0036324262619018555,0.002424001693725586
1769651628.0372841,full,goal16.png,0.7112003564834595,-1.112229585647583,-1.2388800382614136,-0.44386792182922363,2.667539358139038,0.866864800453186,1.0055557489395142,-1.1124662160873413,-1.2061939239501953,-0.4320616126060486,2.6637814044952393,0.8711786270141602,1.0103672742843628,-0.00023663043975830078,0.03268611431121826,0.011806309223175049,-0.003757953643798828,0.004313826560974121,0.004811525344848633
1769651628.1376576,full,goal16.png,0.6966990232467651,-1.112259864807129,-1.2399100065231323,-0.4438982903957367,2.667236566543579,0.8682883977890015,1.007009744644165,-1.1117854118347168,-1.2057428359985352,-0.432934433221817,2.660003662109375,0.8731012344360352,1.0130572319030762,0.0004744529724121094,0.03416717052459717,0.010963857173919678,-0.0072329044342041016,0.004812836647033691,0.006047487258911133
1769651628.2382646,full,goal16.png,0.710690975189209,-1.111441969871521,-1.2402129173278809,-0.4444132447242737,2.665418863296509,0.8699696660041809,1.0089938640594482,-1.1108293533325195,-1.2053074836730957,-0.4330146312713623,2.655802011489868,0.8757560849189758,1.0154778957366943,0.0006126165390014648,0.034905433654785156,0.011398613452911377,-0.009616851806640625,0.005786418914794922,0.006484031677246094
1769651628.341857,full,goal16.png,0.6988206505775452,-1.110624074935913,-1.240031123161316,-0.44501903653144836,2.6621170043945312,0.8721507787704468,1.0115383863449097,-1.1101293563842773,-1.2051644325256348,-0.4321341812610626,2.6520333290100098,0.8778364658355713,1.0174319744110107,0.0004947185516357422,0.03486669063568115,0.012884855270385742,-0.010083675384521484,0.005685687065124512,0.005893588066101074
1769651628.4428797,full,goal16.png,0.7469348311424255,-1.1102303266525269,-1.2398797273635864,-0.4451402425765991,2.6579368114471436,0.8744528293609619,1.013931393623352,-1.1093807220458984,-1.2051907777786255,-0.4298715889453888,2.6505298614501953,0.8796979188919067,1.0178513526916504,0.000849604606628418,0.03468894958496094,0.015268653631210327,-0.007406949996948242,0.005245089530944824,0.00391995906829834
1769651628.5377095,full,goal16.png,0.7464843988418579,-1.1098668575286865,-1.2402129173278809,-0.44501903653144836,2.6542716026306152,0.876633882522583,1.0161124467849731,-1.1081018447875977,-1.2038568258285522,-0.4290763735771179,2.652120351791382,0.8804707527160645,1.015965461730957,0.0017650127410888672,0.03635609149932861,0.015942662954330444,-0.0021512508392333984,0.0038368701934814453,-0.00014698505401611328
1769651628.6363332,full,goal16.png,0.7877774834632874,-1.1088671684265137,-1.2403340339660645,-0.444110244512558,2.65212082862854,0.8781334757804871,1.017127275466919,-1.1051281690597534,-1.1999421119689941,-0.42475658655166626,2.654710531234741,0.8809400796890259,1.015671968460083,0.003738999366760254,0.04039192199707031,0.019353657960891724,0.002589702606201172,0.0028066039085388184,-0.0014553070068359375
1769651628.7372575,full,goal16.png,0.80962073802948,-1.107322335243225,-1.2393344640731812,-0.4430197775363922,2.6522724628448486,0.8793904185295105,1.016294240951538,-1.1024115085601807,-1.1948821544647217,-0.4194466769695282,2.655447483062744,0.8812135457992554,1.0184993743896484,0.004910826683044434,0.04445230960845947,0.023573100566864014,0.003175020217895508,0.001823127269744873,0.0022051334381103516
1769651628.8363352,full,goal16.png,0.8068658113479614,-1.1047171354293823,-1.2370927333831787,-0.44008147716522217,2.6536052227020264,0.879920482635498,1.0160671472549438,-1.0994939804077148,-1.1908485889434814,-0.4124526083469391,2.654346227645874,0.8826771378517151,1.0234178304672241,0.0052231550216674805,0.046244144439697266,0.02762886881828308,0.0007410049438476562,0.002756655216217041,0.0073506832122802734
1769651628.9412782,full,goal16.png,0.7260582447052002,-1.1020514965057373,-1.234336256980896,-0.43562859296798706,2.6544532775878906,0.8810413479804993,1.0177634954452515,-1.0989140272140503,-1.1886955499649048,-0.41256147623062134,2.6553640365600586,0.8807879686355591,1.0239310264587402,0.0031374692916870117,0.04564070701599121,0.023067116737365723,0.0009107589721679688,-0.00025337934494018555,0.0061675310134887695
1769651629.0380685,full,goal16.png,0.7449498772621155,-1.09947669506073,-1.2305195331573486,-0.4298427999019623,2.654392719268799,0.882692277431488,1.0214742422103882,-1.0986382961273193,-1.1891143321990967,-0.4132159650325775,2.6577377319335938,0.8821934461593628,1.0226154327392578,0.0008383989334106445,0.04140520095825195,0.016626834869384766,0.003345012664794922,-0.0004988312721252441,0.001141190528869629
1769651629.1386,full,goal16.png,0.7031431198120117,-1.0983861684799194,-1.226308822631836,-0.42705589532852173,2.6547865867614746,0.881919801235199,1.022761583328247,-1.0994889736175537,-1.192077875137329,-0.41588035225868225,2.6585965156555176,0.8849402666091919,1.0206700563430786,-0.0011028051376342773,0.034230947494506836,0.011175543069839478,0.0038099288940429688,0.00302046537399292,-0.002091526985168457
1769651629.2383785,full,goal16.png,0.7536119222640991,-1.0982953310012817,-1.2249153852462769,-0.4266318082809448,2.6564221382141113,0.8822832703590393,1.0225495100021362,-1.1000399589538574,-1.1948316097259521,-0.4162728190422058,2.6609861850738525,0.8880574703216553,1.018815279006958,-0.0017446279525756836,0.030083775520324707,0.010358989238739014,0.004564046859741211,0.005774199962615967,-0.0037342309951782227
1769651629.3357763,full,goal16.png,0.7824666500091553,-1.0983861684799194,-1.22664213180542,-0.427480012178421,2.6579368114471436,0.8841765522956848,1.0212925672531128,-1.0996670722961426,-1.195976972579956,-0.41673529148101807,2.6641716957092285,0.8889580965042114,1.0186084508895874,-0.0012809038162231445,0.030665159225463867,0.010744720697402954,0.006234884262084961,0.004781544208526611,-0.0026841163635253906
1769651629.4356835,full,goal16.png,0.7653582096099854,-1.0983256101608276,-1.229429006576538,-0.42817673087120056,2.6602389812469482,0.8869635462760925,1.0195051431655884,-1.0988348722457886,-1.1947780847549438,-0.41681334376335144,2.6686761379241943,0.8881831169128418,1.0187036991119385,-0.0005092620849609375,0.03465092182159424,0.011363387107849121,0.008437156677246094,0.0012195706367492676,-0.0008014440536499023
1769651629.5358236,full,goal16.png,0.7382545471191406,-1.0983861684799194,-1.2305498123168945,-0.42869168519973755,2.663510799407959,0.8880084156990051,1.01930832862854,-1.0981252193450928,-1.194183111190796,-0.41430002450942993,2.6673550605773926,0.8901371955871582,1.021355152130127,0.00026094913482666016,0.03636670112609863,0.014391660690307617,0.0038442611694335938,0.002128779888153076,0.002046823501586914
1769651629.6356668,full,goal16.png,0.75859534740448,-1.0982043743133545,-1.2301559448242188,-0.42866140604019165,2.666691541671753,0.888159990310669,1.0193688869476318,-1.0971626043319702,-1.194186806678772,-0.4095313549041748,2.6621251106262207,0.8955633640289307,1.0251423120498657,0.0010417699813842773,0.03596913814544678,0.019130051136016846,-0.0045664310455322266,0.007403373718261719,0.005773425102233887
1769651629.7373056,full,goal16.png,0.7573627233505249,-1.0974774360656738,-1.2297015190124512,-0.4275708496570587,2.6667215824127197,0.8899471759796143,1.0212771892547607,-1.0959687232971191,-1.1943745613098145,-0.40637028217315674,2.6562275886535645,0.9008925557136536,1.027886986732483,0.0015087127685546875,0.03532695770263672,0.021200567483901978,-0.010493993759155273,0.010945379734039307,0.006609797477722168
1769651629.8372736,full,goal16.png,0.7240424156188965,-1.0960839986801147,-1.2295804023742676,-0.42466282844543457,2.6638741493225098,0.8939305543899536,1.0244427919387817,-1.0950284004211426,-1.1923785209655762,-0.40815460681915283,2.655101776123047,0.9016854763031006,1.027641773223877,0.001055598258972168,0.037201881408691406,0.01650822162628174,-0.00877237319946289,0.007754921913146973,0.003198981285095215
1769651629.9380186,full,goal16.png,0.752056360244751,-1.09502375125885,-1.2294895648956299,-0.4217245280742645,2.659118413925171,0.8980351686477661,1.027032732963562,-1.0945985317230225,-1.1916240453720093,-0.40999579429626465,2.6548776626586914,0.903191089630127,1.0273776054382324,0.0004252195358276367,0.037865519523620605,0.011728733777999878,-0.004240751266479492,0.00515592098236084,0.00034487247467041016
1769651630.0378742,full,goal16.png,0.7243139743804932,-1.094448208808899,-1.2286111116409302,-0.4213913381099701,2.656816005706787,0.8999738693237305,1.0281836986541748,-1.0938993692398071,-1.1920121908187866,-0.4091181755065918,2.652334213256836,0.9067875742912292,1.0291980504989624,0.0005488395690917969,0.036598920822143555,0.012273162603378296,-0.004481792449951172,0.006813704967498779,0.0010143518447875977
1769651630.136594,full,goal16.png,0.7763758897781372,-1.0939937829971313,-1.2280961275100708,-0.4217850863933563,2.6556954383850098,0.9015793204307556,1.0285775661468506,-1.0923815965652466,-1.1911461353302002,-0.40567827224731445,2.6511282920837402,0.9111247658729553,1.0322909355163574,0.0016121864318847656,0.036949992179870605,0.01610681414604187,-0.004567146301269531,0.009545445442199707,0.003713369369506836
1769651630.236493,full,goal16.png,0.7523822784423828,-1.0932062864303589,-1.2279750108718872,-0.42160338163375854,2.653756618499756,0.9048357605934143,1.0300164222717285,-1.0915255546569824,-1.189821720123291,-0.406643271446228,2.652233600616455,0.9111560583114624,1.0321861505508423,0.0016807317733764648,0.03815329074859619,0.014960110187530518,-0.0015230178833007812,0.006320297718048096,0.0021697282791137695
1769651630.335635,full,goal16.png,0.7525758147239685,-1.0919945240020752,-1.227853775024414,-0.4200887382030487,2.6523025035858154,0.9081980586051941,1.0323187112808228,-1.0902663469314575,-1.1878066062927246,-0.4062914252281189,2.652209758758545,0.9119386672973633,1.0341159105300903,0.0017281770706176758,0.04004716873168945,0.01379731297492981,-9.274482727050781e-05,0.0037406086921691895,0.0017971992492675781
1769651630.4376018,full,goal16.png,0.7700082659721375,-1.0910857915878296,-1.2270662784576416,-0.4195737838745117,2.6523330211639404,0.9094552397727966,1.0329699516296387,-1.089383602142334,-1.1864984035491943,-0.4066626727581024,2.649876594543457,0.9122723340988159,1.0367741584777832,0.0017021894454956055,0.040567874908447266,0.012911111116409302,-0.0024564266204833984,0.002817094326019287,0.0038042068481445312
1769651630.53714,full,goal16.png,0.7867709398269653,-1.0902073383331299,-1.2261271476745605,-0.4192103147506714,2.6523025035858154,0.9105608463287354,1.034287691116333,-1.0879216194152832,-1.1854904890060425,-0.40738344192504883,2.6462783813476562,0.9123830199241638,1.0402992963790894,0.0022857189178466797,0.040636658668518066,0.011826872825622559,-0.00602412223815918,0.0018221735954284668,0.006011605262756348
1769651630.637253,full,goal16.png,0.7477477788925171,-1.0890562534332275,-1.2247034311294556,-0.4192405939102173,2.650818347930908,0.9115301966667175,1.036347508430481,-1.086970329284668,-1.1853028535842896,-0.40606755018234253,2.648346424102783,0.9122619032859802,1.0416014194488525,0.0020859241485595703,0.039400577545166016,0.013173043727874756,-0.002471923828125,0.0007317066192626953,0.005253911018371582
1769651630.739438,full,goal16.png,0.6995739936828613,-1.0872690677642822,-1.222340703010559,-0.4193011522293091,2.64839506149292,0.9117725491523743,1.039164662361145,-1.0870234966278076,-1.1841659545898438,-0.40541380643844604,2.650294780731201,0.9116567969322205,1.0435956716537476,0.0002455711364746094,0.03817474842071533,0.013887345790863037,0.00189971923828125,-0.0001157522201538086,0.004431009292602539
1769651630.8366215,full,goal16.png,0.5777695178985596,-1.0860270261764526,-1.2210986614227295,-0.41902855038642883,2.648606777191162,0.9119089841842651,1.0406337976455688,-1.0878230333328247,-1.1843130588531494,-0.4070867598056793,2.6503989696502686,0.910637617111206,1.0437874794006348,-0.0017960071563720703,0.03678560256958008,0.011941790580749512,0.0017921924591064453,-0.001271367073059082,0.003153681755065918
1769651630.9360309,full,goal16.png,0.5719723105430603,-1.0855423212051392,-1.2205231189727783,-0.4186953604221344,2.6494855880737305,0.9119240045547485,1.0420424938201904,-1.0899872779846191,-1.1836323738098145,-0.4181523025035858,2.6474719047546387,0.9030090570449829,1.04274320602417,-0.0044449567794799805,0.03689074516296387,0.000543057918548584,-0.002013683319091797,-0.008914947509765625,0.0007007122039794922
1769651631.035408,full,goal16.png,0.5761169195175171,-1.086360216140747,-1.2199172973632812,-0.419997900724411,2.6497278213500977,0.91037917137146,1.0428602695465088,-1.093409776687622,-1.183267593383789,-0.4322827458381653,2.6441855430603027,0.8916505575180054,1.03994619846344,-0.007049560546875,0.03664970397949219,-0.012284845113754272,-0.005542278289794922,-0.01872861385345459,-0.0029140710830688477
1769651631.138297,full,goal16.png,0.543729305267334,-1.0882080793380737,-1.2188267707824707,-0.4276617765426636,2.6484251022338867,0.9040330052375793,1.0423301458358765,-1.0970001220703125,-1.1815619468688965,-0.4468865990638733,2.6378087997436523,0.8813977837562561,1.0399081707000732,-0.00879204273223877,0.03726482391357422,-0.019224822521209717,-0.010616302490234375,-0.022635221481323242,-0.0024219751358032227
1769651631.2404194,full,goal16.png,0.5610222816467285,-1.090813159942627,-1.2181299924850464,-0.43893036246299744,2.645880937576294,0.8951119184494019,1.0411336421966553,-1.0999866724014282,-1.1815156936645508,-0.45517587661743164,2.632520914077759,0.8735357522964478,1.0396721363067627,-0.00917351245880127,0.036614298820495605,-0.016245514154434204,-0.013360023498535156,-0.0215761661529541,-0.0014615058898925781
1769651631.3359792,full,goal16.png,0.5613195300102234,-1.0936000347137451,-1.2172212600708008,-0.4510471522808075,2.641155242919922,0.8857367038726807,1.0411487817764282,-1.1026151180267334,-1.1816060543060303,-0.4626094698905945,2.6275556087493896,0.8653307557106018,1.0401268005371094,-0.009015083312988281,0.03561520576477051,-0.011562317609786987,-0.013599634170532227,-0.020405948162078857,-0.0010219812393188477
1769651631.4370215,full,goal16.png,0.558885931968689,-1.097265362739563,-1.2161004543304443,-0.4617704749107361,2.635127067565918,0.876952052116394,1.0401188135147095,-1.1056182384490967,-1.1812735795974731,-0.46964892745018005,2.625666618347168,0.8578081130981445,1.0399692058563232,-0.008352875709533691,0.03482687473297119,-0.00787845253944397,-0.00946044921875,-0.01914393901824951,-0.00014960765838623047
1769651631.5398703,full,goal16.png,0.5769525766372681,-1.100112795829773,-1.2155250310897827,-0.4690708518028259,2.6299774646759033,0.8696667551994324,1.0408004522323608,-1.1084481477737427,-1.1813253164291382,-0.47562313079833984,2.6204426288604736,0.8519369959831238,1.0403833389282227,-0.008335351943969727,0.03419971466064453,-0.006552278995513916,-0.009534835815429688,-0.017729759216308594,-0.0004171133041381836
1769651631.6361425,full,goal16.png,0.7528846263885498,-1.1025362014770508,-1.215706706047058,-0.47561389207839966,2.6267361640930176,0.8616544604301453,1.0414820909500122,-1.1087406873703003,-1.182983160018921,-0.4694085717201233,2.6219987869262695,0.854672372341156,1.0360667705535889,-0.006204485893249512,0.03272354602813721,0.006205320358276367,-0.004737377166748047,-0.006982088088989258,-0.00541532039642334
1769651631.7360275,full,goal16.png,0.7781378030776978,-1.1052926778793335,-1.2163732051849365,-0.481581449508667,2.622586250305176,0.8563231825828552,1.0405126810073853,-1.1079038381576538,-1.1847425699234009,-0.45863544940948486,2.62781023979187,0.8592014312744141,1.030510425567627,-0.0026111602783203125,0.031630635261535645,0.02294600009918213,0.005223989486694336,0.002878248691558838,-0.0100022554397583
1769651631.8356984,full,goal16.png,0.7974453568458557,-1.1067770719528198,-1.2174636125564575,-0.47912779450416565,2.622798204421997,0.8558536171913147,1.0378923416137695,-1.1072702407836914,-1.1845357418060303,-0.45141923427581787,2.6379270553588867,0.8592096567153931,1.025974988937378,-0.000493168830871582,0.032927870750427246,0.02770856022834778,0.015128850936889648,0.003356039524078369,-0.011917352676391602
1769651631.936833,full,goal16.png,0.785060465335846,-1.1068679094314575,-1.218251347541809,-0.47249382734298706,2.626312017440796,0.858216404914856,1.0336213111877441,-1.1073914766311646,-1.1834328174591064,-0.4483073055744171,2.644191265106201,0.8538615703582764,1.0237176418304443,-0.0005235671997070312,0.03481853008270264,0.024186521768569946,0.017879247665405273,-0.00435483455657959,-0.009903669357299805
1769651632.0366433,full,goal16.png,0.7850492000579834,-1.1060802936553955,-1.2186146974563599,-0.4668595492839813,2.6356420516967773,0.8584132790565491,1.0280930995941162,-1.107425332069397,-1.182236909866333,-0.44599422812461853,2.6495442390441895,0.8498466610908508,1.0224618911743164,-0.0013450384140014648,0.036377787590026855,0.020865321159362793,0.01390218734741211,-0.008566617965698242,-0.005631208419799805
1769651632.1384294,full,goal16.png,0.7747130393981934,-1.1056259870529175,-1.218251347541809,-0.4634971022605896,2.642427444458008,0.8552175760269165,1.0252302885055542,-1.1078214645385742,-1.181537389755249,-0.44599419832229614,2.6556458473205566,0.8470680713653564,1.019873023033142,-0.0021954774856567383,0.03671395778656006,0.017502903938293457,0.013218402862548828,-0.008149504661560059,-0.005357265472412109
1769651632.2376556,full,goal16.png,0.7772371768951416,-1.105777382850647,-1.2172516584396362,-0.46089205145835876,2.6476376056671143,0.8521731495857239,1.0233674049377441,-1.1082981824874878,-1.1800260543823242,-0.44855451583862305,2.6612131595611572,0.8443714380264282,1.0184608697891235,-0.0025207996368408203,0.03722560405731201,0.012337535619735718,0.013575553894042969,-0.007801711559295654,-0.0049065351486206055
1769651632.3375664,full,goal16.png,0.7887923121452332,-1.1063226461410522,-1.2163429260253906,-0.46001356840133667,2.6535446643829346,0.8487804532051086,1.0208228826522827,-1.108837366104126,-1.178531289100647,-0.4488527774810791,2.6667542457580566,0.8440098166465759,1.017207384109497,-0.0025147199630737305,0.03781163692474365,0.011160790920257568,0.01320958137512207,-0.004770636558532715,-0.0036154985427856445
1769651632.4368973,full,goal16.png,0.7700756788253784,-1.1064438819885254,-1.2159490585327148,-0.4608617126941681,2.6595423221588135,0.8466145992279053,1.0193536281585693,-1.10895836353302,-1.1767680644989014,-0.44765326380729675,2.6687169075012207,0.8452916145324707,1.0169485807418823,-0.002514481544494629,0.03918099403381348,0.013208448886871338,0.009174585342407227,-0.0013229846954345703,-0.0024050474166870117
1769651632.536706,full,goal16.png,0.6610528230667114,-1.1064741611480713,-1.2150100469589233,-0.4611646831035614,2.6645708084106445,0.8458269238471985,1.0184752941131592,-1.1103322505950928,-1.1757900714874268,-0.44886624813079834,2.666489839553833,0.845471978187561,1.0156643390655518,-0.0038580894470214844,0.03921997547149658,0.012298434972763062,0.0019190311431884766,-0.00035494565963745117,-0.002810955047607422
1769651632.6360552,full,goal16.png,0.6086816787719727,-1.1068376302719116,-1.2132227420806885,-0.46092236042022705,2.666963815689087,0.8459935784339905,1.0180965662002563,-1.1133790016174316,-1.1732850074768066,-0.46045219898223877,2.658107042312622,0.8418043851852417,1.0175002813339233,-0.0065413713455200195,0.039937734603881836,0.00047016143798828125,-0.008856773376464844,-0.004189193248748779,-0.0005962848663330078
1769651632.7374222,full,goal16.png,0.6420425176620483,-1.1094729900360107,-1.2106479406356812,-0.461800754070282,2.665631055831909,0.8454030156135559,1.0172938108444214,-1.1176581382751465,-1.1697051525115967,-0.4765380620956421,2.6489245891571045,0.835954487323761,1.0199131965637207,-0.008185148239135742,0.04094278812408447,-0.014737308025360107,-0.016706466674804688,-0.009448528289794922,0.0026193857192993164
1769651632.8375437,full,goal16.png,0.6904307007789612,-1.1126840114593506,-1.2077702283859253,-0.4682227075099945,2.660330057144165,0.8429341316223145,1.0183390378952026,-1.119720458984375,-1.1673365831375122,-0.4827244281768799,2.64324688911438,0.8358258008956909,1.0211353302001953,-0.007036447525024414,0.040433645248413086,-0.014501720666885376,-0.017083168029785156,-0.007108330726623535,0.0027962923049926758
1769651632.9367383,full,goal16.png,0.7013766169548035,-1.115228533744812,-1.2067099809646606,-0.4798548221588135,2.6522419452667236,0.8386780023574829,1.0199899673461914,-1.1195974349975586,-1.167938232421875,-0.47757187485694885,2.6421570777893066,0.840895414352417,1.0210269689559937,-0.004368901252746582,0.038771748542785645,0.002282947301864624,-0.010084867477416992,0.002217411994934082,0.001037001609802246
1769651633.036593,full,goal16.png,0.6956212520599365,-1.1162583827972412,-1.2048622369766235,-0.4882759153842926,2.6465470790863037,0.8376784324645996,1.021019697189331,-1.1181285381317139,-1.1692975759506226,-0.46862077713012695,2.64108943939209,0.8467585444450378,1.0221214294433594,-0.0018701553344726562,0.03556466102600098,0.01965513825416565,-0.005457639694213867,0.009080111980438232,0.0011017322540283203
1769651633.1384456,full,goal16.png,0.6951538324356079,-1.1173489093780518,-1.2041352987289429,-0.4873974919319153,2.6441237926483154,0.839768648147583,1.0216256380081177,-1.1172232627868652,-1.1711790561676025,-0.4599500596523285,2.6412034034729004,0.8521801233291626,1.0225001573562622,0.00012564659118652344,0.03295624256134033,0.027447432279586792,-0.002920389175415039,0.01241147518157959,0.0008745193481445312
1769651633.2379768,full,goal16.png,0.7018770575523376,-1.1175004243850708,-1.2051045894622803,-0.4819146394729614,2.6428818702697754,0.8441306948661804,1.0225040912628174,-1.1174819469451904,-1.172452688217163,-0.4545738697052002,2.640515089035034,0.857247531414032,1.022590160369873,1.8477439880371094e-05,0.03265190124511719,0.02734076976776123,-0.002366781234741211,0.013116836547851562,8.606910705566406e-05
1769651633.3358498,full,goal16.png,0.7004930973052979,-1.1165612936019897,-1.2062253952026367,-0.4750383794307709,2.6425185203552246,0.8495073914527893,1.0226101875305176,-1.1180497407913208,-1.1728802919387817,-0.4524865746498108,2.6371686458587646,0.8617267608642578,1.0241413116455078,-0.0014884471893310547,0.03334510326385498,0.022551804780960083,-0.005349874496459961,0.012219369411468506,0.0015311241149902344
1769651633.4362833,full,goal16.png,0.7089335322380066,-1.1157433986663818,-1.20722496509552,-0.46970701217651367,2.6415791511535645,0.8552628755569458,1.0226101875305176,-1.118573784828186,-1.1729848384857178,-0.45173513889312744,2.6330623626708984,0.8642321228981018,1.0261750221252441,-0.0028303861618041992,0.034240126609802246,0.01797187328338623,-0.008516788482666016,0.008969247341156006,0.0035648345947265625
1769651633.5370257,full,goal16.png,0.6954633593559265,-1.1164098978042603,-1.208164095878601,-0.4670715928077698,2.63891339302063,0.8595038056373596,1.023730993270874,-1.1186894178390503,-1.1734790802001953,-0.44972437620162964,2.6303839683532715,0.8663064241409302,1.0275880098342896,-0.002279520034790039,0.03468501567840576,0.017347216606140137,-0.008529424667358398,0.006802618503570557,0.0038570165634155273
1769651633.6367514,full,goal16.png,0.7143435478210449,-1.117470145225525,-1.2090122699737549,-0.4655872881412506,2.635429859161377,0.8620181083679199,1.0252454280853271,-1.1198687553405762,-1.1744489669799805,-0.45097219944000244,2.6262497901916504,0.8671289682388306,1.0295939445495605,-0.0023986101150512695,0.034563302993774414,0.014615088701248169,-0.009180068969726562,0.0051108598709106445,0.0043485164642333984
1769651633.7364323,full,goal16.png,0.7103450894355774,-1.1176215410232544,-1.2099815607070923,-0.46419385075569153,2.6314918994903564,0.8646684885025024,1.0271085500717163,-1.1213293075561523,-1.1750826835632324,-0.45401304960250854,2.6221024990081787,0.8682187795639038,1.0322965383529663,-0.0037077665328979492,0.03489887714385986,0.010180801153182983,-0.009389400482177734,0.003550291061401367,0.00518798828125
1769651633.8382902,full,goal16.png,0.6977124214172363,-1.1179547309875488,-1.2110720872879028,-0.4643453359603882,2.6273419857025146,0.8661226630210876,1.028895616531372,-1.1225228309631348,-1.1754341125488281,-0.457349956035614,2.618560314178467,0.869296669960022,1.033860445022583,-0.0045680999755859375,0.03563797473907471,0.00699537992477417,-0.008781671524047852,0.003174006938934326,0.0049648284912109375
1769651633.937784,full,goal16.png,0.7033851146697998,-1.1190755367279053,-1.2117990255355835,-0.4655570089817047,2.6233737468719482,0.8676826357841492,1.0311826467514038,-1.122706413269043,-1.1756850481033325,-0.4598264992237091,2.6127820014953613,0.8701841831207275,1.0349524021148682,-0.0036308765411376953,0.03611397743225098,0.0057305097579956055,-0.010591745376586914,0.002501547336578369,0.0037697553634643555
1769651634.038151,full,goal16.png,0.7100807428359985,-1.120711326599121,-1.2121928930282593,-0.4676774740219116,2.6194660663604736,0.8692275285720825,1.0331213474273682,-1.1228610277175903,-1.1761106252670288,-0.4616398513317108,2.6068978309631348,0.8712658882141113,1.0363836288452148,-0.0021497011184692383,0.03608226776123047,0.006037622690200806,-0.012568235397338867,0.0020383596420288086,0.0032622814178466797
1769651634.1367717,full,goal16.png,0.6859993934631348,-1.121711015701294,-1.2132227420806885,-0.46937382221221924,2.614922523498535,0.870393693447113,1.0344996452331543,-1.1234771013259888,-1.1759028434753418,-0.46476441621780396,2.6027586460113525,0.8712693452835083,1.038905143737793,-0.0017660856246948242,0.03731989860534668,0.004609405994415283,-0.012163877487182617,0.0008756518363952637,0.004405498504638672
1769651634.2367125,full,goal16.png,0.6975716352462769,-1.1219532489776611,-1.2143739461898804,-0.47113072872161865,2.6100757122039795,0.8713025450706482,1.0358325242996216,-1.1243057250976562,-1.1748931407928467,-0.4694705605506897,2.601980686187744,0.8704754114151001,1.0411099195480347,-0.002352476119995117,0.03948080539703369,0.001660168170928955,-0.008095026016235352,-0.0008271336555480957,0.005277395248413086
1769651634.3365676,full,goal16.png,0.7071589231491089,-1.1222258806228638,-1.2150706052780151,-0.47334203124046326,2.605774164199829,0.8716810941696167,1.0378773212432861,-1.1252013444900513,-1.1731297969818115,-0.47626855969429016,2.6004388332366943,0.8686822652816772,1.0434154272079468,-0.0029754638671875,0.04194080829620361,-0.0029265284538269043,-0.005335330963134766,-0.002998828887939453,0.0055381059646606445
1769651634.4366288,full,goal16.png,0.7003940343856812,-1.123134732246399,-1.2150403261184692,-0.4775828719139099,2.603623628616333,0.8709390163421631,1.0401339530944824,-1.1263892650604248,-1.1720585823059082,-0.4822133481502533,2.5991110801696777,0.8662124872207642,1.0450818538665771,-0.003254532814025879,0.042981743812561035,-0.004630476236343384,-0.0045125484466552734,-0.004726529121398926,0.0049479007720947266
1769651634.5374708,full,goal16.png,0.7151130437850952,-1.124558448791504,-1.2150403261184692,-0.48348984122276306,2.602078437805176,0.8693183660507202,1.0426028966903687,-1.1273694038391113,-1.170837163925171,-0.48619887232780457,2.5989134311676025,0.8637555241584778,1.045387625694275,-0.002810955047607422,0.04420316219329834,-0.002709031105041504,-0.003165006637573242,-0.005562841892242432,0.00278472900390625
1769651634.6383944,full,goal16.png,0.7189710140228271,-1.1257398128509521,-1.214313268661499,-0.48939675092697144,2.6006550788879395,0.8672888278961182,1.0445717573165894,-1.1281853914260864,-1.1700010299682617,-0.488205224275589,2.599268913269043,0.8615246415138245,1.0442391633987427,-0.0024455785751342773,0.044312238693237305,0.0011915266513824463,-0.0013861656188964844,-0.005764186382293701,-0.0003325939178466797
1769651634.7389045,full,goal16.png,0.722672700881958,-1.1263456344604492,-1.2128896713256836,-0.4935467541217804,2.6000490188598633,0.8652290105819702,1.0458439588546753,-1.1291325092315674,-1.1695795059204102,-0.48996782302856445,2.5996603965759277,0.8591823577880859,1.0426983833312988,-0.002786874771118164,0.04331016540527344,0.0035789310932159424,-0.0003886222839355469,-0.006046652793884277,-0.003145575523376465
1769651634.8370752,full,goal16.png,0.7184202671051025,-1.1269817352294922,-1.2123745679855347,-0.4957277774810791,2.6000490188598633,0.8633205890655518,1.0454198122024536,-1.130702018737793,-1.169996976852417,-0.4892353117465973,2.6007766723632812,0.8573012948036194,1.041313648223877,-0.0037202835083007812,0.042377591133117676,0.0064924657344818115,0.0007276535034179688,-0.006019294261932373,-0.00410616397857666
1769651634.9349353,full,goal16.png,0.7222714424133301,-1.1280722618103027,-1.212738037109375,-0.4970302879810333,2.6002912521362305,0.86103355884552,1.0441325902938843,-1.1322681903839111,-1.1708308458328247,-0.4873585104942322,2.602726936340332,0.8559919595718384,1.039874792098999,-0.0041959285736083984,0.04190719127655029,0.009671777486801147,0.0024356842041015625,-0.005041599273681641,-0.004257798194885254
1769651635.0380301,full,goal16.png,0.7106850743293762,-1.1295565366744995,-1.2131016254425049,-0.49730297923088074,2.6008973121643066,0.8592614531517029,1.0427238941192627,-1.1330710649490356,-1.172171950340271,-0.4849032759666443,2.603646993637085,0.8561800718307495,1.0386962890625,-0.003514528274536133,0.04092967510223389,0.01239970326423645,0.0027496814727783203,-0.003081381320953369,-0.004027605056762695
1769651635.1357765,full,goal16.png,0.7165948152542114,-1.1309196949005127,-1.2131924629211426,-0.496787965297699,2.602351188659668,0.8578226566314697,1.0413457155227661,-1.132861852645874,-1.172086238861084,-0.48468655347824097,2.603820323944092,0.8558820486068726,1.0387306213378906,-0.0019421577453613281,0.041106224060058594,0.012101411819458008,0.0014691352844238281,-0.001940608024597168,-0.0026150941848754883
1769651635.2497063,full,goal16.png,0.7075641751289368,-1.13225257396698,-1.2140709161758423,-0.49587926268577576,2.603350877761841,0.8572016358375549,1.0405429601669312,-1.1322804689407349,-1.1712006330490112,-0.4845241904258728,2.603654146194458,0.8557910919189453,1.0394774675369263,-2.7894973754882812e-05,0.042870283126831055,0.011355072259902954,0.0003032684326171875,-0.0014105439186096191,-0.0010654926300048828
1769651635.3357608,full,goal16.png,0.6938300132751465,-1.1326463222503662,-1.2148889303207397,-0.49551570415496826,2.6037447452545166,0.8568986058235168,1.0402097702026367,-1.1317447423934937,-1.1696851253509521,-0.4855015277862549,2.6023523807525635,0.8551771640777588,1.041756510734558,0.0009015798568725586,0.0452038049697876,0.010014176368713379,-0.001392364501953125,-0.0017214417457580566,0.0015467405319213867
1769651635.4381413,full,goal16.png,0.7189562320709229,-1.132101058959961,-1.214797854423523,-0.4952733814716339,2.6037447452545166,0.8567472696304321,1.0403913259506226,-1.131543517112732,-1.1690691709518433,-0.4855382442474365,2.6014809608459473,0.8537487983703613,1.042701005935669,0.0005575418472290039,0.04572868347167969,0.009735137224197388,-0.002263784408569336,-0.0029984712600708008,0.0023096799850463867
1769651635.5376167,full,goal16.png,0.7269136905670166,-1.1314043998718262,-1.2139497995376587,-0.49536430835723877,2.603350877761841,0.8561263084411621,1.0411336421966553,-1.1317532062530518,-1.169045329093933,-0.48730459809303284,2.5989534854888916,0.850630521774292,1.0433392524719238,-0.00034880638122558594,0.044904470443725586,0.008059710264205933,-0.004397392272949219,-0.005495786666870117,0.0022056102752685547
1769651635.6360102,full,goal16.png,0.693358302116394,-1.1312528848648071,-1.2130107879638672,-0.49551570415496826,2.6025025844573975,0.8549752235412598,1.0423150062561035,-1.1318373680114746,-1.1686992645263672,-0.4896581172943115,2.597217559814453,0.8471749424934387,1.042858362197876,-0.0005844831466674805,0.0443115234375,0.005857586860656738,-0.005285024642944336,-0.007800281047821045,0.0005433559417724609
1769651635.7344594,full,goal16.png,0.6980351805686951,-1.131434679031372,-1.2126774787902832,-0.4962124526500702,2.6002912521362305,0.8530364632606506,1.04343581199646,-1.1309938430786133,-1.167172908782959,-0.49291473627090454,2.593350410461426,0.8454347848892212,1.0445886850357056,0.00044083595275878906,0.04550457000732422,0.0032977163791656494,-0.0069408416748046875,-0.007601678371429443,0.0011528730392456055
1769651635.8355236,full,goal16.png,0.7110719680786133,-1.1314043998718262,-1.2125866413116455,-0.4975453317165375,2.5980498790740967,0.8497800827026367,1.043269157409668,-1.1299545764923096,-1.1656265258789062,-0.4961714446544647,2.5928540229797363,0.8449800610542297,1.0456206798553467,0.0014498233795166016,0.04696011543273926,0.001373887062072754,-0.0051958560943603516,-0.004800021648406982,0.002351522445678711
1769651635.936075,full,goal16.png,0.6446139812469482,-1.13064706325531,-1.2117990255355835,-0.4999080300331116,2.5952324867248535,0.8479472994804382,1.0442538261413574,-1.1286860704421997,-1.1653833389282227,-0.4984779357910156,2.593208074569702,0.8445383310317993,1.0447769165039062,0.0019609928131103516,0.04641568660736084,0.0014300942420959473,-0.002024412155151367,-0.003408968448638916,0.0005230903625488281
1769651636.0354114,full,goal16.png,0.7084117531776428,-1.1296777725219727,-1.2105873823165894,-0.5025131702423096,2.5942330360412598,0.8469780683517456,1.0451321601867676,-1.1271920204162598,-1.16434645652771,-0.5025471448898315,2.5923261642456055,0.8444463014602661,1.0472867488861084,0.0024857521057128906,0.046240925788879395,-3.3974647521972656e-05,-0.0019068717956542969,-0.002531766891479492,0.0021545886993408203
1769651636.1375709,full,goal16.png,0.7809095978736877,-1.128587245941162,-1.2095575332641602,-0.5055423974990845,2.593869686126709,0.8461451530456543,1.0452381372451782,-1.124138355255127,-1.1628968715667725,-0.5021853446960449,2.5920183658599854,0.8450583815574646,1.0513577461242676,0.004448890686035156,0.046660661697387695,0.0033570528030395508,-0.0018513202667236328,-0.0010867714881896973,0.0061196088790893555
1769651636.2396498,full,goal16.png,0.7791624069213867,-1.1272543668746948,-1.2089515924453735,-0.5088744759559631,2.593263626098633,0.8452363610267639,1.0466618537902832,-1.120232343673706,-1.16066312789917,-0.5017539262771606,2.5945754051208496,0.8427541255950928,1.054988145828247,0.0070220232009887695,0.04828846454620361,0.00712054967880249,0.0013117790222167969,-0.0024822354316711426,0.008326292037963867
1769651636.3381698,full,goal16.png,0.7637301683425903,-1.1251037120819092,-1.2084972858428955,-0.5099952816963196,2.5930514335632324,0.8445244431495667,1.0495851039886475,-1.116054654121399,-1.1579071283340454,-0.5013760924339294,2.595919132232666,0.8384387493133545,1.057192087173462,0.009049057960510254,0.0505901575088501,0.008619189262390137,0.0028676986694335938,-0.006085693836212158,0.007606983184814453
1769651636.4377239,full,goal16.png,0.7714524269104004,-1.1210445165634155,-1.206588864326477,-0.5101770758628845,2.5940513610839844,0.8424040079116821,1.0536441802978516,-1.111869215965271,-1.1556676626205444,-0.49900707602500916,2.5938773155212402,0.8368923664093018,1.061013102531433,0.009175300598144531,0.05092120170593262,0.011169999837875366,-0.00017404556274414062,-0.005511641502380371,0.007368922233581543
1769651636.5351074,full,goal16.png,0.7888007760047913,-1.1168339252471924,-1.2038625478744507,-0.5100255608558655,2.5949599742889404,0.8403289914131165,1.0557796955108643,-1.1080617904663086,-1.1537494659423828,-0.49567702412605286,2.5911877155303955,0.8374457359313965,1.064854621887207,0.008772134780883789,0.05011308193206787,0.014348536729812622,-0.003772258758544922,-0.0028832554817199707,0.009074926376342773
1769651636.6349666,full,goal16.png,0.7860232591629028,-1.1125022172927856,-1.2013484239578247,-0.5089350938796997,2.5943236351013184,0.8384812474250793,1.0588998794555664,-1.1051669120788574,-1.1527458429336548,-0.4915289878845215,2.5887560844421387,0.8399690389633179,1.0683194398880005,0.007335305213928223,0.04860258102416992,0.017406105995178223,-0.0055675506591796875,0.0014877915382385254,0.009419560432434082
1769651636.7363098,full,goal16.png,0.7858265042304993,-1.108776330947876,-1.1978950500488281,-0.506027102470398,2.59226393699646,0.8391476273536682,1.063413381576538,-1.1034584045410156,-1.1524367332458496,-0.4879728853702545,2.588822603225708,0.8420114517211914,1.0694589614868164,0.0053179264068603516,0.045458316802978516,0.018054217100143433,-0.003441333770751953,0.0028638243675231934,0.00604557991027832
1769651636.835347,full,goal16.png,0.7842506170272827,-1.1062015295028687,-1.1956231594085693,-0.5027858018875122,2.59065842628479,0.8405712842941284,1.0665335655212402,-1.1025410890579224,-1.1521830558776855,-0.48519638180732727,2.5912086963653564,0.8448898792266846,1.0689284801483154,0.003660440444946289,0.04344010353088379,0.017589420080184937,0.0005502700805664062,0.004318594932556152,0.0023949146270751953
1769651636.9368913,full,goal16.png,0.7881023287773132,-1.1039296388626099,-1.1951687335968018,-0.49999895691871643,2.5902645587921143,0.8422524929046631,1.0682753324508667,-1.1014633178710938,-1.1518670320510864,-0.48296689987182617,2.594568967819214,0.8491142392158508,1.0677930116653442,0.0024663209915161133,0.04330170154571533,0.01703205704689026,0.004304409027099609,0.006861746311187744,-0.00048232078552246094
1769651637.038751,full,goal16.png,0.7807755470275879,-1.102172613143921,-1.19510817527771,-0.49775731563568115,2.59138560295105,0.8447062373161316,1.0686084032058716,-1.1002693176269531,-1.1516737937927246,-0.4804646074771881,2.5986328125,0.8535875082015991,1.0658912658691406,0.0019032955169677734,0.04343438148498535,0.017292708158493042,0.007247209548950195,0.00888127088546753,-0.002717137336730957
1769651637.1360114,full,goal16.png,0.7876866459846497,-1.101324439048767,-1.1942297220230103,-0.49593982100486755,2.593808650970459,0.8481444120407104,1.0676542520523071,-1.0988446474075317,-1.1514413356781006,-0.4788965880870819,2.6025142669677734,0.857866644859314,1.0633769035339355,0.0024797916412353516,0.04278838634490967,0.017043232917785645,0.008705615997314453,0.009722232818603516,-0.004277348518371582
1769651637.23537,full,goal16.png,0.798913300037384,-1.1007791757583618,-1.1937450170516968,-0.4940011501312256,2.597262144088745,0.8522185683250427,1.0658822059631348,-1.0980315208435059,-1.1520861387252808,-0.4775716960430145,2.6061034202575684,0.8603423833847046,1.0605463981628418,0.002747654914855957,0.041658878326416016,0.01642945408821106,0.008841276168823242,0.008123815059661865,-0.005335807800292969
1769651637.3363314,full,goal16.png,0.7231683731079102,-1.0995978116989136,-1.1937147378921509,-0.49263796210289,2.6012911796569824,0.8555506467819214,1.0643069744110107,-1.099631428718567,-1.1529980897903442,-0.48046988248825073,2.6117076873779297,0.8574162721633911,1.0589029788970947,-3.361701965332031e-05,0.04071664810180664,0.012168079614639282,0.010416507720947266,0.0018656253814697266,-0.005403995513916016
1769651637.4343624,full,goal16.png,0.7635648250579834,-1.0981135368347168,-1.1937147378921509,-0.4917595386505127,2.605562210083008,0.8580044507980347,1.062004804611206,-1.102365493774414,-1.1551461219787598,-0.4807596504688263,2.6184544563293457,0.8538213968276978,1.0553845167160034,-0.004251956939697266,0.03856861591339111,0.010999888181686401,0.01289224624633789,-0.004183053970336914,-0.006620287895202637
1769651637.5353332,full,goal16.png,0.771001935005188,-1.0983861684799194,-1.1938358545303345,-0.4922139346599579,2.611135721206665,0.8570804595947266,1.060596227645874,-1.1048858165740967,-1.158800482749939,-0.47712379693984985,2.625368356704712,0.8521484136581421,1.0491379499435425,-0.006499648094177246,0.03503537178039551,0.015090137720108032,0.014232635498046875,-0.004932045936584473,-0.011458277702331543
1769651637.636853,full,goal16.png,0.7450831532478333,-1.1005065441131592,-1.1948961019515991,-0.49233508110046387,2.61686110496521,0.8547782897949219,1.0575064420700073,-1.1058650016784668,-1.1637892723083496,-0.46739622950553894,2.6342175006866455,0.8561538457870483,1.039002776145935,-0.005358457565307617,0.03110682964324951,0.024938851594924927,0.017356395721435547,0.0013755559921264648,-0.018503665924072266
1769651637.7359176,full,goal16.png,0.580145537853241,-1.1032328605651855,-1.1973801851272583,-0.4899722635746002,2.623525381088257,0.8546571135520935,1.0503575801849365,-1.1056993007659912,-1.1683776378631592,-0.4590288996696472,2.6400182247161865,0.8616970777511597,1.0313682556152344,-0.002466440200805664,0.02900254726409912,0.030943363904953003,0.016492843627929688,0.007039964199066162,-0.01898932456970215
1769651637.8375087,full,goal16.png,0.5682910680770874,-1.1042022705078125,-1.202711582183838,-0.4824598729610443,2.6314918994903564,0.8575349450111389,1.0420877933502197,-1.1063473224639893,-1.1717299222946167,-0.4591608941555023,2.642112970352173,0.8607590198516846,1.0272330045700073,-0.002145051956176758,0.03098165988922119,0.023298978805541992,0.010621070861816406,0.0032240748405456543,-0.014854788780212402
1769651637.938053,full,goal16.png,0.557975709438324,-1.1042325496673584,-1.2082246541976929,-0.47512924671173096,2.637974500656128,0.8601399064064026,1.0354841947555542,-1.1077923774719238,-1.1736233234405518,-0.46519553661346436,2.6389176845550537,0.8549652099609375,1.0277655124664307,-0.0035598278045654297,0.03460133075714111,0.009933710098266602,0.0009431838989257812,-0.005174696445465088,-0.007718682289123535
1769651638.037981,full,goal16.png,0.5643157958984375,-1.1048383712768555,-1.21131432056427,-0.4731905460357666,2.640519142150879,0.8600188493728638,1.0299104452133179,-1.110058307647705,-1.1735444068908691,-0.4748137593269348,2.638449192047119,0.8460749983787537,1.0286047458648682,-0.005219936370849609,0.03776991367340088,-0.0016232132911682129,-0.0020699501037597656,-0.013943850994110107,-0.001305699348449707
1769651638.1368706,full,goal16.png,0.5434871315956116,-1.1065952777862549,-1.212738037109375,-0.4762500524520874,2.6400344371795654,0.8555961847305298,1.0287896394729614,-1.1117596626281738,-1.1734530925750732,-0.4815986752510071,2.637199640274048,0.840282678604126,1.0298776626586914,-0.005164384841918945,0.03928494453430176,-0.005348622798919678,-0.002834796905517578,-0.015313506126403809,0.0010880231857299805
1769651638.2350392,full,goal16.png,0.5602829456329346,-1.108594536781311,-1.2131924629211426,-0.48303547501564026,2.639519453048706,0.8482201099395752,1.0293500423431396,-1.1130743026733398,-1.173918604850769,-0.4861498475074768,2.636601686477661,0.8354211449623108,1.0302400588989258,-0.004479765892028809,0.039273858070373535,-0.003114372491836548,-0.002917766571044922,-0.012798964977264404,0.0008900165557861328
1769651638.3347461,full,goal16.png,0.5602551102638245,-1.110018253326416,-1.213041067123413,-0.4896391034126282,2.6387922763824463,0.8430400490760803,1.0297136306762695,-1.1143864393234253,-1.1739081144332886,-0.49095723032951355,2.634425401687622,0.8303377628326416,1.0314339399337769,-0.004368185997009277,0.03913295269012451,-0.001318126916885376,-0.004366874694824219,-0.01270228624343872,0.0017203092575073242
1769651638.444187,full,goal16.png,0.5723248720169067,-1.1111087799072266,-1.2129805088043213,-0.49427375197410583,2.6378228664398193,0.8375875353813171,1.0303800106048584,-1.1157231330871582,-1.1736623048782349,-0.49572134017944336,2.6321234703063965,0.8258540034294128,1.0321524143218994,-0.004614353179931641,0.039318203926086426,-0.0014475882053375244,-0.0056993961334228516,-0.011733531951904297,0.0017724037170410156
1769651638.550723,full,goal16.png,0.5720678567886353,-1.112047791481018,-1.2132227420806885,-0.49769672751426697,2.63606595993042,0.833710253238678,1.0311977863311768,-1.117609977722168,-1.1737396717071533,-0.5006593465805054,2.6310231685638428,0.821334958076477,1.031825065612793,-0.005562186241149902,0.039483070373535156,-0.0029626190662384033,-0.0050427913665771484,-0.012375295162200928,0.0006272792816162109
1769651638.6519165,full,goal16.png,0.5587248206138611,-1.1137441396713257,-1.213071346282959,-0.5012711882591248,2.6339457035064697,0.8287271857261658,1.0324852466583252,-1.119493007659912,-1.1740541458129883,-0.505429744720459,2.629251718521118,0.8168280124664307,1.031367301940918,-0.005748867988586426,0.0390172004699707,-0.0041585564613342285,-0.0046939849853515625,-0.011899173259735107,-0.0011179447174072266
1769651638.7399333,full,goal16.png,0.5616731643676758,-1.1157433986663818,-1.2123745679855347,-0.5062390565872192,2.632279634475708,0.8244257569313049,1.0327578783035278,-1.1222456693649292,-1.1733019351959229,-0.5127779841423035,2.6267924308776855,0.8115525841712952,1.032322883605957,-0.006502270698547363,0.039072632789611816,-0.0065389275550842285,-0.005487203598022461,-0.012873172760009766,-0.0004349946975708008
1769651638.83839,full,goal16.png,0.5690443515777588,-1.1174094676971436,-1.2125866413116455,-0.5123580694198608,2.6302196979522705,0.819427490234375,1.0320006608963013,-1.124718189239502,-1.1724956035614014,-0.5173916220664978,2.6239824295043945,0.8077653646469116,1.0336191654205322,-0.0073087215423583984,0.04009103775024414,-0.005033552646636963,-0.0062372684478759766,-0.011662125587463379,0.001618504524230957
1769651638.9359462,full,goal16.png,0.5694776177406311,-1.1195602416992188,-1.2130107879638672,-0.5198098421096802,2.627584457397461,0.8148987889289856,1.0321370363235474,-1.1262786388397217,-1.1724525690078735,-0.5190469026565552,2.6255486011505127,0.8045296669006348,1.0328997373580933,-0.00671839714050293,0.04055821895599365,0.000762939453125,-0.002035856246948242,-0.01036912202835083,0.0007627010345458984
1769651639.0376523,full,goal16.png,0.5719778537750244,-1.1225591897964478,-1.2127985954284668,-0.5239902138710022,2.625342607498169,0.8104307651519775,1.0329700708389282,-1.127149224281311,-1.171642780303955,-0.520682156085968,2.628079891204834,0.8015648126602173,1.031907558441162,-0.004590034484863281,0.04115581512451172,0.0033080577850341797,0.002737283706665039,-0.008865952491760254,-0.0010625123977661133
1769651639.1351497,full,goal16.png,0.5699094533920288,-1.124528169631958,-1.2120413780212402,-0.526504397392273,2.625615358352661,0.806614100933075,1.0323944091796875,-1.128583312034607,-1.1705124378204346,-0.5235404372215271,2.6291685104370117,0.7990764379501343,1.0320141315460205,-0.004055142402648926,0.041528940200805664,0.0029639601707458496,0.003553152084350586,-0.007537662982940674,-0.0003802776336669922
1769651639.2375505,full,goal16.png,0.5767277479171753,-1.1248613595962524,-1.2108296155929565,-0.5288974642753601,2.6270089149475098,0.8034788966178894,1.0322277545928955,-1.1300021409988403,-1.169052004814148,-0.5282996296882629,2.6291375160217285,0.7960878610610962,1.0328364372253418,-0.005140781402587891,0.041777610778808594,0.000597834587097168,0.00212860107421875,-0.007391035556793213,0.0006086826324462891
1769651639.336478,full,goal16.png,0.5820860862731934,-1.1253459453582764,-1.2097392082214355,-0.5317752361297607,2.627857208251953,0.8006162047386169,1.0325156450271606,-1.1304564476013184,-1.1683526039123535,-0.5314681529998779,2.6286659240722656,0.7934750318527222,1.0326452255249023,-0.005110502243041992,0.04138660430908203,0.0003070831298828125,0.0008087158203125,-0.007141172885894775,0.00012958049774169922
1769651639.4373443,full,goal16.png,0.5763237476348877,-1.1269211769104004,-1.2090122699737549,-0.5363189578056335,2.628159999847412,0.7973901033401489,1.0331063270568848,-1.1309998035430908,-1.1674660444259644,-0.533912718296051,2.6295900344848633,0.7903205156326294,1.031728982925415,-0.00407862663269043,0.04154622554779053,0.0024062395095825195,0.0014300346374511719,-0.007069587707519531,-0.0013773441314697266
1769651639.537921,full,goal16.png,0.578230082988739,-1.1281934976577759,-1.2083760499954224,-0.5398934483528137,2.628159999847412,0.7950425148010254,1.033212423324585,-1.1320980787277222,-1.166491985321045,-0.535994827747345,2.6304922103881836,0.7876759171485901,1.031035304069519,-0.003904581069946289,0.04188406467437744,0.00389862060546875,0.0023322105407714844,-0.007366597652435303,-0.002177119255065918
1769651639.6369174,full,goal16.png,0.5845669507980347,-1.128587245941162,-1.2068312168121338,-0.5427106022834778,2.6286444664001465,0.7926645874977112,1.0323792695999146,-1.1336414813995361,-1.1656521558761597,-0.5387381315231323,2.631751537322998,0.7852546572685242,1.0301737785339355,-0.0050542354583740234,0.04117906093597412,0.003972470760345459,0.0031070709228515625,-0.007409930229187012,-0.002205491065979004
1769651639.73616,full,goal16.png,0.567703902721405,-1.1286780834197998,-1.2053468227386475,-0.5449824929237366,2.6296441555023193,0.7902564406394958,1.031303882598877,-1.1346184015274048,-1.165926218032837,-0.5402679443359375,2.6336796283721924,0.7832659482955933,1.0274879932403564,-0.0059403181076049805,0.03942060470581055,0.004714548587799072,0.004035472869873047,-0.006990492343902588,-0.003815889358520508
1769651639.8363824,full,goal16.png,0.5743207931518555,-1.130010962486267,-1.2041655778884888,-0.5474361181259155,2.6311585903167725,0.7876513004302979,1.0299408435821533,-1.1353096961975098,-1.1660128831863403,-0.5404726266860962,2.6361422538757324,0.7822277545928955,1.0243990421295166,-0.005298733711242676,0.03815269470214844,0.006963491439819336,0.004983663558959961,-0.005423545837402344,-0.005541801452636719
1769651639.935643,full,goal16.png,0.5695798993110657,-1.1317678689956665,-1.2041655778884888,-0.5487387180328369,2.6328248977661133,0.7854248285293579,1.0277749300003052,-1.135280728340149,-1.1659843921661377,-0.5394977331161499,2.6385836601257324,0.7823848724365234,1.0222506523132324,-0.003512859344482422,0.038181185722351074,0.009240984916687012,0.005758762359619141,-0.0030399560928344727,-0.005524277687072754
1769651640.040823,full,goal16.png,0.5771975517272949,-1.132888674736023,-1.2043472528457642,-0.5494353771209717,2.6354904174804688,0.7840162515640259,1.025790810585022,-1.134980320930481,-1.1648228168487549,-0.540969729423523,2.637568473815918,0.7821881771087646,1.0227186679840088,-0.002091646194458008,0.03952443599700928,0.00846564769744873,0.0020780563354492188,-0.0018280744552612305,-0.0030721426010131836
1769651640.1404552,full,goal16.png,0.5667116641998291,-1.1325857639312744,-1.2043169736862183,-0.5494657158851624,2.6377017498016357,0.7833800911903381,1.024185299873352,-1.1353094577789307,-1.164391040802002,-0.5413718223571777,2.6395695209503174,0.7807608246803284,1.0219541788101196,-0.00272369384765625,0.03992593288421631,0.00809389352798462,0.0018677711486816406,-0.0026192665100097656,-0.002231121063232422
1769651640.2385044,full,goal16.png,0.5778369307518005,-1.132222294807434,-1.203741431236267,-0.5501623749732971,2.6380045413970947,0.7830317616462708,1.0237460136413574,-1.1357197761535645,-1.1647051572799683,-0.5412147045135498,2.642385959625244,0.7779645919799805,1.0200002193450928,-0.003497481346130371,0.03903627395629883,0.008947670459747314,0.004381418228149414,-0.005067169666290283,-0.0037457942962646484
1769651640.339151,full,goal16.png,0.5747273564338684,-1.1325252056121826,-1.20204496383667,-0.5506470799446106,2.63948917388916,0.7819715142250061,1.0227161645889282,-1.1359281539916992,-1.1648938655853271,-0.5414774417877197,2.6441457271575928,0.7752466797828674,1.0186803340911865,-0.0034029483795166016,0.03715109825134277,0.00916963815689087,0.004656553268432617,-0.006724834442138672,-0.004035830497741699
1769651640.4367998,full,goal16.png,0.5692112445831299,-1.1328281164169312,-1.1996519565582275,-0.5507379770278931,2.6418213844299316,0.77997225522995,1.021019697189331,-1.1355204582214355,-1.1635823249816895,-0.5446361303329468,2.6421170234680176,0.7728639841079712,1.019283413887024,-0.0026923418045043945,0.036069631576538086,0.006101846694946289,0.0002956390380859375,-0.00710827112197876,-0.001736283302307129
1769651640.5364313,full,goal16.png,0.5694051384925842,-1.1326463222503662,-1.1980465650558472,-0.55116206407547,2.6431846618652344,0.7777003049850464,1.019626498222351,-1.1353819370269775,-1.1616631746292114,-0.549743115901947,2.6399049758911133,0.7704350352287292,1.020214319229126,-0.002735614776611328,0.03638339042663574,0.0014189481735229492,-0.0032796859741210938,-0.007265269756317139,0.0005878210067749023
1769651640.6365778,full,goal16.png,0.5701212286949158,-1.1324949264526367,-1.1961684226989746,-0.5534339547157288,2.6427907943725586,0.7755648493766785,1.0192476511001587,-1.135615348815918,-1.1602115631103516,-0.5547943115234375,2.640043258666992,0.7688421010971069,1.0199472904205322,-0.00312042236328125,0.03595685958862305,-0.0013603568077087402,-0.0027475357055664062,-0.006722748279571533,0.0006996393203735352
1769651640.736327,full,goal16.png,0.5607746839523315,-1.133040189743042,-1.1937450170516968,-0.5577960014343262,2.6416397094726562,0.7729294896125793,1.0201563835144043,-1.1364048719406128,-1.1589252948760986,-0.5590357184410095,2.642502546310425,0.7671151757240295,1.019021987915039,-0.0033646821975708008,0.034819722175598145,-0.0012397170066833496,0.0008628368377685547,-0.005814313888549805,-0.0011343955993652344
1769651640.8372278,full,goal16.png,0.557712197303772,-1.1332521438598633,-1.1928060054779053,-0.5623094439506531,2.641397476196289,0.7711270451545715,1.01992928981781,-1.1371879577636719,-1.1580779552459717,-0.5625908374786377,2.6443276405334473,0.7653293609619141,1.0182921886444092,-0.003935813903808594,0.034728050231933594,-0.00028139352798461914,0.002930164337158203,-0.005797684192657471,-0.001637101173400879
1769651640.9364245,full,goal16.png,0.5723423361778259,-1.133646011352539,-1.192896842956543,-0.5669138431549072,2.642366886138916,0.7691580057144165,1.0194144248962402,-1.1373183727264404,-1.1583278179168701,-0.5621697306632996,2.646397590637207,0.7648565173149109,1.017147183418274,-0.003672361373901367,0.03456902503967285,0.004744112491607666,0.004030704498291016,-0.004301488399505615,-0.0022672414779663086
1769651641.0373425,full,goal16.png,0.5703486204147339,-1.134463906288147,-1.192563772201538,-0.5705488920211792,2.6438815593719482,0.7673406004905701,1.018384337425232,-1.1372368335723877,-1.1585081815719604,-0.5614034533500671,2.6473467350006104,0.7645321488380432,1.0169094800949097,-0.0027729272842407227,0.03405559062957764,0.00914543867111206,0.0034651756286621094,-0.0028084516525268555,-0.0014748573303222656
1769651641.1377485,full,goal16.png,0.5663100481033325,-1.1367357969284058,-1.1920487880706787,-0.5711244344711304,2.6456081867218018,0.7665984034538269,1.0176119804382324,-1.1376769542694092,-1.15739107131958,-0.561161994934082,2.646865129470825,0.7639830708503723,1.0174250602722168,-0.000941157341003418,0.03465771675109863,0.00996243953704834,0.0012569427490234375,-0.00261533260345459,-0.000186920166015625
1769651641.2386658,full,goal16.png,0.5587983727455139,-1.1375839710235596,-1.1920790672302246,-0.5710335373878479,2.6465470790863037,0.7661288380622864,1.0172029733657837,-1.1380144357681274,-1.1549729108810425,-0.5634135007858276,2.6447298526763916,0.7634347677230835,1.0196523666381836,-0.0004304647445678711,0.03710615634918213,0.007620036602020264,-0.0018172264099121094,-0.002694070339202881,0.0024493932723999023
1769651641.3363738,full,goal16.png,0.5482538938522339,-1.136675238609314,-1.191988229751587,-0.571154773235321,2.646486520767212,0.7655988335609436,1.017551302909851,-1.138421654701233,-1.15352463722229,-0.5648744106292725,2.643359422683716,0.7634624242782593,1.0210096836090088,-0.0017464160919189453,0.038463592529296875,0.006280362606048584,-0.0031270980834960938,-0.002136409282684326,0.003458380699157715
1769651641.4396932,full,goal16.png,0.5707846283912659,-1.1364631652832031,-1.190837025642395,-0.5718817710876465,2.6456081867218018,0.764356791973114,1.0190962553024292,-1.138047456741333,-1.1534011363983154,-0.5656226277351379,2.6414060592651367,0.7635312080383301,1.0216596126556396,-0.0015842914581298828,0.03743588924407959,0.006259143352508545,-0.004202127456665039,-0.0008255839347839355,0.0025633573532104492
1769651641.5350742,full,goal16.png,0.5547645688056946,-1.1375536918640137,-1.1899585723876953,-0.5726087689399719,2.644547700881958,0.7639023065567017,1.020095944404602,-1.1379520893096924,-1.1536791324615479,-0.5667852163314819,2.6386680603027344,0.7635807394981384,1.0226976871490479,-0.00039839744567871094,0.03627943992614746,0.00582355260848999,-0.005879640579223633,-0.0003215670585632324,0.0026017427444458008
1769651641.6353865,full,goal16.png,0.5518068671226501,-1.137917160987854,-1.1875957250595093,-0.5731842517852783,2.642639636993408,0.7635539770126343,1.021050214767456,-1.1372936964035034,-1.1541661024093628,-0.5661017894744873,2.6357884407043457,0.7651094794273376,1.0233275890350342,0.0006234645843505859,0.033429622650146484,0.007082462310791016,-0.0068511962890625,0.0015555024147033691,0.002277374267578125
1769651641.736069,full,goal16.png,0.55077064037323,-1.1376142501831055,-1.1826581954956055,-0.5734871625900269,2.640155553817749,0.7637054920196533,1.022140622138977,-1.1362695693969727,-1.1541483402252197,-0.5648199319839478,2.6329245567321777,0.7674301862716675,1.0232481956481934,0.0013446807861328125,0.028509855270385742,0.008667230606079102,-0.007230997085571289,0.00372469425201416,0.0011075735092163086
1769651641.837488,full,goal16.png,0.5583173036575317,-1.136311650276184,-1.1795381307601929,-0.573214590549469,2.6378533840179443,0.7645992040634155,1.0228826999664307,-1.1353743076324463,-1.1537591218948364,-0.5640625953674316,2.632089853286743,0.7685009837150574,1.0225439071655273,0.000937342643737793,0.025779008865356445,0.009151995182037354,-0.005763530731201172,0.0039017796516418457,-0.0003387928009033203
1769651641.93788,full,goal16.png,0.5639370679855347,-1.135251522064209,-1.178689956665039,-0.5726087689399719,2.635035991668701,0.7660077214241028,1.023594617843628,-1.134774923324585,-1.1527512073516846,-0.5662308931350708,2.6314620971679688,0.7678424119949341,1.0229828357696533,0.00047659873962402344,0.025938749313354492,0.006377875804901123,-0.003573894500732422,0.0018346905708312988,-0.0006117820739746094
1769651642.0373511,full,goal16.png,0.5740140080451965,-1.1348273754119873,-1.1786596775054932,-0.5723058581352234,2.6330671310424805,0.7670679688453674,1.0233522653579712,-1.1338896751403809,-1.1511054039001465,-0.5686563849449158,2.6307966709136963,0.767400860786438,1.0243000984191895,0.0009377002716064453,0.02755427360534668,0.003649473190307617,-0.0022704601287841797,0.00033289194107055664,0.0009478330612182617
1769651642.1377473,full,goal16.png,0.5694178938865662,-1.1341912746429443,-1.1770845651626587,-0.5730025172233582,2.632279634475708,0.7670982480049133,1.0235642194747925,-1.133278489112854,-1.1493911743164062,-0.5713692903518677,2.628570795059204,0.7666352987289429,1.0257301330566406,0.000912785530090332,0.02769339084625244,0.0016332268714904785,-0.0037088394165039062,-0.000462949275970459,0.0021659135818481445
1769651642.2450163,full,goal16.png,0.5616315603256226,-1.133676290512085,-1.1739038228988647,-0.5745474696159363,2.6315524578094482,0.7668558359146118,1.0242609977722168,-1.1334078311920166,-1.147071123123169,-0.5741628408432007,2.626621723175049,0.7650725841522217,1.0273290872573853,0.0002684593200683594,0.0268326997756958,0.0003846287727355957,-0.004930734634399414,-0.0017832517623901367,0.003068089485168457
1769651642.3357925,full,goal16.png,0.5640972256660461,-1.1325857639312744,-1.171177625656128,-0.5764255523681641,2.629704713821411,0.7663559913635254,1.0252758264541626,-1.13425874710083,-1.145524024963379,-0.5767431855201721,2.626204013824463,0.7627216577529907,1.0275838375091553,-0.001672983169555664,0.025653600692749023,-0.00031763315200805664,-0.003500699996948242,-0.003634333610534668,0.0023080110549926758
1769651642.43418,full,goal16.png,0.569709062576294,-1.1319193840026855,-1.1686632633209229,-0.5790609121322632,2.6273419857025146,0.7648111581802368,1.0269720554351807,-1.1352272033691406,-1.1443800926208496,-0.5783523917198181,2.6266002655029297,0.761177659034729,1.0271633863449097,-0.003307819366455078,0.024283170700073242,0.0007085204124450684,-0.0007417201995849609,-0.0036334991455078125,0.0001913309097290039
1769651642.5367057,full,goal16.png,0.5623795390129089,-1.132858395576477,-1.167391061782837,-0.5814842581748962,2.626948356628418,0.7635389566421509,1.02785062789917,-1.1359848976135254,-1.1445186138153076,-0.5769635438919067,2.628176212310791,0.7610249519348145,1.025569200515747,-0.00312650203704834,0.022872447967529297,0.004520714282989502,0.0012278556823730469,-0.0025140047073364258,-0.0022814273834228516
1769651642.6374667,full,goal16.png,0.5736672878265381,-1.134463906288147,-1.1666942834854126,-0.5829989314079285,2.627281427383423,0.7624635100364685,1.0278657674789429,-1.1367981433868408,-1.1442391872406006,-0.5753465890884399,2.6292917728424072,0.7611857652664185,1.0245839357376099,-0.0023342370986938477,0.02245509624481201,0.007652342319488525,0.002010345458984375,-0.0012777447700500488,-0.003281831741333008
1769651642.7373319,full,goal16.png,0.5579526424407959,-1.1348273754119873,-1.165967345237732,-0.5829989314079285,2.6280083656311035,0.7617517113685608,1.026881217956543,-1.1367173194885254,-1.1432958841323853,-0.5743643045425415,2.631007432937622,0.7615236043930054,1.02396821975708,-0.001889944076538086,0.02267146110534668,0.008634626865386963,0.0029990673065185547,-0.00022810697555541992,-0.0029129981994628906
1769651642.8381503,full,goal16.png,0.5714055299758911,-1.1345244646072388,-1.1651191711425781,-0.5823324918746948,2.629189968109131,0.7614185810089111,1.0260330438613892,-1.136164665222168,-1.1420581340789795,-0.574320912361145,2.630382776260376,0.7620863318443298,1.0249179601669312,-0.0016402006149291992,0.023061037063598633,0.008011579513549805,0.0011928081512451172,0.0006677508354187012,-0.0011150836944580078
1769651642.9372613,full,goal16.png,0.573498010635376,-1.134433627128601,-1.1646647453308105,-0.5819993019104004,2.630765199661255,0.7614638805389404,1.0256544351577759,-1.1357929706573486,-1.1418839693069458,-0.5727024078369141,2.6302199363708496,0.7634115219116211,1.025323510169983,-0.0013593435287475586,0.022780776023864746,0.009296894073486328,-0.0005452632904052734,0.001947641372680664,-0.00033092498779296875
1769651643.0359223,full,goal16.png,0.5680228471755981,-1.1346153020858765,-1.1636651754379272,-0.5814539790153503,2.6308863162994385,0.7616608142852783,1.0256998538970947,-1.1354987621307373,-1.1417911052703857,-0.5720640420913696,2.629704475402832,0.7641667127609253,1.025903344154358,-0.0008834600448608398,0.021874070167541504,0.009389936923980713,-0.0011818408966064453,0.0025058984756469727,0.0002034902572631836
