timestamp,model_type,goal_image,similarity_score,curr_j0,curr_j1,curr_j2,curr_j3,curr_j4,curr_j5,cmd_j0,cmd_j1,cmd_j2,cmd_j3,cmd_j4,cmd_j5,step_diff_j0,step_diff_j1,step_diff_j2,step_diff_j3,step_diff_j4,step_diff_j5
1769651485.0901322,full,goal16.png,0.7006282806396484,0.2687501013278961,-1.306673526763916,-1.9848800897598267,1.706042766571045,1.2996761798858643,3.0260894298553467,0.1814771443605423,-1.1673520803451538,-1.9489988088607788,1.6818733215332031,1.352939486503601,2.985212564468384,-0.08727295696735382,0.1393214464187622,0.03588128089904785,-0.024169445037841797,0.053263306617736816,-0.04087686538696289
1769651485.1032329,full,goal16.png,0.7006282806396484,0.2687501013278961,-1.306703805923462,-1.9848800897598267,1.706042766571045,1.2996610403060913,3.026104688644409,0.1824662685394287,-1.168726921081543,-1.9485805034637451,1.6831026077270508,1.353304147720337,2.983001470565796,-0.08628383278846741,0.13797688484191895,0.03629958629608154,-0.02294015884399414,0.053643107414245605,-0.04310321807861328
1769651485.180328,full,goal16.png,0.6930383443832397,0.2687501013278961,-1.3066432476043701,-1.9848498106002808,1.7060123682022095,1.2996459007263184,3.0261197090148926,0.18307481706142426,-1.1702507734298706,-1.9474633932113647,1.682969570159912,1.3535747528076172,2.982588768005371,-0.08567528426647186,0.1363924741744995,0.037386417388916016,-0.023042798042297363,0.05392885208129883,-0.043530941009521484
1769651485.278661,full,goal16.png,0.6968965530395508,0.2406998723745346,-1.2874077558517456,-1.9683104753494263,1.693895697593689,1.329241156578064,3.00197696685791,0.1821741759777069,-1.1705548763275146,-1.9459872245788574,1.6815521717071533,1.3535420894622803,2.9772374629974365,-0.0585256963968277,0.11685287952423096,0.022323250770568848,-0.012343525886535645,0.02430093288421631,-0.024739503860473633
1769651485.378799,full,goal16.png,0.698797881603241,0.1944439560174942,-1.250693917274475,-1.9585562944412231,1.6865043640136719,1.3466286659240723,2.9873156547546387,0.17369696497917175,-1.1634825468063354,-1.9433802366256714,1.6744110584259033,1.3541481494903564,2.966123580932617,-0.02074699103832245,0.08721137046813965,0.015176057815551758,-0.012093305587768555,0.00751948356628418,-0.021192073822021484
1769651485.4752822,full,goal16.png,0.7067867517471313,0.17999480664730072,-1.2207351922988892,-1.9519528150558472,1.6832329034805298,1.3515965938568115,2.980984687805176,0.16077911853790283,-1.1492054462432861,-1.9454514980316162,1.6672723293304443,1.3559489250183105,2.959662437438965,-0.019215688109397888,0.07152974605560303,0.006501317024230957,-0.01596057415008545,0.0043523311614990234,-0.021322250366210938
1769651485.5773926,full,goal16.png,0.7177720665931702,0.1794191300868988,-1.1980465650558472,-1.9427440166473389,1.6773864030838013,1.3534897565841675,2.9715487957000732,0.14565369486808777,-1.1311206817626953,-1.9519437551498413,1.6617834568023682,1.3587511777877808,2.9598684310913086,-0.033765435218811035,0.06692588329315186,-0.009199738502502441,-0.015602946281433105,0.005261421203613281,-0.011680364608764648
1769651485.6799293,full,goal16.png,0.7193033695220947,0.1704527884721756,-1.1829005479812622,-1.9454702138900757,1.6707221269607544,1.3548680543899536,2.9637789726257324,0.13482889533042908,-1.1164802312850952,-1.9612013101577759,1.6618534326553345,1.3618659973144531,2.9645187854766846,-0.03562389314174652,0.06642031669616699,-0.015731096267700195,-0.008868694305419922,0.006997942924499512,0.0007398128509521484
1769651485.7775385,full,goal16.png,0.7226028442382812,0.14894548058509827,-1.1719651222229004,-1.9487417936325073,1.6649061441421509,1.3572006225585938,2.961325168609619,0.12438898533582687,-1.103558897972107,-1.9692835807800293,1.659748911857605,1.3647019863128662,2.967475414276123,-0.024556495249271393,0.06840622425079346,-0.020541787147521973,-0.0051572322845458984,0.007501363754272461,0.006150245666503906
1769651485.8756063,full,goal16.png,0.7201169729232788,0.13807064294815063,-1.153032660484314,-1.9568297863006592,1.662846326828003,1.3598814010620117,2.9635214805603027,0.11343824863433838,-1.0887315273284912,-1.9768452644348145,1.6548967361450195,1.3670536279678345,2.969226837158203,-0.024632394313812256,0.06430113315582275,-0.020015478134155273,-0.007949590682983398,0.007172226905822754,0.005705356597900391
1769651485.980676,full,goal16.png,0.7484476566314697,0.1349506378173828,-1.1391286849975586,-1.9639179706573486,1.660483479499817,1.3627439737319946,2.9663233757019043,0.1003633365035057,-1.0716557502746582,-1.9843499660491943,1.6466903686523438,1.369020700454712,2.972064733505249,-0.034587301313877106,0.06747293472290039,-0.020431995391845703,-0.013793110847473145,0.006276726722717285,0.0057413578033447266
1769651486.0785027,full,goal16.png,0.7288155555725098,0.11795686185359955,-1.1258001327514648,-1.9723695516586304,1.6567274332046509,1.3651522397994995,2.968398332595825,0.08813023567199707,-1.0559381246566772,-1.9927898645401,1.639461874961853,1.3704822063446045,2.9732396602630615,-0.029826626181602478,0.0698620080947876,-0.020420312881469727,-0.01726555824279785,0.0053299665451049805,0.004841327667236328
1769651486.1777074,full,goal16.png,0.745104193687439,0.10256849974393845,-1.1098060607910156,-1.9797910451889038,1.650668978691101,1.3672120571136475,2.9705793857574463,0.07607367634773254,-1.0419385433197021,-2.0014257431030273,1.6333848237991333,1.3715620040893555,2.973337173461914,-0.026494823396205902,0.06786751747131348,-0.021634697914123535,-0.017284154891967773,0.004349946975708008,0.0027577877044677734
1769651486.2752135,full,goal16.png,0.7331280708312988,0.09641925990581512,-1.0946600437164307,-1.9874851703643799,1.6436715126037598,1.368772029876709,2.9722607135772705,0.06344098597764969,-1.028069257736206,-2.010305881500244,1.6257429122924805,1.372929334640503,2.975003719329834,-0.032978273928165436,0.06659078598022461,-0.022820711135864258,-0.017928600311279297,0.004157304763793945,0.0027430057525634766
1769651486.3772893,full,goal16.png,0.7308633923530579,0.08296959102153778,-1.0791202783584595,-1.9972997903823853,1.6360682249069214,1.3700140714645386,2.972987651824951,0.052222784608602524,-1.014274001121521,-2.019380569458008,1.6181318759918213,1.3737776279449463,2.9790725708007812,-0.030746806412935257,0.06484627723693848,-0.02208077907562256,-0.017936348915100098,0.003763556480407715,0.006084918975830078
1769651486.4757621,full,goal16.png,0.7469117641448975,0.06600616872310638,-1.0645499229431152,-2.00602388381958,1.6288586854934692,1.37131667137146,2.9741690158843994,0.041069287806749344,-0.9994630813598633,-2.0305652618408203,1.6132253408432007,1.3743339776992798,2.985032320022583,-0.02493688091635704,0.06508684158325195,-0.024541378021240234,-0.015633344650268555,0.0030173063278198242,0.010863304138183594
1769651486.5762165,full,goal16.png,0.7422043085098267,0.057887881994247437,-1.050464153289795,-2.0141420364379883,1.6222854852676392,1.3728766441345215,2.97697114944458,0.02764774300158024,-0.9821410179138184,-2.042956829071045,1.6080565452575684,1.373976230621338,2.99088454246521,-0.030240138992667198,0.06832313537597656,-0.02881479263305664,-0.0142289400100708,0.0010995864868164062,0.013913393020629883
1769651486.6764848,full,goal16.png,0.7373175621032715,0.04873969033360481,-1.0344094038009644,-2.0251381397247314,1.6164088249206543,1.373952031135559,2.982802391052246,0.013917554169893265,-0.9650073051452637,-2.0552914142608643,1.599466323852539,1.3737685680389404,2.994304895401001,-0.03482213616371155,0.06940209865570068,-0.030153274536132812,-0.016942501068115234,-0.00018346309661865234,0.011502504348754883
1769651486.776111,full,goal16.png,0.7534127831459045,0.03059486672282219,-1.0176881551742554,-2.0380425453186035,1.6105623245239258,1.3736945390701294,2.9884517192840576,0.0011632367968559265,-0.9483317136764526,-2.066370964050293,1.5899629592895508,1.371625542640686,2.994999408721924,-0.029431629925966263,0.06935644149780273,-0.028328418731689453,-0.020599365234375,-0.0020689964294433594,0.006547689437866211
1769651486.8747244,full,goal16.png,0.7472155094146729,0.018023692071437836,-1.0002096891403198,-2.049523115158081,1.602625846862793,1.3738460540771484,2.9916324615478516,-0.01028037816286087,-0.9338370561599731,-2.0750911235809326,1.5833234786987305,1.369076132774353,2.9985129833221436,-0.028304070234298706,0.06637263298034668,-0.025568008422851562,-0.0193023681640625,-0.00476992130279541,0.006880521774291992
1769651486.9748793,full,goal16.png,0.7549177408218384,0.00890578143298626,-0.9840338826179504,-2.0617611408233643,1.5941745042800903,1.3724526166915894,2.9932377338409424,-0.020755620673298836,-0.9200389385223389,-2.082976818084717,1.5771840810775757,1.3661713600158691,3.000121593475342,-0.029661402106285095,0.06399494409561157,-0.02121567726135254,-0.01699042320251465,-0.006281256675720215,0.006883859634399414
1769651487.0747612,full,goal16.png,0.7573831081390381,-0.005967545323073864,-0.9681911468505859,-2.0697884559631348,1.5865106582641602,1.3697717189788818,2.996342658996582,-0.03128563612699509,-0.9059245586395264,-2.091142177581787,1.5691572427749634,1.3630902767181396,3.000422239303589,-0.025318089872598648,0.06226658821105957,-0.021353721618652344,-0.017353415489196777,-0.0066814422607421875,0.004079580307006836
1769651487.1764684,full,goal16.png,0.7490473389625549,-0.01838723197579384,-0.9554988145828247,-2.078845739364624,1.5797252655029297,1.3673938512802124,2.998720645904541,-0.04189559817314148,-0.8915171027183533,-2.1000022888183594,1.5611540079116821,1.3599705696105957,3.003570318222046,-0.02350836619734764,0.06398171186447144,-0.02115654945373535,-0.01857125759124756,-0.007423281669616699,0.004849672317504883
1769651487.276708,full,goal16.png,0.7556233406066895,-0.025627022609114647,-0.9411405324935913,-2.087690830230713,1.5720915794372559,1.364667534828186,3.0005381107330322,-0.051839254796504974,-0.8771923184394836,-2.108583450317383,1.553890347480774,1.3554672002792358,3.011918544769287,-0.026212232187390327,0.06394821405410767,-0.020892620086669922,-0.018201231956481934,-0.009200334548950195,0.011380434036254883
1769651487.3770494,full,goal16.png,0.7500993013381958,-0.03662297874689102,-0.9241164326667786,-2.0962939262390137,1.564791202545166,1.3615928888320923,3.003249406814575,-0.06044459715485573,-0.8621842861175537,-2.1189215183258057,1.546278953552246,1.3518620729446411,3.023427963256836,-0.023821618407964706,0.061932146549224854,-0.022627592086791992,-0.018512248992919922,-0.009730815887451172,0.020178556442260742
1769651487.4774373,full,goal16.png,0.7634915113449097,-0.04895181581377983,-0.9101518392562866,-2.1044726371765137,1.5577332973480225,1.357412576675415,3.0085201263427734,-0.0680849701166153,-0.8464111089706421,-2.1309452056884766,1.5385087728500366,1.347320795059204,3.0377116203308105,-0.019133154302835464,0.06374073028564453,-0.02647256851196289,-0.01922452449798584,-0.010091781616210938,0.02919149398803711
1769651487.574001,full,goal16.png,0.7578520774841309,-0.056252170354127884,-0.8960660696029663,-2.1148324012756348,1.5494333505630493,1.3528082370758057,3.0188496112823486,-0.07533465325832367,-0.8310842514038086,-2.1428062915802,1.5319501161575317,1.342492699623108,3.0523881912231445,-0.019082482904195786,0.06498181819915771,-0.02797389030456543,-0.017483234405517578,-0.010315537452697754,0.0335385799407959
1769651487.6755493,full,goal16.png,0.7570041418075562,-0.06382514536380768,-0.8781937956809998,-2.1262829303741455,1.541193962097168,1.3484915494918823,3.033071756362915,-0.08311368525028229,-0.814915657043457,-2.1544735431671143,1.5234795808792114,1.3371881246566772,3.070486068725586,-0.01928853988647461,0.06327813863754272,-0.02819061279296875,-0.017714381217956543,-0.011303424835205078,0.0374143123626709
1769651487.774159,full,goal16.png,0.7803550362586975,-0.07306418567895889,-0.8628661632537842,-2.1382482051849365,1.53519606590271,1.3442962169647217,3.0465667247772217,-0.09298942983150482,-0.7974847555160522,-2.1657512187957764,1.5129618644714355,1.3329391479492188,3.086986780166626,-0.01992524415254593,0.06538140773773193,-0.027503013610839844,-0.022234201431274414,-0.01135706901550293,0.0404200553894043
1769651487.8748028,full,goal16.png,0.7943463921546936,-0.08006163686513901,-0.8490832448005676,-2.149728775024414,1.5272595882415771,1.3386770486831665,3.0637876987457275,-0.10408763587474823,-0.7808761596679688,-2.1768646240234375,1.5006264448165894,1.328510046005249,3.10072922706604,-0.024025999009609222,0.06820708513259888,-0.027135848999023438,-0.026633143424987793,-0.01016700267791748,0.0369415283203125
1769651487.9761603,full,goal16.png,0.7936185598373413,-0.08878572285175323,-0.8300901651382446,-2.1612398624420166,1.5161726474761963,1.3343149423599243,3.0820236206054688,-0.11523108184337616,-0.7653242945671082,-2.1883068084716797,1.4874389171600342,1.324095606803894,3.110724449157715,-0.026445358991622925,0.06476587057113647,-0.027066946029663086,-0.02873373031616211,-0.010219335556030273,0.028700828552246094
1769651488.0746484,full,goal16.png,0.7991511225700378,-0.10072074085474014,-0.8135507702827454,-2.172720432281494,1.506176233291626,1.3304225206375122,3.094397783279419,-0.126907080411911,-0.7510197162628174,-2.198582649230957,1.4721921682357788,1.3210527896881104,3.1206653118133545,-0.026186339557170868,0.06253105401992798,-0.02586221694946289,-0.03398406505584717,-0.009369730949401855,0.026267528533935547
1769651488.1752582,full,goal16.png,0.7968611717224121,-0.11129266768693924,-0.7988592386245728,-2.1829593181610107,1.492302656173706,1.3255757093429565,3.105757236480713,-0.1385730654001236,-0.7355861067771912,-2.2106423377990723,1.456745982170105,1.318300724029541,3.133352279663086,-0.027280397713184357,0.06327313184738159,-0.027683019638061523,-0.035556674003601074,-0.007274985313415527,0.027595043182373047
1769651488.2776723,full,goal16.png,0.7945041656494141,-0.12113750725984573,-0.7818351984024048,-2.194530725479126,1.4788832664489746,1.3227736949920654,3.1160717010498047,-0.15052033960819244,-0.7210359573364258,-2.2222774028778076,1.440281629562378,1.315988302230835,3.146669864654541,-0.02938283234834671,0.060799241065979004,-0.02774667739868164,-0.03860163688659668,-0.006785392761230469,0.030598163604736328
1769651488.3774369,full,goal16.png,0.757702112197876,-0.13440540432929993,-0.7660226821899414,-2.2059810161590576,1.4625862836837769,1.3193811178207397,3.1284914016723633,-0.16382157802581787,-0.7048030495643616,-2.234333038330078,1.4216114282608032,1.3144433498382568,3.157945156097412,-0.029416173696517944,0.061219632625579834,-0.028352022171020508,-0.04097485542297363,-0.00493776798248291,0.029453754425048828
1769651488.4747164,full,goal16.png,0.8002158403396606,-0.14624957740306854,-0.7526640295982361,-2.216886281967163,1.4471070766448975,1.3168061971664429,3.141123056411743,-0.17914924025535583,-0.687602698802948,-2.2449748516082764,1.4030044078826904,1.313441276550293,3.1691079139709473,-0.03289966285228729,0.06506133079528809,-0.02808856964111328,-0.04410266876220703,-0.0033649206161499023,0.0279848575592041
1769651488.5757613,full,goal16.png,0.7907524704933167,-0.15821486711502075,-0.7354278564453125,-2.2296087741851807,1.4292651414871216,1.3154430389404297,3.152573585510254,-0.19651415944099426,-0.6698172688484192,-2.2558279037475586,1.3862497806549072,1.3126672506332397,3.1859140396118164,-0.03829929232597351,0.06561058759689331,-0.02621912956237793,-0.043015360832214355,-0.0027757883071899414,0.0333404541015625
1769651488.6769583,full,goal16.png,0.7969381809234619,-0.17514808475971222,-0.7176766991615295,-2.241210699081421,1.409121036529541,1.313292384147644,3.166144371032715,-0.21657529473304749,-0.6545314788818359,-2.267728805541992,1.3701999187469482,1.3111286163330078,3.207303047180176,-0.041427209973335266,0.0631452202796936,-0.02651810646057129,-0.03892111778259277,-0.0021637678146362305,0.04115867614746094
1769651488.7761428,full,goal16.png,0.7992194294929504,-0.1912936568260193,-0.7011675834655762,-2.251843214035034,1.3935811519622803,1.3129894733428955,3.1798665523529053,-0.2377939075231552,-0.6410523056983948,-2.278778076171875,1.3518956899642944,1.3088667392730713,3.224360227584839,-0.046500250697135925,0.060115277767181396,-0.02693486213684082,-0.04168546199798584,-0.004122734069824219,0.044493675231933594
1769651488.8750086,full,goal16.png,0.7992926239967346,-0.20907509326934814,-0.6850825548171997,-2.2624149322509766,1.3771629333496094,1.3116263151168823,3.199192762374878,-0.2578514814376831,-0.6280131340026855,-2.2875707149505615,1.3334157466888428,1.3054758310317993,3.2326390743255615,-0.04877638816833496,0.05706942081451416,-0.02515578269958496,-0.0437471866607666,-0.006150484085083008,0.033446311950683594
1769651488.9781687,full,goal16.png,0.8042266368865967,-0.23218783736228943,-0.6698154807090759,-2.2746529579162598,1.3577156066894531,1.30886971950531,3.2179131507873535,-0.2780122756958008,-0.6171520948410034,-2.292975664138794,1.3142197132110596,1.30009126663208,3.2332844734191895,-0.04582443833351135,0.05266338586807251,-0.01832270622253418,-0.043495893478393555,-0.00877845287322998,0.015371322631835938
1769651489.0775516,full,goal16.png,0.7967737317085266,-0.25160497426986694,-0.6558811664581299,-2.284376621246338,1.341054916381836,1.3066282272338867,3.2273643016815186,-0.29904574155807495,-0.6069062948226929,-2.2951154708862305,1.2948719263076782,1.2948856353759766,3.233858585357666,-0.04744076728820801,0.04897487163543701,-0.010738849639892578,-0.046182990074157715,-0.011742591857910156,0.006494283676147461
1769651489.1763935,full,goal16.png,0.8001922369003296,-0.2699012756347656,-0.6432493925094604,-2.2901926040649414,1.3220921754837036,1.3021600246429443,3.231468915939331,-0.32157742977142334,-0.5964870452880859,-2.296170234680176,1.2760977745056152,1.289042353630066,3.2362844944000244,-0.051676154136657715,0.04676234722137451,-0.005977630615234375,-0.04599440097808838,-0.013117671012878418,0.004815578460693359
1769651489.2758696,full,goal16.png,0.7988635301589966,-0.2938016653060913,-0.6338892579078674,-2.293433904647827,1.3007060289382935,1.2968134880065918,3.2339680194854736,-0.3430333733558655,-0.5861994624137878,-2.296794891357422,1.2581360340118408,1.283390998840332,3.237511157989502,-0.04923170804977417,0.04768979549407959,-0.0033609867095947266,-0.04256999492645264,-0.013422489166259766,0.0035431385040283203
1769651489.37802,full,goal16.png,0.7910318970680237,-0.31436991691589355,-0.6230750679969788,-2.29531192779541,1.2841060161590576,1.2922698259353638,3.235421895980835,-0.3624926209449768,-0.5780035257339478,-2.2976365089416504,1.2414767742156982,1.2783029079437256,3.2368111610412598,-0.04812270402908325,0.045071542263031006,-0.0023245811462402344,-0.042629241943359375,-0.013966917991638184,0.0013892650604248047
1769651489.4749181,full,goal16.png,0.7960044741630554,-0.3345140814781189,-0.6115640997886658,-2.296614646911621,1.2663246393203735,1.2865597009658813,3.236891031265259,-0.3806460499763489,-0.571966290473938,-2.2966058254241943,1.2243409156799316,1.27366042137146,3.231456756591797,-0.04613196849822998,0.03959780931472778,8.821487426757812e-06,-0.041983723640441895,-0.012899279594421387,-0.005434274673461914
1769651489.5773997,full,goal16.png,0.7892956733703613,-0.3548702001571655,-0.6036881804466248,-2.2974929809570312,1.2486947774887085,1.2815616130828857,3.236860752105713,-0.3990597426891327,-0.565406084060669,-2.2927558422088623,1.2069860696792603,1.266125202178955,3.2218620777130127,-0.04418954253196716,0.03828209638595581,0.004737138748168945,-0.04170870780944824,-0.015436410903930664,-0.014998674392700195
1769651489.6750767,full,goal16.png,0.7985737323760986,-0.3744691014289856,-0.595963716506958,-2.29728102684021,1.231973648071289,1.2766088247299194,3.2333316802978516,-0.41670623421669006,-0.5583723783493042,-2.2884232997894287,1.1906180381774902,1.2566584348678589,3.2083964347839355,-0.04223713278770447,0.03759133815765381,0.00885772705078125,-0.04135560989379883,-0.019950389862060547,-0.024935245513916016
1769651489.7753468,full,goal16.png,0.7697772979736328,-0.3911297023296356,-0.5895417332649231,-2.2952818870544434,1.2140408754348755,1.2689601182937622,3.2253801822662354,-0.43198907375335693,-0.5494707226753235,-2.2842864990234375,1.1750595569610596,1.2485872507095337,3.1949610710144043,-0.040859371423721313,0.04007101058959961,0.01099538803100586,-0.03898131847381592,-0.020372867584228516,-0.030419111251831055
1769651489.87597,full,goal16.png,0.7978975772857666,-0.4099409878253937,-0.5839681029319763,-2.292191743850708,1.1979254484176636,1.2596453428268433,3.2135512828826904,-0.44787293672561646,-0.5445864796638489,-2.281892776489258,1.1618318557739258,1.2421936988830566,3.1897764205932617,-0.03793194890022278,0.03938162326812744,0.010298967361450195,-0.03609359264373779,-0.01745164394378662,-0.02377486228942871
1769651489.9791615,full,goal16.png,0.8127224445343018,-0.4265107214450836,-0.5746079087257385,-2.2889204025268555,1.1817495822906494,1.2514058351516724,3.200434923171997,-0.4653733968734741,-0.5427545309066772,-2.279217481613159,1.1481623649597168,1.2356081008911133,3.1873972415924072,-0.0388626754283905,0.03185337781906128,0.009702920913696289,-0.03358721733093262,-0.015797734260559082,-0.013037681579589844
1769651490.0772629,full,goal16.png,0.7987814545631409,-0.44092968106269836,-0.5686705708503723,-2.286921262741089,1.16787588596344,1.244893193244934,3.1936190128326416,-0.48514533042907715,-0.541236162185669,-2.2753353118896484,1.1313191652297974,1.2273365259170532,3.180950880050659,-0.044215649366378784,0.02743440866470337,0.01158595085144043,-0.03655672073364258,-0.01755666732788086,-0.012668132781982422
1769651490.179523,full,goal16.png,0.8005599975585938,-0.45916542410850525,-0.5659140944480896,-2.2845582962036133,1.154123306274414,1.2386680841445923,3.1887874603271484,-0.5024625062942505,-0.5363160371780396,-2.269512176513672,1.1158876419067383,1.2178642749786377,3.1693694591522217,-0.04329708218574524,0.02959805727005005,0.015046119689941406,-0.03823566436767578,-0.02080380916595459,-0.019418001174926758
1769651490.278064,full,goal16.png,0.7935769557952881,-0.47864314913749695,-0.5630969405174255,-2.2811050415039062,1.1377657651901245,1.2308225631713867,3.1830623149871826,-0.5190953016281128,-0.5317087173461914,-2.2634503841400146,1.1006231307983398,1.2081533670425415,3.157731533050537,-0.040452152490615845,0.03138822317123413,0.0176546573638916,-0.03714263439178467,-0.022669196128845215,-0.025330781936645508
1769651490.3750966,full,goal16.png,0.787340521812439,-0.49512195587158203,-0.5597042441368103,-2.275804042816162,1.1230134963989258,1.2214319705963135,3.1736111640930176,-0.5369664430618286,-0.5291088819503784,-2.2583935260772705,1.0842597484588623,1.1982944011688232,3.148399829864502,-0.04184448719024658,0.030595362186431885,0.0174105167388916,-0.03875374794006348,-0.023137569427490234,-0.025211334228515625
1769651490.4743867,full,goal16.png,0.7944800853729248,-0.512721598148346,-0.5549483895301819,-2.2696244716644287,1.106716513633728,1.2118748426437378,3.162903070449829,-0.5547806024551392,-0.527881920337677,-2.2541322708129883,1.068769931793213,1.1887918710708618,3.141364336013794,-0.04205900430679321,0.027066469192504883,0.01549220085144043,-0.03794658184051514,-0.023082971572875977,-0.021538734436035156
1769651490.575762,full,goal16.png,0.802781343460083,-0.5302606225013733,-0.5516162514686584,-2.2642323970794678,1.0921460390090942,1.2021511793136597,3.1533308029174805,-0.5715398192405701,-0.5252640247344971,-2.2481658458709717,1.05527925491333,1.1777827739715576,3.1314828395843506,-0.04127919673919678,0.026352226734161377,0.016066551208496094,-0.03686678409576416,-0.02436840534210205,-0.021847963333129883
1769651490.6744716,full,goal16.png,0.7952046394348145,-0.549344539642334,-0.5502532124519348,-2.259718894958496,1.0745160579681396,1.1912157535552979,3.143364667892456,-0.5883123278617859,-0.5236418843269348,-2.242490768432617,1.041966199874878,1.1668546199798584,3.1211063861846924,-0.038967788219451904,0.026611328125,0.017228126525878906,-0.03254985809326172,-0.024361133575439453,-0.022258281707763672
1769651490.771384,full,goal16.png,0.7916834354400635,-0.5672470927238464,-0.548072099685669,-2.2548117637634277,1.0604908466339111,1.181052803993225,3.134049892425537,-0.6049928665161133,-0.5220701694488525,-2.2376935482025146,1.0286505222320557,1.1571711301803589,3.1130030155181885,-0.037745773792266846,0.026001930236816406,0.017118215560913086,-0.03184032440185547,-0.02388167381286621,-0.021046876907348633
1769651490.8788917,full,goal16.png,0.7792057394981384,-0.5837864875793457,-0.5461637377738953,-2.2492682933807373,1.0467989444732666,1.1703901290893555,3.1241748332977295,-0.6226290464401245,-0.5214585065841675,-2.2323102951049805,1.0146147012710571,1.1472171545028687,3.10739803314209,-0.03884255886077881,0.024705231189727783,0.016957998275756836,-0.03218424320220947,-0.023172974586486816,-0.01677680015563965
1769651490.9767406,full,goal16.png,0.7923144102096558,-0.599689781665802,-0.544982373714447,-2.2444214820861816,1.0343488454818726,1.161408543586731,3.116313934326172,-0.6402110457420349,-0.5212912559509277,-2.226365089416504,1.0005996227264404,1.1376968622207642,3.104550361633301,-0.04052126407623291,0.023691117763519287,0.018056392669677734,-0.03374922275543213,-0.023711681365966797,-0.011763572692871094
1769651491.0725105,full,goal16.png,0.7967328429222107,-0.6157748103141785,-0.543952465057373,-2.2390294075012207,1.0202630758285522,1.1518211364746094,3.1099982261657715,-0.6570120453834534,-0.5242226123809814,-2.2195043563842773,0.9874494671821594,1.1285091638565063,3.1017262935638428,-0.0412372350692749,0.0197298526763916,0.01952505111694336,-0.03281360864639282,-0.023311972618103027,-0.008271932601928711
1769651491.179304,full,goal16.png,0.8057936429977417,-0.6347375512123108,-0.543800950050354,-2.2334256172180176,1.0064197778701782,1.141370415687561,3.1065752506256104,-0.6742679476737976,-0.527536153793335,-2.211930274963379,0.9741250276565552,1.1182541847229004,3.098571300506592,-0.039530396461486816,0.016264796257019043,0.021495342254638672,-0.03229475021362305,-0.023116230964660645,-0.008003950119018555
1769651491.2738287,full,goal16.png,0.8007895946502686,-0.6516101956367493,-0.5449520945549011,-2.2271249294281006,0.9928489327430725,1.1318738460540771,3.1028342247009277,-0.6913197040557861,-0.5309373736381531,-2.2035443782806396,0.9608588218688965,1.104966640472412,3.094785451889038,-0.039709508419036865,0.014014720916748047,0.023580551147460938,-0.031990110874176025,-0.02690720558166504,-0.008048772811889648
1769651491.3762133,full,goal16.png,0.7907278537750244,-0.6687856912612915,-0.5474966168403625,-2.219370126724243,0.9797627925872803,1.122013807296753,3.0995171070098877,-0.7071688175201416,-0.5339056253433228,-2.1947572231292725,0.9484574794769287,1.092268705368042,3.0902066230773926,-0.0383831262588501,0.013590991497039795,0.024612903594970703,-0.03130531311035156,-0.029745101928710938,-0.009310483932495117
1769651491.4743073,full,goal16.png,0.8002753257751465,-0.6854463219642639,-0.550495445728302,-2.2107975482940674,0.9661920070648193,1.110003113746643,3.0960488319396973,-0.7213883399963379,-0.5360443592071533,-2.1843180656433105,0.9347959756851196,1.081434965133667,3.0843145847320557,-0.035942018032073975,0.014451086521148682,0.026479482650756836,-0.03139603137969971,-0.028568148612976074,-0.011734247207641602
1769651491.579549,full,goal16.png,0.791861355304718,-0.7011678218841553,-0.553554892539978,-2.2034366130828857,0.9549234509468079,1.0977652072906494,3.092322826385498,-0.7366878986358643,-0.5382674932479858,-2.1733319759368896,0.9181090593338013,1.0710349082946777,3.0757896900177,-0.035520076751708984,0.015287399291992188,0.030104637145996094,-0.03681439161300659,-0.02673029899597168,-0.01653313636779785
1769651491.6757727,full,goal16.png,0.8066341876983643,-0.7156473398208618,-0.5558571219444275,-2.1937127113342285,0.940322756767273,1.0859967470169067,3.0867035388946533,-0.7526067495346069,-0.5413722991943359,-2.1615524291992188,0.9008321762084961,1.0591007471084595,3.0679244995117188,-0.03695940971374512,0.014484822750091553,0.032160282135009766,-0.039490580558776855,-0.026895999908447266,-0.01877903938293457
1769651491.7707593,full,goal16.png,0.8154564499855042,-0.7320050001144409,-0.5581896305084229,-2.1820201873779297,0.9242074489593506,1.0746068954467773,3.077979564666748,-0.768856406211853,-0.5459731817245483,-2.150282621383667,0.884398341178894,1.0474929809570312,3.061981678009033,-0.03685140609741211,0.012216448783874512,0.031737565994262695,-0.03980910778045654,-0.027113914489746094,-0.015997886657714844
1769651491.8704796,full,goal16.png,0.801539421081543,-0.7486959099769592,-0.5615823268890381,-2.1707515716552734,0.9072136878967285,1.0638229846954346,3.070709466934204,-0.7830066680908203,-0.5518853068351746,-2.1401524543762207,0.8724429607391357,1.0380604267120361,3.061112403869629,-0.034310758113861084,0.009697020053863525,0.030599117279052734,-0.03477072715759277,-0.025762557983398438,-0.009597063064575195
1769651491.9711099,full,goal16.png,0.7970201969146729,-0.7640538811683655,-0.5660049319267273,-2.159240484237671,0.89103764295578,1.052190899848938,3.064832925796509,-0.7970582246780396,-0.556084156036377,-2.1312026977539062,0.8601981997489929,1.0301824808120728,3.06017804145813,-0.03300434350967407,0.009920775890350342,0.02803778648376465,-0.03083944320678711,-0.022008419036865234,-0.004654884338378906
1769651492.0725834,full,goal16.png,0.8049718141555786,-0.7790484428405762,-0.5722451210021973,-2.149183511734009,0.8771034479141235,1.0410737991333008,3.0620763301849365,-0.8099536299705505,-0.5619751811027527,-2.118907928466797,0.8510385751724243,1.021996259689331,3.060032844543457,-0.030905187129974365,0.01026993989944458,0.030275583267211914,-0.02606487274169922,-0.019077539443969727,-0.002043485641479492
1769651492.1727583,full,goal16.png,0.8020569086074829,-0.7931644320487976,-0.5773038268089294,-2.1405200958251953,0.865441083908081,1.0330919027328491,3.061152458190918,-0.8213803172111511,-0.5685467720031738,-2.104409694671631,0.844301164150238,1.0125179290771484,3.0594472885131836,-0.028215885162353516,0.008757054805755615,0.03611040115356445,-0.021139919757843018,-0.020573973655700684,-0.001705169677734375
1769651492.274438,full,goal16.png,0.7988312244415283,-0.8050692081451416,-0.5814538598060608,-2.1281306743621826,0.8556263446807861,1.026306390762329,3.060425281524658,-0.8316812515258789,-0.5748142004013062,-2.0887575149536133,0.8404783606529236,1.0027084350585938,3.061608076095581,-0.026612043380737305,0.006639659404754639,0.039373159408569336,-0.015147984027862549,-0.02359795570373535,0.0011827945709228516
1769651492.3737447,full,goal16.png,0.8035888671875,-0.8176100850105286,-0.5885118246078491,-2.1145598888397217,0.848356306552887,1.0163100957870483,3.0600013732910156,-0.8424137830734253,-0.5815517902374268,-2.0734102725982666,0.8342740535736084,0.9936291575431824,3.0630621910095215,-0.02480369806289673,0.006960034370422363,0.04114961624145508,-0.014082252979278564,-0.022680938243865967,0.0030608177185058594
1769651492.4717546,full,goal16.png,0.8030232191085815,-0.828424334526062,-0.5949035286903381,-2.099323034286499,0.8434489965438843,1.0059804916381836,3.061788558959961,-0.8530390858650208,-0.5904431343078613,-2.0569021701812744,0.8257018327713013,0.9832379221916199,3.061567544937134,-0.02461475133895874,0.004460394382476807,0.04242086410522461,-0.017747163772583008,-0.02274256944656372,-0.00022101402282714844
1769651492.5705874,full,goal16.png,0.8065181970596313,-0.8392385244369507,-0.6006286144256592,-2.0846920013427734,0.8368151783943176,0.9972110390663147,3.062227725982666,-0.8627861738204956,-0.6001705527305603,-2.0391318798065186,0.8168163299560547,0.9708089828491211,3.0555691719055176,-0.023547649383544922,0.00045806169509887695,0.04556012153625488,-0.01999884843826294,-0.026402056217193604,-0.0066585540771484375
1769651492.6726768,full,goal16.png,0.8038163781166077,-0.8506888747215271,-0.6099889278411865,-2.065971612930298,0.8275761604309082,0.9850185513496399,3.0606677532196045,-0.8706256747245789,-0.6086671948432922,-2.020325183868408,0.808759331703186,0.9562552571296692,3.0481033325195312,-0.019936800003051758,0.0013217329978942871,0.04564642906188965,-0.018816828727722168,-0.028763294219970703,-0.012564420700073242
1769651492.7713354,full,goal16.png,0.8112085461616516,-0.8598370552062988,-0.6179253458976746,-2.050825595855713,0.8203363418579102,0.9741436839103699,3.0572750568389893,-0.878307044506073,-0.6193761825561523,-2.0013632774353027,0.8021435141563416,0.9438498020172119,3.045374631881714,-0.01846998929977417,-0.0014508366584777832,0.049462318420410156,-0.018192827701568604,-0.03029388189315796,-0.01190042495727539
1769651492.8721561,full,goal16.png,0.8085867166519165,-0.86789470911026,-0.6261042356491089,-2.0323474407196045,0.8126421570777893,0.961178719997406,3.0501866340637207,-0.8856366872787476,-0.6329536437988281,-1.9838448762893677,0.7972472906112671,0.9359472990036011,3.043900728225708,-0.01774197816848755,-0.006849408149719238,0.048502564430236816,-0.015394866466522217,-0.02523142099380493,-0.006285905838012695
1769651492.974676,full,goal16.png,0.8134114742279053,-0.8763158917427063,-0.6406140923500061,-2.0122640132904053,0.8046450018882751,0.9486075639724731,3.0471272468566895,-0.8933847546577454,-0.6471869349479675,-1.9664504528045654,0.7927839756011963,0.9295512437820435,3.043257236480713,-0.017068862915039062,-0.006572842597961426,0.045813560485839844,-0.011861026287078857,-0.019056320190429688,-0.0038700103759765625
1769651493.0736985,full,goal16.png,0.8109642267227173,-0.8837373852729797,-0.6520946621894836,-1.995815396308899,0.799798309803009,0.9393534064292908,3.045476198196411,-0.9017680883407593,-0.6622479557991028,-1.9470329284667969,0.7865585088729858,0.9231941103935242,3.040010690689087,-0.01803070306777954,-0.01015329360961914,0.04878246784210205,-0.013239800930023193,-0.0161592960357666,-0.005465507507324219
1769651493.1735015,full,goal16.png,0.8173636794090271,-0.8909165859222412,-0.6650899052619934,-1.978003740310669,0.795315146446228,0.9322044849395752,3.043992042541504,-0.9094957113265991,-0.6774924993515015,-1.9286454916000366,0.7800614833831787,0.9166475534439087,3.037579298019409,-0.01857912540435791,-0.012402594089508057,0.049358248710632324,-0.015253663063049316,-0.015556931495666504,-0.0064127445220947266
1769651493.2715003,full,goal16.png,0.8035163283348083,-0.8981866836547852,-0.682144284248352,-1.9604647159576416,0.7900140285491943,0.9265853762626648,3.0410990715026855,-0.9167579412460327,-0.6921025514602661,-1.9109625816345215,0.7732165455818176,0.9112683534622192,3.035552501678467,-0.01857125759124756,-0.009958267211914062,0.04950213432312012,-0.01679748296737671,-0.015317022800445557,-0.00554656982421875
1769651493.3759327,full,goal16.png,0.8097772598266602,-0.9076074361801147,-0.6981081366539001,-1.939896583557129,0.7823804020881653,0.9193000793457031,3.0378730297088623,-0.924872636795044,-0.7052102088928223,-1.8958473205566406,0.7635496258735657,0.9073258638381958,3.03470516204834,-0.0172652006149292,-0.007102072238922119,0.04404926300048828,-0.01883077621459961,-0.011974215507507324,-0.003167867660522461
1769651493.4719477,full,goal16.png,0.8121819496154785,-0.9148775339126587,-0.7120727896690369,-1.922721028327942,0.7752315998077393,0.9143928289413452,3.0366311073303223,-0.9340754747390747,-0.7158356308937073,-1.8790602684020996,0.7509262561798096,0.9022400379180908,3.0331356525421143,-0.019197940826416016,-0.00376284122467041,0.043660759925842285,-0.024305343627929688,-0.012152791023254395,-0.003495454788208008
1769651493.5721822,full,goal16.png,0.8092091679573059,-0.9219052791595459,-0.7264310717582703,-1.9078173637390137,0.7670830488204956,0.9099247455596924,3.035525321960449,-0.943320631980896,-0.7270785570144653,-1.8592073917388916,0.7404866218566895,0.896340012550354,3.0317602157592773,-0.021415352821350098,-0.0006474852561950684,0.04860997200012207,-0.026596426963806152,-0.013584733009338379,-0.003765106201171875
1769651493.6731496,full,goal16.png,0.8071519136428833,-0.9320833683013916,-0.7381844520568848,-1.8890060186386108,0.7546330094337463,0.9040026664733887,3.0337533950805664,-0.9498437643051147,-0.7388567924499512,-1.838309645652771,0.7351363897323608,0.8904492259025574,3.030515193939209,-0.017760396003723145,-0.0006723403930664062,0.050696372985839844,-0.019496619701385498,-0.013553440570831299,-0.003238201141357422
1769651493.7732868,full,goal16.png,0.808132529258728,-0.9411406517028809,-0.7461208701133728,-1.8710429668426514,0.7446367740631104,0.8985955715179443,3.0326778888702393,-0.956210732460022,-0.7508479952812195,-1.819293737411499,0.729139506816864,0.8875510692596436,3.0309653282165527,-0.015070080757141113,-0.00472712516784668,0.051749229431152344,-0.015497267246246338,-0.011044502258300781,-0.0017125606536865234
1769651493.873596,full,goal16.png,0.7997307181358337,-0.9472293257713318,-0.7583588361740112,-1.8513531684875488,0.7380936145782471,0.8931127190589905,3.031769275665283,-0.9613556861877441,-0.7637240886688232,-1.8035151958465576,0.7241291403770447,0.8853743076324463,3.0311214923858643,-0.014126360416412354,-0.005365252494812012,0.04783797264099121,-0.013964474201202393,-0.0077384114265441895,-0.0006477832794189453
1769651493.9725535,full,goal16.png,0.7979495525360107,-0.9531362652778625,-0.7738683223724365,-1.8322691917419434,0.7321261167526245,0.8898109197616577,3.031526803970337,-0.9680831432342529,-0.7775176763534546,-1.7872345447540283,0.7182929515838623,0.8813883066177368,3.0296053886413574,-0.01494687795639038,-0.0036493539810180664,0.04503464698791504,-0.013833165168762207,-0.008422613143920898,-0.0019214153289794922
1769651494.0762882,full,goal16.png,0.8098012208938599,-0.9606486558914185,-0.7870150208473206,-1.8151240348815918,0.7257648706436157,0.8866453766822815,3.0309059619903564,-0.9751523733139038,-0.7927244305610657,-1.7710825204849243,0.7144519090652466,0.8788070678710938,3.029444932937622,-0.014503717422485352,-0.005709409713745117,0.04404151439666748,-0.01131296157836914,-0.007838308811187744,-0.001461029052734375
1769651494.1718736,full,goal16.png,0.800987958908081,-0.9664950370788574,-0.7998285889625549,-1.7982211112976074,0.7204334735870361,0.8836313486099243,3.029860734939575,-0.9819020628929138,-0.8079959750175476,-1.7572927474975586,0.7097818851470947,0.8780304193496704,3.0311074256896973,-0.015407025814056396,-0.008167386054992676,0.04092836380004883,-0.010651588439941406,-0.005600929260253906,0.0012466907501220703
1769651494.2710977,full,goal16.png,0.8148882389068604,-0.9722504615783691,-0.8165496587753296,-1.783559799194336,0.7165863513946533,0.8805869817733765,3.029815435409546,-0.9880650043487549,-0.8238462209701538,-1.7449820041656494,0.705767035484314,0.8784409761428833,3.034280776977539,-0.015814542770385742,-0.007296562194824219,0.03857779502868652,-0.010819315910339355,-0.002146005630493164,0.004465341567993164
1769651494.3725471,full,goal16.png,0.7936792373657227,-0.9799143671989441,-0.8336343169212341,-1.7680503129959106,0.7120121717453003,0.8790572285652161,3.0311028957366943,-0.9971714019775391,-0.8397226929664612,-1.7281394004821777,0.6973472833633423,0.8776165246963501,3.0363969802856445,-0.01725703477859497,-0.006088376045227051,0.03991091251373291,-0.014664888381958008,-0.0014407038688659668,0.005294084548950195
1769651494.4738271,full,goal16.png,0.7925395965576172,-0.9871541261672974,-0.8473566770553589,-1.7558729648590088,0.7080439925193787,0.8783757090568542,3.032662868499756,-1.0078456401824951,-0.8544443845748901,-1.7072348594665527,0.6874015927314758,0.8759467601776123,3.0357563495635986,-0.020691514015197754,-0.00708770751953125,0.048638105392456055,-0.020642399787902832,-0.0024289488792419434,0.0030934810638427734
1769651494.5731237,full,goal16.png,0.7965857982635498,-0.9943333268165588,-0.8628964424133301,-1.739121437072754,0.7003195285797119,0.8773911595344543,3.034677267074585,-1.0183840990066528,-0.8699698448181152,-1.683542251586914,0.6782907843589783,0.8737160563468933,3.035170316696167,-0.024050772190093994,-0.007073402404785156,0.055579185485839844,-0.022028744220733643,-0.003675103187561035,0.0004930496215820312
1769651494.6737144,full,goal16.png,0.791641116142273,-1.005056619644165,-0.8776485323905945,-1.718462347984314,0.6897174715995789,0.8761491775512695,3.0353739261627197,-1.0288686752319336,-0.8867430686950684,-1.6615681648254395,0.6693289279937744,0.8712543845176697,3.034454584121704,-0.023812055587768555,-0.009094536304473877,0.05689418315887451,-0.020388543605804443,-0.0048947930335998535,-0.000919342041015625
1769651494.7744355,full,goal16.png,0.7795599102973938,-1.0163859128952026,-0.8907952308654785,-1.696561336517334,0.6817505955696106,0.8745437860488892,3.035616159439087,-1.037298560142517,-0.903558611869812,-1.6421945095062256,0.6623830795288086,0.8709261417388916,3.0370876789093018,-0.020912647247314453,-0.012763381004333496,0.0543668270111084,-0.019367516040802002,-0.0036176443099975586,0.0014715194702148438
1769651494.873446,full,goal16.png,0.7768568992614746,-1.0259884595870972,-0.9101821184158325,-1.6755386590957642,0.6731778979301453,0.8726959824562073,3.035252809524536,-1.0422751903533936,-0.9183546304702759,-1.6268985271453857,0.6612675189971924,0.8735537528991699,3.042886734008789,-0.016286730766296387,-0.00817251205444336,0.04864013195037842,-0.01191037893295288,0.0008577704429626465,0.00763392448425293
1769651494.9717138,full,goal16.png,0.7723939418792725,-1.0335007905960083,-0.9286299347877502,-1.6561214923858643,0.6657261252403259,0.8714236617088318,3.0369794368743896,-1.0449811220169067,-0.93426513671875,-1.610459327697754,0.6626429557800293,0.8762624859809875,3.047344923019409,-0.011480331420898438,-0.005635201930999756,0.04566216468811035,-0.003083169460296631,0.004838824272155762,0.010365486145019531
1769651495.0746686,full,goal16.png,0.7783865332603455,-1.0402861833572388,-0.9448967576026917,-1.6372497081756592,0.6631513833999634,0.8729836940765381,3.0415384769439697,-1.048144817352295,-0.9518283009529114,-1.5931261777877808,0.6632990837097168,0.8774831295013428,3.049671173095703,-0.007858633995056152,-0.0069315433502197266,0.04412353038787842,0.00014770030975341797,0.0044994354248046875,0.008132696151733398
1769651495.173758,full,goal16.png,0.7890571355819702,-1.0441635847091675,-0.9615875482559204,-1.6225882768630981,0.6630908250808716,0.8752859234809875,3.0449917316436768,-1.0510876178741455,-0.9697695374488831,-1.5765706300735474,0.662999153137207,0.8785783052444458,3.0515878200531006,-0.006924033164978027,-0.008181989192962646,0.04601764678955078,-9.167194366455078e-05,0.003292381763458252,0.006596088409423828
1769651495.273708,full,goal16.png,0.7794725894927979,-1.0464657545089722,-0.9782177805900574,-1.6056854724884033,0.6632422208786011,0.8769822716712952,3.047687530517578,-1.0549055337905884,-0.9871411323547363,-1.559183120727539,0.6600089073181152,0.8777168989181519,3.051753282546997,-0.008439779281616211,-0.008923351764678955,0.04650235176086426,-0.00323331356048584,0.0007346272468566895,0.004065752029418945
1769651495.3722613,full,goal16.png,0.7871850728988647,-1.0494647026062012,-0.9959083795547485,-1.5872377157211304,0.6629999876022339,0.8778001666069031,3.049596071243286,-1.0604515075683594,-1.004399061203003,-1.5408178567886353,0.6534782648086548,0.8748663067817688,3.05000901222229,-0.010986804962158203,-0.008490681648254395,0.04641985893249512,-0.009521722793579102,-0.0029338598251342773,0.00041294097900390625
1769651495.4739752,full,goal16.png,0.7691634893417358,-1.0538569688796997,-1.011175513267517,-1.5705467462539673,0.6607280373573303,0.8775729537010193,3.050126075744629,-1.0649850368499756,-1.019756555557251,-1.5208836793899536,0.6475285291671753,0.872564435005188,3.0492727756500244,-0.011128067970275879,-0.008581042289733887,0.04966306686401367,-0.01319950819015503,-0.005008518695831299,-0.0008533000946044922
1769651495.572412,full,goal16.png,0.762925386428833,-1.0591278076171875,-1.028199553489685,-1.5520989894866943,0.6560024619102478,0.8765278458595276,3.0498383045196533,-1.0674591064453125,-1.0323739051818848,-1.5021640062332153,0.6471215486526489,0.8708285093307495,3.052431583404541,-0.008331298828125,-0.004174351692199707,0.049934983253479004,-0.008880913257598877,-0.005699336528778076,0.0025932788848876953
1769651495.6753798,full,goal16.png,0.7451465129852295,-1.0631263256072998,-1.0464656352996826,-1.5346205234527588,0.6508529186248779,0.8746194839477539,3.0497171878814697,-1.0705006122589111,-1.0449557304382324,-1.481532096862793,0.6469982862472534,0.8661420345306396,3.049349546432495,-0.007374286651611328,0.0015099048614501953,0.05308842658996582,-0.0038546323776245117,-0.008477449417114258,-0.0003676414489746094
1769651495.771113,full,goal16.png,0.7300716638565063,-1.0662766695022583,-1.062580943107605,-1.51453697681427,0.6489142179489136,0.8723324537277222,3.051367998123169,-1.0757837295532227,-1.0577231645584106,-1.4611022472381592,0.6427723169326782,0.8623046875,3.0414679050445557,-0.009507060050964355,0.004857778549194336,0.05343472957611084,-0.0061419010162353516,-0.010027766227722168,-0.009900093078613281
1769651495.8752167,full,goal16.png,0.7289942502975464,-1.0698814392089844,-1.0740313529968262,-1.4933931827545166,0.6473994851112366,0.8677735328674316,3.048717498779297,-1.083924651145935,-1.0731685161590576,-1.4408766031265259,0.6352628469467163,0.8594967126846313,3.0265815258026123,-0.014043211936950684,0.0008628368377685547,0.05251657962799072,-0.012136638164520264,-0.008276820182800293,-0.02213597297668457
1769651495.9721792,full,goal16.png,0.719150960445404,-1.0739707946777344,-1.087935209274292,-1.4744607210159302,0.6437342166900635,0.8633963465690613,3.042825698852539,-1.0887606143951416,-1.0870606899261475,-1.4245541095733643,0.6338178515434265,0.8616577982902527,3.0139293670654297,-0.014789819717407227,0.0008745193481445312,0.04990661144256592,-0.009916365146636963,-0.0017385482788085938,-0.028896331787109375
1769651496.0790653,full,goal16.png,0.6998426914215088,-1.0813924074172974,-1.104656457901001,-1.4536501169204712,0.6375546455383301,0.861275851726532,3.030284881591797,-1.0900194644927979,-1.1011402606964111,-1.4109474420547485,0.6373388767242432,0.865399956703186,3.0018868446350098,-0.008627057075500488,0.0035161972045898438,0.042702674865722656,-0.00021576881408691406,0.004124104976654053,-0.02839803695678711
1769651496.1744318,full,goal16.png,0.6847907304763794,-1.087147831916809,-1.1168338060379028,-1.4375650882720947,0.6354342699050903,0.8612152934074402,3.019137382507324,-1.0911729335784912,-1.1168802976608276,-1.3945906162261963,0.6405126452445984,0.8667844533920288,2.9896159172058105,-0.004025101661682129,-4.649162292480469e-05,0.04297447204589844,0.005078375339508057,0.005569159984588623,-0.029521465301513672
1769651496.2739925,full,goal16.png,0.6847333312034607,-1.089540958404541,-1.128890037536621,-1.4230854511260986,0.6364036202430725,0.8642141819000244,3.0065360069274902,-1.095866322517395,-1.1350878477096558,-1.3729469776153564,0.6389351487159729,0.8650563955307007,2.9788737297058105,-0.006325364112854004,-0.006197810173034668,0.05013847351074219,0.0025315284729003906,0.0008422136306762695,-0.027662277221679688
1769651496.3720424,full,goal16.png,0.6759692430496216,-1.0902073383331299,-1.143702745437622,-1.4046982526779175,0.6383119821548462,0.8662740588188171,2.9937527179718018,-1.1008046865463257,-1.1512163877487183,-1.3515287637710571,0.6364267468452454,0.8642112016677856,2.9686012268066406,-0.0105973482131958,-0.007513642311096191,0.05316948890686035,-0.00188523530960083,-0.002062857151031494,-0.025151491165161133
1769651496.471393,full,goal16.png,0.6697288751602173,-1.0942966938018799,-1.162453532218933,-1.3843119144439697,0.6380392909049988,0.8652290105819702,2.9820449352264404,-1.1032748222351074,-1.1646333932876587,-1.334548830986023,0.6383530497550964,0.8642784357070923,2.9564337730407715,-0.008978128433227539,-0.002179861068725586,0.04976308345794678,0.00031375885009765625,-0.0009505748748779297,-0.025611162185668945
1769651496.5724306,full,goal16.png,0.654319703578949,-1.0995372533798218,-1.180749773979187,-1.365288496017456,0.6371608376502991,0.863865852355957,2.972805976867676,-1.1040997505187988,-1.1784167289733887,-1.3179394006729126,0.6440507173538208,0.8622256517410278,2.944580078125,-0.004562497138977051,0.00233304500579834,0.04734909534454346,0.0068898797035217285,-0.0016402006149291992,-0.02822589874267578
1769651496.6706717,full,goal16.png,0.6510757207870483,-1.1025664806365967,-1.1971074342727661,-1.347052812576294,0.6381604671478271,0.8636992573738098,2.959007978439331,-1.1063209772109985,-1.1923778057098389,-1.3008832931518555,0.6458488702774048,0.8590870499610901,2.931859016418457,-0.0037544965744018555,0.004729628562927246,0.04616951942443848,0.007688403129577637,-0.0046122074127197266,-0.027148962020874023
1769651496.7702234,full,goal16.png,0.6542865633964539,-1.102929949760437,-1.2109812498092651,-1.3289684057235718,0.6420075297355652,0.8621240854263306,2.947315216064453,-1.1089277267456055,-1.2078410387039185,-1.2807015180587769,0.6466307044029236,0.855842649936676,2.919679880142212,-0.005997776985168457,0.0031402111053466797,0.04826688766479492,0.0046231746673583984,-0.006281435489654541,-0.02763533592224121
1769651496.873308,full,goal16.png,0.6540673971176147,-1.1041415929794312,-1.2254910469055176,-1.3117929697036743,0.6442492008209229,0.858822226524353,2.935137987136841,-1.111262559890747,-1.2232997417449951,-1.2603099346160889,0.6483738422393799,0.8538048267364502,2.9083328247070312,-0.007120966911315918,0.002191305160522461,0.05148303508758545,0.004124641418457031,-0.005017399787902832,-0.02680516242980957
1769651496.972317,full,goal16.png,0.6660706996917725,-1.1077766418457031,-1.2406673431396484,-1.294102430343628,0.6458545923233032,0.8565806150436401,2.9236268997192383,-1.1122854948043823,-1.2377328872680664,-1.2406445741653442,0.6525197625160217,0.8516931533813477,2.8994383811950684,-0.004508852958679199,0.0029344558715820312,0.05345785617828369,0.006665170192718506,-0.0048874616622924805,-0.024188518524169922
1769651497.0727339,full,goal16.png,0.6549389362335205,-1.110805869102478,-1.2558737993240356,-1.2722619771957397,0.6481568217277527,0.8540815711021423,2.911283016204834,-1.1134814023971558,-1.2492611408233643,-1.2232449054718018,0.6551085114479065,0.849360466003418,2.8901984691619873,-0.0026755332946777344,0.006612658500671387,0.04901707172393799,0.006951689720153809,-0.004721105098724365,-0.02108454704284668
1769651497.1742437,full,goal16.png,0.6574311256408691,-1.1112298965454102,-1.266476035118103,-1.2543290853500366,0.6514889597892761,0.8517642617225647,2.9031496047973633,-1.115452766418457,-1.259398102760315,-1.205665111541748,0.6572108268737793,0.8453877568244934,2.8801441192626953,-0.004222869873046875,0.007077932357788086,0.048663973808288574,0.005721867084503174,-0.006376504898071289,-0.02300548553466797
1769651497.2709525,full,goal16.png,0.6594384908676147,-1.1115632057189941,-1.2762603759765625,-1.2369112968444824,0.6542758941650391,0.8495983481407166,2.8940467834472656,-1.117660641670227,-1.2692365646362305,-1.1882274150848389,0.6595380902290344,0.8417174816131592,2.8702893257141113,-0.00609743595123291,0.007023811340332031,0.048683881759643555,0.005262196063995361,-0.007880866527557373,-0.023757457733154297
1769651497.3711522,full,goal16.png,0.6610279083251953,-1.114410638809204,-1.2908004522323608,-1.2169185876846313,0.6567597985267639,0.8460693359375,2.8826117515563965,-1.1183778047561646,-1.2783037424087524,-1.173215627670288,0.6645196080207825,0.8387826681137085,2.8613784313201904,-0.003967165946960449,0.012496709823608398,0.04370296001434326,0.007759809494018555,-0.007286667823791504,-0.021233320236206055
1769651497.4693708,full,goal16.png,0.6702781319618225,-1.1170459985733032,-1.3038865327835083,-1.2014696598052979,0.6593345999717712,0.8425554633140564,2.8730392456054688,-1.1197357177734375,-1.287826657295227,-1.1578134298324585,0.6683605313301086,0.8363034725189209,2.8527917861938477,-0.0026897192001342773,0.01605987548828125,0.043656229972839355,0.009025931358337402,-0.006251990795135498,-0.020247459411621094
1769651497.574116,full,goal16.png,0.6587094068527222,-1.1181970834732056,-1.311398983001709,-1.1849606037139893,0.6631513833999634,0.83920818567276,2.8638155460357666,-1.1198982000350952,-1.297705888748169,-1.142449975013733,0.6728441715240479,0.835604727268219,2.8453547954559326,-0.0017011165618896484,0.013693094253540039,0.04251062870025635,0.009692788124084473,-0.0036034584045410156,-0.018460750579833984
1769651497.6741998,full,goal16.png,0.6630876064300537,-1.1185302734375,-1.3199715614318848,-1.1681182384490967,0.666725754737854,0.8367393612861633,2.8557426929473877,-1.120517611503601,-1.307746410369873,-1.1263035535812378,0.6766284108161926,0.8344800472259521,2.838064670562744,-0.0019873380661010742,0.012225151062011719,0.04181468486785889,0.009902656078338623,-0.0022593140602111816,-0.017678022384643555
1769651497.7732663,full,goal16.png,0.654425323009491,-1.1187726259231567,-1.3328458070755005,-1.1539416313171387,0.6711786389350891,0.8355429172515869,2.8480939865112305,-1.1205781698226929,-1.317378044128418,-1.1098442077636719,0.6809526085853577,0.8335732221603394,2.8310205936431885,-0.0018055438995361328,0.01546776294708252,0.0440974235534668,0.009773969650268555,-0.0019696950912475586,-0.017073392868041992
1769651497.8753426,full,goal16.png,0.6610609292984009,-1.119953989982605,-1.3448715209960938,-1.138522982597351,0.6753590106964111,0.8344978094100952,2.8402633666992188,-1.1208012104034424,-1.327114462852478,-1.094024419784546,0.6857003569602966,0.8319120407104492,2.820272207260132,-0.0008472204208374023,0.017757058143615723,0.044498562812805176,0.010341346263885498,-0.002585768699645996,-0.019991159439086914
1769651497.9754112,full,goal16.png,0.6600866317749023,-1.1203175783157349,-1.3523234128952026,-1.1225590705871582,0.6796907782554626,0.8336041569709778,2.8332812786102295,-1.1211512088775635,-1.3372293710708618,-1.077966570854187,0.6909418106079102,0.8284241557121277,2.8081302642822266,-0.0008336305618286133,0.01509404182434082,0.04459249973297119,0.01125103235244751,-0.005180001258850098,-0.02515101432800293
1769651498.0725207,full,goal16.png,0.6647735834121704,-1.1200449466705322,-1.361168622970581,-1.105595588684082,0.6842950582504272,0.8313019871711731,2.8228607177734375,-1.1214573383331299,-1.3459970951080322,-1.0626740455627441,0.6953103542327881,0.8242453932762146,2.7952189445495605,-0.0014123916625976562,0.015171527862548828,0.04292154312133789,0.01101529598236084,-0.007056593894958496,-0.027641773223876953
1769651498.169843,full,goal16.png,0.6579669117927551,-1.1201963424682617,-1.3697110414505005,-1.0896316766738892,0.6892024874687195,0.8283485770225525,2.8107893466949463,-1.121588945388794,-1.3545291423797607,-1.0482615232467651,0.6994536519050598,0.8222813606262207,2.7859556674957275,-0.0013926029205322266,0.015181899070739746,0.04137015342712402,0.010251164436340332,-0.006067216396331787,-0.02483367919921875
1769651498.2691133,full,goal16.png,0.663238525390625,-1.1205902099609375,-1.378071665763855,-1.0732438564300537,0.6930797100067139,0.8252587914466858,2.798914909362793,-1.1222658157348633,-1.3622359037399292,-1.0347400903701782,0.7034287452697754,0.8198307156562805,2.775851011276245,-0.0016756057739257812,0.01583576202392578,0.03850376605987549,0.010349035263061523,-0.0054280757904052734,-0.02306389808654785
1769651498.3723228,full,goal16.png,0.6643474102020264,-1.1208628416061401,-1.3852508068084717,-1.0580068826675415,0.6981083154678345,0.822426438331604,2.7881462574005127,-1.1226929426193237,-1.3699920177459717,-1.021665334701538,0.7096729278564453,0.816277265548706,2.766831636428833,-0.0018301010131835938,0.0152587890625,0.03634154796600342,0.01156461238861084,-0.006149172782897949,-0.021314620971679688
1769651498.471805,full,goal16.png,0.6665856242179871,-1.1212565898895264,-1.3921875953674316,-1.0445574522018433,0.7025611996650696,0.8200788497924805,2.779103994369507,-1.1235668659210205,-1.3774940967559814,-1.0091805458068848,0.715887725353241,0.8132809400558472,2.76001238822937,-0.0023102760314941406,0.014693498611450195,0.035376906394958496,0.013326525688171387,-0.006797909736633301,-0.01909160614013672
1769651498.5748324,full,goal16.png,0.6750978231430054,-1.1217715740203857,-1.3977916240692139,-1.0316529273986816,0.7086499333381653,0.8172919750213623,2.770591974258423,-1.123921275138855,-1.3854557275772095,-0.9962632060050964,0.7221969962120056,0.8107778429985046,2.7562830448150635,-0.0021497011184692383,0.012335896492004395,0.035389721393585205,0.013547062873840332,-0.006514132022857666,-0.014308929443359375
1769651498.673656,full,goal16.png,0.6656160354614258,-1.1223773956298828,-1.4032442569732666,-1.0195966958999634,0.7137691974639893,0.8141264915466309,2.763458251953125,-1.1244456768035889,-1.3929660320281982,-0.9847638607025146,0.7279436588287354,0.8074237108230591,2.752685785293579,-0.0020682811737060547,0.01027822494506836,0.03483283519744873,0.014174461364746094,-0.006702780723571777,-0.010772466659545898
1769651498.7740955,full,goal16.png,0.6698873043060303,-1.1231952905654907,-1.411453366279602,-1.0067529678344727,0.7197973728179932,0.8108549118041992,2.7579147815704346,-1.1247965097427368,-1.400890827178955,-0.9737582206726074,0.734079897403717,0.8027178049087524,2.748260259628296,-0.0016012191772460938,0.010562539100646973,0.032994747161865234,0.014282524585723877,-0.008137106895446777,-0.009654521942138672
1769651498.8729546,full,goal16.png,0.6650151610374451,-1.1236495971679688,-1.4202077388763428,-0.9939394593238831,0.7252801656723022,0.8080832362174988,2.7545979022979736,-1.1255539655685425,-1.4091099500656128,-0.9617671966552734,0.7391678094863892,0.7970007061958313,2.7447071075439453,-0.0019043684005737305,0.01109778881072998,0.03217226266860962,0.013887643814086914,-0.01108253002166748,-0.00989079475402832
1769651498.9715858,full,goal16.png,0.6663658022880554,-1.123740553855896,-1.4266902208328247,-0.9831858277320862,0.7313687801361084,0.8040392994880676,2.750584125518799,-1.1258742809295654,-1.4169856309890747,-0.9503911137580872,0.7449571490287781,0.7943931818008423,2.744342565536499,-0.0021337270736694336,0.00970458984375,0.03279471397399902,0.013588368892669678,-0.009646117687225342,-0.006241559982299805
1769651499.072308,full,goal16.png,0.6674628257751465,-1.1240737438201904,-1.43417227268219,-0.9697059392929077,0.7375180721282959,0.7992682456970215,2.746570587158203,-1.125351905822754,-1.4223021268844604,-0.9414557218551636,0.7500247359275818,0.7930899262428284,2.7451252937316895,-0.0012781620025634766,0.011870145797729492,0.02825021743774414,0.012506663799285889,-0.006178319454193115,-0.0014452934265136719
1769651499.171725,full,goal16.png,0.654840350151062,-1.1243160963058472,-1.4410789012908936,-0.9594066143035889,0.7427586317062378,0.7962239384651184,2.745192050933838,-1.1251407861709595,-1.426916241645813,-0.9325120449066162,0.7546442747116089,0.7911213636398315,2.743565320968628,-0.0008246898651123047,0.014162659645080566,0.026894569396972656,0.011885643005371094,-0.005102574825286865,-0.001626729965209961
1769651499.2725565,full,goal16.png,0.6603647470474243,-1.124194860458374,-1.4464102983474731,-0.9491074085235596,0.7478778958320618,0.7942700982093811,2.7448742389678955,-1.125199794769287,-1.4321411848068237,-0.9214131832122803,0.7600520849227905,0.7869027853012085,2.741056442260742,-0.001004934310913086,0.014269113540649414,0.027694225311279297,0.01217418909072876,-0.007367312908172607,-0.0038177967071533203
1769651499.3725193,full,goal16.png,0.656720757484436,-1.1238919496536255,-1.4512267112731934,-0.9388687610626221,0.7533305287361145,0.7919830083847046,2.7434656620025635,-1.1253348588943481,-1.439186930656433,-0.9090490341186523,0.765015184879303,0.7829306721687317,2.740269184112549,-0.0014429092407226562,0.012039780616760254,0.029819726943969727,0.011684656143188477,-0.0090523362159729,-0.0031964778900146484
1769651499.4731634,full,goal16.png,0.651107132434845,-1.12371027469635,-1.456558108329773,-0.9291450381278992,0.7586619257926941,0.7883025407791138,2.7416934967041016,-1.1254009008407593,-1.4469672441482544,-0.8979485034942627,0.7695615291595459,0.7782834768295288,2.7398548126220703,-0.0016906261444091797,0.009590864181518555,0.031196534633636475,0.010899603366851807,-0.010019063949584961,-0.00183868408203125
1769651499.5739555,full,goal16.png,0.6571791768074036,-1.123558759689331,-1.4635857343673706,-0.9168464541435242,0.763811469078064,0.784364640712738,2.740996837615967,-1.1259722709655762,-1.4536765813827515,-0.888180673122406,0.7738972306251526,0.7713430523872375,2.7352609634399414,-0.002413511276245117,0.00990915298461914,0.028665781021118164,0.010085761547088623,-0.013021588325500488,-0.005735874176025391
1769651499.6720214,full,goal16.png,0.6664066910743713,-1.123589038848877,-1.4694321155548096,-0.9065472483634949,0.7677191495895386,0.7801237106323242,2.7400577068328857,-1.1258232593536377,-1.4580363035202026,-0.8811150789260864,0.7773847579956055,0.7658626437187195,2.7269062995910645,-0.002234220504760742,0.011395812034606934,0.025432169437408447,0.009665608406066895,-0.014261066913604736,-0.013151407241821289
1769651499.7713115,full,goal16.png,0.659767746925354,-1.123589038848877,-1.4753087759017944,-0.8952785730361938,0.772081196308136,0.7730960249900818,2.7356350421905518,-1.125335454940796,-1.4619239568710327,-0.8746718764305115,0.7817078232765198,0.7632690072059631,2.7187886238098145,-0.0017464160919189453,0.013384819030761719,0.020606696605682373,0.009626626968383789,-0.009827017784118652,-0.016846418380737305
1769651499.871153,full,goal16.png,0.655407190322876,-1.1233770847320557,-1.4797313213348389,-0.8869180679321289,0.7754436135292053,0.7681130170822144,2.7295615673065186,-1.1247715950012207,-1.4654076099395752,-0.8690545558929443,0.7863773107528687,0.7622693181037903,2.711761236190796,-0.001394510269165039,0.014323711395263672,0.01786351203918457,0.01093369722366333,-0.005843698978424072,-0.017800331115722656
1769651499.973789,full,goal16.png,0.6580613851547241,-1.1229832172393799,-1.4835178852081299,-0.8808596730232239,0.7798056602478027,0.7646142840385437,2.7216098308563232,-1.1243098974227905,-1.47024405002594,-0.8617879748344421,0.7913929224014282,0.7605780959129333,2.705796480178833,-0.0013266801834106445,0.013273835182189941,0.01907169818878174,0.011587262153625488,-0.0040361881256103516,-0.015813350677490234
1769651500.073451,full,goal16.png,0.6514574289321899,-1.1223773956298828,-1.4873648881912231,-0.8748921155929565,0.7848037481307983,0.7628876566886902,2.71418833732605,-1.1239991188049316,-1.4740142822265625,-0.8551725745201111,0.7950358390808105,0.7577790021896362,2.6993227005004883,-0.0016217231750488281,0.013350605964660645,0.01971954107284546,0.010232090950012207,-0.005108654499053955,-0.014865636825561523
1769651500.17216,full,goal16.png,0.6456292867660522,-1.1220744848251343,-1.4911514520645142,-0.8676522970199585,0.7897414565086365,0.7612367272377014,2.708266258239746,-1.1237812042236328,-1.4781451225280762,-0.8472815155982971,0.7980523109436035,0.7533044219017029,2.6917178630828857,-0.0017067193984985352,0.013006329536437988,0.020370781421661377,0.008310854434967041,-0.007932305335998535,-0.01654839515686035
1769651500.272783,full,goal16.png,0.6486941576004028,-1.121559500694275,-1.4943926334381104,-0.86041259765625,0.7934067249298096,0.7585710287094116,2.701692819595337,-1.124354600906372,-1.4818153381347656,-0.8395099639892578,0.8013709187507629,0.7461757659912109,2.683506727218628,-0.002795100212097168,0.012577295303344727,0.020902633666992188,0.00796419382095337,-0.012395262718200684,-0.018186092376708984
1769651500.3741536,full,goal16.png,0.6541488170623779,-1.1211960315704346,-1.4977550506591797,-0.85293048620224,0.7966783046722412,0.7532548308372498,2.693953275680542,-1.124403715133667,-1.4840083122253418,-0.8343077301979065,0.8056445717811584,0.7393439412117004,2.674532890319824,-0.003207683563232422,0.01374673843383789,0.018622756004333496,0.008966267108917236,-0.013910889625549316,-0.019420385360717773
1769651500.4711723,full,goal16.png,0.6506671905517578,-1.1211354732513428,-1.5010266304016113,-0.8462056517601013,0.8001315593719482,0.7466208338737488,2.6855928897857666,-1.124354600906372,-1.4859564304351807,-0.8299453854560852,0.8104923963546753,0.7336750626564026,2.667445182800293,-0.003219127655029297,0.015070199966430664,0.016260266304016113,0.01036083698272705,-0.012945771217346191,-0.018147706985473633
1769651500.5715437,full,goal16.png,0.6571738719940186,-1.1209839582443237,-1.5035711526870728,-0.8402987122535706,0.8038575053215027,0.7405775785446167,2.677701711654663,-1.1246514320373535,-1.4882848262786865,-0.8264458775520325,0.8148050904273987,0.7290485501289368,2.661754608154297,-0.003667473793029785,0.01528632640838623,0.013852834701538086,0.010947585105895996,-0.011529028415679932,-0.01594710350036621
1769651500.6711562,full,goal16.png,0.6550373435020447,-1.120741605758667,-1.5059036016464233,-0.835573136806488,0.8085829615592957,0.734822154045105,2.670219659805298,-1.1258549690246582,-1.4906415939331055,-0.821481466293335,0.8195043802261353,0.723347544670105,2.655008554458618,-0.005113363265991211,0.015262007713317871,0.014091670513153076,0.0109214186668396,-0.011474609375,-0.015211105346679688
1769651500.7721343,full,goal16.png,0.6502256393432617,-1.120711326599121,-1.5084784030914307,-0.8311505317687988,0.81336909532547,0.729551374912262,2.663827896118164,-1.1277190446853638,-1.4925117492675781,-0.8155149221420288,0.8237349987030029,0.7180572152137756,2.6481170654296875,-0.007007718086242676,0.01596665382385254,0.01563560962677002,0.010365903377532959,-0.011494159698486328,-0.015710830688476562
1769651500.8731225,full,goal16.png,0.6452620029449463,-1.1211960315704346,-1.5106897354125977,-0.8269702792167664,0.8181855082511902,0.7243260145187378,2.6571788787841797,-1.1292577981948853,-1.4948846101760864,-0.8086463212966919,0.827812671661377,0.7129111289978027,2.6422715187072754,-0.008061766624450684,0.01580512523651123,0.018323957920074463,0.009627163410186768,-0.011414885520935059,-0.014907360076904297
1769651500.9757545,full,goal16.png,0.6428448557853699,-1.1221047639846802,-1.512779951095581,-0.8219417929649353,0.8220931887626648,0.7194186449050903,2.6506662368774414,-1.1309967041015625,-1.4970636367797852,-0.8023192882537842,0.8300915360450745,0.7066559791564941,2.6372485160827637,-0.008891940116882324,0.0157163143157959,0.019622504711151123,0.007998347282409668,-0.012762665748596191,-0.013417720794677734
1769651501.0726368,full,goal16.png,0.6489948034286499,-1.1236799955368042,-1.5153546333312988,-0.8150655627250671,0.8260311484336853,0.7141630053520203,2.6447441577911377,-1.1324522495269775,-1.4994475841522217,-0.7963487505912781,0.832168459892273,0.6992988586425781,2.630455493927002,-0.00877225399017334,0.01590704917907715,0.018716812133789062,0.0061373114585876465,-0.014864146709442139,-0.014288663864135742
1769651501.172465,full,goal16.png,0.6484518051147461,-1.1254066228866577,-1.5179295539855957,-0.8084315657615662,0.82833331823349,0.7078925967216492,2.6388370990753174,-1.133743166923523,-1.5011537075042725,-0.7917643785476685,0.835060715675354,0.6919756531715393,2.6229445934295654,-0.008336544036865234,0.016775846481323242,0.016667187213897705,0.006727397441864014,-0.015916943550109863,-0.015892505645751953
1769651501.2702987,full,goal16.png,0.6462811231613159,-1.1263456344604492,-1.519898533821106,-0.8024035096168518,0.8306052684783936,0.7013494968414307,2.632596969604492,-1.1347990036010742,-1.503275752067566,-0.7876332998275757,0.8390644192695618,0.686073362827301,2.6165080070495605,-0.008453369140625,0.01662278175354004,0.014770209789276123,0.008459150791168213,-0.015276134014129639,-0.01608896255493164
1769651501.3706872,full,goal16.png,0.6543387770652771,-1.1277087926864624,-1.5215343236923218,-0.7973447442054749,0.8339071273803711,0.6931555867195129,2.624645233154297,-1.135783314704895,-1.5040268898010254,-0.7841468453407288,0.8427844047546387,0.6805030703544617,2.6099371910095215,-0.008074522018432617,0.017507433891296387,0.013197898864746094,0.008877277374267578,-0.01265251636505127,-0.01470804214477539
1769651501.4721105,full,goal16.png,0.6579009294509888,-1.1289809942245483,-1.5229883193969727,-0.793437123298645,0.8376935124397278,0.6875969767570496,2.618480920791626,-1.1369928121566772,-1.5035661458969116,-0.782197117805481,0.8451000452041626,0.6765815019607544,2.6030426025390625,-0.008011817932128906,0.019422173500061035,0.011240005493164062,0.0074065327644348145,-0.011015474796295166,-0.015438318252563477
1769651501.5717435,full,goal16.png,0.6504637598991394,-1.1303138732910156,-1.5238364934921265,-0.7896808385848999,0.841480016708374,0.682038426399231,2.612013578414917,-1.1382430791854858,-1.5034440755844116,-0.780276358127594,0.8484589457511902,0.6735860705375671,2.5954408645629883,-0.007929205894470215,0.020392417907714844,0.009404480457305908,0.006978929042816162,-0.008452355861663818,-0.01657271385192871
1769651501.6724463,full,goal16.png,0.6556528806686401,-1.1308894157409668,-1.5241999626159668,-0.787196934223175,0.8446304798126221,0.6783579587936401,2.6053645610809326,-1.1401393413543701,-1.5039536952972412,-0.7793128490447998,0.8501341938972473,0.6707309484481812,2.591404438018799,-0.00924992561340332,0.020246267318725586,0.007884085178375244,0.005503714084625244,-0.007627010345458984,-0.013960123062133789
1769651501.7735736,full,goal16.png,0.6525301933288574,-1.1321314573287964,-1.5243816375732422,-0.7849250435829163,0.8475688099861145,0.6749047040939331,2.5981247425079346,-1.1412806510925293,-1.5044543743133545,-0.7777448296546936,0.8515263199806213,0.6659320592880249,2.5898139476776123,-0.00914919376373291,0.019927263259887695,0.007180213928222656,0.003957509994506836,-0.008972644805908203,-0.008310794830322266
1769651501.8723986,full,goal16.png,0.6572015285491943,-1.1339792013168335,-1.5246846675872803,-0.783592164516449,0.8493862152099609,0.6716331243515015,2.593883752822876,-1.1410279273986816,-1.5049408674240112,-0.7753653526306152,0.8544844388961792,0.6619491577148438,2.5873188972473145,-0.0070487260818481445,0.019743800163269043,0.00822681188583374,0.005098223686218262,-0.009683966636657715,-0.0065648555755615234
1769651501.986357,full,goal16.png,0.6500130295753479,-1.1354029178619385,-1.524957299232483,-0.7820170521736145,0.8511431813240051,0.6678617596626282,2.5907790660858154,-1.140641212463379,-1.5061763525009155,-0.7713785171508789,0.8578449487686157,0.6624739170074463,2.584618091583252,-0.00523829460144043,0.018780946731567383,0.010638535022735596,0.006701767444610596,-0.005387842655181885,-0.0061609745025634766
1769651502.0864623,full,goal16.png,0.6619406342506409,-1.1356452703475952,-1.5254418849945068,-0.7802297472953796,0.8533848524093628,0.6651052236557007,2.5886282920837402,-1.1400270462036133,-1.5067976713180542,-0.769029438495636,0.8612282872200012,0.6653542518615723,2.581352472305298,-0.004381775856018066,0.018644213676452637,0.011200308799743652,0.007843434810638428,0.00024902820587158203,-0.007275819778442383
1769651502.169908,full,goal16.png,0.6585028767585754,-1.1355241537094116,-1.526168942451477,-0.777109682559967,0.8561110496520996,0.6638177633285522,2.586613893508911,-1.1397141218185425,-1.506998896598816,-0.767179548740387,0.8624275922775269,0.6688292026519775,2.5778725147247314,-0.004189968109130859,0.019170045852661133,0.009930133819580078,0.006316542625427246,0.005011439323425293,-0.008741378784179688
1769651502.2696667,full,goal16.png,0.6581374406814575,-1.1352211236953735,-1.52680504322052,-0.7748075127601624,0.8592008948326111,0.6654838919639587,2.583766460418701,-1.1389193534851074,-1.5072851181030273,-0.7656378149986267,0.8634933233261108,0.6691570281982422,2.5738584995269775,-0.0036982297897338867,0.019519925117492676,0.009169697761535645,0.004292428493499756,0.0036731362342834473,-0.009907960891723633
1769651502.3720667,full,goal16.png,0.6519989967346191,-1.1349486112594604,-1.5272594690322876,-0.7728688716888428,0.8611093163490295,0.6679981350898743,2.57997989654541,-1.138352394104004,-1.5084834098815918,-0.7641861438751221,0.8637943267822266,0.6690638661384583,2.570208787918091,-0.003403782844543457,0.0187760591506958,0.008682727813720703,0.0026850104331970215,0.0010657310485839844,-0.009771108627319336
1769651502.4732475,full,goal16.png,0.645078182220459,-1.134433627128601,-1.527622938156128,-0.7715056538581848,0.8625026345252991,0.6690583229064941,2.5760116577148438,-1.1374273300170898,-1.5103570222854614,-0.7612193822860718,0.8652300834655762,0.670067548751831,2.568840742111206,-0.0029937028884887695,0.017265915870666504,0.010286271572113037,0.0027274489402770996,0.001009225845336914,-0.007170915603637695
1769651502.5726717,full,goal16.png,0.6470023393630981,-1.1339792013168335,-1.5283499956130981,-0.7698093056678772,0.8631994128227234,0.6698610186576843,2.572906732559204,-1.1366068124771118,-1.5119069814682007,-0.75874263048172,0.8678871989250183,0.6710273027420044,2.5653815269470215,-0.0026276111602783203,0.01644301414489746,0.011066675186157227,0.004687786102294922,0.0011662840843200684,-0.007525205612182617
1769651502.672096,full,goal16.png,0.6484891176223755,-1.1335551738739014,-1.529622197151184,-0.7675071954727173,0.8645322918891907,0.6708152294158936,2.570498466491699,-1.1359354257583618,-1.5142276287078857,-0.7550798058509827,0.871487021446228,0.6733298897743225,2.56087327003479,-0.0023802518844604492,0.01539456844329834,0.01242738962173462,0.0069547295570373535,0.002514660358428955,-0.00962519645690918
1769651502.7731423,full,goal16.png,0.6435668468475342,-1.1326463222503662,-1.5311367511749268,-0.7644173502922058,0.8675917387008667,0.6722692251205444,2.5666816234588623,-1.1356446743011475,-1.515710711479187,-0.7525675296783447,0.8743782043457031,0.6741191148757935,2.5555737018585205,-0.00299835205078125,0.015426039695739746,0.011849820613861084,0.006786465644836426,0.0018498897552490234,-0.011107921600341797
1769651502.8712025,full,goal16.png,0.6425838470458984,-1.1319799423217773,-1.5330451726913452,-0.7607823610305786,0.8707724809646606,0.6732688546180725,2.563288927078247,-1.135701060295105,-1.5163161754608154,-0.7512712478637695,0.8757551908493042,0.6737707257270813,2.55245304107666,-0.0037211179733276367,0.016728997230529785,0.009511113166809082,0.004982709884643555,0.0005018711090087891,-0.010835886001586914
1769651502.9705632,full,goal16.png,0.6461602449417114,-1.131616473197937,-1.534529447555542,-0.7579348683357239,0.8733775019645691,0.674374520778656,2.559002637863159,-1.1361769437789917,-1.5160773992538452,-0.7512926459312439,0.8778532147407532,0.6717793941497803,2.54946231842041,-0.0045604705810546875,0.018452048301696777,0.0066422224044799805,0.004475712776184082,-0.0025951266288757324,-0.009540319442749023
1769651503.070016,full,goal16.png,0.6510783433914185,-1.131464958190918,-1.5355898141860962,-0.7562991380691528,0.8751345276832581,0.6740110516548157,2.5547921657562256,-1.1362543106079102,-1.5163824558258057,-0.7509907484054565,0.8799838423728943,0.6712661981582642,2.546802043914795,-0.0047893524169921875,0.019207358360290527,0.005308389663696289,0.0048493146896362305,-0.0027448534965515137,-0.007990121841430664
1769651503.1705449,full,goal16.png,0.6486334204673767,-1.1315255165100098,-1.5358623266220093,-0.7557235956192017,0.8771337270736694,0.6731628775596619,2.5516114234924316,-1.1359002590179443,-1.516793131828308,-0.7514021992683411,0.8826111555099487,0.6721531748771667,2.5442304611206055,-0.00437474250793457,0.019069194793701172,0.004321396350860596,0.005477428436279297,-0.0010097026824951172,-0.007380962371826172
1769651503.270703,full,goal16.png,0.6439355611801147,-1.1315255165100098,-1.5361652374267578,-0.7552691698074341,0.8790421485900879,0.6724509596824646,2.548870086669922,-1.1354105472564697,-1.516780972480774,-0.7522314786911011,0.8868688941001892,0.6713017821311951,2.540060520172119,-0.003885030746459961,0.019384264945983887,0.003037691116333008,0.007826745510101318,-0.0011491775512695312,-0.008809566497802734
1769651503.3721447,full,goal16.png,0.6475467681884766,-1.131434679031372,-1.5363773107528687,-0.7552691698074341,0.8820107579231262,0.6724661588668823,2.54549241065979,-1.135269045829773,-1.516958475112915,-0.7523398399353027,0.8932173252105713,0.6682649254798889,2.5335566997528076,-0.003834366798400879,0.019418835639953613,0.0029293298721313477,0.011206567287445068,-0.004201233386993408,-0.011935710906982422
1769651503.4727182,full,goal16.png,0.6437067985534668,-1.1312226057052612,-1.5365591049194336,-0.7552995681762695,0.885524570941925,0.6718754172325134,2.541266918182373,-1.135535478591919,-1.517635703086853,-0.7518061399459839,0.9010926485061646,0.6649459600448608,2.5261950492858887,-0.004312872886657715,0.018923401832580566,0.0034934282302856445,0.015568077564239502,-0.006929457187652588,-0.015071868896484375
1769651503.5727305,full,goal16.png,0.6337708234786987,-1.13101065158844,-1.5367710590362549,-0.7552388906478882,0.8915526270866394,0.6696035861968994,2.5360262393951416,-1.1353871822357178,-1.5193532705307007,-0.7501895427703857,0.9075400829315186,0.6640958786010742,2.5204262733459473,-0.004376530647277832,0.0174177885055542,0.005049347877502441,0.01598745584487915,-0.005507707595825195,-0.015599966049194336
1769651503.6700335,full,goal16.png,0.6407711505889893,-1.1311923265457153,-1.5371043682098389,-0.7546027898788452,0.899095356464386,0.666256308555603,2.529740571975708,-1.1353453397750854,-1.5217682123184204,-0.7466981410980225,0.9136557579040527,0.663792073726654,2.5172507762908936,-0.004153013229370117,0.015336155891418457,0.007904648780822754,0.014560401439666748,-0.0024642348289489746,-0.012489795684814453
1769651503.770355,full,goal16.png,0.6433878540992737,-1.1314043998718262,-1.5380131006240845,-0.7526641488075256,0.9059110879898071,0.6647568345069885,2.523545980453491,-1.1360912322998047,-1.524101972579956,-0.7420157790184021,0.9197165966033936,0.6602476835250854,2.5124118328094482,-0.004686832427978516,0.013911128044128418,0.010648369789123535,0.013805508613586426,-0.004509150981903076,-0.011134147644042969
1769651503.8692214,full,goal16.png,0.6510988473892212,-1.1314043998718262,-1.539709448814392,-0.7493622899055481,0.9115453958511353,0.6633633971214294,2.5193355083465576,-1.1366591453552246,-1.5260164737701416,-0.7369873523712158,0.9267978072166443,0.6557178497314453,2.505861759185791,-0.0052547454833984375,0.013692975044250488,0.012374937534332275,0.015252411365509033,-0.007645547389984131,-0.013473749160766602
1769651503.9704566,full,goal16.png,0.647025465965271,-1.1317073106765747,-1.5423448085784912,-0.7455151677131653,0.917361319065094,0.661227822303772,2.514594793319702,-1.1368423700332642,-1.527591347694397,-0.7322083711624146,0.9352573156356812,0.6504647135734558,2.498251438140869,-0.005135059356689453,0.014753460884094238,0.013306796550750732,0.017895996570587158,-0.010763108730316162,-0.016343355178833008
1769651504.0696769,full,goal16.png,0.6444109082221985,-1.1321314573287964,-1.544768214225769,-0.7409108281135559,0.9253584742546082,0.6562750935554504,2.506915807723999,-1.1366132497787476,-1.53049898147583,-0.7277244329452515,0.943933367729187,0.6473803520202637,2.4921483993530273,-0.004481792449951172,0.014269232749938965,0.013186395168304443,0.018574893474578857,-0.008894741535186768,-0.01476740837097168
1769651504.1718702,full,goal16.png,0.6496801376342773,-1.1325554847717285,-1.546676516532898,-0.736639678478241,0.9333859086036682,0.6520493626594543,2.5002665519714355,-1.1358697414398193,-1.532832145690918,-0.7237080335617065,0.9527802467346191,0.6448621153831482,2.486316680908203,-0.0033142566680908203,0.01384437084197998,0.012931644916534424,0.019394338130950928,-0.007187247276306152,-0.013949871063232422
1769651504.273784,full,goal16.png,0.6439094543457031,-1.1327978372573853,-1.5489182472229004,-0.732217013835907,0.9412012100219727,0.6492927670478821,2.494511127471924,-1.1346696615219116,-1.534398078918457,-0.7190142273902893,0.9579259753227234,0.6437652111053467,2.48215389251709,-0.0018718242645263672,0.01452016830444336,0.013202786445617676,0.016724765300750732,-0.0055275559425354,-0.012357234954833984
1769651504.372651,full,goal16.png,0.6497473120689392,-1.1325554847717285,-1.5509477853775024,-0.7276430130004883,0.9498646259307861,0.6468392014503479,2.488422393798828,-1.1335244178771973,-1.5355143547058105,-0.7135093212127686,0.9610151052474976,0.6433745622634888,2.4791035652160645,-0.00096893310546875,0.015433430671691895,0.014133691787719727,0.011150479316711426,-0.003464639186859131,-0.009318828582763672
1769651504.4713366,full,goal16.png,0.6522082090377808,-1.1319799423217773,-1.5526138544082642,-0.72306889295578,0.9555595517158508,0.6453700065612793,2.4843482971191406,-1.132559061050415,-1.5376498699188232,-0.7069941163063049,0.9650540351867676,0.6453221440315247,2.477013349533081,-0.0005791187286376953,0.014963984489440918,0.016074776649475098,0.009494483470916748,-4.786252975463867e-05,-0.00733494758605957
1769651504.5723636,full,goal16.png,0.6446732878684998,-1.1311923265457153,-1.5544313192367554,-0.7178888916969299,0.9591643810272217,0.6446581482887268,2.481243371963501,-1.13071608543396,-1.539569616317749,-0.7014567852020264,0.9720138907432556,0.6483428478240967,2.4736452102661133,0.0004762411117553711,0.014861702919006348,0.016432106494903564,0.012849509716033936,0.003684699535369873,-0.007598161697387695
1769651504.673006,full,goal16.png,0.649067759513855,-1.1305865049362183,-1.556915283203125,-0.711982011795044,0.9641019105911255,0.6461272835731506,2.4786534309387207,-1.1278682947158813,-1.5412635803222656,-0.6958949565887451,0.9798287749290466,0.6537337899208069,2.4699127674102783,0.002718210220336914,0.015651702880859375,0.016087055206298828,0.015726864337921143,0.00760650634765625,-0.008740663528442383
1769651504.7708466,full,goal16.png,0.652173638343811,-1.1292839050292969,-1.5588842630386353,-0.7064385414123535,0.9696149826049805,0.6488838791847229,2.475351572036743,-1.1244115829467773,-1.542435884475708,-0.6895671486854553,0.9846774935722351,0.6594652533531189,2.4658775329589844,0.004872322082519531,0.016448378562927246,0.016871392726898193,0.015062510967254639,0.010581374168395996,-0.009474039077758789
1769651504.8730376,full,goal16.png,0.648436427116394,-1.1273149251937866,-1.5607622861862183,-0.7007437348365784,0.9771274924278259,0.6534124612808228,2.4709439277648926,-1.1218050718307495,-1.5444259643554688,-0.681199848651886,0.9888196587562561,0.6640075445175171,2.459393262863159,0.005509853363037109,0.01633632183074951,0.019543886184692383,0.011692166328430176,0.010595083236694336,-0.011550664901733398
1769651504.9722176,full,goal16.png,0.6493414044380188,-1.124528169631958,-1.5628525018692017,-0.6938068270683289,0.9831252098083496,0.6583198308944702,2.466369867324829,-1.1200158596038818,-1.5468218326568604,-0.6727764010429382,0.9945412874221802,0.6657711863517761,2.451449155807495,0.004512310028076172,0.01603066921234131,0.021030426025390625,0.011416077613830566,0.007451355457305908,-0.014920711517333984
1769651505.072994,full,goal16.png,0.6477371454238892,-1.122347116470337,-1.5654878616333008,-0.6873546838760376,0.9875478744506836,0.6627424359321594,2.461008310317993,-1.1186362504959106,-1.550171971321106,-0.6651122570037842,1.0022581815719604,0.6669642925262451,2.4431679248809814,0.0037108659744262695,0.015315890312194824,0.022242426872253418,0.014710307121276855,0.004221856594085693,-0.01784038543701172
1769651505.1740944,full,goal16.png,0.6430397629737854,-1.1203478574752808,-1.5680930614471436,-0.6801149249076843,0.9929701089859009,0.6657262444496155,2.4535109996795654,-1.1171207427978516,-1.5519678592681885,-0.6609447598457336,1.0097107887268066,0.6678861379623413,2.436483860015869,0.0032271146774291992,0.016125202178955078,0.019170165061950684,0.01674067974090576,0.00215989351272583,-0.01702713966369629
1769651505.2698736,full,goal16.png,0.6446927189826965,-1.1187726259231567,-1.571273684501648,-0.6723601818084717,0.9995434880256653,0.6668924689292908,2.446225881576538,-1.1165895462036133,-1.5546075105667114,-0.6566268801689148,1.0168845653533936,0.6680185794830322,2.4303107261657715,0.002183079719543457,0.016666173934936523,0.015733301639556885,0.01734107732772827,0.001126110553741455,-0.0159151554107666
1769651505.3719723,full,goal16.png,0.63897705078125,-1.1176215410232544,-1.5736666917800903,-0.6662108302116394,1.0080857276916504,0.6675891280174255,2.4384710788726807,-1.1169610023498535,-1.5572352409362793,-0.6512089967727661,1.0242480039596558,0.666260838508606,2.4231693744659424,0.0006605386734008789,0.016431450843811035,0.015001833438873291,0.01616227626800537,-0.00132828950881958,-0.015301704406738281
1769651505.4698803,full,goal16.png,0.6428738832473755,-1.1168642044067383,-1.5759083032608032,-0.6614247560501099,1.0150530338287354,0.6679375171661377,2.4316704273223877,-1.1169642210006714,-1.5599825382232666,-0.6441895365715027,1.0329391956329346,0.6641979217529297,2.4136946201324463,-0.00010001659393310547,0.01592576503753662,0.017235219478607178,0.01788616180419922,-0.003739595413208008,-0.017975807189941406
1769651505.5718455,full,goal16.png,0.6496300101280212,-1.1167430877685547,-1.5784831047058105,-0.6560328006744385,1.022232174873352,0.6669227480888367,2.424112558364868,-1.1161925792694092,-1.5618969202041626,-0.6374969482421875,1.0408706665039062,0.6629152297973633,2.404521942138672,0.0005505084991455078,0.01658618450164795,0.018535852432250977,0.0186384916305542,-0.004007518291473389,-0.01959061622619629
1769651505.6729949,full,goal16.png,0.6437709331512451,-1.1163796186447144,-1.5813305377960205,-0.6497926712036133,1.0303200483322144,0.6651809215545654,2.4160397052764893,-1.1153969764709473,-1.5635557174682617,-0.6313831210136414,1.0478417873382568,0.662916898727417,2.397329807281494,0.0009826421737670898,0.01777482032775879,0.018409550189971924,0.01752173900604248,-0.0022640228271484375,-0.018709897994995117
1769651505.771737,full,goal16.png,0.6437544822692871,-1.1155011653900146,-1.5840568542480469,-0.6426436901092529,1.0393168926239014,0.6640450358390808,2.407179355621338,-1.114733099937439,-1.5646131038665771,-0.6272121071815491,1.0533183813095093,0.6637294888496399,2.3922150135040283,0.0007680654525756836,0.019443750381469727,0.015431582927703857,0.01400148868560791,-0.00031554698944091797,-0.01496434211730957
1769651505.8724918,full,goal16.png,0.6515182256698608,-1.1149256229400635,-1.5859047174453735,-0.6372517347335815,1.0453145503997803,0.6637420654296875,2.399970054626465,-1.11468505859375,-1.5655498504638672,-0.6227828860282898,1.059899091720581,0.6630180478096008,2.386178970336914,0.00024056434631347656,0.020354866981506348,0.014468848705291748,0.014584541320800781,-0.0007240176200866699,-0.013791084289550781
1769651505.9722981,full,goal16.png,0.6424347162246704,-1.11444091796875,-1.5872678756713867,-0.6332229971885681,1.0507973432540894,0.6640601754188538,2.3939571380615234,-1.114122748374939,-1.5657042264938354,-0.619377076625824,1.067595362663269,0.6625670790672302,2.3794100284576416,0.00031816959381103516,0.02156364917755127,0.01384592056274414,0.016798019409179688,-0.0014930963516235352,-0.014547109603881836
1769651506.071608,full,goal16.png,0.6467481255531311,-1.1140470504760742,-1.5884491205215454,-0.6291638612747192,1.058188796043396,0.6635149121284485,2.3870503902435303,-1.1133482456207275,-1.5644588470458984,-0.61827552318573,1.0760178565979004,0.6629284024238586,2.3717801570892334,0.0006988048553466797,0.023990273475646973,0.010888338088989258,0.017829060554504395,-0.0005865097045898438,-0.015270233154296875
1769651506.17207,full,goal16.png,0.65001380443573,-1.1134412288665771,-1.589085340499878,-0.6261042952537537,1.0663068294525146,0.6627424359321594,2.380704402923584,-1.1122119426727295,-1.5633454322814941,-0.6176307201385498,1.084301471710205,0.6660470366477966,2.3637187480926514,0.0012292861938476562,0.02573990821838379,0.008473575115203857,0.01799464225769043,0.003304600715637207,-0.016985654830932617
1769651506.270665,full,goal16.png,0.6464132070541382,-1.1128051280975342,-1.589055061340332,-0.6243473887443542,1.0735163688659668,0.6636815071105957,2.3738279342651367,-1.1109753847122192,-1.5630236864089966,-0.6143624186515808,1.092368721961975,0.6692675352096558,2.3560562133789062,0.0018297433853149414,0.02603137493133545,0.009984970092773438,0.0188523530960083,0.005586028099060059,-0.01777172088623047
1769651506.3721244,full,goal16.png,0.6595025062561035,-1.1117448806762695,-1.5889945030212402,-0.6225904822349548,1.0810893774032593,0.666650116443634,2.3659520149230957,-1.110092282295227,-1.562889575958252,-0.6114650964736938,1.0997581481933594,0.6723513007164001,2.346705436706543,0.0016525983810424805,0.02610492706298828,0.011125385761260986,0.018668770790100098,0.005701184272766113,-0.019246578216552734
1769651506.4696178,full,goal16.png,0.6580783128738403,-1.1108967065811157,-1.5891156196594238,-0.6193795800209045,1.0907223224639893,0.6693612337112427,2.3576066493988037,-1.1087474822998047,-1.5610142946243286,-0.610379159450531,1.1066532135009766,0.675355851650238,2.337467670440674,0.002149224281311035,0.028101325035095215,0.009000420570373535,0.015930891036987305,0.005994617938995361,-0.020138978958129883
1769651506.5714543,full,goal16.png,0.6660194396972656,-1.1099879741668701,-1.5892064571380615,-0.6170470714569092,1.0979316234588623,0.6727993488311768,2.348231315612793,-1.1069393157958984,-1.5574675798416138,-0.6098490953445435,1.1139720678329468,0.6788901090621948,2.32867693901062,0.0030486583709716797,0.031738877296447754,0.007197976112365723,0.016040444374084473,0.006090760231018066,-0.01955437660217285
1769651506.6715732,full,goal16.png,0.6496016383171082,-1.1089277267456055,-1.5887824296951294,-0.6154718399047852,1.1040809154510498,0.6754651069641113,2.339385986328125,-1.1045207977294922,-1.5539014339447021,-0.6108893752098083,1.1230764389038086,0.6829973459243774,2.3198742866516113,0.004406929016113281,0.034880995750427246,0.004582464694976807,0.01899552345275879,0.007532238960266113,-0.019511699676513672
1769651506.772072,full,goal16.png,0.6497828960418701,-1.1074131727218628,-1.5871466398239136,-0.6148357391357422,1.1121084690093994,0.6791152358055115,2.3300106525421143,-1.1030645370483398,-1.5515681505203247,-0.6101527214050293,1.13319730758667,0.6859905123710632,2.3112740516662598,0.004348635673522949,0.03557848930358887,0.004683017730712891,0.021088838577270508,0.006875276565551758,-0.018736600875854492
1769651506.8699262,full,goal16.png,0.6509050130844116,-1.105959177017212,-1.5851473808288574,-0.6149568557739258,1.1218624114990234,0.6829320192337036,2.3214986324310303,-1.1029345989227295,-1.5508052110671997,-0.6078487634658813,1.142643928527832,0.6879072785377502,2.304133653640747,0.003024578094482422,0.034342169761657715,0.007108092308044434,0.020781517028808594,0.004975259304046631,-0.017364978790283203
1769651506.970614,full,goal16.png,0.655055582523346,-1.1045657396316528,-1.5836024284362793,-0.6146842241287231,1.1311923265457153,0.6855825781822205,2.3134562969207764,-1.1032161712646484,-1.549041986465454,-0.6073148846626282,1.152431607246399,0.687544047832489,2.297250270843506,0.0013495683670043945,0.034560441970825195,0.007369339466094971,0.021239280700683594,0.0019614696502685547,-0.016206026077270508
1769651507.0691054,full,goal16.png,0.6643379330635071,-1.1039296388626099,-1.5829057693481445,-0.6135937571525574,1.139946699142456,0.6874757409095764,2.306413412094116,-1.1031670570373535,-1.5467180013656616,-0.607612669467926,1.1600710153579712,0.6877666115760803,2.291268825531006,0.0007625818252563477,0.03618776798248291,0.005981087684631348,0.020124316215515137,0.00029087066650390625,-0.015144586563110352
1769651507.1697783,full,goal16.png,0.6563098430633545,-1.1039599180221558,-1.5816031694412231,-0.6129575967788696,1.150336742401123,0.6877787113189697,2.2988100051879883,-1.1029365062713623,-1.5452128648757935,-0.6059557199478149,1.1652560234069824,0.6884542107582092,2.2849302291870117,0.001023411750793457,0.03639030456542969,0.0070018768310546875,0.014919281005859375,0.000675499439239502,-0.013879776000976562
1769651507.2712605,full,goal16.png,0.6717144846916199,-1.1037781238555908,-1.5801188945770264,-0.6127153038978577,1.1574554443359375,0.6879604458808899,2.2930243015289307,-1.1031348705291748,-1.5450063943862915,-0.601445734500885,1.1705231666564941,0.6890984773635864,2.2783524990081787,0.0006432533264160156,0.03511250019073486,0.011269569396972656,0.01306772232055664,0.0011380314826965332,-0.014671802520751953
1769651507.3724775,full,goal16.png,0.6605545282363892,-1.1036872863769531,-1.578967809677124,-0.6115338802337646,1.1625142097473145,0.6887480616569519,2.2873597145080566,-1.1030356884002686,-1.544792890548706,-0.5964587926864624,1.1773995161056519,0.6889488697052002,2.2718265056610107,0.0006515979766845703,0.03417491912841797,0.015075087547302246,0.014885306358337402,0.00020080804824829102,-0.015533208847045898
1769651507.4754941,full,goal16.png,0.6683709025382996,-1.1037781238555908,-1.5785740613937378,-0.6082321405410767,1.1694509983062744,0.6895356774330139,2.280029058456421,-1.1021373271942139,-1.543109655380249,-0.5944240093231201,1.184211254119873,0.687932550907135,2.264843702316284,0.0016407966613769531,0.03546440601348877,0.013808131217956543,0.014760255813598633,-0.0016031265258789062,-0.015185356140136719
1769651507.5739176,full,goal16.png,0.6687518954277039,-1.1035054922103882,-1.5784831047058105,-0.6052938103675842,1.1762365102767944,0.6891872882843018,2.2733495235443115,-1.1019301414489746,-1.541169285774231,-0.594844400882721,1.19204843044281,0.6874983906745911,2.257732629776001,0.0015753507614135742,0.03731381893157959,0.010449409484863281,0.015811920166015625,-0.0016888976097106934,-0.015616893768310547
1769651507.6698027,full,goal16.png,0.6787921786308289,-1.1028391122817993,-1.577422857284546,-0.6036580204963684,1.1827794313430786,0.6879755854606628,2.2671096324920654,-1.100874423980713,-1.5404804944992065,-0.5940722823143005,1.196843147277832,0.6890376806259155,2.251950263977051,0.0019646883010864258,0.036942362785339355,0.009585738182067871,0.014063715934753418,0.0010620951652526855,-0.015159368515014648
1769651507.77041,full,goal16.png,0.6879653930664062,-1.1024452447891235,-1.5763323307037354,-0.6030824184417725,1.1893831491470337,0.6882936954498291,2.2603695392608643,-1.1000869274139404,-1.5410531759262085,-0.5903165340423584,1.1994023323059082,0.6910752654075623,2.249272584915161,0.0023583173751831055,0.035279154777526855,0.012765884399414062,0.010019183158874512,0.0027815699577331543,-0.011096954345703125
1769651507.8710747,full,goal16.png,0.6817255020141602,-1.1018999814987183,-1.575484275817871,-0.6019616723060608,1.1945631504058838,0.6899294853210449,2.2543413639068604,-1.0990147590637207,-1.5419626235961914,-0.5862956047058105,1.2027616500854492,0.6921104192733765,2.2471468448638916,0.0028852224349975586,0.03352165222167969,0.015666067600250244,0.00819849967956543,0.002180933952331543,-0.00719451904296875
1769651507.980307,full,goal16.png,0.6805123090744019,-1.1012336015701294,-1.5756962299346924,-0.5992354154586792,1.1981678009033203,0.6915652751922607,2.2511608600616455,-1.0979324579238892,-1.5421630144119263,-0.5827927589416504,1.2079923152923584,0.6934018135070801,2.2448253631591797,0.0033011436462402344,0.03353321552276611,0.01644265651702881,0.009824514389038086,0.001836538314819336,-0.00633549690246582
1769651508.072706,full,goal16.png,0.6761927604675293,-1.100234031677246,-1.5762112140655518,-0.5963273644447327,1.2016513347625732,0.6926860809326172,2.2489192485809326,-1.0969247817993164,-1.5425488948822021,-0.5794509649276733,1.213608741760254,0.6954001188278198,2.2424840927124023,0.0033092498779296875,0.03366231918334961,0.016876399517059326,0.011957406997680664,0.0027140378952026367,-0.0064351558685302734
1769651508.172683,full,goal16.png,0.7340320348739624,-1.0989617109298706,-1.576907992362976,-0.59266197681427,1.2068616151809692,0.6938977241516113,2.2464957237243652,-1.098283052444458,-1.5400785207748413,-0.5774135589599609,1.2183351516723633,0.690610408782959,2.2403955459594727,0.0006786584854125977,0.036829471588134766,0.015248417854309082,0.011473536491394043,-0.0032873153686523438,-0.006100177764892578
1769651508.2712026,full,goal16.png,0.6966622471809387,-1.0982650518417358,-1.5771503448486328,-0.5899357199668884,1.2119505405426025,0.6940188407897949,2.2442843914031982,-1.1026105880737305,-1.5369248390197754,-0.5770195126533508,1.2239813804626465,0.6801354885101318,2.2336177825927734,-0.004345536231994629,0.04022550582885742,0.012916207313537598,0.012030839920043945,-0.013883352279663086,-0.010666608810424805
1769651508.388555,full,goal16.png,0.6613169312477112,-1.0989314317703247,-1.57615065574646,-0.5877244472503662,1.2167973518371582,0.6891570091247559,2.240180015563965,-1.107935905456543,-1.5272424221038818,-0.5878790020942688,1.2332803010940552,0.661469578742981,2.2161130905151367,-0.009004473686218262,0.048908233642578125,-0.0001545548439025879,0.016482949256896973,-0.027687430381774902,-0.024066925048828125
1769651508.4723098,full,goal16.png,0.6976120471954346,-1.1006580591201782,-1.5736666917800903,-0.5871186256408691,1.2216743230819702,0.6823564767837524,2.235166549682617,-1.1116247177124023,-1.5178182125091553,-0.5991988778114319,1.2463189363479614,0.6458975076675415,2.197268486022949,-0.010966658592224121,0.05584847927093506,-0.012080252170562744,0.02464461326599121,-0.03645896911621094,-0.03789806365966797
1769651508.572069,full,goal16.png,0.724891185760498,-1.1052926778793335,-1.5673962831497192,-0.5951157212257385,1.232943058013916,0.6632422804832458,2.2170217037200928,-1.112188458442688,-1.5063045024871826,-0.6117005348205566,1.2626084089279175,0.6325544714927673,2.1850860118865967,-0.006895780563354492,0.06109178066253662,-0.016584813594818115,0.029665350914001465,-0.030687808990478516,-0.031935691833496094
1769651508.671761,full,goal16.png,0.763431191444397,-1.1088066101074219,-1.558763027191162,-0.6050514578819275,1.2446357011795044,0.6475358605384827,2.200982093811035,-1.1110312938690186,-1.498335599899292,-0.6207665801048279,1.27983820438385,0.623295783996582,2.178524971008301,-0.0022246837615966797,0.06042742729187012,-0.01571512222290039,0.0352025032043457,-0.024240076541900635,-0.022457122802734375
1769651508.7717752,full,goal16.png,0.7531380653381348,-1.110654354095459,-1.5486454963684082,-0.6156535744667053,1.2608418464660645,0.6346920728683472,2.1886534690856934,-1.1090996265411377,-1.4937256574630737,-0.6261961460113525,1.2966814041137695,0.6162912845611572,2.173523187637329,0.001554727554321289,0.05491983890533447,-0.010542571544647217,0.03583955764770508,-0.01840078830718994,-0.015130281448364258
1769651508.8720717,full,goal16.png,0.7284139394760132,-1.1105937957763672,-1.5392247438430786,-0.6257408261299133,1.277714490890503,0.6254833340644836,2.1809592247009277,-1.1115562915802002,-1.4908277988433838,-0.6270648241043091,1.3136622905731201,0.6076966524124146,2.1662673950195312,-0.0009624958038330078,0.048396944999694824,-0.001323997974395752,0.03594779968261719,-0.017786681652069092,-0.014691829681396484
1769651508.9713292,full,goal16.png,0.758265495300293,-1.1096850633621216,-1.5339237451553345,-0.6307995915412903,1.2941629886627197,0.6170470118522644,2.17382550239563,-1.1156795024871826,-1.483595371246338,-0.6310142278671265,1.3337393999099731,0.5954254269599915,2.1566615104675293,-0.005994439125061035,0.05032837390899658,-0.00021463632583618164,0.03957641124725342,-0.02162158489227295,-0.017163991928100586
1769651509.0714216,full,goal16.png,0.7789466977119446,-1.1102908849716187,-1.5291374921798706,-0.6336167454719543,1.3120049238204956,0.6077170372009277,2.1659798622131348,-1.117383360862732,-1.4704405069351196,-0.6466007232666016,1.3508200645446777,0.580680251121521,2.148796796798706,-0.007092475891113281,0.05869698524475098,-0.012983977794647217,0.03881514072418213,-0.02703678607940674,-0.01718306541442871
1769651509.1727834,full,goal16.png,0.7639752626419067,-1.112078070640564,-1.5215948820114136,-0.6378273367881775,1.3287867307662964,0.5968120098114014,2.1582250595092773,-1.1177666187286377,-1.4578789472579956,-0.6639581918716431,1.3687564134597778,0.5657166242599487,2.140267848968506,-0.0056885480880737305,0.06371593475341797,-0.026130855083465576,0.039969682693481445,-0.031095385551452637,-0.017957210540771484
1769651509.2718482,full,goal16.png,0.7670935988426208,-1.1146832704544067,-1.5092962980270386,-0.651701033115387,1.3482643365859985,0.5818629860877991,2.1492738723754883,-1.1187835931777954,-1.4503568410873413,-0.672393798828125,1.3845142126083374,0.558689296245575,2.1294679641723633,-0.004100322723388672,0.058939456939697266,-0.020692765712738037,0.03624987602233887,-0.02317368984222412,-0.019805908203125
1769651509.3704631,full,goal16.png,0.7683897018432617,-1.1164401769638062,-1.4974825382232666,-0.6656959056854248,1.3659549951553345,0.5693372488021851,2.1405951976776123,-1.1194968223571777,-1.4495518207550049,-0.6703157424926758,1.3978649377822876,0.5580899715423584,2.1126506328582764,-0.003056645393371582,0.04793071746826172,-0.0046198368072509766,0.031909942626953125,-0.01124727725982666,-0.027944564819335938
1769651509.4706492,full,goal16.png,0.7657937407493591,-1.1169551610946655,-1.4907879829406738,-0.674147367477417,1.381040334701538,0.5618399381637573,2.128917694091797,-1.117754340171814,-1.4478662014007568,-0.6669121980667114,1.410591959953308,0.5595614910125732,2.095121145248413,-0.0007991790771484375,0.04292178153991699,0.007235169410705566,0.02955162525177002,-0.002278447151184082,-0.03379654884338379
1769651509.5709212,full,goal16.png,0.7627395391464233,-1.116652250289917,-1.4878495931625366,-0.6753287315368652,1.395883321762085,0.5594317317008972,2.11396861076355,-1.115753173828125,-1.4454834461212158,-0.6673979163169861,1.4240005016326904,0.5607617497444153,2.07858943939209,0.0008990764617919922,0.0423661470413208,0.00793081521987915,0.02811717987060547,0.0013300180435180664,-0.03537917137145996
1769651509.6709886,full,goal16.png,0.7956242561340332,-1.1155617237091064,-1.485547423362732,-0.6746622920036316,1.4085453748703003,0.5602496266365051,2.096883773803711,-1.1162512302398682,-1.4388256072998047,-0.6745258569717407,1.4426872730255127,0.5579168796539307,2.0636744499206543,-0.0006895065307617188,0.046721816062927246,0.00013643503189086914,0.0341418981552124,-0.002332746982574463,-0.03320932388305664
1769651509.7716637,full,goal16.png,0.7843279242515564,-1.1143196821212769,-1.4813064336776733,-0.675389289855957,1.4237216711044312,0.5594469308853149,2.0811471939086914,-1.1171777248382568,-1.4290010929107666,-0.6879314184188843,1.4611073732376099,0.5540135502815247,2.052121639251709,-0.0028580427169799805,0.05230534076690674,-0.012542128562927246,0.03738570213317871,-0.005433380603790283,-0.029025554656982422
1769651509.872244,full,goal16.png,0.7927881479263306,-1.1140167713165283,-1.4751875400543213,-0.6819930076599121,1.4403822422027588,0.5578868389129639,2.0664100646972656,-1.1146354675292969,-1.420357346534729,-0.6987276673316956,1.4754399061203003,0.5541923642158508,2.0436859130859375,-0.0006186962127685547,0.054830193519592285,-0.016734659671783447,0.035057663917541504,-0.003694474697113037,-0.022724151611328125
1769651509.9708784,full,goal16.png,0.7817999124526978,-1.1139864921569824,-1.4687354564666748,-0.6919893622398376,1.457981824874878,0.5547970533370972,2.055565595626831,-1.1095995903015137,-1.4121079444885254,-0.7085815072059631,1.4861276149749756,0.5558010339736938,2.03824520111084,0.00438690185546875,0.056627511978149414,-0.01659214496612549,0.028145790100097656,0.0010039806365966797,-0.01732039451599121
1769651510.0706353,full,goal16.png,0.8040589094161987,-1.1118055582046509,-1.46125328540802,-0.7024703621864319,1.4720978736877441,0.5553271770477295,2.0464930534362793,-1.1057783365249634,-1.4035940170288086,-0.7202188372612,1.4997668266296387,0.5556030869483948,2.030184745788574,0.0060272216796875,0.057659268379211426,-0.017748475074768066,0.02766895294189453,0.0002759099006652832,-0.016308307647705078
1769651510.1711614,full,goal16.png,0.7987216711044312,-1.1082310676574707,-1.4506510496139526,-0.7137389183044434,1.4845479726791382,0.5560844540596008,2.0395867824554443,-1.1035363674163818,-1.3965277671813965,-0.7314257025718689,1.5106374025344849,0.5562087893486023,2.0212695598602295,0.004694700241088867,0.05412328243255615,-0.017686784267425537,0.02608942985534668,0.00012433528900146484,-0.018317222595214844
1769651510.2706244,full,goal16.png,0.8075060248374939,-1.1042325496673584,-1.4404124021530151,-0.7242502570152283,1.4969069957733154,0.5557816028594971,2.0319228172302246,-1.1012310981750488,-1.3907071352005005,-0.7397223711013794,1.518674373626709,0.5561770796775818,2.011587142944336,0.0030014514923095703,0.04970526695251465,-0.015472114086151123,0.021767377853393555,0.0003954768180847168,-0.020335674285888672
1769651510.3701255,full,goal16.png,0.806483268737793,-1.1012941598892212,-1.4327789545059204,-0.7354583144187927,1.5085996389389038,0.5564783215522766,2.0228655338287354,-1.100886344909668,-1.3864436149597168,-0.741746187210083,1.527807593345642,0.5502428412437439,1.9973331689834595,0.00040781497955322266,0.04633533954620361,-0.006287872791290283,0.01920795440673828,-0.006235480308532715,-0.02553236484527588
1769651510.4720008,full,goal16.png,0.8118597269058228,-1.0992646217346191,-1.4274170398712158,-0.7427586317062378,1.5171117782592773,0.5552968978881836,2.0124449729919434,-1.1021630764007568,-1.3842474222183228,-0.7380406260490417,1.5435069799423218,0.5397711396217346,1.977877140045166,-0.0028984546661376953,0.043169617652893066,0.004718005657196045,0.026395201683044434,-0.015525758266448975,-0.034567832946777344
1769651510.5728326,full,goal16.png,0.8162790536880493,-1.0989919900894165,-1.4226008653640747,-0.745151698589325,1.5278956890106201,0.5485720634460449,1.9974807500839233,-1.1062854528427124,-1.3858604431152344,-0.7289804816246033,1.5632203817367554,0.5300118923187256,1.9539463520050049,-0.0072934627532958984,0.03674042224884033,0.01617121696472168,0.035324692726135254,-0.018560171127319336,-0.04353439807891846
1769651510.6714911,full,goal16.png,0.8116956949234009,-1.1001430749893188,-1.4196927547454834,-0.7431827783584595,1.542587161064148,0.5399237275123596,1.9783514738082886,-1.1093802452087402,-1.3896763324737549,-0.7187178730964661,1.584080696105957,0.5270523428916931,1.931467056274414,-0.009237170219421387,0.030016422271728516,0.024464905261993408,0.04149353504180908,-0.012871384620666504,-0.04688441753387451
1769651510.7723296,full,goal16.png,0.8080011606216431,-1.1025664806365967,-1.4197533130645752,-0.7373363971710205,1.5618832111358643,0.5325325131416321,1.9557838439941406,-1.1094551086425781,-1.3916412591934204,-0.7119335532188416,1.60661780834198,0.5289357900619507,1.9122109413146973,-0.006888628005981445,0.028112053871154785,0.025402843952178955,0.04473459720611572,-0.0035967230796813965,-0.04357290267944336
1769651510.8704603,full,goal16.png,0.8151546716690063,-1.1040810346603394,-1.421207308769226,-0.7290666699409485,1.5818759202957153,0.5294579267501831,1.9342312812805176,-1.1073195934295654,-1.3922488689422607,-0.7075053453445435,1.6272587776184082,0.5327866077423096,1.8990960121154785,-0.0032385587692260742,0.028958439826965332,0.02156132459640503,0.04538285732269287,0.003328680992126465,-0.03513526916503906
1769651510.9720187,full,goal16.png,0.8084843158721924,-1.1047475337982178,-1.4223886728286743,-0.7220086455345154,1.603261947631836,0.5299879908561707,1.916737675666809,-1.1067169904708862,-1.3927119970321655,-0.7020052075386047,1.6462035179138184,0.5384408235549927,1.8869045972824097,-0.001969456672668457,0.02967667579650879,0.020003437995910645,0.04294157028198242,0.008452832698822021,-0.029833078384399414
1769651511.0713246,full,goal16.png,0.8034500479698181,-1.1046565771102905,-1.4234791994094849,-0.7168287038803101,1.6238908767700195,0.5339410901069641,1.9016976356506348,-1.1076427698135376,-1.3932158946990967,-0.6941062808036804,1.6641888618469238,0.5452849268913269,1.8758684396743774,-0.0029861927032470703,0.030263304710388184,0.02272242307662964,0.0402979850769043,0.011343836784362793,-0.025829195976257324
1769651511.1704235,full,goal16.png,0.8092368841171265,-1.104535460472107,-1.4236912727355957,-0.7108308672904968,1.6447620391845703,0.5397267937660217,1.8886419534683228,-1.109785795211792,-1.390812873840332,-0.6874650716781616,1.6837493181228638,0.5505807399749756,1.8633008003234863,-0.005250334739685059,0.03287839889526367,0.023365795612335205,0.03898727893829346,0.010853946208953857,-0.025341153144836426
1769651511.2710145,full,goal16.png,0.7768610715866089,-1.1044142246246338,-1.423267126083374,-0.7035305500030518,1.6619374752044678,0.5448915362358093,1.8777822256088257,-1.1111801862716675,-1.381161093711853,-0.6908812522888184,1.7020686864852905,0.5501484274864197,1.8491766452789307,-0.006765961647033691,0.042106032371520996,0.012649297714233398,0.040131211280822754,0.0052568912506103516,-0.02860558032989502
1769651511.3703415,full,goal16.png,0.7661861181259155,-1.1050504446029663,-1.4214496612548828,-0.6985929608345032,1.6808093786239624,0.5493294596672058,1.8648626804351807,-1.1135016679763794,-1.3662409782409668,-0.6997970342636108,1.7241196632385254,0.5454143285751343,1.8317668437957764,-0.008451223373413086,0.055208683013916016,-0.001204073429107666,0.04331028461456299,-0.003915131092071533,-0.0330958366394043
1769651511.4731083,full,goal16.png,0.7694598436355591,-1.107201099395752,-1.4139978885650635,-0.7003802061080933,1.702710509300232,0.5479359030723572,1.8489594459533691,-1.1178141832351685,-1.3521552085876465,-0.7061754465103149,1.7485060691833496,0.536860466003418,1.8078529834747314,-0.010613083839416504,0.06184267997741699,-0.00579524040222168,0.045795559883117676,-0.011075437068939209,-0.041106462478637695
1769651511.5716138,full,goal16.png,0.761074423789978,-1.1104423999786377,-1.4003968238830566,-0.7054389715194702,1.7221277952194214,0.5441039800643921,1.8312538862228394,-1.1241486072540283,-1.3443652391433716,-0.7011248469352722,1.7764368057250977,0.5279606580734253,1.7797685861587524,-0.013706207275390625,0.05603158473968506,0.004314124584197998,0.05430901050567627,-0.016143321990966797,-0.051485300064086914
1769651511.671215,full,goal16.png,0.7821941375732422,-1.1148043870925903,-1.387492299079895,-0.7092860341072083,1.746209740638733,0.5362583994865417,1.8083833456039429,-1.1325210332870483,-1.3396129608154297,-0.6896681785583496,1.8024150133132935,0.5182764530181885,1.75095534324646,-0.017716646194458008,0.04787933826446533,0.019617855548858643,0.05620527267456055,-0.01798194646835327,-0.05742800235748291
1769651511.772479,full,goal16.png,0.7743027806282043,-1.1204992532730103,-1.3800405263900757,-0.7064991593360901,1.7747446298599243,0.5280038714408875,1.7795604467391968,-1.1400213241577148,-1.3325194120407104,-0.6785447597503662,1.8293018341064453,0.5099453926086426,1.7210919857025146,-0.01952207088470459,0.047521114349365234,0.027954399585723877,0.054557204246520996,-0.018058478832244873,-0.05846846103668213
1769651511.8729613,full,goal16.png,0.7952172756195068,-1.1271635293960571,-1.3748000860214233,-0.6987747550010681,1.7996752262115479,0.5194463133811951,1.75270676612854,-1.1454765796661377,-1.3206787109375,-0.6808715462684631,1.8584039211273193,0.5010021924972534,1.6920958757400513,-0.018313050270080566,0.05412137508392334,0.01790320873260498,0.058728694915771484,-0.01844412088394165,-0.06061089038848877
1769651511.9715297,full,goal16.png,0.7906720638275146,-1.1347970962524414,-1.3671058416366577,-0.691716730594635,1.8258775472640991,0.5103588104248047,1.7240504026412964,-1.1481542587280273,-1.305214762687683,-0.6965698003768921,1.8885554075241089,0.4940732419490814,1.669983148574829,-0.013357162475585938,0.06189107894897461,-0.00485306978225708,0.06267786026000977,-0.016285568475723267,-0.054067254066467285
1769651512.0723443,full,goal16.png,0.7612327933311462,-1.140946388244629,-1.3553829193115234,-0.6926860809326172,1.8545035123825073,0.5018618702888489,1.6972270011901855,-1.1506528854370117,-1.2916675806045532,-0.7153085470199585,1.9178261756896973,0.48836183547973633,1.6512937545776367,-0.009706497192382812,0.06371533870697021,-0.02262246608734131,0.06332266330718994,-0.013500034809112549,-0.04593324661254883
1769651512.172612,full,goal16.png,0.7710151076316833,-1.1446419954299927,-1.3419029712677002,-0.7031064629554749,1.8848559856414795,0.4952582120895386,1.673447847366333,-1.1511738300323486,-1.276861548423767,-0.7313835620880127,1.9466720819473267,0.4863349199295044,1.6349856853485107,-0.006531834602355957,0.0650414228439331,-0.028277099132537842,0.06181609630584717,-0.00892329216003418,-0.038462162017822266
1769651512.2732184,full,goal16.png,0.7703664898872375,-1.1461868286132812,-1.3289986848831177,-0.7191612124443054,1.9133305549621582,0.48979055881500244,1.6552271842956543,-1.1514091491699219,-1.2603797912597656,-0.7490438222885132,1.9757014513015747,0.48332643508911133,1.618577003479004,-0.005222320556640625,0.06861889362335205,-0.029882609844207764,0.062370896339416504,-0.006464123725891113,-0.03665018081665039
1769651512.373075,full,goal16.png,0.7860397100448608,-1.1469138860702515,-1.3138526678085327,-0.7359429597854614,1.9425621032714844,0.4869430959224701,1.6375367641448975,-1.1509379148483276,-1.2432821989059448,-0.7631655335426331,2.002662181854248,0.48161643743515015,1.6030151844024658,-0.004024028778076172,0.07057046890258789,-0.02722257375717163,0.06010007858276367,-0.005326658487319946,-0.03452157974243164
1769651512.4721014,full,goal16.png,0.7869553565979004,-1.147822618484497,-1.2967073917388916,-0.7513009905815125,1.9714001417160034,0.4835958182811737,1.6210124492645264,-1.1509201526641846,-1.2302868366241455,-0.7703486680984497,2.024102210998535,0.480229914188385,1.5891071557998657,-0.0030975341796875,0.0664205551147461,-0.019047677516937256,0.05270206928253174,-0.0033659040927886963,-0.031905293464660645
1769651512.5739176,full,goal16.png,0.7908117771148682,-1.1479438543319702,-1.2818644046783447,-0.7657805681228638,1.9974814653396606,0.4823537766933441,1.6053818464279175,-1.1499708890914917,-1.222198486328125,-0.7719122171401978,2.042617082595825,0.4821430444717407,1.5750377178192139,-0.0020270347595214844,0.05966591835021973,-0.006131649017333984,0.04513561725616455,-0.00021073222160339355,-0.030344128608703613
1769651512.6729205,full,goal16.png,0.795749306678772,-1.1477317810058594,-1.2693537473678589,-0.7735353112220764,2.018928050994873,0.4812178909778595,1.5918262004852295,-1.1500513553619385,-1.2173738479614258,-0.7717302441596985,2.05877685546875,0.48683369159698486,1.56072199344635,-0.0023195743560791016,0.051979899406433105,0.0018050670623779297,0.03984880447387695,0.005615800619125366,-0.031104207038879395
1769651512.771192,full,goal16.png,0.8027486801147461,-1.1473076343536377,-1.2589635848999023,-0.7763221263885498,2.038769245147705,0.48359590768814087,1.5772405862808228,-1.1493749618530273,-1.2103934288024902,-0.7781736254692078,2.0711147785186768,0.4906146228313446,1.5476285219192505,-0.0020673274993896484,0.04857015609741211,-0.001851499080657959,0.03234553337097168,0.007018715143203735,-0.029612064361572266
1769651512.8725386,full,goal16.png,0.7993001937866211,-1.1468230485916138,-1.2522388696670532,-0.7788363099098206,2.0563085079193115,0.4877912402153015,1.5624127388000488,-1.1461780071258545,-1.2018349170684814,-0.7869637608528137,2.078829050064087,0.49775242805480957,1.5389227867126465,0.0006450414657592773,0.05040395259857178,-0.008127450942993164,0.02252054214477539,0.009961187839508057,-0.023489952087402344
1769651512.9731255,full,goal16.png,0.7968035936355591,-1.145823359489441,-1.2460895776748657,-0.7844706773757935,2.067789077758789,0.4914717674255371,1.5518559217453003,-1.1414282321929932,-1.1917186975479126,-0.7980257272720337,2.0855515003204346,0.5067248344421387,1.53436279296875,0.004395127296447754,0.054370880126953125,-0.013555049896240234,0.017762422561645508,0.015253067016601562,-0.017493128776550293
1769651513.0733535,full,goal16.png,0.7981011867523193,-1.1434303522109985,-1.2381833791732788,-0.7928009629249573,2.076361656188965,0.49868127703666687,1.5424350500106812,-1.1383463144302368,-1.1830850839614868,-0.8042566180229187,2.0981335639953613,0.515566885471344,1.5260742902755737,0.005084037780761719,0.05509829521179199,-0.011455655097961426,0.021771907806396484,0.016885608434677124,-0.016360759735107422
1769651513.1745498,full,goal16.png,0.8038621544837952,-1.1397953033447266,-1.2289444208145142,-0.801555335521698,2.085782527923584,0.5059664845466614,1.5356345176696777,-1.136150598526001,-1.174804449081421,-0.8095946311950684,2.1157755851745605,0.5227929949760437,1.5143816471099854,0.003644704818725586,0.05413997173309326,-0.008039295673370361,0.029993057250976562,0.016826510429382324,-0.021252870559692383
1769651513.2747757,full,goal16.png,0.8152866959571838,-1.1365540027618408,-1.221129059791565,-0.8085224628448486,2.0973541736602783,0.51491779088974,1.526743769645691,-1.1353025436401367,-1.1682261228561401,-0.8138920068740845,2.1351609230041504,0.5286846160888672,1.4974017143249512,0.0012514591217041016,0.052902936935424805,-0.00536954402923584,0.03780674934387207,0.013766825199127197,-0.029342055320739746
1769651513.3758724,full,goal16.png,0.8104971647262573,-1.1341307163238525,-1.2129805088043213,-0.8147929310798645,2.114105463027954,0.5226269960403442,1.5148544311523438,-1.1353588104248047,-1.1650397777557373,-0.8139731884002686,2.1560230255126953,0.5365712642669678,1.4759459495544434,-0.0012280941009521484,0.047940731048583984,0.0008197426795959473,0.04191756248474121,0.013944268226623535,-0.03890848159790039
1769651513.4731069,full,goal16.png,0.8017134666442871,-1.1332521438598633,-1.2059526443481445,-0.8192155361175537,2.133068323135376,0.5290034413337708,1.4980272054672241,-1.1345436573028564,-1.1622568368911743,-0.8116101026535034,2.1773741245269775,0.5440717935562134,1.4525387287139893,-0.001291513442993164,0.043695807456970215,0.007605433464050293,0.04430580139160156,0.015068352222442627,-0.04548847675323486
1769651513.5765114,full,goal16.png,0.7922825217247009,-1.1329796314239502,-1.2018027305603027,-0.8202757239341736,2.152878999710083,0.53619784116745,1.4775043725967407,-1.1346714496612549,-1.162000298500061,-0.8043791651725769,2.197101593017578,0.5519911646842957,1.428971290588379,-0.0016918182373046875,0.0398024320602417,0.01589655876159668,0.04422259330749512,0.015793323516845703,-0.048533082008361816
1769651513.6725266,full,goal16.png,0.7885144352912903,-1.1325857639312744,-1.1981979608535767,-0.818973183631897,2.174265146255493,0.543664813041687,1.4548307657241821,-1.1363048553466797,-1.1648180484771729,-0.7912445664405823,2.2194130420684814,0.5609195828437805,1.40185546875,-0.0037190914154052734,0.03337991237640381,0.027728617191314697,0.04514789581298828,0.017254769802093506,-0.05297529697418213
1769651513.7730327,full,goal16.png,0.7883899807929993,-1.1332825422286987,-1.1964713335037231,-0.8123393058776855,2.194439649581909,0.5521162748336792,1.4304760694503784,-1.1382523775100708,-1.1668715476989746,-0.7775558829307556,2.2444334030151367,0.5696296095848083,1.3736324310302734,-0.00496983528137207,0.029599785804748535,0.03478342294692993,0.04999375343322754,0.01751333475112915,-0.05684363842010498
1769651513.874774,full,goal16.png,0.7873620390892029,-1.1337368488311768,-1.1965924501419067,-0.8012221455574036,2.216886281967163,0.5608857274055481,1.4030770063400269,-1.1397587060928345,-1.1669845581054688,-0.7656610608100891,2.2734460830688477,0.5783588290214539,1.3465540409088135,-0.006021857261657715,0.02960789203643799,0.03556108474731445,0.05655980110168457,0.01747310161590576,-0.05652296543121338
1769651513.9847066,full,goal16.png,0.7803742289543152,-1.1341912746429443,-1.1973499059677124,-0.7897111177444458,2.241119861602783,0.5690342783927917,1.3767836093902588,-1.1401143074035645,-1.165705919265747,-0.7567512392997742,2.3017823696136475,0.5866482257843018,1.3224064111709595,-0.005923032760620117,0.03164398670196533,0.03295987844467163,0.06066250801086426,0.01761394739151001,-0.054377198219299316
1769651514.07414,full,goal16.png,0.7831816077232361,-1.1353423595428467,-1.1972891092300415,-0.7787454724311829,2.2652623653411865,0.5765466094017029,1.3539435863494873,-1.1392658948898315,-1.1660082340240479,-0.7445957660675049,2.3284354209899902,0.5967733860015869,1.300102710723877,-0.003923535346984863,0.03128087520599365,0.03414970636367798,0.06317305564880371,0.020226776599884033,-0.05384087562561035
1769651514.1734083,full,goal16.png,0.7806867361068726,-1.1365842819213867,-1.1966227293014526,-0.7680826783180237,2.2957968711853027,0.586588442325592,1.3261809349060059,-1.1378964185714722,-1.1672945022583008,-0.7299450635910034,2.3533732891082764,0.6074882745742798,1.2799131870269775,-0.0013121366500854492,0.029328227043151855,0.038137614727020264,0.05757641792297363,0.020899832248687744,-0.04626774787902832
1769651514.2751741,full,goal16.png,0.7898409962654114,-1.1367055177688599,-1.1969560384750366,-0.7550874948501587,2.3232107162475586,0.5972208976745605,1.3039768934249878,-1.1369366645812988,-1.1702208518981934,-0.7115068435668945,2.378310203552246,0.6201307773590088,1.2598156929016113,-0.00023114681243896484,0.02673518657684326,0.04358065128326416,0.0550994873046875,0.022909879684448242,-0.044161200523376465
1769651514.3745582,full,goal16.png,0.7939348816871643,-1.1360996961593628,-1.1981374025344849,-0.7407593727111816,2.348595380783081,0.6082623600959778,1.2830907106399536,-1.1372766494750977,-1.1732897758483887,-0.6931788921356201,2.4020185470581055,0.6322060823440552,1.2391730546951294,-0.0011769533157348633,0.02484762668609619,0.04758048057556152,0.053423166275024414,0.023943722248077393,-0.04391765594482422
1769651514.4751945,full,goal16.png,0.8042045831680298,-1.1350091695785522,-1.201742172241211,-0.7219783663749695,2.3756158351898193,0.6204850673675537,1.2609623670578003,-1.1391886472702026,-1.1766996383666992,-0.675159215927124,2.426406145095825,0.6430062055587769,1.2159504890441895,-0.004179477691650391,0.02504253387451172,0.04681915044784546,0.05079030990600586,0.022521138191223145,-0.04501187801361084
1769651514.5780592,full,goal16.png,0.7992080450057983,-1.1346759796142578,-1.2065281867980957,-0.7054692506790161,2.3986377716064453,0.6311933994293213,1.2405303716659546,-1.140058994293213,-1.179872989654541,-0.6569724082946777,2.451011896133423,0.6532907485961914,1.1921510696411133,-0.005383014678955078,0.026655197143554688,0.04849684238433838,0.05237412452697754,0.022097349166870117,-0.04837930202484131
1769651514.6768816,full,goal16.png,0.7904855012893677,-1.1352818012237549,-1.2104055881500244,-0.688899576663971,2.421023368835449,0.641219973564148,1.2197198867797852,-1.139967679977417,-1.1831767559051514,-0.6369842290878296,2.4752039909362793,0.6652533411979675,1.1680748462677002,-0.004685878753662109,0.027228832244873047,0.05191534757614136,0.05418062210083008,0.02403336763381958,-0.05164504051208496
1769651514.7777581,full,goal16.png,0.7907248735427856,-1.1356755495071411,-1.2125866413116455,-0.6718754768371582,2.445014715194702,0.6526703834533691,1.1965162754058838,-1.1386666297912598,-1.1848918199539185,-0.61994469165802,2.4981441497802734,0.6764089465141296,1.1480377912521362,-0.0029910802841186523,0.02769482135772705,0.051930785179138184,0.05312943458557129,0.023738563060760498,-0.04847848415374756
1769651514.8758032,full,goal16.png,0.7908597588539124,-1.1359179019927979,-1.2149192094802856,-0.6514284610748291,2.471247434616089,0.6642721891403198,1.1715859174728394,-1.1365584135055542,-1.1850237846374512,-0.6074616312980652,2.5189003944396973,0.6847622394561768,1.1311376094818115,-0.0006405115127563477,0.029895424842834473,0.043966829776763916,0.0476529598236084,0.020490050315856934,-0.04044830799102783
1769651514.979958,full,goal16.png,0.7896857857704163,-1.135705828666687,-1.2174030542373657,-0.6345557570457458,2.49393630027771,0.674616813659668,1.152002215385437,-1.1331466436386108,-1.1835588216781616,-0.5987071990966797,2.537501811981201,0.6912165284156799,1.1170663833618164,0.002559185028076172,0.0338442325592041,0.03584855794906616,0.04356551170349121,0.016599714756011963,-0.034935832023620605
1769651515.0749054,full,goal16.png,0.7917739152908325,-1.134887933731079,-1.2181602716445923,-0.6230751276016235,2.5133230686187744,0.683038055896759,1.1360384225845337,-1.1298103332519531,-1.1821579933166504,-0.588059663772583,2.5545876026153564,0.6993454098701477,1.1030380725860596,0.0050776004791259766,0.036002278327941895,0.03501546382904053,0.04126453399658203,0.016307353973388672,-0.03300034999847412
1769651515.175401,full,goal16.png,0.7984076142311096,-1.1314043998718262,-1.2180694341659546,-0.6113521456718445,2.533376455307007,0.6916257739067078,1.1191809177398682,-1.127253770828247,-1.1812320947647095,-0.5739874839782715,2.5691380500793457,0.7108391523361206,1.0896258354187012,0.0041506290435791016,0.03683733940124512,0.037364661693573,0.03576159477233887,0.019213378429412842,-0.029555082321166992
1769651515.2743602,full,goal16.png,0.8052058219909668,-1.1284964084625244,-1.2172819375991821,-0.600477397441864,2.550279378890991,0.7005618810653687,1.1053071022033691,-1.1254501342773438,-1.1814953088760376,-0.556776762008667,2.581400156021118,0.7254758477210999,1.0770189762115479,0.003046274185180664,0.03578662872314453,0.04370063543319702,0.031120777130126953,0.0249139666557312,-0.02828812599182129
1769651515.377759,full,goal16.png,0.7997106313705444,-1.1262547969818115,-1.2164034843444824,-0.5862703919410706,2.564789295196533,0.7117094397544861,1.0922513008117676,-1.1245701313018799,-1.1814632415771484,-0.5423312187194824,2.5929477214813232,0.7394581437110901,1.0657074451446533,0.0016846656799316406,0.034940242767333984,0.043939173221588135,0.02815842628479004,0.027748703956604004,-0.026543855667114258
1769651515.4762993,full,goal16.png,0.8084466457366943,-1.1248916387557983,-1.2149494886398315,-0.5720635056495667,2.577178716659546,0.7239018678665161,1.080422282218933,-1.1233751773834229,-1.180501103401184,-0.531377911567688,2.6042640209198,0.7506404519081116,1.0566458702087402,0.0015164613723754883,0.03444838523864746,0.04068559408187866,0.027085304260253906,0.02673858404159546,-0.02377641201019287
1769651515.5752816,full,goal16.png,0.8110064268112183,-1.1238919496536255,-1.2134954929351807,-0.5556149482727051,2.59065842628479,0.7375786304473877,1.0677450895309448,-1.1216299533843994,-1.1783329248428345,-0.524266242980957,2.614816904067993,0.7596904039382935,1.0500773191452026,0.0022619962692260742,0.03516256809234619,0.03134870529174805,0.024158477783203125,0.02211177349090576,-0.017667770385742188
1769651515.6752126,full,goal16.png,0.8088509440422058,-1.122952938079834,-1.2129199504852295,-0.545709490776062,2.601987600326538,0.7476508617401123,1.0593693256378174,-1.1193944215774536,-1.1765928268432617,-0.5163381099700928,2.624577045440674,0.7693266272544861,1.0437781810760498,0.003558516502380371,0.03632712364196777,0.02937138080596924,0.022589445114135742,0.02167576551437378,-0.015591144561767578
1769651515.776102,full,goal16.png,0.8092017769813538,-1.1211657524108887,-1.2123140096664429,-0.5373185873031616,2.6129231452941895,0.7579349279403687,1.0518418550491333,-1.1175196170806885,-1.1754298210144043,-0.5083421468734741,2.6337649822235107,0.7783282995223999,1.037293553352356,0.0036461353302001953,0.036884188652038574,0.0289764404296875,0.02084183692932129,0.02039337158203125,-0.014548301696777344
1769651515.8769786,full,goal16.png,0.8109195232391357,-1.1186212301254272,-1.2114053964614868,-0.5280492901802063,2.6221923828125,0.7677344083786011,1.0444960594177246,-1.1166008710861206,-1.175748348236084,-0.4989588260650635,2.6421704292297363,0.7867937088012695,1.030900001525879,0.0020203590393066406,0.03565704822540283,0.029090464115142822,0.019978046417236328,0.019059300422668457,-0.013596057891845703
1769651515.9755518,full,goal16.png,0.8182299137115479,-1.1169854402542114,-1.2108296155929565,-0.5203854441642761,2.631310224533081,0.7757465839385986,1.0388767719268799,-1.1160743236541748,-1.1766934394836426,-0.48949578404426575,2.64926815032959,0.7949576377868652,1.0249444246292114,0.0009111166000366211,0.034136176109313965,0.030889660120010376,0.01795792579650879,0.0192110538482666,-0.013932347297668457
1769651516.0769913,full,goal16.png,0.8218157291412354,-1.1159251928329468,-1.2112537622451782,-0.5114189982414246,2.6403069496154785,0.7853490710258484,1.0318492650985718,-1.1163040399551392,-1.1779948472976685,-0.4806530475616455,2.6551082134246826,0.8028929233551025,1.0191854238510132,-0.0003788471221923828,0.033258914947509766,0.030765950679779053,0.014801263809204102,0.01754385232925415,-0.012663841247558594
1769651516.1740673,full,goal16.png,0.8185557126998901,-1.1148346662521362,-1.2121928930282593,-0.5015438199043274,2.6473045349121094,0.7928464412689209,1.0265024900436401,-1.1168689727783203,-1.1788299083709717,-0.47339901328086853,2.6593775749206543,0.8100500702857971,1.0138474702835083,-0.002034306526184082,0.0333629846572876,0.028144806623458862,0.012073040008544922,0.01720362901687622,-0.012655019760131836
1769651516.2755592,full,goal16.png,0.8172612190246582,-1.11444091796875,-1.2128288745880127,-0.4934256076812744,2.653029680252075,0.8022217154502869,1.019611120223999,-1.1176676750183105,-1.1792336702346802,-0.46926626563072205,2.6613101959228516,0.8149460554122925,1.0105559825897217,-0.003226757049560547,0.03359520435333252,0.024159342050552368,0.008280515670776367,0.012724339962005615,-0.009055137634277344
1769651516.378353,full,goal16.png,0.8078119158744812,-1.1147135496139526,-1.2128288745880127,-0.4870036840438843,2.657119035720825,0.8077196478843689,1.015506625175476,-1.1181201934814453,-1.1792815923690796,-0.4656372666358948,2.662991523742676,0.8194765448570251,1.008549451828003,-0.0034066438674926758,0.033547282218933105,0.021366417407989502,0.005872488021850586,0.01175689697265625,-0.0069571733474731445
1769651516.474028,full,goal16.png,0.810259222984314,-1.1150164604187012,-1.2128591537475586,-0.4812179207801819,2.6598451137542725,0.8135206699371338,1.0116443634033203,-1.1177384853363037,-1.1788803339004517,-0.4610176682472229,2.6647136211395264,0.8245871067047119,1.007556438446045,-0.002722024917602539,0.033978819847106934,0.020200252532958984,0.004868507385253906,0.011066436767578125,-0.004087924957275391
1769651516.5764272,full,goal16.png,0.8080031871795654,-1.1151982545852661,-1.2128591537475586,-0.4767347276210785,2.6621170043945312,0.8184733390808105,1.0092666149139404,-1.1169061660766602,-1.1779347658157349,-0.45552492141723633,2.666962146759033,0.8303472995758057,1.0073946714401245,-0.001707911491394043,0.03492438793182373,0.021209806203842163,0.004845142364501953,0.011873960494995117,-0.001871943473815918
1769651516.6751957,full,goal16.png,0.8040078282356262,-1.1151072978973389,-1.212768316268921,-0.4719183146953583,2.663783311843872,0.8234715461730957,1.0079638957977295,-1.115486741065979,-1.1759175062179565,-0.4514891803264618,2.6680569648742676,0.8357435464859009,1.0083749294281006,-0.0003794431686401367,0.036850810050964355,0.020429134368896484,0.004273653030395508,0.012272000312805176,0.00041103363037109375
1769651516.7766,full,goal16.png,0.8078484535217285,-1.1145014762878418,-1.2124958038330078,-0.46752598881721497,2.665722131729126,0.8282727599143982,1.0085242986679077,-1.1140371561050415,-1.1735347509384155,-0.44938623905181885,2.667358636856079,0.8407559394836426,1.0102410316467285,0.00046432018280029297,0.038961052894592285,0.018139749765396118,0.001636505126953125,0.012483179569244385,0.0017167329788208008
1769651516.8762445,full,goal16.png,0.8169106245040894,-1.1135321855545044,-1.2117081880569458,-0.46407270431518555,2.666630506515503,0.8336192965507507,1.0091757774353027,-1.1125733852386475,-1.1716101169586182,-0.4480550289154053,2.6661810874938965,0.8448199033737183,1.0123541355133057,0.0009588003158569336,0.04009807109832764,0.016017675399780273,-0.0004494190216064453,0.01120060682296753,0.0031783580780029297
1769651516.9754584,full,goal16.png,0.8160467147827148,-1.1124719381332397,-1.2103147506713867,-0.46146759390830994,2.6665399074554443,0.8392233848571777,1.0108720064163208,-1.1113728284835815,-1.1700079441070557,-0.44656533002853394,2.664914846420288,0.8479455709457397,1.0144054889678955,0.0010991096496582031,0.040306806564331055,0.014902263879776001,-0.00162506103515625,0.008722186088562012,0.003533482551574707
1769651517.0754435,full,goal16.png,0.8169029951095581,-1.111472249031067,-1.2089515924453735,-0.4597712457180023,2.666267156600952,0.8434338569641113,1.0126593112945557,-1.1101710796356201,-1.168686032295227,-0.44406870007514954,2.663747787475586,0.8516669273376465,1.0164307355880737,0.0013011693954467773,0.040265560150146484,0.015702545642852783,-0.002519369125366211,0.008233070373535156,0.0037714242935180664
1769651517.178054,full,goal16.png,0.8147436380386353,-1.1103817224502563,-1.207527995109558,-0.45774170756340027,2.665600538253784,0.8467811346054077,1.014461636543274,-1.1091266870498657,-1.1675949096679688,-0.4414862394332886,2.661628484725952,0.8556157350540161,1.0180325508117676,0.001255035400390625,0.039933085441589355,0.016255468130111694,-0.003972053527832031,0.008834600448608398,0.0035709142684936523
1769651517.2763035,full,goal16.png,0.8203471302986145,-1.1090792417526245,-1.2060434818267822,-0.4554394781589508,2.664479970932007,0.8504616022109985,1.0163851976394653,-1.1085848808288574,-1.1662890911102295,-0.4411364197731018,2.6592350006103516,0.8580095171928406,1.019492268562317,0.0004943609237670898,0.039754390716552734,0.014303058385848999,-0.0052449703216552734,0.007547914981842041,0.0031070709228515625
1769651517.3778098,full,goal16.png,0.8234552145004272,-1.1080189943313599,-1.205013632774353,-0.45347049832344055,2.662753105163574,0.8538088798522949,1.0178543329238892,-1.108415961265564,-1.165208101272583,-0.4417523145675659,2.65653395652771,0.8591834902763367,1.021223545074463,-0.00039696693420410156,0.03980553150177002,0.011718183755874634,-0.006219148635864258,0.005374610424041748,0.0033692121505737305
1769651517.4739497,full,goal16.png,0.8205403685569763,-1.1076858043670654,-1.2043169736862183,-0.45289498567581177,2.6614203453063965,0.8553840517997742,1.0188539028167725,-1.108290195465088,-1.164182424545288,-0.44288527965545654,2.6535768508911133,0.8604259490966797,1.0237574577331543,-0.0006043910980224609,0.040134549140930176,0.010009706020355225,-0.007843494415283203,0.005041897296905518,0.004903554916381836
1769651517.5774608,full,goal16.png,0.815841794013977,-1.1071405410766602,-1.2016512155532837,-0.4527435004711151,2.657785415649414,0.857655942440033,1.021034836769104,-1.1071699857711792,-1.1630052328109741,-0.44195836782455444,2.650780200958252,0.863520622253418,1.0271148681640625,-2.944469451904297e-05,0.03864598274230957,0.010785132646560669,-0.007005214691162109,0.00586467981338501,0.006080031394958496
1769651517.679951,full,goal16.png,0.8247179985046387,-1.107201099395752,-1.1993188858032227,-0.4528343379497528,2.654574394226074,0.8597613573074341,1.0234431028366089,-1.1054513454437256,-1.162137508392334,-0.4391118586063385,2.649825096130371,0.8674917221069336,1.0292046070098877,0.0017497539520263672,0.03718137741088867,0.013722479343414307,-0.004749298095703125,0.007730364799499512,0.005761504173278809
1769651517.7765732,full,goal16.png,0.8210797309875488,-1.1068073511123657,-1.1981979608535767,-0.4524103105068207,2.6519391536712646,0.8625935912132263,1.026275396347046,-1.103527307510376,-1.1612324714660645,-0.4357958436012268,2.650529623031616,0.8709530234336853,1.0300757884979248,0.003280043601989746,0.03696548938751221,0.016614466905593872,-0.0014095306396484375,0.008359432220458984,0.0038003921508789062
1769651517.8796108,full,goal16.png,0.8121906518936157,-1.1046262979507446,-1.1968045234680176,-0.45032015442848206,2.6510303020477295,0.8659862875938416,1.0286986827850342,-1.102126121520996,-1.1603776216506958,-0.4332219660282135,2.6501898765563965,0.8738892078399658,1.0307273864746094,0.002500176429748535,0.03642690181732178,0.017098188400268555,-0.0008404254913330078,0.007902920246124268,0.0020287036895751953
1769651517.9765713,full,goal16.png,0.828825831413269,-1.102172613143921,-1.1949567794799805,-0.4473515450954437,2.6509697437286377,0.8699242472648621,1.0301223993301392,-1.100654125213623,-1.1594496965408325,-0.4309593737125397,2.6491074562072754,0.8768057227134705,1.0323879718780518,0.0015184879302978516,0.03550708293914795,0.016392171382904053,-0.0018622875213623047,0.0068814754486083984,0.0022655725479125977
1769651518.0776172,full,goal16.png,0.8362030982971191,-1.100870132446289,-1.1926546096801758,-0.4445040822029114,2.6507275104522705,0.872998833656311,1.0315614938735962,-1.0982171297073364,-1.1576449871063232,-0.4297686219215393,2.646632194519043,0.8803861141204834,1.0357829332351685,0.0026530027389526367,0.03500962257385254,0.01473546028137207,-0.004095315933227539,0.007387280464172363,0.004221439361572266
1769651518.1778526,full,goal16.png,0.8283628225326538,-1.0997190475463867,-1.1900798082351685,-0.4420504570007324,2.6498186588287354,0.8761036992073059,1.0335758924484253,-1.0949244499206543,-1.1550871133804321,-0.4298020005226135,2.6431140899658203,0.8840185403823853,1.0402501821517944,0.004794597625732422,0.03499269485473633,0.012248456478118896,-0.006704568862915039,0.007914841175079346,0.006674289703369141
1769651518.2788703,full,goal16.png,0.8402869701385498,-1.0979317426681519,-1.1869293451309204,-0.4404752254486084,2.6476376056671143,0.8793904185295105,1.0365898609161377,-1.092064380645752,-1.1515977382659912,-0.4329947829246521,2.6378700733184814,0.8860369920730591,1.0449447631835938,0.005867362022399902,0.0353316068649292,0.007480442523956299,-0.009767532348632812,0.006646573543548584,0.008354902267456055
1769651518.378345,full,goal16.png,0.8374253511428833,-1.0949934720993042,-1.1833549737930298,-0.44014203548431396,2.6443660259246826,0.8826771378517151,1.0401188135147095,-1.089888334274292,-1.1482443809509277,-0.43631523847579956,2.6309986114501953,0.8881493806838989,1.0496280193328857,0.005105137825012207,0.03511059284210205,0.0038267970085144043,-0.013367414474487305,0.005472242832183838,0.00950920581817627
1769651518.4779832,full,goal16.png,0.8478502035140991,-1.0915402173995972,-1.179326057434082,-0.44117194414138794,2.6393678188323975,0.8859031796455383,1.0443446636199951,-1.087928056716919,-1.144897222518921,-0.43816083669662476,2.6231980323791504,0.8917931318283081,1.0548839569091797,0.0036121606826782227,0.03442883491516113,0.0030111074447631836,-0.01616978645324707,0.005889952182769775,0.01053929328918457
1769651518.5782669,full,goal16.png,0.8427603244781494,-1.0889654159545898,-1.1747217178344727,-0.44283801317214966,2.6324918270111084,0.8888264298439026,1.0490245819091797,-1.0867551565170288,-1.1408779621124268,-0.4398263394832611,2.617033004760742,0.8966130018234253,1.059680461883545,0.002210259437561035,0.0338437557220459,0.00301167368888855,-0.015458822250366211,0.007786571979522705,0.010655879974365234
1769651518.6792123,full,goal16.png,0.8425837755203247,-1.0867540836334229,-1.170177936553955,-0.4444132447242737,2.624494791030884,0.8925069570541382,1.053795576095581,-1.0861483812332153,-1.1357802152633667,-0.44439223408699036,2.608262538909912,0.9005500674247742,1.067374587059021,0.0006057024002075195,0.03439772129058838,2.1010637283325195e-05,-0.01623225212097168,0.008043110370635986,0.013579010963439941
1769651518.778846,full,goal16.png,0.8408741354942322,-1.085784673690796,-1.1662095785140991,-0.446200430393219,2.618042230606079,0.8965962529182434,1.0596117973327637,-1.0859663486480713,-1.1315311193466187,-0.4501478672027588,2.598496675491333,0.9022378325462341,1.0752713680267334,-0.00018167495727539062,0.03467845916748047,-0.003947436809539795,-0.019545555114746094,0.005641579627990723,0.015659570693969727
1769651518.8792422,full,goal16.png,0.8383724689483643,-1.085300087928772,-1.1630593538284302,-0.4500475227832794,2.610196828842163,0.9000495672225952,1.0665181875228882,-1.0858196020126343,-1.1280322074890137,-0.45709460973739624,2.5870769023895264,0.9039437770843506,1.0852140188217163,-0.0005195140838623047,0.035027146339416504,-0.007047086954116821,-0.02311992645263672,0.003894209861755371,0.018695831298828125
1769651518.9782636,full,goal16.png,0.8360832333564758,-1.0846941471099854,-1.1595455408096313,-0.45525771379470825,2.599776268005371,0.9018064737319946,1.0748788118362427,-1.0871473550796509,-1.126097559928894,-0.46644899249076843,2.576815128326416,0.90305495262146,1.0938478708267212,-0.0024532079696655273,0.033447980880737305,-0.01119127869606018,-0.022961139678955078,0.001248478889465332,0.018969058990478516
1769651519.0910442,full,goal16.png,0.8239628672599792,-1.0843003988265991,-1.155213713645935,-0.46192196011543274,2.5895984172821045,0.90289705991745,1.0844208002090454,-1.0887545347213745,-1.1238024234771729,-0.47875890135765076,2.567544937133789,0.9006173610687256,1.1024333238601685,-0.004454135894775391,0.03141129016876221,-0.016836941242218018,-0.02205348014831543,-0.0022796988487243652,0.018012523651123047
1769651519.18932,full,goal16.png,0.8284205198287964,-1.0846638679504395,-1.1516392230987549,-0.4691011309623718,2.5811164379119873,0.9033059477806091,1.0911304950714111,-1.0903350114822388,-1.1196045875549316,-0.49434757232666016,2.5593347549438477,0.8961472511291504,1.111713171005249,-0.005671143531799316,0.03203463554382324,-0.02524644136428833,-0.02178168296813965,-0.00715869665145874,0.02058267593383789
1769651519.289098,full,goal16.png,0.8392183184623718,-1.0855120420455933,-1.1484283208847046,-0.48179349303245544,2.5706658363342285,0.9005796313285828,1.1003090143203735,-1.0912342071533203,-1.1143113374710083,-0.5072276592254639,2.5549721717834473,0.8918280601501465,1.117911696434021,-0.005722165107727051,0.03411698341369629,-0.025434166193008423,-0.01569366455078125,-0.00875157117843628,0.01760268211364746
1769651519.3787186,full,goal16.png,0.8330631256103516,-1.086390495300293,-1.1440966129302979,-0.49606093764305115,2.5633654594421387,0.8966568112373352,1.1087149381637573,-1.0922826528549194,-1.1113202571868896,-0.5160672664642334,2.5548171997070312,0.8882408142089844,1.1185284852981567,-0.005892157554626465,0.0327763557434082,-0.02000632882118225,-0.008548259735107422,-0.00841599702835083,0.009813547134399414
1769651519.480402,full,goal16.png,0.8223972320556641,-1.0872690677642822,-1.1386440992355347,-0.5076022148132324,2.558882236480713,0.8927188515663147,1.1145310401916504,-1.0927517414093018,-1.110807180404663,-0.5215044021606445,2.556892156600952,0.8864027261734009,1.1143122911453247,-0.005482673645019531,0.027836918830871582,-0.01390218734741211,-0.001990079879760742,-0.006316125392913818,-0.0002187490463256836
1769651519.5772705,full,goal16.png,0.8289728760719299,-1.0884504318237305,-1.1340093612670898,-0.5171138644218445,2.5574584007263184,0.88979572057724,1.1164546012878418,-1.0920348167419434,-1.110817313194275,-0.5277798175811768,2.554755210876465,0.884390115737915,1.1130995750427246,-0.0035843849182128906,0.02319204807281494,-0.010665953159332275,-0.0027031898498535156,-0.005405604839324951,-0.0033550262451171875
1769651519.6783729,full,goal16.png,0.8277481198310852,-1.0888744592666626,-1.1325856447219849,-0.5215364694595337,2.5577008724212646,0.8883872032165527,1.1152883768081665,-1.090674638748169,-1.1107618808746338,-0.5332238078117371,2.552069664001465,0.8824845552444458,1.1125824451446533,-0.0018001794815063477,0.021823763847351074,-0.01168733835220337,-0.005631208419799805,-0.005902647972106934,-0.0027059316635131836
1769651519.7769847,full,goal16.png,0.8295778036117554,-1.088147521018982,-1.1323130130767822,-0.5299879312515259,2.5565195083618164,0.8856002688407898,1.1136223077774048,-1.089256763458252,-1.1101858615875244,-0.5342504978179932,2.555696487426758,0.8804662823677063,1.1074110269546509,-0.0011092424392700195,0.022127151489257812,-0.004262566566467285,-0.0008230209350585938,-0.005133986473083496,-0.006211280822753906
1769651519.8744333,full,goal16.png,0.8225556015968323,-1.0875416994094849,-1.132191777229309,-0.5341076850891113,2.5554592609405518,0.8842371702194214,1.1133798360824585,-1.0890778303146362,-1.109739065170288,-0.5342198610305786,2.5610573291778564,0.8786725401878357,1.1008110046386719,-0.0015361309051513672,0.022452712059020996,-0.00011217594146728516,0.0055980682373046875,-0.005564630031585693,-0.012568831443786621
1769651519.9768488,full,goal16.png,0.824399471282959,-1.0864814519882202,-1.1320101022720337,-0.5373792052268982,2.5573372840881348,0.8808746933937073,1.1077457666397095,-1.0887426137924194,-1.1096136569976807,-0.5299972891807556,2.567004680633545,0.8790661096572876,1.0937745571136475,-0.0022611618041992188,0.022396445274353027,0.007381916046142578,0.009667396545410156,-0.0018085837364196777,-0.013971209526062012
1769651520.078842,full,goal16.png,0.8244054317474365,-1.0862390995025635,-1.1321009397506714,-0.5377426743507385,2.5612449645996094,0.8796933889389038,1.1017478704452515,-1.0891599655151367,-1.110335350036621,-0.5267678499221802,2.5732979774475098,0.8785586357116699,1.0866672992706299,-0.002920866012573242,0.021765589714050293,0.01097482442855835,0.01205301284790039,-0.0011347532272338867,-0.015080571174621582
1769651520.179599,full,goal16.png,0.826653778553009,-1.0861179828643799,-1.1323130130767822,-0.535804033279419,2.5661520957946777,0.87946617603302,1.094795823097229,-1.0898164510726929,-1.1119012832641602,-0.5241401195526123,2.5816187858581543,0.8777525424957275,1.0795199871063232,-0.0036984682083129883,0.02041172981262207,0.01166391372680664,0.015466690063476562,-0.0017136335372924805,-0.015275835990905762
1769651520.279334,full,goal16.png,0.8246455192565918,-1.0861179828643799,-1.1325249671936035,-0.5333806276321411,2.572089672088623,0.8783605098724365,1.0890555381774902,-1.090431809425354,-1.1130268573760986,-0.5213718414306641,2.5876317024230957,0.8782063722610474,1.074613332748413,-0.004313826560974121,0.019498109817504883,0.01200878620147705,0.015542030334472656,-0.00015413761138916016,-0.014442205429077148
1769651520.3773592,full,goal16.png,0.8235599994659424,-1.0861482620239258,-1.1332216262817383,-0.5306846499443054,2.5804500579833984,0.877906084060669,1.0824822187423706,-1.0908572673797607,-1.112254023551941,-0.52034991979599,2.5890133380889893,0.8792197108268738,1.0732131004333496,-0.004709005355834961,0.020967602729797363,0.01033473014831543,0.00856328010559082,0.001313626766204834,-0.009269118309020996
1769651520.4767761,full,goal16.png,0.8249571323394775,-1.0862088203430176,-1.1336760520935059,-0.528927743434906,2.584327459335327,0.8784816861152649,1.0790895223617554,-1.0910042524337769,-1.1118292808532715,-0.5186662673950195,2.5898947715759277,0.8803779482841492,1.0720957517623901,-0.004795432090759277,0.021846771240234375,0.010261476039886475,0.005567312240600586,0.0018962621688842773,-0.006993770599365234
1769651520.5758142,full,goal16.png,0.8197571039199829,-1.0864208936691284,-1.1340093612670898,-0.5274737477302551,2.5877201557159424,0.879647970199585,1.0758633613586426,-1.0918926000595093,-1.1118320226669312,-0.5186640024185181,2.591747760772705,0.8803813457489014,1.0704864263534546,-0.005471706390380859,0.02217733860015869,0.00880974531173706,0.004027605056762695,0.0007333755493164062,-0.005376935005187988
1769651520.6761453,full,goal16.png,0.826858401298523,-1.0870267152786255,-1.1340396404266357,-0.5259894728660583,2.58905291557312,0.8805264234542847,1.0741972923278809,-1.0933436155319214,-1.1118420362472534,-0.5200541019439697,2.595060110092163,0.8795300722122192,1.068682074546814,-0.0063169002532958984,0.022197604179382324,0.005935370922088623,0.006007194519042969,-0.0009963512420654297,-0.0055152177810668945
1769651520.7781386,full,goal16.png,0.8271861672401428,-1.0883291959762573,-1.1342214345932007,-0.5254138708114624,2.591870069503784,0.8805415034294128,1.0717285871505737,-1.0944666862487793,-1.110385775566101,-0.5227615833282471,2.596496343612671,0.8784876465797424,1.0686097145080566,-0.006137490272521973,0.02383565902709961,0.002652287483215332,0.004626274108886719,-0.00205385684967041,-0.00311887264251709
1769651520.8850486,full,goal16.png,0.8233790397644043,-1.0898135900497437,-1.134433388710022,-0.526080310344696,2.594111919403076,0.8797994256019592,1.070228934288025,-1.0946706533432007,-1.1094971895217896,-0.5232256650924683,2.595282793045044,0.8793327212333679,1.0699617862701416,-0.004857063293457031,0.024936199188232422,0.002854645252227783,0.0011708736419677734,-0.0004667043685913086,-0.0002671480178833008
1769651520.9842138,full,goal16.png,0.8197170495986938,-1.090994954109192,-1.133948802947998,-0.5272919535636902,2.595444679260254,0.8792995810508728,1.0698505640029907,-1.0940587520599365,-1.1092374324798584,-0.5200381278991699,2.595109224319458,0.8810837268829346,1.0695416927337646,-0.003063797950744629,0.02471137046813965,0.007253825664520264,-0.00033545494079589844,0.0017841458320617676,-0.0003088712692260742
1769651521.0780091,full,goal16.png,0.8147552013397217,-1.0912675857543945,-1.1335549354553223,-0.527685821056366,2.595353841781616,0.8793298602104187,1.0699414014816284,-1.0938420295715332,-1.1089160442352295,-0.5182573795318604,2.594395637512207,0.8821572065353394,1.0694501399993896,-0.002574443817138672,0.024638891220092773,0.009428441524505615,-0.0009582042694091797,0.0028273463249206543,-0.0004912614822387695
1769651521.1769197,full,goal16.png,0.8268476724624634,-1.0912373065948486,-1.1335549354553223,-0.5270799398422241,2.595323324203491,0.8800569176673889,1.0697897672653198,-1.0937200784683228,-1.109273910522461,-0.5157321095466614,2.5954463481903076,0.882206916809082,1.0676348209381104,-0.002482771873474121,0.024281024932861328,0.011347830295562744,0.00012302398681640625,0.0021499991416931152,-0.0021549463272094727
1769651521.2758029,full,goal16.png,0.8159369230270386,-1.090964674949646,-1.1337367296218872,-0.5257471203804016,2.59511137008667,0.8812686204910278,1.0695171356201172,-1.0936527252197266,-1.109926700592041,-0.5139622688293457,2.595121145248413,0.882448673248291,1.066861629486084,-0.0026880502700805664,0.02381002902984619,0.011784851551055908,9.775161743164062e-06,0.0011800527572631836,-0.002655506134033203
1769651521.3757572,full,goal16.png,0.813469648361206,-1.090964674949646,-1.133767008781433,-0.5239598155021667,2.5952324867248535,0.8818442225456238,1.0687901973724365,-1.0932258367538452,-1.1100375652313232,-0.5135897994041443,2.594125270843506,0.8822495937347412,1.0670266151428223,-0.0022611618041992188,0.023729443550109863,0.010370016098022461,-0.0011072158813476562,0.00040537118911743164,-0.0017635822296142578
1769651521.4777493,full,goal16.png,0.824555516242981,-1.0907223224639893,-1.1340396404266357,-0.5220817923545837,2.5951719284057617,0.8822681307792664,1.06803297996521,-1.0930685997009277,-1.1095311641693115,-0.5131173133850098,2.5927586555480957,0.8836812973022461,1.0680046081542969,-0.0023462772369384766,0.02450847625732422,0.008964478969573975,-0.0024132728576660156,0.0014131665229797363,-2.8371810913085938e-05
1769651521.5743647,full,goal16.png,0.8243700265884399,-1.0904194116592407,-1.1340396404266357,-0.521597146987915,2.5949599742889404,0.8822985291481018,1.0679117441177368,-1.0928289890289307,-1.1098785400390625,-0.5100675821304321,2.5933175086975098,0.8860564231872559,1.0674468278884888,-0.0024095773696899414,0.024161100387573242,0.01152956485748291,-0.001642465591430664,0.0037578940391540527,-0.0004649162292480469
1769651522.2859223,full,goal16.png,0.8235999941825867,-1.0900558233261108,-1.1339185237884521,-0.520415723323822,2.5942330360412598,0.8831617832183838,1.068017840385437,-1.092308521270752,-1.1109559535980225,-0.5057904124259949,2.596061944961548,0.8883655071258545,1.0654642581939697,-0.0022526979446411133,0.022962570190429688,0.014625310897827148,0.001828908920288086,0.005203723907470703,-0.002553582191467285
