timestamp,model_type,goal_image,similarity_score,curr_j0,curr_j1,curr_j2,curr_j3,curr_j4,curr_j5,cmd_j0,cmd_j1,cmd_j2,cmd_j3,cmd_j4,cmd_j5,step_diff_j0,step_diff_j1,step_diff_j2,step_diff_j3,step_diff_j4,step_diff_j5
1769651304.3907259,full,goal11.png,0.6726137399673462,0.07415466010570526,-0.7818957567214966,-2.3406894207000732,1.5715160369873047,1.3457502126693726,3.0194857120513916,-0.010139241814613342,-0.6537570357322693,-2.2314059734344482,1.4971266984939575,1.3351006507873535,2.982095956802368,-0.0842939019203186,0.1281387209892273,0.109283447265625,-0.07438933849334717,-0.010649561882019043,-0.03738975524902344
1769651304.4085784,full,goal11.png,0.6726137399673462,0.07406380772590637,-0.7818048596382141,-2.3406288623809814,1.571455478668213,1.3457350730895996,3.019470691680908,-0.007806248962879181,-0.6567862033843994,-2.230635643005371,1.4959145784378052,1.3360344171524048,2.98252534866333,-0.08187005668878555,0.1250186562538147,0.10999321937561035,-0.07554090023040771,-0.009700655937194824,-0.036945343017578125
1769651304.4789078,full,goal11.png,0.6585421562194824,0.07315503060817719,-0.7816230654716492,-2.3406288623809814,1.571455478668213,1.3457502126693726,3.0194857120513916,-0.006125710904598236,-0.659288227558136,-2.2304794788360596,1.4946389198303223,1.336511254310608,2.981414794921875,-0.07928074151277542,0.12233483791351318,0.11014938354492188,-0.07681655883789062,-0.009238958358764648,-0.0380709171295166
1769651304.5823333,full,goal11.png,0.6435972452163696,0.0394703671336174,-0.7560567259788513,-2.3097310066223145,1.5240182876586914,1.3395555019378662,2.9964184761047363,-0.007235396653413773,-0.6553768515586853,-2.2283740043640137,1.4927476644515991,1.334643840789795,2.9772164821624756,-0.046705763787031174,0.10067987442016602,0.08135700225830078,-0.031270623207092285,-0.004911661148071289,-0.019201993942260742
1769651304.6824749,full,goal11.png,0.639013946056366,0.0030897241085767746,-0.7107095718383789,-2.2659289836883545,1.5039347410202026,1.3379802703857422,2.986815929412842,-0.015052873641252518,-0.6488769054412842,-2.222903251647949,1.4893442392349243,1.331541895866394,2.978498697280884,-0.018142597749829292,0.06183266639709473,0.04302573204040527,-0.01459050178527832,-0.0064383745193481445,-0.008317232131958008
1769651304.7790964,full,goal11.png,0.6701858043670654,-0.006846040952950716,-0.6677253842353821,-2.2362425327301025,1.496543526649475,1.3356326818466187,2.9810149669647217,-0.030114492401480675,-0.6336916089057922,-2.2165327072143555,1.4820972681045532,1.3269153833389282,2.980255126953125,-0.023268451914191246,0.034033775329589844,0.01970982551574707,-0.014446258544921875,-0.00871729850769043,-0.0007598400115966797
1769651304.879141,full,goal11.png,0.680503249168396,-0.012298556976020336,-0.6619396209716797,-2.2296390533447266,1.4923934936523438,1.333163857460022,2.9793338775634766,-0.04576628655195236,-0.6129856109619141,-2.212736129760742,1.4719569683074951,1.3222788572311401,2.9803948402404785,-0.03346772864460945,0.048954010009765625,0.016902923583984375,-0.020436525344848633,-0.010885000228881836,0.0010609626770019531
1769651304.9813082,full,goal11.png,0.6809388995170593,-0.024112442508339882,-0.6575775742530823,-2.2252466678619385,1.485698938369751,1.329543948173523,2.980015516281128,-0.060016095638275146,-0.5886243581771851,-2.2109789848327637,1.4615389108657837,1.3196336030960083,2.976940631866455,-0.035903654992580414,0.06895321607589722,0.014267683029174805,-0.024160027503967285,-0.009910345077514648,-0.0030748844146728516
1769651305.0790935,full,goal11.png,0.6884151101112366,-0.040712401270866394,-0.6365548372268677,-2.2185521125793457,1.4776413440704346,1.3253183364868164,2.980515241622925,-0.07284887135028839,-0.5678837895393372,-2.211280345916748,1.4536724090576172,1.315679669380188,2.9732813835144043,-0.032136470079422,0.06867104768753052,0.007271766662597656,-0.023968935012817383,-0.009638667106628418,-0.007233858108520508
1769651305.1793444,full,goal11.png,0.6750903129577637,-0.05703974515199661,-0.6185311675071716,-2.214765787124634,1.4663726091384888,1.3219103813171387,2.9778950214385986,-0.08499282598495483,-0.5510115027427673,-2.2126641273498535,1.449202537536621,1.3120718002319336,2.9773075580596924,-0.02795308083295822,0.0675196647644043,0.0021016597747802734,-0.017170071601867676,-0.009838581085205078,-0.00058746337890625
1769651305.2803054,full,goal11.png,0.6568759679794312,-0.06788428872823715,-0.5996289849281311,-2.214614152908325,1.457951545715332,1.3181390762329102,2.974759817123413,-0.09375657141208649,-0.5335919857025146,-2.215832233428955,1.446165680885315,1.3102120161056519,2.9834847450256348,-0.025872282683849335,0.06603699922561646,-0.0012180805206298828,-0.01178586483001709,-0.0079270601272583,0.00872492790222168
1769651305.3802202,full,goal11.png,0.6708190441131592,-0.07963753491640091,-0.5801512598991394,-2.2151594161987305,1.4525595903396606,1.3141708374023438,2.97697114944458,-0.10105832666158676,-0.5191736221313477,-2.2196524143218994,1.4419164657592773,1.3122715950012207,2.988304853439331,-0.021420791745185852,0.06097763776779175,-0.004492998123168945,-0.0106431245803833,-0.0018992424011230469,0.011333703994750977
1769651305.4833198,full,goal11.png,0.6663354635238647,-0.08893721550703049,-0.5649447441101074,-2.2170982360839844,1.4484398365020752,1.3109447956085205,2.981166362762451,-0.11080153286457062,-0.5031061768531799,-2.2221643924713135,1.4367024898529053,1.3122857809066772,2.982590436935425,-0.02186431735754013,0.06183856725692749,-0.0050661563873291016,-0.011737346649169922,0.0013409852981567383,0.0014240741729736328
1769651305.578908,full,goal11.png,0.6856160163879395,-0.09681308269500732,-0.5489506125450134,-2.220430374145508,1.444077968597412,1.3119292259216309,2.9857254028320312,-0.12086054682731628,-0.48659831285476685,-2.221522331237793,1.4333295822143555,1.3095930814743042,2.9742727279663086,-0.02404746413230896,0.06235229969024658,-0.0010919570922851562,-0.01074838638305664,-0.00233614444732666,-0.011452674865722656
1769651305.6784687,full,goal11.png,0.6779053211212158,-0.10650651156902313,-0.5321385264396667,-2.223126173019409,1.438594937324524,1.3117625713348389,2.9842865467071533,-0.1311405599117279,-0.47025609016418457,-2.2220301628112793,1.4309269189834595,1.3078442811965942,2.9714677333831787,-0.024634048342704773,0.06188243627548218,0.0010960102081298828,-0.007668018341064453,-0.003918290138244629,-0.01281881332397461
1769651305.7817032,full,goal11.png,0.6625417470932007,-0.11650284379720688,-0.5153568983078003,-2.223823070526123,1.4350508451461792,1.3096270561218262,2.9787583351135254,-0.14002889394760132,-0.45393019914627075,-2.223236083984375,1.4324066638946533,1.3066558837890625,2.970534086227417,-0.02352605015039444,0.06142669916152954,0.0005869865417480469,-0.002644181251525879,-0.002971172332763672,-0.008224248886108398
1769651305.8801377,full,goal11.png,0.6604945659637451,-0.12662038207054138,-0.498211532831192,-2.224701404571533,1.4326578378677368,1.3079155683517456,2.9748353958129883,-0.149308443069458,-0.43848466873168945,-2.226383924484253,1.4333183765411377,1.3041808605194092,2.966494083404541,-0.022688060998916626,0.059726864099502563,-0.0016825199127197266,0.0006605386734008789,-0.0037347078323364258,-0.008341312408447266
1769651305.9812098,full,goal11.png,0.6625045537948608,-0.1358291357755661,-0.48194482922554016,-2.225973606109619,1.4326881170272827,1.306809902191162,2.9730937480926514,-0.1586255580186844,-0.4236745834350586,-2.2297630310058594,1.432965636253357,1.3001680374145508,2.9593451023101807,-0.022796422243118286,0.05827024579048157,-0.0037894248962402344,0.00027751922607421875,-0.006641864776611328,-0.013748645782470703
1769651306.0846398,full,goal11.png,0.6682358384132385,-0.1450681835412979,-0.4659203886985779,-2.2283668518066406,1.433051586151123,1.3049166202545166,2.969625234603882,-0.1666366308927536,-0.41022756695747375,-2.2341816425323486,1.432046890258789,1.2965620756149292,2.9532482624053955,-0.02156844735145569,0.055692821741104126,-0.005814790725708008,-0.0010046958923339844,-0.008354544639587402,-0.016376972198486328
1769651306.1839008,full,goal11.png,0.666563868522644,-0.15409515798091888,-0.4507441520690918,-2.2312748432159424,1.433051586151123,1.3012816905975342,2.963294267654419,-0.17236652970314026,-0.3979039788246155,-2.2395520210266113,1.4330576658248901,1.293717622756958,2.94661283493042,-0.018271371722221375,0.05284017324447632,-0.008277177810668945,6.079673767089844e-06,-0.007564067840576172,-0.016681432723999023
1769651306.2832637,full,goal11.png,0.6675137281417847,-0.16245578229427338,-0.4384152293205261,-2.2350008487701416,1.4327789545059204,1.2981160879135132,2.9572207927703857,-0.1761360913515091,-0.38595879077911377,-2.2440924644470215,1.4340876340866089,1.290795087814331,2.9387927055358887,-0.013680309057235718,0.052456438541412354,-0.009091615676879883,0.0013086795806884766,-0.007321000099182129,-0.01842808723449707
1769651306.380818,full,goal11.png,0.6799297332763672,-0.16896849870681763,-0.4246930181980133,-2.2394838333129883,1.4329304695129395,1.2952535152435303,2.9504806995391846,-0.18179963529109955,-0.3740544021129608,-2.247544765472412,1.4333354234695435,1.2862519025802612,2.9263916015625,-0.012831136584281921,0.05063861608505249,-0.008060932159423828,0.0004049539566040039,-0.009001612663269043,-0.02408909797668457
1769651306.477044,full,goal11.png,0.6736618280410767,-0.1729973554611206,-0.4113949239253998,-2.2447245121002197,1.4334454536437988,1.2919516563415527,2.942725896835327,-0.18880370259284973,-0.35949838161468506,-2.2505807876586914,1.4308542013168335,1.2793718576431274,2.910649538040161,-0.015806347131729126,0.05189654231071472,-0.00585627555847168,-0.002591252326965332,-0.012579798698425293,-0.032076358795166016
1769651306.5796487,full,goal11.png,0.6708974838256836,-0.17911630868911743,-0.398702472448349,-2.249025821685791,1.4333240985870361,1.2878471612930298,2.9313817024230957,-0.1990942806005478,-0.34490329027175903,-2.254840612411499,1.4287500381469727,1.272761344909668,2.8903937339782715,-0.01997797191143036,0.053799182176589966,-0.005814790725708008,-0.0045740604400634766,-0.015085816383361816,-0.04098796844482422
1769651306.6801198,full,goal11.png,0.6660424470901489,-0.185931995511055,-0.3846167027950287,-2.2523882389068604,1.4321125745773315,1.2810466289520264,2.9168567657470703,-0.21122047305107117,-0.33000171184539795,-2.256845474243164,1.4279322624206543,1.2680366039276123,2.870478630065918,-0.025288477540016174,0.05461499094963074,-0.004457235336303711,-0.004180312156677246,-0.013010025024414062,-0.046378135681152344
1769651306.779598,full,goal11.png,0.6642736792564392,-0.19450466334819794,-0.3698645830154419,-2.2564775943756104,1.4302949905395508,1.2755637168884277,2.8991661071777344,-0.22398671507835388,-0.3181096613407135,-2.258140802383423,1.4259898662567139,1.263008952140808,2.8523707389831543,-0.029482051730155945,0.051754921674728394,-0.0016632080078125,-0.004305124282836914,-0.012554764747619629,-0.04679536819458008
1769651306.8797133,full,goal11.png,0.6752585172653198,-0.20653052628040314,-0.3545065224170685,-2.258840322494507,1.4291136264801025,1.2697780132293701,2.878840208053589,-0.23512186110019684,-0.3088892698287964,-2.258918523788452,1.425818681716919,1.2601749897003174,2.8380582332611084,-0.0285913348197937,0.045617252588272095,-7.82012939453125e-05,-0.0032949447631835938,-0.009603023529052734,-0.04078197479248047
1769651306.980927,full,goal11.png,0.6714747548103333,-0.21882908046245575,-0.34160223603248596,-2.2605066299438477,1.4275081157684326,1.265385627746582,2.8606348037719727,-0.2438194453716278,-0.2990652322769165,-2.259018898010254,1.426296353340149,1.2568871974945068,2.826125383377075,-0.024990364909172058,0.04253700375556946,0.00148773193359375,-0.0012117624282836914,-0.008498430252075195,-0.03450942039489746
1769651307.0820062,full,goal11.png,0.675256609916687,-0.22937065362930298,-0.33154526352882385,-2.261566638946533,1.4269022941589355,1.262083888053894,2.845791816711426,-0.25169065594673157,-0.286192387342453,-2.2584590911865234,1.42604398727417,1.2516356706619263,2.812868118286133,-0.02232000231742859,0.04535287618637085,0.0031075477600097656,-0.000858306884765625,-0.010448217391967773,-0.03292369842529297
1769651307.1793969,full,goal11.png,0.6606075167655945,-0.23957903683185577,-0.3211551904678345,-2.2620816230773926,1.4269325733184814,1.2575551271438599,2.832054376602173,-0.2611161768436432,-0.27456367015838623,-2.260085344314575,1.4230302572250366,1.2445849180221558,2.798827886581421,-0.021537140011787415,0.04659152030944824,0.001996278762817383,-0.0039023160934448242,-0.012970209121704102,-0.03322649002075195
1769651307.2787192,full,goal11.png,0.6635721921920776,-0.2477881759405136,-0.3094017803668976,-2.2621121406555176,1.426781177520752,1.2536929845809937,2.818892478942871,-0.2702404260635376,-0.26556625962257385,-2.260826349258423,1.41819429397583,1.2379565238952637,2.7850735187530518,-0.022452250123023987,0.04383552074432373,0.0012857913970947266,-0.008586883544921875,-0.01573646068572998,-0.033818960189819336
1769651307.379079,full,goal11.png,0.6560881733894348,-0.25651225447654724,-0.29752740263938904,-2.2629904747009277,1.424993872642517,1.2473316192626953,2.804776430130005,-0.2800920605659485,-0.25891032814979553,-2.260369300842285,1.414656400680542,1.2317793369293213,2.7695486545562744,-0.023579806089401245,0.038617074489593506,0.002621173858642578,-0.010337471961975098,-0.015552282333374023,-0.03522777557373047
1769651307.480182,full,goal11.png,0.6557154059410095,-0.26575130224227905,-0.28734931349754333,-2.2636871337890625,1.421207308769226,1.2405462265014648,2.792114496231079,-0.2893020212650299,-0.2532808482646942,-2.2565479278564453,1.4126641750335693,1.2250099182128906,2.7534167766571045,-0.023550719022750854,0.03406846523284912,0.0071392059326171875,-0.008543133735656738,-0.015536308288574219,-0.03869771957397461
1769651307.577149,full,goal11.png,0.6656451225280762,-0.27538415789604187,-0.2785343825817108,-2.263899087905884,1.4172391891479492,1.2341547012329102,2.776726007461548,-0.2998066544532776,-0.24776247143745422,-2.2503209114074707,1.4110314846038818,1.2176063060760498,2.7331533432006836,-0.024422496557235718,0.030771911144256592,0.013578176498413086,-0.006207704544067383,-0.01654839515686035,-0.04357266426086426
1769651307.6793668,full,goal11.png,0.6738525032997131,-0.28438085317611694,-0.27235478162765503,-2.2623543739318848,1.4144521951675415,1.2280962467193604,2.7605199813842773,-0.3089961111545563,-0.23925623297691345,-2.239140748977661,1.4103758335113525,1.209953784942627,2.7050538063049316,-0.02461525797843933,0.03309854865074158,0.023213624954223633,-0.004076361656188965,-0.0181424617767334,-0.0554661750793457
1769651307.7796514,full,goal11.png,0.6731187701225281,-0.2951042056083679,-0.26608431339263916,-2.2589313983917236,1.412604570388794,1.2201294898986816,2.7425265312194824,-0.317241907119751,-0.2287050038576126,-2.2289681434631348,1.4085274934768677,1.2001636028289795,2.6741559505462646,-0.022137701511383057,0.03737930953502655,0.029963254928588867,-0.0040770769119262695,-0.01996588706970215,-0.06837058067321777
1769651307.878532,full,goal11.png,0.667770266532898,-0.30467650294303894,-0.2583901584148407,-2.2504494190216064,1.4112111330032349,1.2131320238113403,2.7150213718414307,-0.32496178150177,-0.21814267337322235,-2.218158721923828,1.4060324430465698,1.1892679929733276,2.6393606662750244,-0.02028527855873108,0.04024748504161835,0.03229069709777832,-0.005178689956665039,-0.023864030838012695,-0.07566070556640625
1769651307.9795582,full,goal11.png,0.6792271137237549,-0.31270384788513184,-0.2491511106491089,-2.240877389907837,1.4096965789794922,1.2036051750183105,2.6858654022216797,-0.33559301495552063,-0.20749244093894958,-2.2058985233306885,1.4009970426559448,1.1732442378997803,2.6005077362060547,-0.022889167070388794,0.0416586697101593,0.03497886657714844,-0.008699536323547363,-0.030360937118530273,-0.085357666015625
1769651308.078722,full,goal11.png,0.6824508309364319,-0.32157936692237854,-0.23867018520832062,-2.2306387424468994,1.407394289970398,1.1932908296585083,2.652771472930908,-0.3486274778842926,-0.19611980020999908,-2.1950783729553223,1.3969889879226685,1.1581591367721558,2.5621237754821777,-0.027048110961914062,0.04255038499832153,0.03556036949157715,-0.010405302047729492,-0.03513169288635254,-0.09064769744873047
1769651308.180305,full,goal11.png,0.7045115232467651,-0.3304852247238159,-0.22737117111682892,-2.2193398475646973,1.403607726097107,1.17900812625885,2.617375373840332,-0.3611980676651001,-0.18133407831192017,-2.186573028564453,1.3931457996368408,1.1430010795593262,2.526815891265869,-0.03071284294128418,0.04603709280490875,0.03276681900024414,-0.010461926460266113,-0.036007046699523926,-0.09055948257446289
1769651308.2844539,full,goal11.png,0.7241312861442566,-0.34357133507728577,-0.21598146855831146,-2.207465410232544,1.399488091468811,1.1638621091842651,2.578298807144165,-0.3743969798088074,-0.1674627959728241,-2.1789908409118652,1.3918662071228027,1.1314254999160767,2.497180461883545,-0.030825644731521606,0.048518672585487366,0.02847456932067871,-0.007621884346008301,-0.03243660926818848,-0.08111834526062012
1769651308.3779902,full,goal11.png,0.7144244313240051,-0.3557789921760559,-0.2038343995809555,-2.1996500492095947,1.396034836769104,1.1489585638046265,2.543917417526245,-0.38962894678115845,-0.1549595296382904,-2.1714673042297363,1.3902939558029175,1.1203618049621582,2.4687259197235107,-0.03384995460510254,0.0488748699426651,0.0281827449798584,-0.0057408809661865234,-0.02859675884246826,-0.07519149780273438
1769651308.477408,full,goal11.png,0.7179359197616577,-0.3703494071960449,-0.18835535645484924,-2.1911683082580566,1.3936418294906616,1.135539174079895,2.507688045501709,-0.4034448564052582,-0.14525286853313446,-2.163038969039917,1.3895940780639648,1.1132169961929321,2.4418270587921143,-0.03309544920921326,0.04310248792171478,0.02812933921813965,-0.004047751426696777,-0.02232217788696289,-0.06586098670959473
1769651308.5800807,full,goal11.png,0.7316615581512451,-0.3840717077255249,-0.17460255324840546,-2.1827471256256104,1.3918545246124268,1.1246037483215332,2.480940341949463,-0.41340768337249756,-0.13653509318828583,-2.1533663272857666,1.3897377252578735,1.1057902574539185,2.417398452758789,-0.029335975646972656,0.03806746006011963,0.02938079833984375,-0.0021167993545532227,-0.018813490867614746,-0.06354188919067383
1769651308.6782892,full,goal11.png,0.7636837959289551,-0.3979151248931885,-0.16536350548267365,-2.1754770278930664,1.3909457921981812,1.1158190965652466,2.4536170959472656,-0.42319345474243164,-0.1276073306798935,-2.145228862762451,1.39030921459198,1.0955255031585693,2.397561550140381,-0.025278329849243164,0.03775617480278015,0.030248165130615234,-0.0006365776062011719,-0.020293593406677246,-0.056055545806884766
1769651308.7765594,full,goal11.png,0.7683059573173523,-0.40872928500175476,-0.15633660554885864,-2.166510581970215,1.390673041343689,1.108624815940857,2.42785382270813,-0.4372450113296509,-0.11687865853309631,-2.1410255432128906,1.3906266689300537,1.082489013671875,2.3789854049682617,-0.028515726327896118,0.03945794701576233,0.02548503875732422,-4.6372413635253906e-05,-0.026135802268981934,-0.048868417739868164
1769651308.8790407,full,goal11.png,0.7779456377029419,-0.42033112049102783,-0.14488618075847626,-2.157301902770996,1.3907641172409058,1.0974774360656738,2.4052557945251465,-0.4536672830581665,-0.10816241800785065,-2.1388092041015625,1.3899178504943848,1.0702447891235352,2.3648080825805664,-0.03333616256713867,0.03672376275062561,0.018492698669433594,-0.0008462667465209961,-0.027232646942138672,-0.04044771194458008
1769651308.9778492,full,goal11.png,0.7995282411575317,-0.4328417479991913,-0.13507162034511566,-2.1525156497955322,1.390976071357727,1.0867388248443604,2.3874289989471436,-0.4675600826740265,-0.09756895154714584,-2.136539936065674,1.3933368921279907,1.0565366744995117,2.3477206230163574,-0.034718334674835205,0.03750266879796982,0.0159757137298584,0.002360820770263672,-0.030202150344848633,-0.03970837593078613
1769651309.0779798,full,goal11.png,0.7769880890846252,-0.44762420654296875,-0.12546919286251068,-2.15012264251709,1.3908852338790894,1.0746372938156128,2.371692419052124,-0.48040980100631714,-0.08898887783288956,-2.1331019401550293,1.398232102394104,1.041540265083313,2.3321540355682373,-0.03278559446334839,0.036480315029621124,0.017020702362060547,0.0073468685150146484,-0.033097028732299805,-0.03953838348388672
1769651309.17833,full,goal11.png,0.7902390360832214,-0.46355774998664856,-0.11498811095952988,-2.1476387977600098,1.3927936553955078,1.059763789176941,2.353184223175049,-0.49490249156951904,-0.08107437193393707,-2.129941701889038,1.401920199394226,1.0256237983703613,2.3157339096069336,-0.03134474158287048,0.033913739025592804,0.01769709587097168,0.009126543998718262,-0.03413999080657959,-0.037450313568115234
1769651309.278622,full,goal11.png,0.7916793823242188,-0.47552308440208435,-0.10641559213399887,-2.145003318786621,1.3967314958572388,1.046511173248291,2.3386287689208984,-0.510489821434021,-0.07425981760025024,-2.1250545978546143,1.4055612087249756,1.0099989175796509,2.2988815307617188,-0.034966737031936646,0.03215577453374863,0.019948720932006836,0.008829712867736816,-0.03651225566864014,-0.03974723815917969
1769651309.3781383,full,goal11.png,0.79151850938797,-0.48973000049591064,-0.09793376922607422,-2.1419742107391357,1.4001847505569458,1.0318347215652466,2.3231041431427,-0.5255441069602966,-0.06811414659023285,-2.1188859939575195,1.407109260559082,0.9941949248313904,2.2801170349121094,-0.035814106464385986,0.02981962263584137,0.02308821678161621,0.0069245100021362305,-0.0376397967338562,-0.04298710823059082
1769651309.4805803,full,goal11.png,0.7970596551895142,-0.5044822096824646,-0.08984576165676117,-2.1370668411254883,1.40372896194458,1.0163555145263672,2.3065345287323,-0.539840817451477,-0.06205875799059868,-2.1116156578063965,1.4067050218582153,0.9785345792770386,2.260986328125,-0.03535860776901245,0.02778700366616249,0.025451183319091797,0.002976059913635254,-0.03782093524932861,-0.045548200607299805
1769651309.5759733,full,goal11.png,0.7886987924575806,-0.520203709602356,-0.08324205875396729,-2.130887269973755,1.4060311317443848,0.9994525909423828,2.287238597869873,-0.5534092783927917,-0.05594710260629654,-2.1042001247406006,1.4053525924682617,0.96446692943573,2.241583824157715,-0.03320556879043579,0.027294956147670746,0.026687145233154297,-0.0006785392761230469,-0.03498566150665283,-0.0456547737121582
1769651309.6766343,full,goal11.png,0.782475471496582,-0.533744215965271,-0.07766856253147125,-2.1244049072265625,1.4063341617584229,0.9843520522117615,2.2689573764801025,-0.5669370889663696,-0.04954416677355766,-2.096611976623535,1.4058446884155273,0.950525164604187,2.2229785919189453,-0.03319287300109863,0.02812439575791359,0.027792930603027344,-0.0004894733428955078,-0.03382688760757446,-0.04597878456115723
1769651309.7780945,full,goal11.png,0.7609580755233765,-0.5481025576591492,-0.07151924818754196,-2.1180434226989746,1.4060916900634766,0.9704480767250061,2.2503278255462646,-0.5802596807479858,-0.04336337000131607,-2.0895702838897705,1.4092165231704712,0.9350269436836243,2.2039260864257812,-0.03215712308883667,0.02815587818622589,0.0284731388092041,0.003124833106994629,-0.035421133041381836,-0.0464017391204834
1769651309.883439,full,goal11.png,0.7599754929542542,-0.5617945790290833,-0.06455215066671371,-2.110076904296875,1.4061219692230225,0.9551960825920105,2.2309560775756836,-0.5944491028785706,-0.03780326619744301,-2.082338571548462,1.4150161743164062,0.9175313711166382,2.1845836639404297,-0.032654523849487305,0.026748884469270706,0.027738332748413086,0.008894205093383789,-0.037664711475372314,-0.046372413635253906
1769651309.978661,full,goal11.png,0.7626883387565613,-0.5745777487754822,-0.05873609334230423,-2.103503465652466,1.407697319984436,0.9408831000328064,2.212765693664551,-0.6090795397758484,-0.03225092589855194,-2.0739614963531494,1.4218382835388184,0.8991194367408752,2.164625883102417,-0.03450179100036621,0.02648516744375229,0.029541969299316406,0.014140963554382324,-0.04176366329193115,-0.04813981056213379
1769651310.0780447,full,goal11.png,0.7681587934494019,-0.5883302688598633,-0.05328342691063881,-2.0966877937316895,1.4126651287078857,0.9241014122962952,2.1933789253234863,-0.6241844296455383,-0.028353122994303703,-2.0638678073883057,1.4277217388153076,0.8822810649871826,2.146141290664673,-0.03585416078567505,0.024930303916335106,0.03281998634338379,0.015056610107421875,-0.04182034730911255,-0.04723763465881348
1769651310.1775818,full,goal11.png,0.7634626626968384,-0.6048393845558167,-0.047194674611091614,-2.0880846977233887,1.4199655055999756,0.9043661952018738,2.171311140060425,-0.6400817632675171,-0.02531377226114273,-2.0529942512512207,1.4344819784164429,0.8642315864562988,2.1256749629974365,-0.03524237871170044,0.021880902349948883,0.03509044647216797,0.014516472816467285,-0.04013460874557495,-0.04563617706298828
1769651310.2779074,full,goal11.png,0.7706171274185181,-0.6190463304519653,-0.042014703154563904,-2.0783004760742188,1.425842046737671,0.8882356882095337,2.1536662578582764,-0.6547130942344666,-0.022689366713166237,-2.042452812194824,1.4418401718139648,0.8463189005851746,2.1046833992004395,-0.03566676378250122,0.019325336441397667,0.03584766387939453,0.015998125076293945,-0.04191678762435913,-0.048982858657836914
1769651310.382001,full,goal11.png,0.7592462301254272,-0.6340711116790771,-0.0383494608104229,-2.067880153656006,1.4315673112869263,0.8708481788635254,2.134248971939087,-0.6696645021438599,-0.02070670574903488,-2.0308902263641357,1.449475884437561,0.8289526104927063,2.082535982131958,-0.035593390464782715,0.017642755061388016,0.03698992729187012,0.017908573150634766,-0.04189556837081909,-0.051712989807128906
1769651310.4899216,full,goal11.png,0.7434254288673401,-0.6483992338180542,-0.035835254937410355,-2.059307336807251,1.4379891157150269,0.8538997769355774,2.114544153213501,-0.6853903532028198,-0.02089201658964157,-2.018437385559082,1.4583308696746826,0.8130086064338684,2.0625381469726562,-0.036991119384765625,0.014943238347768784,0.040869951248168945,0.02034175395965576,-0.040891170501708984,-0.05200600624084473
1769651310.5752351,full,goal11.png,0.7571953535079956,-0.6631211638450623,-0.0334421806037426,-2.047614812850952,1.4460469484329224,0.8356791734695435,2.0934154987335205,-0.6991270780563354,-0.022805029526352882,-2.006234884262085,1.4683680534362793,0.7988139986991882,2.044976234436035,-0.03600591421127319,0.010637151077389717,0.04137992858886719,0.022321105003356934,-0.036865174770355225,-0.04843926429748535
1769651310.6850374,full,goal11.png,0.7435822486877441,-0.6797513961791992,-0.03283622860908508,-2.0351645946502686,1.4550435543060303,0.8181249499320984,2.071983814239502,-0.7109802961349487,-0.026863696053624153,-1.9935572147369385,1.4767965078353882,0.7857946753501892,2.0303215980529785,-0.03122889995574951,0.00597253255546093,0.04160737991333008,0.02175295352935791,-0.03233027458190918,-0.04166221618652344
1769651310.7768764,full,goal11.png,0.7587647438049316,-0.6933827996253967,-0.033411744982004166,-2.0229570865631104,1.4639190435409546,0.804402768611908,2.0545661449432373,-0.7213668823242188,-0.03316597640514374,-1.9801311492919922,1.4839493036270142,0.7737798094749451,2.016444206237793,-0.02798408269882202,0.00024576857686042786,0.042825937271118164,0.02003026008605957,-0.03062295913696289,-0.038121938705444336
1769651310.87996,full,goal11.png,0.7568039894104004,-0.7067112326622009,-0.03631977364420891,-2.0099618434906006,1.4737035036087036,0.7896959781646729,2.036830186843872,-0.7308399677276611,-0.03948394954204559,-1.9668357372283936,1.491689682006836,0.7638805508613586,2.0022597312927246,-0.024128735065460205,-0.003164175897836685,0.04312610626220703,0.017986178398132324,-0.02581542730331421,-0.03457045555114746
1769651310.9765828,full,goal11.png,0.7593956589698792,-0.716768205165863,-0.041620880365371704,-1.997511863708496,1.4811248779296875,0.7784727811813354,2.023092746734619,-0.7407870292663574,-0.04634467512369156,-1.9537746906280518,1.5015366077423096,0.7545628547668457,1.9886713027954102,-0.024018824100494385,-0.004723794758319855,0.043737173080444336,0.02041172981262207,-0.023909926414489746,-0.034421443939208984
1769651311.0761962,full,goal11.png,0.7592381238937378,-0.726703941822052,-0.04880010336637497,-1.9840319156646729,1.4881526231765747,0.767810046672821,2.008673667907715,-0.7506595253944397,-0.05611632019281387,-1.9409958124160767,1.509398102760315,0.7441341876983643,1.9788256883621216,-0.023955583572387695,-0.007316216826438904,0.04303610324859619,0.021245479583740234,-0.023675858974456787,-0.02984797954559326
1769651311.1809251,full,goal11.png,0.7547041177749634,-0.7377604842185974,-0.05631258711218834,-1.9699764251708984,1.497846007347107,0.7575259804725647,1.9939669370651245,-0.7599114775657654,-0.06613805890083313,-1.9275705814361572,1.5187838077545166,0.7328748106956482,1.9687432050704956,-0.02215099334716797,-0.00982547178864479,0.04240584373474121,0.020937800407409668,-0.024651169776916504,-0.025223731994628906
1769651311.2813406,full,goal11.png,0.7478022575378418,-0.7466057538986206,-0.06382507085800171,-1.9578293561935425,1.5066306591033936,0.7480445504188538,1.9836677312850952,-0.7663675546646118,-0.07562510669231415,-1.9146640300750732,1.532531976699829,0.7209849953651428,1.957749605178833,-0.01976180076599121,-0.011800035834312439,0.04316532611846924,0.025901317596435547,-0.027059555053710938,-0.025918126106262207
1769651311.3791697,full,goal11.png,0.7483893036842346,-0.7556630373001099,-0.07397288829088211,-1.9451673030853271,1.5152941942214966,0.737805962562561,1.9733381271362305,-0.7707734704017639,-0.08581158518791199,-1.9004937410354614,1.5461839437484741,0.7092404365539551,1.9473272562026978,-0.015110433101654053,-0.011838696897029877,0.04467356204986572,0.03088974952697754,-0.028565526008605957,-0.026010870933532715
1769651311.4777775,full,goal11.png,0.7464897632598877,-0.7637509703636169,-0.08454465866088867,-1.9301122426986694,1.5285015106201172,0.7248711585998535,1.9611002206802368,-0.7755197286605835,-0.09730098396539688,-1.884302020072937,1.5569846630096436,0.6967790126800537,1.9365196228027344,-0.011768758296966553,-0.01275632530450821,0.04581022262573242,0.028483152389526367,-0.028092145919799805,-0.02458059787750244
1769651311.5787723,full,goal11.png,0.7477654814720154,-0.7688097357749939,-0.0936020016670227,-1.9172381162643433,1.541466474533081,0.7131178975105286,1.9503768682479858,-0.7820360660552979,-0.1078706756234169,-1.868461012840271,1.5694047212600708,0.6837499737739563,1.9236915111541748,-0.013226330280303955,-0.014268673956394196,0.048777103424072266,0.027938246726989746,-0.029367923736572266,-0.026685357093811035
1769651311.680401,full,goal11.png,0.7494380474090576,-0.7731717824935913,-0.10441634058952332,-1.9020922183990479,1.5523109436035156,0.7020159959793091,1.9406682252883911,-0.7886175513267517,-0.11578287184238434,-1.8527709245681763,1.5835583209991455,0.6705919504165649,1.9091660976409912,-0.0154457688331604,-0.011366531252861023,0.04932129383087158,0.031247377395629883,-0.03142404556274414,-0.0315021276473999
1769651311.777361,full,goal11.png,0.7576742768287659,-0.779109001159668,-0.1168963685631752,-1.8873400688171387,1.5648820400238037,0.6894296407699585,1.9287484884262085,-0.795941174030304,-0.12469778209924698,-1.8362454175949097,1.6006568670272827,0.6574124097824097,1.8940162658691406,-0.016832172870635986,-0.007801413536071777,0.051094651222229004,0.035774827003479004,-0.03201723098754883,-0.03473222255706787
1769651311.878007,full,goal11.png,0.7507171630859375,-0.7865305542945862,-0.12631739675998688,-1.8703765869140625,1.578695297241211,0.6747531890869141,1.9132238626480103,-0.8053398132324219,-0.13519719243049622,-1.818732738494873,1.618190884590149,0.6456425189971924,1.8794403076171875,-0.018809258937835693,-0.008879795670509338,0.05164384841918945,0.03949558734893799,-0.02911067008972168,-0.033783555030822754
1769651311.9778562,full,goal11.png,0.7345786094665527,-0.793043315410614,-0.13370846211910248,-1.8550487756729126,1.5945683717727661,0.6627424955368042,1.9001528024673462,-0.8170086741447449,-0.14733867347240448,-1.802133560180664,1.636672854423523,0.634624719619751,1.8671257495880127,-0.02396535873413086,-0.013630211353302002,0.052915215492248535,0.042104482650756836,-0.028117775917053223,-0.033027052879333496
1769651312.0768223,full,goal11.png,0.7581068277359009,-0.8014038801193237,-0.14464391767978668,-1.8380852937698364,1.6114104986190796,0.6506105065345764,1.8859913349151611,-0.8282382488250732,-0.15989568829536438,-1.7868342399597168,1.6548020839691162,0.625669002532959,1.8564741611480713,-0.02683436870574951,-0.015251770615577698,0.05125105381011963,0.04339158535003662,-0.02494150400161743,-0.029517173767089844
1769651312.181569,full,goal11.png,0.7638649940490723,-0.8134903311729431,-0.15888123214244843,-1.8200615644454956,1.6302218437194824,0.6383422613143921,1.8718146085739136,-0.8375409841537476,-0.1726139336824417,-1.7720987796783447,1.6687157154083252,0.6192823648452759,1.8478119373321533,-0.024050652980804443,-0.013732701539993286,0.04796278476715088,0.03849387168884277,-0.01905989646911621,-0.024002671241760254
1769651312.2787576,full,goal11.png,0.7661751508712769,-0.8244863748550415,-0.17084631323814392,-1.804976224899292,1.6482152938842773,0.6292849183082581,1.8613640069961548,-0.8471721410751343,-0.18439723551273346,-1.7575782537460327,1.6803869009017944,0.61506187915802,1.840497374534607,-0.022685766220092773,-0.013550922274589539,0.04739797115325928,0.03217160701751709,-0.014223039150238037,-0.02086663246154785
1769651312.3773003,full,goal11.png,0.7651640772819519,-0.8334224820137024,-0.18244829773902893,-1.7905268669128418,1.6620891094207764,0.6226509809494019,1.8525490760803223,-0.8574668169021606,-0.19785550236701965,-1.7432365417480469,1.6906542778015137,0.6117669343948364,1.834004521369934,-0.024044334888458252,-0.015407204627990723,0.04729032516479492,0.028565168380737305,-0.01088404655456543,-0.018544554710388184
1769651312.4801533,full,goal11.png,0.7617671489715576,-0.8438429236412048,-0.19647347927093506,-1.7746843099594116,1.6759626865386963,0.6172288060188293,1.8439157009124756,-0.8670591115951538,-0.21102604269981384,-1.728837251663208,1.7045058012008667,0.6100311279296875,1.8272343873977661,-0.023216187953948975,-0.014552563428878784,0.04584705829620361,0.02854311466217041,-0.007197678089141846,-0.016681313514709473
1769651312.5784602,full,goal11.png,0.7676733732223511,-0.8537786602973938,-0.20904451608657837,-1.7617799043655396,1.6858378648757935,0.6139571666717529,1.8380391597747803,-0.8747085332870483,-0.22376748919487,-1.7159920930862427,1.7145167589187622,0.6098524332046509,1.8215181827545166,-0.02092987298965454,-0.014722973108291626,0.045787811279296875,0.02867889404296875,-0.004104733467102051,-0.016520977020263672
1769651312.6732306,full,goal11.png,0.7817666530609131,-0.862866222858429,-0.22100988030433655,-1.747482180595398,1.6996207237243652,0.6111855506896973,1.8315414190292358,-0.8799343109130859,-0.23602041602134705,-1.7038100957870483,1.7250101566314697,0.6098468899726868,1.8160372972488403,-0.017068088054656982,-0.015010535717010498,0.04367208480834961,0.025389432907104492,-0.001338660717010498,-0.015504121780395508
1769651312.7734258,full,goal11.png,0.7829457521438599,-0.8712874054908752,-0.23267227411270142,-1.7334872484207153,1.7103440761566162,0.6102768182754517,1.824998378753662,-0.8848387002944946,-0.24688975512981415,-1.6922576427459717,1.73549222946167,0.6076772809028625,1.8082399368286133,-0.013551294803619385,-0.014217481017112732,0.04122960567474365,0.02514815330505371,-0.0025995373725891113,-0.016758441925048828
1769651312.8738492,full,goal11.png,0.7971998453140259,-0.8781636953353882,-0.2482726126909256,-1.7205524444580078,1.7214913368225098,0.6104584336280823,1.8186371326446533,-0.8903337121009827,-0.2575165033340454,-1.680955410003662,1.7490711212158203,0.6021247506141663,1.7963356971740723,-0.012170016765594482,-0.009243890643119812,0.0395970344543457,0.027579784393310547,-0.008333683013916016,-0.022301435470581055
1769651312.9743075,full,goal11.png,0.7999875545501709,-0.8828892111778259,-0.26181313395500183,-1.7087992429733276,1.7322756052017212,0.608656108379364,1.811200499534607,-0.8957408666610718,-0.2701176404953003,-1.6713873147964478,1.7609561681747437,0.5963039398193359,1.7856979370117188,-0.01285165548324585,-0.008304506540298462,0.03741192817687988,0.02868056297302246,-0.012352168560028076,-0.025502562522888184
1769651313.0811565,full,goal11.png,0.8005682229995728,-0.8879479765892029,-0.27147626876831055,-1.6976821422576904,1.7446043491363525,0.6038851737976074,1.8007346391677856,-0.9007025957107544,-0.2848929166793823,-1.6612682342529297,1.7713093757629395,0.5889577865600586,1.7745213508605957,-0.012754619121551514,-0.013416647911071777,0.03641390800476074,0.026705026626586914,-0.014927387237548828,-0.02621328830718994
1769651313.1785936,full,goal11.png,0.8014262914657593,-0.8934611082077026,-0.2837749123573303,-1.6853835582733154,1.757508635520935,0.597160279750824,1.7896478176116943,-0.9050584435462952,-0.30106985569000244,-1.6512314081192017,1.7793738842010498,0.5855978727340698,1.7663774490356445,-0.01159733533859253,-0.01729494333267212,0.03415215015411377,0.021865248680114746,-0.01156240701675415,-0.023270368576049805
1769651313.2765903,full,goal11.png,0.7874174118041992,-0.8988834023475647,-0.3002234697341919,-1.6769320964813232,1.7669293880462646,0.5911776423454285,1.779333472251892,-0.9112855195999146,-0.31934618949890137,-1.6382908821105957,1.7914421558380127,0.5798333883285522,1.755906343460083,-0.012402117252349854,-0.019122719764709473,0.03864121437072754,0.024512767791748047,-0.01134425401687622,-0.023427128791809082
1769651313.3747485,full,goal11.png,0.8147368431091309,-0.9036391973495483,-0.31670212745666504,-1.6672385931015015,1.7764109373092651,0.5870730876922607,1.7701094150543213,-0.9179530143737793,-0.33715108036994934,-1.6226799488067627,1.8047378063201904,0.5731148719787598,1.7433964014053345,-0.014313817024230957,-0.020448952913284302,0.04455864429473877,0.028326869010925293,-0.013958215713500977,-0.026713013648986816
1769651313.4787123,full,goal11.png,0.8023414611816406,-0.909576416015625,-0.3342110216617584,-1.652456283569336,1.789345383644104,0.580923855304718,1.7581441402435303,-0.925055980682373,-0.3556208312511444,-1.6042633056640625,1.8189901113510132,0.56594318151474,1.7285823822021484,-0.015479564666748047,-0.021409809589385986,0.04819297790527344,0.02964472770690918,-0.014980673789978027,-0.029561758041381836
1769651313.5816054,full,goal11.png,0.8332822322845459,-0.9156650900840759,-0.35111379623413086,-1.6385219097137451,1.8008261919021606,0.5751986503601074,1.7469967603683472,-0.9320472478866577,-0.3722141981124878,-1.585798978805542,1.8350441455841064,0.5585229396820068,1.7128572463989258,-0.016382157802581787,-0.021100401878356934,0.052722930908203125,0.0342179536819458,-0.016675710678100586,-0.03413951396942139
1769651313.6748083,full,goal11.png,0.8412208557128906,-0.9224202036857605,-0.36747151613235474,-1.6234971284866333,1.813791036605835,0.5682921409606934,1.7350919246673584,-0.9389106035232544,-0.38862526416778564,-1.5690853595733643,1.8534605503082275,0.5532932877540588,1.6972004175186157,-0.016490399837493896,-0.021153748035430908,0.05441176891326904,0.03966951370239258,-0.014998853206634521,-0.037891507148742676
1769651313.7764177,full,goal11.png,0.8354785442352295,-0.9297508597373962,-0.3854649066925049,-1.6040799617767334,1.8293310403823853,0.5614460706710815,1.7190372943878174,-0.9457969665527344,-0.40414777398109436,-1.5544198751449585,1.87545645236969,0.5488336086273193,1.6807128190994263,-0.016046106815338135,-0.018682867288589478,0.0496600866317749,0.04612541198730469,-0.012612462043762207,-0.03832447528839111
1769651313.8773463,full,goal11.png,0.848591685295105,-0.9363847970962524,-0.40554842352867126,-1.5865106582641602,1.8482635021209717,0.5550848841667175,1.7017706632614136,-0.9515849351882935,-0.4185599386692047,-1.5397861003875732,1.8962492942810059,0.5460033416748047,1.666496992111206,-0.015200138092041016,-0.013011515140533447,0.046724557876586914,0.04798579216003418,-0.009081542491912842,-0.03527367115020752
1769651313.9747915,full,goal11.png,0.860084593296051,-0.9430490136146545,-0.42196670174598694,-1.5721826553344727,1.8688920736312866,0.5502229928970337,1.6866399049758911,-0.9555913209915161,-0.43389892578125,-1.5225929021835327,1.9150755405426025,0.5446504354476929,1.6539287567138672,-0.012542307376861572,-0.011932224035263062,0.04958975315093994,0.04618346691131592,-0.00557255744934082,-0.032711148262023926
1769651314.0759704,full,goal11.png,0.8614277839660645,-0.9497738480567932,-0.43780943751335144,-1.554673671722412,1.8915202617645264,0.5471937656402588,1.6702519655227661,-0.9584252834320068,-0.4499977231025696,-1.5021073818206787,1.9340744018554688,0.5450713038444519,1.640679121017456,-0.008651435375213623,-0.01218828558921814,0.0525662899017334,0.04255414009094238,-0.0021224617958068848,-0.02957284450531006
1769651314.1720066,full,goal11.png,0.8633387088775635,-0.9539541602134705,-0.45328864455223083,-1.5392249822616577,1.9085140228271484,0.5454217195510864,1.6585443019866943,-0.9616174697875977,-0.46435320377349854,-1.4812073707580566,1.953252911567688,0.5480080246925354,1.6264513731002808,-0.007663309574127197,-0.0110645592212677,0.058017611503601074,0.04473888874053955,0.0025863051414489746,-0.032092928886413574
1769651314.2726429,full,goal11.png,0.8684284687042236,-0.9568621516227722,-0.46873757243156433,-1.520383358001709,1.9279614686965942,0.5460427403450012,1.6454429626464844,-0.9659808874130249,-0.47804397344589233,-1.4612526893615723,1.97021484375,0.5480736494064331,1.61430025100708,-0.009118735790252686,-0.009306401014328003,0.05913066864013672,0.04225337505340576,0.0020309090614318848,-0.031142711639404297
1769651314.371634,full,goal11.png,0.8696616291999817,-0.9601640105247498,-0.48203566670417786,-1.499875783920288,1.9468939304351807,0.5476178526878357,1.6324173212051392,-0.9699505567550659,-0.49142688512802124,-1.4403477907180786,1.9869425296783447,0.5499289035797119,1.6034960746765137,-0.009786546230316162,-0.009391218423843384,0.05952799320220947,0.04004859924316406,0.0023110508918762207,-0.02892124652862549
1769651314.4737296,full,goal11.png,0.865409255027771,-0.9647986888885498,-0.49663639068603516,-1.4789438247680664,1.965250849723816,0.5485568642616272,1.6177561283111572,-0.9726699590682983,-0.5043477416038513,-1.4194881916046143,2.0056469440460205,0.5533486604690552,1.5937436819076538,-0.007871270179748535,-0.007711350917816162,0.05945563316345215,0.04039609432220459,0.0047917962074279785,-0.024012446403503418
1769651314.5734582,full,goal11.png,0.8695345520973206,-0.968433678150177,-0.5110856890678406,-1.458315134048462,1.9820325374603271,0.549965500831604,1.6085927486419678,-0.974592924118042,-0.5151689648628235,-1.4003901481628418,2.0271923542022705,0.5567915439605713,1.5854641199111938,-0.00615924596786499,-0.00408327579498291,0.05792498588562012,0.04515981674194336,0.006826043128967285,-0.023128628730773926
1769651314.673101,full,goal11.png,0.8622524738311768,-0.9711296558380127,-0.5257772207260132,-1.4388374090194702,2.0001776218414307,0.5535399317741394,1.5982329845428467,-0.9775316119194031,-0.528107762336731,-1.3836661577224731,2.0453169345855713,0.5589011311531067,1.579958200454712,-0.006401956081390381,-0.0023305416107177734,0.05517125129699707,0.045139312744140625,0.005361199378967285,-0.018274784088134766
1769651314.7752502,full,goal11.png,0.8649219274520874,-0.973492443561554,-0.5380454063415527,-1.4173301458358765,2.0216243267059326,0.5559784770011902,1.5895239114761353,-0.9809482097625732,-0.5421175360679626,-1.368467092514038,2.061380624771118,0.5600547194480896,1.5724321603775024,-0.007455766201019287,-0.004072129726409912,0.04886305332183838,0.03975629806518555,0.004076242446899414,-0.017091751098632812
1769651314.8741622,full,goal11.png,0.8581691980361938,-0.976097583770752,-0.5504651665687561,-1.4012449979782104,2.039496421813965,0.558068573474884,1.5829203128814697,-0.9836222529411316,-0.5562028884887695,-1.3523988723754883,2.0746309757232666,0.5619968771934509,1.5633937120437622,-0.007524669170379639,-0.005737721920013428,0.04884612560272217,0.03513455390930176,0.0039283037185668945,-0.01952660083770752
1769651314.971908,full,goal11.png,0.8692216277122498,-0.9793388247489929,-0.5647629499435425,-1.386129379272461,2.0556724071502686,0.559825599193573,1.5755289793014526,-0.9868918657302856,-0.5689923763275146,-1.3361390829086304,2.088496685028076,0.5629480481147766,1.5522382259368896,-0.007553040981292725,-0.004229426383972168,0.049990296363830566,0.03282427787780762,0.0031224489212036133,-0.02329075336456299
1769651315.0721574,full,goal11.png,0.8649042248725891,-0.982761800289154,-0.5805754065513611,-1.3688024282455444,2.070878744125366,0.5613704323768616,1.566441535949707,-0.9914650917053223,-0.5809605717658997,-1.3208321332931519,2.1052701473236084,0.5620466470718384,1.5381158590316772,-0.008703291416168213,-0.0003851652145385742,0.04797029495239258,0.03439140319824219,0.0006762146949768066,-0.028325676918029785
1769651315.1738803,full,goal11.png,0.8650314807891846,-0.9858213067054749,-0.593510091304779,-1.352565884590149,2.086055040359497,0.5624912977218628,1.5543549060821533,-0.9977213144302368,-0.5949990153312683,-1.305670976638794,2.1261472702026367,0.5598756670951843,1.5205411911010742,-0.011900007724761963,-0.0014889240264892578,0.04689490795135498,0.04009222984313965,-0.002615630626678467,-0.0338137149810791
1769651315.2751007,full,goal11.png,0.8571171760559082,-0.9896986484527588,-0.6042940020561218,-1.3387831449508667,2.1003832817077637,0.5617793202400208,1.5427683591842651,-1.004960060119629,-0.6111426949501038,-1.2894675731658936,2.1475725173950195,0.5580158829689026,1.5029304027557373,-0.015261411666870117,-0.006848692893981934,0.049315571784973145,0.04718923568725586,-0.003763437271118164,-0.03983795642852783
1769651315.381884,full,goal11.png,0.8482191562652588,-0.9956964254379272,-0.6155625581741333,-1.3226678371429443,2.1202547550201416,0.5604162216186523,1.5259865522384644,-1.0115814208984375,-0.627043604850769,-1.2719389200210571,2.1691601276397705,0.5584781169891357,1.487807035446167,-0.015884995460510254,-0.011481046676635742,0.05072891712188721,0.048905372619628906,-0.0019381046295166016,-0.03817951679229736
1769651315.4738064,full,goal11.png,0.8480797410011292,-1.0027847290039062,-0.6321322321891785,-1.3060979843139648,2.1416409015655518,0.5587804913520813,1.509235143661499,-1.0181654691696167,-0.642659068107605,-1.2532705068588257,2.191992998123169,0.5583414435386658,1.4725539684295654,-0.01538074016571045,-0.010526835918426514,0.05282747745513916,0.05035209655761719,-0.00043904781341552734,-0.036681175231933594
1769651315.5732617,full,goal11.png,0.8571491241455078,-1.00932776927948,-0.6494593024253845,-1.290467381477356,2.1618759632110596,0.5589318871498108,1.4936046600341797,-1.0223050117492676,-0.6581264734268188,-1.2331998348236084,2.2163023948669434,0.5583091974258423,1.454896092414856,-0.012977242469787598,-0.008667171001434326,0.05726754665374756,0.05442643165588379,-0.0006226897239685059,-0.03870856761932373
1769651315.6736474,full,goal11.png,0.8478607535362244,-1.015810251235962,-0.6674829721450806,-1.2715046405792236,2.1844735145568848,0.5584927201271057,1.4784737825393677,-1.027307391166687,-0.6772719621658325,-1.2138068675994873,2.23793888092041,0.5552395582199097,1.4326545000076294,-0.011497139930725098,-0.009788990020751953,0.05769777297973633,0.05346536636352539,-0.003253161907196045,-0.04581928253173828
1769651315.7722714,full,goal11.png,0.8531121611595154,-1.0206873416900635,-0.6825380921363831,-1.2519360780715942,2.2078893184661865,0.5583109259605408,1.4598138332366943,-1.0339916944503784,-0.6991696357727051,-1.1943259239196777,2.2582950592041016,0.5537976026535034,1.4076528549194336,-0.013304352760314941,-0.01663154363632202,0.057610154151916504,0.05040574073791504,-0.0045133233070373535,-0.05216097831726074
1769651315.8744986,full,goal11.png,0.8516845703125,-1.025867223739624,-0.7017735242843628,-1.2308224439620972,2.232698440551758,0.5560542345046997,1.4361406564712524,-1.042543649673462,-0.72171550989151,-1.1738321781158447,2.2817258834838867,0.5542883276939392,1.3807109594345093,-0.01667642593383789,-0.019941985607147217,0.05699026584625244,0.049027442932128906,-0.001765906810760498,-0.055429697036743164
1769651315.9757838,full,goal11.png,0.8503774404525757,-1.0314712524414062,-0.7231899499893188,-1.2122838497161865,2.252448797225952,0.5541306138038635,1.4140428304672241,-1.0515222549438477,-0.7437753081321716,-1.1511863470077515,2.3058619499206543,0.5558146238327026,1.3561094999313354,-0.020051002502441406,-0.020585358142852783,0.06109750270843506,0.05341315269470215,0.0016840100288391113,-0.05793333053588867
1769651316.076829,full,goal11.png,0.8384479880332947,-1.0397711992263794,-0.7426676154136658,-1.1931697130203247,2.2747135162353516,0.5543123483657837,1.389021635055542,-1.0606727600097656,-0.763116717338562,-1.1306803226470947,2.323409080505371,0.5571723580360413,1.3382773399353027,-0.02090156078338623,-0.02044910192489624,0.06248939037322998,0.04869556427001953,0.0028600096702575684,-0.05074429512023926
1769651316.179255,full,goal11.png,0.8448598384857178,-1.0496160984039307,-0.7653260827064514,-1.1691783666610718,2.2974929809570312,0.5557512044906616,1.3643488883972168,-1.0682203769683838,-0.7798956036567688,-1.111910104751587,2.3405120372772217,0.5604386925697327,1.3216439485549927,-0.018604278564453125,-0.014569520950317383,0.05726826190948486,0.04301905632019043,0.004687488079071045,-0.04270493984222412
1769651316.274455,full,goal11.png,0.824312150478363,-1.058007001876831,-0.7858033776283264,-1.1498217582702637,2.3169102668762207,0.557689905166626,1.34520423412323,-1.0740551948547363,-0.7969719171524048,-1.091443419456482,2.358245849609375,0.5662614107131958,1.3056952953338623,-0.016048192977905273,-0.01116853952407837,0.05837833881378174,0.0413355827331543,0.008571505546569824,-0.039508938789367676
1769651316.3738165,full,goal11.png,0.8195556998252869,-1.0651558637619019,-0.80837082862854,-1.1305562257766724,2.334782361984253,0.5607494115829468,1.328361988067627,-1.0805613994598389,-0.8162961006164551,-1.0669121742248535,2.377455949783325,0.573479413986206,1.288461446762085,-0.015405535697937012,-0.007925271987915039,0.06364405155181885,0.042673587799072266,0.012730002403259277,-0.03990054130554199
1769651316.4770114,full,goal11.png,0.8221005201339722,-1.0724259614944458,-0.8276970982551575,-1.1080795526504517,2.354078531265259,0.5658234357833862,1.3095052242279053,-1.0865147113800049,-0.8357253670692444,-1.042344570159912,2.3933305740356445,0.5787442326545715,1.273606300354004,-0.014088749885559082,-0.008028268814086914,0.06573498249053955,0.03925204277038574,0.012920796871185303,-0.03589892387390137
1769651316.571791,full,goal11.png,0.8194472789764404,-1.0786055326461792,-0.8430551886558533,-1.0858453512191772,2.3711934089660645,0.5716695785522461,1.2943289279937744,-1.0919373035430908,-0.8533785343170166,-1.01932692527771,2.4078099727630615,0.5835170745849609,1.2583059072494507,-0.013331770896911621,-0.01032334566116333,0.06651842594146729,0.03661656379699707,0.011847496032714844,-0.03602302074432373
1769651316.67301,full,goal11.png,0.8221893906593323,-1.083906650543213,-0.862199604511261,-1.0627021789550781,2.387732744216919,0.5777431130409241,1.2785619497299194,-1.0957200527191162,-0.8703672885894775,-0.9959670305252075,2.4243993759155273,0.5891050100326538,1.2413733005523682,-0.01181340217590332,-0.008167684078216553,0.0667351484298706,0.0366666316986084,0.011361896991729736,-0.03718864917755127
1769651316.774573,full,goal11.png,0.8062953948974609,-1.0903891324996948,-0.8794055581092834,-1.0381354093551636,2.403726816177368,0.5836046934127808,1.2617348432540894,-1.0987106561660767,-0.8880637884140015,-0.9699617624282837,2.4420878887176514,0.5986323356628418,1.224294900894165,-0.008321523666381836,-0.008658230304718018,0.06817364692687988,0.0383610725402832,0.015027642250061035,-0.037439942359924316
1769651316.8761377,full,goal11.png,0.8031050562858582,-1.0959022045135498,-0.8967627286911011,-1.0132354497909546,2.4209933280944824,0.5894964337348938,1.2449984550476074,-1.1012423038482666,-0.9071460962295532,-0.9413946866989136,2.4597249031066895,0.6108566522598267,1.2091153860092163,-0.005340099334716797,-0.010383367538452148,0.07184076309204102,0.03873157501220703,0.02136021852493286,-0.03588306903839111
1769651316.9778936,full,goal11.png,0.8048686981201172,-1.09787118434906,-0.915937602519989,-0.9893048405647278,2.4361696243286133,0.5972511768341064,1.229701042175293,-1.1036303043365479,-0.927604079246521,-0.9115400910377502,2.4764437675476074,0.6240369081497192,1.1940486431121826,-0.005759119987487793,-0.011666476726531982,0.07776474952697754,0.04027414321899414,0.026785731315612793,-0.03565239906311035
1769651317.0764742,full,goal11.png,0.7932537198066711,-1.099446415901184,-0.9354456067085266,-0.9647380113601685,2.452890634536743,0.6071717739105225,1.215660810470581,-1.1041330099105835,-0.9488911032676697,-0.8809235692024231,2.4932408332824707,0.6374499201774597,1.1782516241073608,-0.004686594009399414,-0.013445496559143066,0.08381444215774536,0.04035019874572754,0.030278146266937256,-0.037409186363220215
1769651317.1729836,full,goal11.png,0.7805192470550537,-1.1027178764343262,-0.9561653137207031,-0.9334464073181152,2.4708235263824463,0.6210001707077026,1.1992576122283936,-1.1038818359375,-0.9693992137908936,-0.8514348268508911,2.51078200340271,0.6505206823348999,1.1611796617507935,-0.0011639595031738281,-0.01323390007019043,0.08201158046722412,0.03995847702026367,0.029520511627197266,-0.0380779504776001
1769651317.2735379,full,goal11.png,0.7844645977020264,-1.1056865453720093,-0.9747342467308044,-0.9018519520759583,2.4880294799804688,0.6354948282241821,1.1819759607315063,-1.104620099067688,-0.9880728721618652,-0.8237645626068115,2.527698040008545,0.6640136241912842,1.1450872421264648,0.001066446304321289,-0.013338625431060791,0.07808738946914673,0.03966856002807617,0.02851879596710205,-0.036888718605041504
1769651317.3742487,full,goal11.png,0.7744619846343994,-1.105777382850647,-0.9937272667884827,-0.8730140924453735,2.505295753479004,0.6479751467704773,1.1663453578948975,-1.10617196559906,-1.005591630935669,-0.7968113422393799,2.543933629989624,0.678455650806427,1.129326581954956,-0.00039458274841308594,-0.01186436414718628,0.07620275020599365,0.03863787651062012,0.030480504035949707,-0.037018775939941406
1769651317.471553,full,goal11.png,0.7778835296630859,-1.1052018404006958,-1.0114481449127197,-0.8439337611198425,2.523258924484253,0.6623486876487732,1.1489427089691162,-1.1083507537841797,-1.0226547718048096,-0.7705944776535034,2.557582378387451,0.6930912137031555,1.114431381225586,-0.0031489133834838867,-0.011206626892089844,0.07333928346633911,0.03432345390319824,0.030742526054382324,-0.03451132774353027
1769651317.57724,full,goal11.png,0.7784302830696106,-1.106564998626709,-1.0290477275848389,-0.8156713247299194,2.538949966430664,0.6767979860305786,1.1330090761184692,-1.1093677282333374,-1.039555549621582,-0.7434123754501343,2.568779468536377,0.7101742029190063,1.1001323461532593,-0.002802729606628418,-0.010507822036743164,0.07225894927978516,0.02982950210571289,0.033376216888427734,-0.03287672996520996
1769651317.674586,full,goal11.png,0.7682735919952393,-1.1083521842956543,-1.04743492603302,-0.7894688248634338,2.5536417961120605,0.6906867027282715,1.1188173294067383,-1.1088162660598755,-1.0537824630737305,-0.7209949493408203,2.5780158042907715,0.7255799770355225,1.0908682346343994,-0.0004640817642211914,-0.006347537040710449,0.06847387552261353,0.024374008178710938,0.03489327430725098,-0.027949094772338867
1769651317.7744088,full,goal11.png,0.7604799270629883,-1.1100788116455078,-1.0659130811691284,-0.7636903524398804,2.5649709701538086,0.7062265276908875,1.1047619581222534,-1.1082000732421875,-1.0659137964248657,-0.7024095058441162,2.5868287086486816,0.7381517887115479,1.0825802087783813,0.0018787384033203125,-7.152557373046875e-07,0.06128084659576416,0.021857738494873047,0.0319252610206604,-0.02218174934387207
1769651317.875111,full,goal11.png,0.7712624073028564,-1.1099879741668701,-1.0796655416488647,-0.7405473589897156,2.574270486831665,0.7201760411262512,1.0945686101913452,-1.108206868171692,-1.0774767398834229,-0.6845998167991638,2.594658374786377,0.7489922046661377,1.0735431909561157,0.0017811059951782227,0.0021888017654418945,0.05594754219055176,0.020387887954711914,0.028816163539886475,-0.021025419235229492
1769651317.97305,full,goal11.png,0.7712559103965759,-1.1092610359191895,-1.0926910638809204,-0.7189189195632935,2.584660768508911,0.7348069548606873,1.0843602418899536,-1.1091160774230957,-1.0883476734161377,-0.6675614714622498,2.601501226425171,0.7585955858230591,1.0649118423461914,0.00014495849609375,0.004343390464782715,0.0513574481010437,0.016840457916259766,0.023788630962371826,-0.019448399543762207
1769651318.072786,full,goal11.png,0.7708752155303955,-1.1094427108764648,-1.1043535470962524,-0.700864851474762,2.5924458503723145,0.7460907101631165,1.075560450553894,-1.1096934080123901,-1.0983527898788452,-0.6509294509887695,2.6058437824249268,0.7676703929901123,1.057761788368225,-0.00025069713592529297,0.0060007572174072266,0.04993540048599243,0.013397932052612305,0.02157968282699585,-0.017798662185668945
1769651318.1761394,full,goal11.png,0.767875075340271,-1.1099576950073242,-1.1152889728546143,-0.6842648983001709,2.5991098880767822,0.7551631927490234,1.06766939163208,-1.109942078590393,-1.1076745986938477,-0.6343092918395996,2.60861873626709,0.7767625451087952,1.0512062311172485,1.5616416931152344e-05,0.0076143741607666016,0.04995560646057129,0.009508848190307617,0.02159935235977173,-0.016463160514831543
1769651318.2727323,full,goal11.png,0.7698063254356384,-1.1107755899429321,-1.124043345451355,-0.6674225330352783,2.6040780544281006,0.7642962336540222,1.0602024793624878,-1.1100348234176636,-1.1156840324401855,-0.6200565099716187,2.611647129058838,0.7844887375831604,1.0452286005020142,0.0007407665252685547,0.008359313011169434,0.04736602306365967,0.007569074630737305,0.020192503929138184,-0.014973878860473633
1769651318.3745267,full,goal11.png,0.765223503112793,-1.1115632057189941,-1.1321312189102173,-0.6501561403274536,2.6078643798828125,0.7741108536720276,1.0528111457824707,-1.1096580028533936,-1.1221586465835571,-0.606532633304596,2.6163196563720703,0.7912524938583374,1.0400818586349487,0.001905202865600586,0.009972572326660156,0.043623507022857666,0.008455276489257812,0.017141640186309814,-0.012729287147521973
1769651318.4742482,full,goal11.png,0.7626086473464966,-1.111472249031067,-1.1377352476119995,-0.6352525353431702,2.611499547958374,0.7812899947166443,1.0472676753997803,-1.1088461875915527,-1.1275920867919922,-0.5932775735855103,2.6216061115264893,0.7975767850875854,1.0355801582336426,0.00262606143951416,0.010143160820007324,0.04197496175765991,0.010106563568115234,0.016286790370941162,-0.011687517166137695
1769651318.5747268,full,goal11.png,0.7653094530105591,-1.1105332374572754,-1.143066644668579,-0.6222875714302063,2.615194797515869,0.7879542112350464,1.0421180725097656,-1.1072824001312256,-1.1317399740219116,-0.5809794664382935,2.6245057582855225,0.8042932748794556,1.0333831310272217,0.0032508373260498047,0.01132667064666748,0.04130810499191284,0.00931096076965332,0.01633906364440918,-0.008734941482543945
1769651318.6741922,full,goal11.png,0.7691565752029419,-1.1103211641311646,-1.1507000923156738,-0.6076262593269348,2.6197993755340576,0.7952393293380737,1.0367716550827026,-1.1055421829223633,-1.1362993717193604,-0.5675061941146851,2.626568078994751,0.8123085498809814,1.0312798023223877,0.0047789812088012695,0.014400720596313477,0.040120065212249756,0.006768703460693359,0.017069220542907715,-0.005491852760314941
1769651318.7746296,full,goal11.png,0.7651626467704773,-1.1097456216812134,-1.1577279567718506,-0.5956912040710449,2.6227073669433594,0.8014340996742249,1.0347572565078735,-1.1040911674499512,-1.1408352851867676,-0.5557775497436523,2.628239154815674,0.8192944526672363,1.028937816619873,0.005654454231262207,0.016892671585083008,0.03991365432739258,0.005531787872314453,0.017860352993011475,-0.005819439888000488
1769651318.8712814,full,goal11.png,0.7638523578643799,-1.107958436012268,-1.1623929738998413,-0.5831200480461121,2.6248881816864014,0.8096281290054321,1.0314704179763794,-1.102882742881775,-1.1454179286956787,-0.5449962019920349,2.630467414855957,0.8259316682815552,1.026167869567871,0.005075693130493164,0.016975045204162598,0.03812384605407715,0.005579233169555664,0.016303539276123047,-0.005302548408508301
1769651318.9729955,full,goal11.png,0.759391188621521,-1.1061408519744873,-1.16517972946167,-0.571397066116333,2.6271603107452393,0.8170950412750244,1.029516577720642,-1.1019014120101929,-1.1499454975128174,-0.5354738235473633,2.6332497596740723,0.8315744400024414,1.0243828296661377,0.004239439964294434,0.015234231948852539,0.03592324256896973,0.006089448928833008,0.014479398727416992,-0.0051337480545043945
1769651319.073749,full,goal11.png,0.7551263570785522,-1.104989767074585,-1.168330192565918,-0.5589773654937744,2.6295230388641357,0.8232139945030212,1.0275779962539673,-1.1010769605636597,-1.1532902717590332,-0.5276566743850708,2.6355388164520264,0.8362828493118286,1.0242036581039429,0.003912806510925293,0.015039920806884766,0.03132069110870361,0.006015777587890625,0.013068854808807373,-0.003374338150024414
1769651319.1724455,full,goal11.png,0.7632428407669067,-1.1041415929794312,-1.1723589897155762,-0.5499504208564758,2.6321585178375244,0.8297115564346313,1.025169849395752,-1.1005802154541016,-1.1559484004974365,-0.5207501649856567,2.6380441188812256,0.8401986360549927,1.0241693258285522,0.00356137752532959,0.01641058921813965,0.029200255870819092,0.005885601043701172,0.010487079620361328,-0.001000523567199707
1769651319.274437,full,goal11.png,0.7558742761611938,-1.1031420230865479,-1.1767209768295288,-0.5424985885620117,2.6350059509277344,0.8342251181602478,1.0245639085769653,-1.0998554229736328,-1.1583303213119507,-0.5137158632278442,2.6389875411987305,0.8441721200942993,1.0247890949249268,0.003286600112915039,0.018390655517578125,0.02878272533416748,0.003981590270996094,0.009947001934051514,0.00022518634796142578
1769651319.3748107,full,goal11.png,0.7552263736724854,-1.10232412815094,-1.180446982383728,-0.5345620512962341,2.6377928256988525,0.83858722448349,1.0244426727294922,-1.0989885330200195,-1.160879135131836,-0.5058044195175171,2.639859437942505,0.8484604358673096,1.0252468585968018,0.00333559513092041,0.01956784725189209,0.02875763177871704,0.0020666122436523438,0.00987321138381958,0.0008041858673095703
1769651319.4749918,full,goal11.png,0.7600319385528564,-1.1019303798675537,-1.1817796230316162,-0.5267770290374756,2.6390650272369385,0.8417072892189026,1.0251697301864624,-1.0982742309570312,-1.163079023361206,-0.499126672744751,2.640840768814087,0.8522622585296631,1.0262441635131836,0.003656148910522461,0.018700599670410156,0.02765035629272461,0.0017757415771484375,0.010554969310760498,0.0010744333267211914
1769651319.5747442,full,goal11.png,0.7559194564819336,-1.101506233215332,-1.182930827140808,-0.5197190046310425,2.639882802963257,0.8453574180603027,1.0258210897445679,-1.0977606773376465,-1.1644287109375,-0.49521178007125854,2.6413559913635254,0.8553248643875122,1.028475046157837,0.003745555877685547,0.018502116203308105,0.024507224559783936,0.0014731884002685547,0.009967446327209473,0.002653956413269043
1769651319.6733499,full,goal11.png,0.7617059350013733,-1.100748896598816,-1.1858389377593994,-0.5122974514961243,2.640821933746338,0.8497195243835449,1.027063012123108,-1.09715735912323,-1.1648422479629517,-0.49317899346351624,2.640812397003174,0.8579658269882202,1.0314359664916992,0.0035915374755859375,0.020996689796447754,0.019118458032608032,-9.5367431640625e-06,0.008246302604675293,0.004372954368591309
1769651319.7714267,full,goal11.png,0.7606244087219238,-1.0998401641845703,-1.1879290342330933,-0.5078445672988892,2.641427755355835,0.852763831615448,1.0288957357406616,-1.096501350402832,-1.1649123430252075,-0.4909023940563202,2.6396076679229736,0.8612534999847412,1.0342848300933838,0.0033388137817382812,0.023016691207885742,0.01694217324256897,-0.0018200874328613281,0.008489668369293213,0.005389094352722168
1769651319.8735676,full,goal11.png,0.7575137615203857,-1.0990525484085083,-1.188141107559204,-0.5043913125991821,2.641397476196289,0.8554446697235107,1.0313644409179688,-1.0958852767944336,-1.1656091213226318,-0.4881976842880249,2.6376707553863525,0.8646588325500488,1.0363874435424805,0.003167271614074707,0.022531986236572266,0.016193628311157227,-0.0037267208099365234,0.009214162826538086,0.005023002624511719
1769651319.9742675,full,goal11.png,0.7513072490692139,-1.098870873451233,-1.1880501508712769,-0.5015438199043274,2.641064167022705,0.8585495352745056,1.0341664552688599,-1.0954062938690186,-1.1660935878753662,-0.4865826666355133,2.6363208293914795,0.8670737147331238,1.0383460521697998,0.0034645795822143555,0.021956562995910645,0.014961153268814087,-0.004743337631225586,0.008524179458618164,0.004179596900939941
1769651320.0766122,full,goal11.png,0.754072904586792,-1.0985679626464844,-1.1885650157928467,-0.49918103218078613,2.6397616863250732,0.8623511791229248,1.036817193031311,-1.0949188470840454,-1.1663819551467896,-0.4853370785713196,2.6339662075042725,0.8681362271308899,1.0405449867248535,0.003649115562438965,0.02218306064605713,0.013843953609466553,-0.005795478820800781,0.005785048007965088,0.0037277936935424805
1769651320.1772642,full,goal11.png,0.7547598481178284,-1.0981135368347168,-1.1889891624450684,-0.4975756108760834,2.638610601425171,0.8651835322380066,1.0388011932373047,-1.0946176052093506,-1.1663854122161865,-0.4846818745136261,2.631561040878296,0.8689209222793579,1.0426549911499023,0.003495931625366211,0.022603750228881836,0.012893736362457275,-0.007049560546875,0.0037373900413513184,0.0038537979125976562
1769651320.2767584,full,goal11.png,0.7506306171417236,-1.0974774360656738,-1.1889286041259766,-0.49642449617385864,2.6364903450012207,0.8668496012687683,1.0405279397964478,-1.09429132938385,-1.1667767763137817,-0.4836888909339905,2.6287271976470947,0.870421290397644,1.0446938276290894,0.0031861066818237305,0.022151827812194824,0.012735605239868164,-0.0077631473541259766,0.0035716891288757324,0.0041658878326416016
1769651320.373335,full,goal11.png,0.756597101688385,-1.0968716144561768,-1.1888680458068848,-0.49557629227638245,2.6336731910705566,0.8683945536613464,1.0425573587417603,-1.0937856435775757,-1.1673022508621216,-0.48334628343582153,2.6269173622131348,0.8712241649627686,1.046055555343628,0.0030859708786010742,0.021565794944763184,0.012230008840560913,-0.006755828857421875,0.002829611301422119,0.0034981966018676758
1769651320.473554,full,goal11.png,0.7573378086090088,-1.0965383052825928,-1.1890497207641602,-0.4948492646217346,2.630674123764038,0.8697423934936523,1.044208288192749,-1.0931081771850586,-1.167701005935669,-0.48285675048828125,2.625133514404297,0.8721853494644165,1.0474181175231934,0.0034301280975341797,0.02134871482849121,0.01199251413345337,-0.005540609359741211,0.00244295597076416,0.003209829330444336
1769651320.5732641,full,goal11.png,0.7499585747718811,-1.0963263511657715,-1.1892619132995605,-0.49430403113365173,2.6284022331237793,0.8706815242767334,1.0455714464187622,-1.092409610748291,-1.1681369543075562,-0.4815124571323395,2.622361660003662,0.8739383220672607,1.048909306526184,0.003916740417480469,0.021124958992004395,0.012791574001312256,-0.0060405731201171875,0.0032567977905273438,0.003337860107421875
1769651320.6718318,full,goal11.png,0.7487227916717529,-1.0955084562301636,-1.18941330909729,-0.49369823932647705,2.6263725757598877,0.8717266321182251,1.046919345855713,-1.0919287204742432,-1.1682460308074951,-0.48120641708374023,2.618849277496338,0.8753273487091064,1.0511380434036255,0.00357973575592041,0.021167278289794922,0.012491822242736816,-0.007523298263549805,0.0036007165908813477,0.004218697547912598
1769651320.772726,full,goal11.png,0.7521116137504578,-1.0943876504898071,-1.1898070573806763,-0.4929409325122833,2.6235859394073486,0.8731806874275208,1.0484340190887451,-1.0917291641235352,-1.168208360671997,-0.48186683654785156,2.6160004138946533,0.8756926655769348,1.053037405014038,0.0026584863662719727,0.0215986967086792,0.011074095964431763,-0.0075855255126953125,0.0025119781494140625,0.004603385925292969
1769651320.8731487,full,goal11.png,0.7508680820465088,-1.0937211513519287,-1.1904128789901733,-0.4925774037837982,2.620617389678955,0.8745286464691162,1.0502363443374634,-1.0911428928375244,-1.1680996417999268,-0.48189765214920044,2.6142377853393555,0.8766046762466431,1.0544230937957764,0.002578258514404297,0.022313237190246582,0.010679751634597778,-0.006379604339599609,0.0020760297775268555,0.004186749458312988
1769651320.9747791,full,goal11.png,0.752212643623352,-1.093812108039856,-1.1907159090042114,-0.4925774037837982,2.6181938648223877,0.8755736947059631,1.0520689487457275,-1.0905380249023438,-1.167725682258606,-0.4828895330429077,2.611548662185669,0.876822829246521,1.0562883615493774,0.003274083137512207,0.02299022674560547,0.009687870740890503,-0.00664520263671875,0.0012491345405578613,0.004219412803649902
1769651321.0743442,full,goal11.png,0.7547659873962402,-1.0936908721923828,-1.1906250715255737,-0.4926076829433441,2.6161036491394043,0.8764369487762451,1.0536593198776245,-1.0900168418884277,-1.167088508605957,-0.4832197427749634,2.6092143058776855,0.8775508403778076,1.0578824281692505,0.003674030303955078,0.0235365629196167,0.009387940168380737,-0.00688934326171875,0.0011138916015625,0.0042231082916259766
1769651321.1714113,full,goal11.png,0.7467296123504639,-1.0929336547851562,-1.1906553506851196,-0.49285003542900085,2.614043712615967,0.876861035823822,1.0556888580322266,-1.090125560760498,-1.1663895845413208,-0.4838518798351288,2.6070778369903564,0.8776373267173767,1.0592701435089111,0.002808094024658203,0.024265766143798828,0.00899815559387207,-0.0069658756256103516,0.0007762908935546875,0.0035812854766845703
1769651321.2723625,full,goal11.png,0.7477240562438965,-1.0920552015304565,-1.1904431581497192,-0.4930923581123352,2.611529588699341,0.8773003220558167,1.0573701858520508,-1.0904995203018188,-1.1658155918121338,-0.48472070693969727,2.606308937072754,0.8772046566009521,1.0603338479995728,0.0015556812286376953,0.02462756633758545,0.00837165117263794,-0.005220651626586914,-9.566545486450195e-05,0.0029636621475219727
1769651321.371408,full,goal11.png,0.7507397532463074,-1.0919642448425293,-1.1897464990615845,-0.49336498975753784,2.609894037246704,0.8776789903640747,1.0586878061294556,-1.0905373096466064,-1.1660516262054443,-0.4845135807991028,2.6054179668426514,0.8776324987411499,1.0608000755310059,0.0014269351959228516,0.023694872856140137,0.008851408958435059,-0.004476070404052734,-4.649162292480469e-05,0.002112269401550293
1769651321.4727948,full,goal11.png,0.7560163140296936,-1.0923278331756592,-1.18941330909729,-0.49375879764556885,2.608651876449585,0.8774669170379639,1.0596572160720825,-1.0906939506530762,-1.1659421920776367,-0.48523053526878357,2.6047377586364746,0.8776468634605408,1.061368465423584,0.0016338825225830078,0.02347111701965332,0.008528262376785278,-0.0039141178131103516,0.0001799464225769043,0.0017112493515014648
1769651321.5749261,full,goal11.png,0.751944899559021,-1.0924186706542969,-1.1892619132995605,-0.49384963512420654,2.6075916290283203,0.8775426149368286,1.0603690147399902,-1.0905383825302124,-1.1656749248504639,-0.4857376217842102,2.6042709350585938,0.877450704574585,1.0619056224822998,0.0018802881240844727,0.02358698844909668,0.008112013339996338,-0.0033206939697265625,-9.191036224365234e-05,0.0015366077423095703
1769651321.6737292,full,goal11.png,0.7526825070381165,-1.0923278331756592,-1.1890497207641602,-0.49418291449546814,2.6069860458374023,0.8775880932807922,1.0608081817626953,-1.0907068252563477,-1.164940357208252,-0.4868949353694916,2.6049294471740723,0.8764952421188354,1.062455415725708,0.0016210079193115234,0.024109363555908203,0.0072879791259765625,-0.002056598663330078,-0.0010928511619567871,0.0016472339630126953
1769651321.773518,full,goal11.png,0.7454748153686523,-1.0921460390090942,-1.1888680458068848,-0.49460700154304504,2.6065616607666016,0.8775426149368286,1.061368703842163,-1.0904680490493774,-1.164629340171814,-0.4863574802875519,2.604856252670288,0.8766916990280151,1.063359022140503,0.0016779899597167969,0.0242387056350708,0.008249521255493164,-0.0017054080963134766,-0.0008509159088134766,0.0019903182983398438
1769651321.8757317,full,goal11.png,0.7555419206619263,-1.0921157598495483,-1.1885650157928467,-0.49515223503112793,2.6065921783447266,0.8772246837615967,1.0617170333862305,-1.0901421308517456,-1.1646934747695923,-0.48480939865112305,2.6046526432037354,0.8777769804000854,1.0638056993484497,0.0019736289978027344,0.023871541023254395,0.010342836380004883,-0.001939535140991211,0.0005522966384887695,0.0020886659622192383
1769651321.974135,full,goal11.png,0.7525808811187744,-1.0921763181686401,-1.1883530616760254,-0.4951825439929962,2.6065921783447266,0.8773760795593262,1.0623228549957275,-1.0897165536880493,-1.1646705865859985,-0.4833168387413025,2.6043639183044434,0.8791170120239258,1.0640569925308228,0.0024597644805908203,0.023682475090026855,0.011865705251693726,-0.002228260040283203,0.0017409324645996094,0.0017341375350952148
1769651322.073307,full,goal11.png,0.7521567344665527,-1.0920854806900024,-1.1882622241973877,-0.4947584271430969,2.6065316200256348,0.8779516220092773,1.0628377199172974,-1.0889471769332886,-1.1648484468460083,-0.4814855456352234,2.6047375202178955,0.8805969953536987,1.0636444091796875,0.003138303756713867,0.023413777351379395,0.013272881507873535,-0.0017940998077392578,0.0026453733444213867,0.0008066892623901367
1769651322.1713362,full,goal11.png,0.751356840133667,-1.0917521715164185,-1.1883227825164795,-0.49381935596466064,2.606470823287964,0.8786634802818298,1.0633074045181274,-1.088897466659546,-1.164689540863037,-0.4816761612892151,2.6054248809814453,0.8807331323623657,1.0632507801055908,0.0028547048568725586,0.023633241653442383,0.012143194675445557,-0.0010459423065185547,0.0020696520805358887,-5.6624412536621094e-05
1769651322.2719455,full,goal11.png,0.7499927282333374,-1.0911766290664673,-1.1885044574737549,-0.4929712414741516,2.6065316200256348,0.8794358372688293,1.0636557340621948,-1.0892590284347534,-1.1648530960083008,-0.48238885402679443,2.606612205505371,0.8803292512893677,1.0628594160079956,0.0019176006317138672,0.0236513614654541,0.010582387447357178,8.058547973632812e-05,0.0008934140205383301,-0.0007963180541992188
1769651322.3728201,full,goal11.png,0.7462635040283203,-1.090964674949646,-1.1887166500091553,-0.49278944730758667,2.6068344116210938,0.8796934485435486,1.063610315322876,-1.0895909070968628,-1.1649574041366577,-0.48305946588516235,2.606985092163086,0.8801599740982056,1.0627104043960571,0.0013737678527832031,0.02375924587249756,0.009729981422424316,0.0001506805419921875,0.0004665255546569824,-0.0008999109268188477
1769651322.4733975,full,goal11.png,0.7533501386642456,-1.0910555124282837,-1.1885955333709717,-0.49285003542900085,2.6074399948120117,0.879708468914032,1.0635346174240112,-1.0897283554077148,-1.1650328636169434,-0.4832037091255188,2.6058454513549805,0.8803499937057495,1.0632030963897705,0.0013271570205688477,0.02356266975402832,0.009646326303482056,-0.00159454345703125,0.0006415247917175293,-0.00033152103424072266
1769651322.5729332,full,goal11.png,0.7484620213508606,-1.0912675857543945,-1.1885650157928467,-0.4930015206336975,2.607712745666504,0.8796630501747131,1.0634890794754028,-1.0896546840667725,-1.1648236513137817,-0.4836285412311554,2.60487699508667,0.8804141283035278,1.0636526346206665,0.0016129016876220703,0.02374136447906494,0.009372979402542114,-0.0028357505798339844,0.0007510781288146973,0.00016355514526367188
1769651322.675487,full,goal11.png,0.751559853553772,-1.0912978649139404,-1.1887166500091553,-0.49318328499794006,2.6074705123901367,0.8796781897544861,1.0635042190551758,-1.0891547203063965,-1.1649861335754395,-0.4821162223815918,2.604229688644409,0.8807199001312256,1.0638154745101929,0.0021431446075439453,0.02373051643371582,0.011067062616348267,-0.003240823745727539,0.001041710376739502,0.00031125545501708984
1769651322.7740054,full,goal11.png,0.7450442314147949,-1.0912373065948486,-1.188807487487793,-0.49324384331703186,2.607076644897461,0.8797085881233215,1.063625454902649,-1.0889861583709717,-1.1648924350738525,-0.4821011424064636,2.6030492782592773,0.8806095123291016,1.064283847808838,0.002251148223876953,0.02391505241394043,0.011142700910568237,-0.004027366638183594,0.0009009242057800293,0.0006583929061889648
1769651322.8737197,full,goal11.png,0.7536418437957764,-1.0910857915878296,-1.1887469291687012,-0.4930015206336975,2.606379985809326,0.8799054622650146,1.0638222694396973,-1.0886422395706177,-1.165055513381958,-0.48116904497146606,2.601897716522217,0.881122887134552,1.0649189949035645,0.002443552017211914,0.023691415786743164,0.011832475662231445,-0.004482269287109375,0.0012174248695373535,0.0010967254638671875
1769651322.9722195,full,goal11.png,0.7546286582946777,-1.0908737182617188,-1.1889588832855225,-0.49278944730758667,2.6050169467926025,0.8801630139350891,1.0641403198242188,-1.0885040760040283,-1.164635419845581,-0.4820581078529358,2.600619077682495,0.8812041282653809,1.0657556056976318,0.0023696422576904297,0.024323463439941406,0.010731339454650879,-0.004397869110107422,0.001041114330291748,0.001615285873413086
1769651323.0721512,full,goal11.png,0.754868745803833,-1.0907526016235352,-1.1889891624450684,-0.4925471246242523,2.603835344314575,0.8805719017982483,1.0646402835845947,-1.0887689590454102,-1.164230227470398,-0.48342907428741455,2.6009418964385986,0.880408763885498,1.0661628246307373,0.001983642578125,0.02475893497467041,0.009118050336837769,-0.0028934478759765625,-0.00016313791275024414,0.0015225410461425781
1769651323.1724553,full,goal11.png,0.7577404975891113,-1.0906010866165161,-1.1888983249664307,-0.49263796210289,2.602987289428711,0.8808444738388062,1.0650945901870728,-1.0894337892532349,-1.163946509361267,-0.4859508275985718,2.602025032043457,0.8782997131347656,1.0660641193389893,0.00116729736328125,0.024951815605163574,0.006687134504318237,-0.0009622573852539062,-0.0025447607040405273,0.0009695291519165039
1769651323.2732084,full,goal11.png,0.749058723449707,-1.0905708074569702,-1.1888377666473389,-0.49333468079566956,2.6028964519500732,0.8806020617485046,1.0653369426727295,-1.0903022289276123,-1.163607120513916,-0.4885668158531189,2.603067398071289,0.8757497072219849,1.0662033557891846,0.00026857852935791016,0.02523064613342285,0.004767864942550659,0.0001709461212158203,-0.004852354526519775,0.0008664131164550781
1769651323.3785927,full,goal11.png,0.7521088123321533,-1.0908434391021729,-1.1887166500091553,-0.4945161044597626,2.6031992435455322,0.8796175718307495,1.0655640363693237,-1.0908499956130981,-1.163092017173767,-0.491414338350296,2.602389097213745,0.8739573955535889,1.0666487216949463,-6.556510925292969e-06,0.025624632835388184,0.0031017661094665527,-0.0008101463317871094,-0.0056601762771606445,0.0010846853256225586
1769651323.4728,full,goal11.png,0.7555128335952759,-1.0912675857543945,-1.1886560916900635,-0.49606093764305115,2.603684186935425,0.8780122399330139,1.0658669471740723,-1.0909090042114258,-1.1626291275024414,-0.49262452125549316,2.6013989448547363,0.8734572529792786,1.0671803951263428,0.00035858154296875,0.02602696418762207,0.0034364163875579834,-0.0022852420806884766,-0.0045549869537353516,0.0013134479522705078
1769651323.57349,full,goal11.png,0.7565710544586182,-1.091570496559143,-1.1883530616760254,-0.4977876543998718,2.603593111038208,0.8761945962905884,1.0662912130355835,-1.0907909870147705,-1.162804126739502,-0.4927496910095215,2.601241111755371,0.8738107681274414,1.066651701927185,0.0007795095443725586,0.025548934936523438,0.005037963390350342,-0.002351999282836914,-0.0023838281631469727,0.0003604888916015625
1769651323.6718388,full,goal11.png,0.7543342113494873,-1.0917521715164185,-1.1880501508712769,-0.4989084303379059,2.603290319442749,0.8753162026405334,1.0667455196380615,-1.0904830694198608,-1.1636264324188232,-0.49094563722610474,2.601489305496216,0.8753817677497864,1.0658612251281738,0.0012691020965576172,0.024423718452453613,0.007962793111801147,-0.0018010139465332031,6.556510925292969e-05,-0.0008842945098876953
1769651323.7729049,full,goal11.png,0.754887580871582,-1.0917218923568726,-1.1878987550735474,-0.49921131134033203,2.6031086444854736,0.8753010630607605,1.066609263420105,-1.0904860496520996,-1.1636967658996582,-0.49060750007629395,2.602538585662842,0.8757715225219727,1.0650498867034912,0.0012358427047729492,0.02420198917388916,0.008603811264038086,-0.0005700588226318359,0.0004704594612121582,-0.0015593767166137695
1769651323.8722286,full,goal11.png,0.7594106197357178,-1.091600775718689,-1.1880804300308228,-0.49902960658073425,2.6031992435455322,0.8755585551261902,1.0663517713546753,-1.090975284576416,-1.1632684469223022,-0.4920140504837036,2.6025938987731934,0.8746700286865234,1.0647813081741333,0.0006254911422729492,0.024811983108520508,0.00701555609703064,-0.0006053447723388672,-0.000888526439666748,-0.0015704631805419922
1769651323.971265,full,goal11.png,0.751020073890686,-1.0915402173995972,-1.1881108283996582,-0.4988478422164917,2.6034719944000244,0.875937283039093,1.0659123659133911,-1.0914684534072876,-1.1629390716552734,-0.4930917024612427,2.602998733520508,0.8735675811767578,1.0644623041152954,7.176399230957031e-05,0.025171756744384766,0.0057561397552490234,-0.00047326087951660156,-0.002369701862335205,-0.0014500617980957031
1769651324.073947,full,goal11.png,0.7524610161781311,-1.0917521715164185,-1.1881108283996582,-0.49909019470214844,2.6036536693573,0.8755282759666443,1.0655337572097778,-1.0918595790863037,-1.1629778146743774,-0.49351727962493896,2.603078842163086,0.8726891279220581,1.0642852783203125,-0.0001074075698852539,0.02513301372528076,0.005572915077209473,-0.0005748271942138672,-0.0028391480445861816,-0.001248478889465332
1769651324.1731017,full,goal11.png,0.7570158243179321,-1.0920854806900024,-1.188019871711731,-0.49948400259017944,2.6038053035736084,0.8750132322311401,1.0651702880859375,-1.0919235944747925,-1.1635119915008545,-0.49192866683006287,2.6035382747650146,0.873396635055542,1.0634504556655884,0.00016188621520996094,0.024507880210876465,0.007555335760116577,-0.00026702880859375,-0.0016165971755981445,-0.001719832420349121
1769651324.2740643,full,goal11.png,0.7601301074028015,-1.092388391494751,-1.1880804300308228,-0.4998474717140198,2.6040170192718506,0.8744679689407349,1.0648068189620972,-1.0917575359344482,-1.163936972618103,-0.490351140499115,2.6037864685058594,0.8740667104721069,1.0627057552337646,0.0006308555603027344,0.024143457412719727,0.009496331214904785,-0.00023055076599121094,-0.0004012584686279297,-0.0021010637283325195
1769651324.3862138,full,goal11.png,0.7531470060348511,-1.0925095081329346,-1.1881108283996582,-0.4996051490306854,2.604229211807251,0.8744528889656067,1.0644584894180298,-1.0915837287902832,-1.1645419597625732,-0.4889296591281891,2.6040475368499756,0.874481201171875,1.0622978210449219,0.0009257793426513672,0.02356886863708496,0.010675489902496338,-0.00018167495727539062,2.8312206268310547e-05,-0.00216066837310791
1769651324.4715283,full,goal11.png,0.7504459023475647,-1.0924186706542969,-1.18817138671875,-0.4989387094974518,2.604471445083618,0.8747860193252563,1.0639132261276245,-1.0915207862854004,-1.164580225944519,-0.4885576069355011,2.604346513748169,0.8741019368171692,1.0621304512023926,0.0008978843688964844,0.023591160774230957,0.010381102561950684,-0.00012493133544921875,-0.0006840825080871582,-0.0017827749252319336
1769651324.5721157,full,goal11.png,0.7509908676147461,-1.0922671556472778,-1.1883833408355713,-0.49803000688552856,2.6047747135162354,0.8750738501548767,1.0635346174240112,-1.0914807319641113,-1.1641902923583984,-0.48966631293296814,2.6045775413513184,0.8737500905990601,1.0618743896484375,0.0007864236831665039,0.02419304847717285,0.008363693952560425,-0.0001971721649169922,-0.0013237595558166504,-0.0016602277755737305
1769651324.6722517,full,goal11.png,0.7585077881813049,-1.092358112335205,-1.1886863708496094,-0.49766644835472107,2.6050169467926025,0.8749375939369202,1.063307285308838,-1.0916244983673096,-1.1633234024047852,-0.49109649658203125,2.604269504547119,0.8734943866729736,1.0621657371520996,0.0007336139678955078,0.02536296844482422,0.006569951772689819,-0.0007474422454833984,-0.0014432072639465332,-0.0011415481567382812
1769651324.771978,full,goal11.png,0.7605378031730652,-1.0924489498138428,-1.1885955333709717,-0.4978482127189636,2.605138063430786,0.8747103214263916,1.0630499124526978,-1.091537594795227,-1.1625189781188965,-0.4921691119670868,2.6033742427825928,0.8729568123817444,1.0628317594528198,0.0009113550186157227,0.026076555252075195,0.005679100751876831,-0.0017638206481933594,-0.0017535090446472168,-0.0002181529998779297
1769651324.873441,full,goal11.png,0.7498030066490173,-1.0924792289733887,-1.1882622241973877,-0.4983026087284088,2.6051077842712402,0.874589204788208,1.0630499124526978,-1.0918893814086914,-1.162177324295044,-0.4930444061756134,2.603095054626465,0.8722105026245117,1.063218355178833,0.0005898475646972656,0.02608489990234375,0.00525820255279541,-0.0020127296447753906,-0.002378702163696289,0.0001684427261352539
1769651324.9734976,full,goal11.png,0.7551583051681519,-1.0923278331756592,-1.1878077983856201,-0.49905991554260254,2.6047747135162354,0.8744226098060608,1.0631861686706543,-1.092092514038086,-1.1621183156967163,-0.49343058466911316,2.6032893657684326,0.8717542290687561,1.0634543895721436,0.0002353191375732422,0.02568948268890381,0.00562933087348938,-0.0014853477478027344,-0.0026683807373046875,0.0002682209014892578
1769651325.0731378,full,goal11.png,0.7582709193229675,-1.0924792289733887,-1.1874746084213257,-0.49954456090927124,2.60453200340271,0.874043881893158,1.0633528232574463,-1.092329740524292,-1.1621806621551514,-0.4933798909187317,2.603487253189087,0.871600866317749,1.0634596347808838,0.0001494884490966797,0.025293946266174316,0.006164669990539551,-0.0010447502136230469,-0.0024430155754089355,0.0001068115234375
1769651325.1745982,full,goal11.png,0.76203852891922,-1.092812418937683,-1.1871718168258667,-0.499786913394928,2.604562520980835,0.8737410306930542,1.0635344982147217,-1.0918285846710205,-1.162424087524414,-0.4920843839645386,2.6038384437561035,0.8723353147506714,1.0632904767990112,0.0009838342666625977,0.024747729301452637,0.007702529430389404,-0.0007240772247314453,-0.0014057159423828125,-0.00024402141571044922
1769651325.2766278,full,goal11.png,0.7615557312965393,-1.0931153297424316,-1.1872626543045044,-0.4999080300331116,2.604562520980835,0.873559296131134,1.0635648965835571,-1.0913012027740479,-1.1627416610717773,-0.4899812936782837,2.6045706272125244,0.8732854127883911,1.0628713369369507,0.001814126968383789,0.02452099323272705,0.00992673635482788,8.106231689453125e-06,-0.0002738833427429199,-0.0006935596466064453
1769651325.374279,full,goal11.png,0.760140597820282,-1.092842698097229,-1.187353491783142,-0.4996354281902313,2.6046535968780518,0.8736198544502258,1.0635042190551758,-1.0907294750213623,-1.1630526781082153,-0.488956093788147,2.6044797897338867,0.8739110231399536,1.0626893043518066,0.0021132230758666992,0.024300813674926758,0.01067933440208435,-0.00017380714416503906,0.0002911686897277832,-0.0008149147033691406
1769651325.4732437,full,goal11.png,0.7602361440658569,-1.0924792289733887,-1.187353491783142,-0.49872663617134094,2.6049563884735107,0.8738469481468201,1.0633679628372192,-1.0906177759170532,-1.163184404373169,-0.4892512559890747,2.6048388481140137,0.8734297752380371,1.0624241828918457,0.0018614530563354492,0.024169087409973145,0.009475380182266235,-0.00011754035949707031,-0.000417172908782959,-0.0009437799453735352
1769651325.5731473,full,goal11.png,0.7581647634506226,-1.092236876487732,-1.1875957250595093,-0.49812084436416626,2.6050775051116943,0.8741650581359863,1.0632013082504272,-1.0906866788864136,-1.1632270812988281,-0.4899561405181885,2.6052446365356445,0.872832179069519,1.0623120069503784,0.0015501976013183594,0.024368643760681152,0.008164703845977783,0.0001671314239501953,-0.0013328790664672852,-0.0008893013000488281
1769651325.6737502,full,goal11.png,0.7535424828529358,-1.0920854806900024,-1.1878077983856201,-0.49803000688552856,2.6052591800689697,0.8741650581359863,1.0631407499313354,-1.0906527042388916,-1.1634612083435059,-0.4901852607727051,2.6058788299560547,0.8723769187927246,1.0623117685317993,0.0014327764511108398,0.024346590042114258,0.007844746112823486,0.0006196498870849609,-0.0017881393432617188,-0.0008289813995361328
1769651325.7744415,full,goal11.png,0.7491485476493835,-1.092024803161621,-1.1879290342330933,-0.49809056520462036,2.605774164199829,0.8740742206573486,1.0631104707717896,-1.090315341949463,-1.1638092994689941,-0.48901113867759705,2.6060080528259277,0.8730951547622681,1.0624738931655884,0.0017094612121582031,0.02411973476409912,0.009079426527023315,0.0002338886260986328,-0.0009790658950805664,-0.0006365776062011719
1769651325.8743722,full,goal11.png,0.7544102668762207,-1.0919339656829834,-1.1879290342330933,-0.49812084436416626,2.6062588691711426,0.8739379644393921,1.0630347728729248,-1.0902141332626343,-1.163764476776123,-0.48879769444465637,2.6063036918640137,0.8736487627029419,1.0624773502349854,0.001719832420349121,0.024164557456970215,0.009323149919509888,4.482269287109375e-05,-0.0002892017364501953,-0.0005574226379394531
1769651325.9732077,full,goal11.png,0.7440978288650513,-1.0917521715164185,-1.188201665878296,-0.4979693591594696,2.6066527366638184,0.8739985227584839,1.0630347728729248,-1.090391993522644,-1.1639158725738525,-0.4882837235927582,2.6065027713775635,0.8741987347602844,1.0619773864746094,0.001360177993774414,0.02428579330444336,0.009685635566711426,-0.0001499652862548828,0.0002002120018005371,-0.0010573863983154297
1769651326.0752285,full,goal11.png,0.7519323825836182,-1.091600775718689,-1.1885044574737549,-0.49772700667381287,2.6069250106811523,0.8741500377655029,1.0629740953445435,-1.091060757637024,-1.164536952972412,-0.48860156536102295,2.6058483123779297,0.8746264576911926,1.0616817474365234,0.0005400180816650391,0.023967504501342773,0.009125441312789917,-0.0010766983032226562,0.00047641992568969727,-0.0012923479080200195
1769651326.173391,full,goal11.png,0.7507476210594177,-1.0917521715164185,-1.1885044574737549,-0.4974846839904785,2.607016086578369,0.8744680881500244,1.0627166032791138,-1.0917139053344727,-1.165574073791504,-0.48869162797927856,2.604487895965576,0.8750460147857666,1.0617703199386597,3.826618194580078e-05,0.022930383682250977,0.008793056011199951,-0.0025281906127929688,0.0005779266357421875,-0.0009462833404541016
1769651326.2744281,full,goal11.png,0.7489571571350098,-1.092024803161621,-1.1886258125305176,-0.4974544048309326,2.6068949699401855,0.8746952414512634,1.0625499486923218,-1.0919097661972046,-1.1655054092407227,-0.49008670449256897,2.60312557220459,0.8752225637435913,1.0626691579818726,0.0001150369644165039,0.023120403289794922,0.0073677003383636475,-0.003769397735595703,0.0005273222923278809,0.00011920928955078125
1769651326.3727078,full,goal11.png,0.7520006895065308,-1.0921763181686401,-1.1893527507781982,-0.4975453317165375,2.606167793273926,0.8749375939369202,1.0625500679016113,-1.0921359062194824,-1.1652522087097168,-0.49120962619781494,2.6022353172302246,0.8747731447219849,1.0630513429641724,4.0411949157714844e-05,0.024100542068481445,0.006335705518722534,-0.003932476043701172,-0.00016444921493530273,0.0005012750625610352
1769651326.4746156,full,goal11.png,0.76090407371521,-1.0924792289733887,-1.1898373365402222,-0.4979390799999237,2.6050472259521484,0.8751041293144226,1.0627771615982056,-1.0920047760009766,-1.1648120880126953,-0.4921053647994995,2.6019773483276367,0.8742532730102539,1.0633362531661987,0.0004744529724121094,0.025025248527526855,0.005833715200424194,-0.0030698776245117188,-0.0008508563041687012,0.0005590915679931641
1769651326.5740077,full,goal11.png,0.7648455500602722,-1.0929336547851562,-1.1898373365402222,-0.4984237551689148,2.604229211807251,0.8750889897346497,1.0629136562347412,-1.0917742252349854,-1.164813756942749,-0.49224233627319336,2.6024608612060547,0.873786211013794,1.0633196830749512,0.0011594295501708984,0.025023579597473145,0.0061814188957214355,-0.001768350601196289,-0.0013027787208557129,0.00040602684020996094
1769651326.6740863,full,goal11.png,0.7564958333969116,-1.0929639339447021,-1.1895344257354736,-0.4988781213760376,2.603895902633667,0.8749527335166931,1.0630196332931519,-1.0915627479553223,-1.1650274991989136,-0.4912099242210388,2.603404998779297,0.8737470507621765,1.062695026397705,0.0014011859893798828,0.02450692653656006,0.007668197154998779,-0.0004909038543701172,-0.0012056827545166016,-0.00032460689544677734
1769651326.7743032,full,goal11.png,0.7565468549728394,-1.0926913022994995,-1.1895344257354736,-0.49915075302124023,2.603986978530884,0.8748770356178284,1.0630650520324707,-1.0914536714553833,-1.1651356220245361,-0.4902894198894501,2.6038618087768555,0.8745279312133789,1.0624996423721313,0.001237630844116211,0.0243988037109375,0.008861333131790161,-0.0001251697540283203,-0.0003491044044494629,-0.0005654096603393555
1769651326.8754778,full,goal11.png,0.7579059600830078,-1.0924186706542969,-1.189443588256836,-0.49899932742118835,2.6042897701263428,0.874891996383667,1.062989354133606,-1.0918223857879639,-1.1648612022399902,-0.491598904132843,2.6033952236175537,0.8741310834884644,1.0629301071166992,0.0005962848663330078,0.024582386016845703,0.007400423288345337,-0.0008945465087890625,-0.0007609128952026367,-5.924701690673828e-05
1769651326.9729292,full,goal11.png,0.7533515095710754,-1.0924792289733887,-1.1892619132995605,-0.498757004737854,2.60453200340271,0.8749072551727295,1.0629740953445435,-1.0919065475463867,-1.164401888847351,-0.493386447429657,2.6026387214660645,0.8736653327941895,1.0639097690582275,0.0005726814270019531,0.024860024452209473,0.0053705573081970215,-0.0018932819366455078,-0.001241922378540039,0.000935673713684082
1769651327.0722716,full,goal11.png,0.7618502378463745,-1.092388391494751,-1.189140796661377,-0.49899932742118835,2.6043808460235596,0.87483149766922,1.0630195140838623,-1.0917930603027344,-1.163819670677185,-0.4950476288795471,2.602306604385376,0.8726928234100342,1.0650019645690918,0.0005953311920166016,0.025321125984191895,0.003951698541641235,-0.0020742416381835938,-0.002138674259185791,0.001982450485229492
1769651327.1733775,full,goal11.png,0.7588112354278564,-1.0924792289733887,-1.1892013549804688,-0.49996867775917053,2.6041386127471924,0.8745436668395996,1.0633376836776733,-1.0917627811431885,-1.163902759552002,-0.4945083260536194,2.6020045280456543,0.8725353479385376,1.0652391910552979,0.0007164478302001953,0.025298595428466797,0.0054603517055511475,-0.002134084701538086,-0.0020083189010620117,0.0019015073776245117
1769651327.283224,full,goal11.png,0.7603206634521484,-1.0924792289733887,-1.1890194416046143,-0.500786542892456,2.603956460952759,0.8739985823631287,1.0639737844467163,-1.0916686058044434,-1.1639621257781982,-0.4942251145839691,2.601349115371704,0.8721405267715454,1.0655457973480225,0.0008106231689453125,0.025057315826416016,0.0065614283084869385,-0.0026073455810546875,-0.001858055591583252,0.0015720129013061523
1769651327.3832834,full,goal11.png,0.7539855241775513,-1.0925095081329346,-1.18817138671875,-0.5008471012115479,2.6038053035736084,0.8735441565513611,1.0644584894180298,-1.0918867588043213,-1.163959264755249,-0.4948161840438843,2.6007134914398193,0.871637225151062,1.065702199935913,0.0006227493286132812,0.024212121963500977,0.006030917167663574,-0.0030918121337890625,-0.0019069314002990723,0.0012437105178833008
1769651327.4735441,full,goal11.png,0.7565617561340332,-1.0925397872924805,-1.1881108283996582,-0.5008471012115479,2.603320360183716,0.8732866644859314,1.0647159814834595,-1.091888666152954,-1.1636710166931152,-0.49606531858444214,2.601008176803589,0.8711942434310913,1.065821886062622,0.0006511211395263672,0.02443981170654297,0.004781782627105713,-0.002312183380126953,-0.002092421054840088,0.0011059045791625977
1769651327.5744538,full,goal11.png,0.7518603801727295,-1.0925397872924805,-1.1882622241973877,-0.5010894536972046,2.6027448177337646,0.8729836940765381,1.065018892288208,-1.0919084548950195,-1.1631718873977661,-0.49658632278442383,2.601849317550659,0.8707135915756226,1.0657612085342407,0.0006313323974609375,0.025090336799621582,0.004503130912780762,-0.0008955001831054688,-0.0022701025009155273,0.0007423162460327148
1769651327.6740518,full,goal11.png,0.7615664005279541,-1.0927215814590454,-1.18817138671875,-0.5016346573829651,2.602714776992798,0.8727262020111084,1.0651854276657104,-1.0916410684585571,-1.1630667448043823,-0.496031790971756,2.602414131164551,0.8707785606384277,1.065351963043213,0.0010805130004882812,0.025104641914367676,0.0056028664112091064,-0.0003006458282470703,-0.001947641372680664,0.0001665353775024414
1769651327.7727945,full,goal11.png,0.7603015899658203,-1.0929639339447021,-1.1883227825164795,-0.5022405385971069,2.603017568588257,0.8725292682647705,1.0652612447738647,-1.0912262201309204,-1.1638298034667969,-0.49325302243232727,2.603020668029785,0.8717881441116333,1.0636513233184814,0.0017377138137817383,0.024492979049682617,0.008987516164779663,3.0994415283203125e-06,-0.000741124153137207,-0.0016099214553833008
1769651327.8737247,full,goal11.png,0.7561005353927612,-1.092812418937683,-1.188201665878296,-0.5020588040351868,2.603350877761841,0.8725292682647705,1.0650794506072998,-1.0906208753585815,-1.1647756099700928,-0.4900481104850769,2.6032721996307373,0.8729078769683838,1.0618183612823486,0.0021915435791015625,0.023426055908203125,0.012010693550109863,-7.867813110351562e-05,0.00037860870361328125,-0.003261089324951172
1769651327.9746413,full,goal11.png,0.759025514125824,-1.0921460390090942,-1.1885044574737549,-0.5009076595306396,2.603532552719116,0.8727564811706543,1.0645796060562134,-1.090510606765747,-1.1649866104125977,-0.489612340927124,2.6028974056243896,0.8728383183479309,1.0616703033447266,0.001635432243347168,0.023517847061157227,0.011295318603515625,-0.0006351470947265625,8.183717727661133e-05,-0.0029093027114868164
1769651328.0761461,full,goal11.png,0.7526912093162537,-1.0916310548782349,-1.1893527507781982,-0.4993325173854828,2.603926420211792,0.873407781124115,1.0635648965835571,-1.0907260179519653,-1.1648406982421875,-0.4912967085838318,2.6015169620513916,0.8717703819274902,1.062599539756775,0.0009050369262695312,0.024512052536010742,0.008035808801651001,-0.0024094581604003906,-0.0016373991966247559,-0.0009653568267822266
1769651328.1727095,full,goal11.png,0.7552762031555176,-1.0913281440734863,-1.1887166500091553,-0.4984843134880066,2.603895902633667,0.8736804127693176,1.0631104707717896,-1.0912365913391113,-1.165229320526123,-0.49186089634895325,2.6005561351776123,0.8718329071998596,1.0632232427597046,9.1552734375e-05,0.023487329483032227,0.006623417139053345,-0.0033397674560546875,-0.0018475055694580078,0.00011277198791503906
1769651328.2755606,full,goal11.png,0.7530951499938965,-1.0913281440734863,-1.188443899154663,-0.49854496121406555,2.603350877761841,0.873407781124115,1.0632317066192627,-1.0913724899291992,-1.1654950380325317,-0.4914926588535309,2.599776029586792,0.8727248907089233,1.0637164115905762,-4.4345855712890625e-05,0.022948861122131348,0.007052302360534668,-0.003574848175048828,-0.0006828904151916504,0.00048470497131347656
1769651328.3735895,full,goal11.png,0.7540856003761292,-1.0918128490447998,-1.1892013549804688,-0.4988478422164917,2.6027753353118896,0.8733320236206055,1.0633679628372192,-1.0914463996887207,-1.165228009223938,-0.4919852614402771,2.5993242263793945,0.8737767338752747,1.0646545886993408,0.00036644935607910156,0.02397334575653076,0.0068625807762146,-0.003451108932495117,0.00044471025466918945,0.001286625862121582
1769651328.472643,full,goal11.png,0.7513542175292969,-1.092024803161621,-1.1890497207641602,-0.4988175630569458,2.601957321166992,0.8735440373420715,1.0636405944824219,-1.0914819240570068,-1.1649017333984375,-0.4919953942298889,2.6004393100738525,0.8738102316856384,1.0648345947265625,0.0005428791046142578,0.024147987365722656,0.006822168827056885,-0.0015180110931396484,0.00026619434356689453,0.001194000244140625
1769651328.5733614,full,goal11.png,0.7506444454193115,-1.092206597328186,-1.188777208328247,-0.4988175630569458,2.601321220397949,0.8739530444145203,1.0639890432357788,-1.0911389589309692,-1.1654161214828491,-0.4895397424697876,2.6017189025878906,0.8744435906410217,1.0638446807861328,0.0010676383972167969,0.02336108684539795,0.009277820587158203,0.00039768218994140625,0.0004905462265014648,-0.0001443624496459961
1769651328.6776257,full,goal11.png,0.7567009925842285,-1.0926610231399536,-1.1890801191329956,-0.4988175630569458,2.6015939712524414,0.8741954565048218,1.0641705989837646,-1.0900819301605225,-1.1656408309936523,-0.4856855869293213,2.6024720668792725,0.8760607242584229,1.0634918212890625,0.0025790929794311523,0.02343928813934326,0.013131976127624512,0.0008780956268310547,0.0018652677536010742,-0.0006787776947021484
1769651328.7769713,full,goal11.png,0.7559908628463745,-1.0922671556472778,-1.189140796661377,-0.4974241256713867,2.602351188659668,0.8745589256286621,1.0639889240264893,-1.089278221130371,-1.165875792503357,-0.4831502139568329,2.6027112007141113,0.8769938349723816,1.0634496212005615,0.0029889345169067383,0.02326500415802002,0.014273911714553833,0.0003600120544433594,0.0024349093437194824,-0.0005393028259277344
1769651328.8751936,full,goal11.png,0.7646467685699463,-1.0918734073638916,-1.189140796661377,-0.49542486667633057,2.6030781269073486,0.8754827976226807,1.0637919902801514,-1.0886636972427368,-1.1659581661224365,-0.48135340213775635,2.601926803588867,0.8782031536102295,1.0635491609573364,0.003209710121154785,0.02318263053894043,0.014071464538574219,-0.0011513233184814453,0.002720355987548828,-0.0002428293228149414
1769651328.9763827,full,goal11.png,0.7609753608703613,-1.0910857915878296,-1.1889286041259766,-0.49315300583839417,2.603290319442749,0.8762856125831604,1.0638071298599243,-1.0882775783538818,-1.1659353971481323,-0.48074522614479065,2.6013567447662354,0.8797153234481812,1.0636093616485596,0.002808213233947754,0.02299320697784424,0.012407779693603516,-0.0019335746765136719,0.003429710865020752,-0.0001977682113647461
