timestamp,goal_image,similarity_score,curr_j0,curr_j1,curr_j2,curr_j3,curr_j4,curr_j5,cmd_j0,cmd_j1,cmd_j2,cmd_j3,cmd_j4,cmd_j5,step_diff_j0,step_diff_j1,step_diff_j2,step_diff_j3,step_diff_j4,step_diff_j5
1769718957.773502,goal2.png,0.7796975374221802,0.3939771056175232,-0.682174563407898,-2.243391513824463,1.6466097831726074,1.0874961614608765,2.3701930046081543,0.2750258147716522,-0.7174930572509766,-2.043391466140747,1.8399693965911865,0.8874961733818054,2.57019305229187,-0.11895129084587097,-0.03531849384307861,0.20000000298023224,0.1933596134185791,-0.20000000298023224,0.20000000298023224
1769718957.8182933,goal2.png,0.7719994783401489,0.3891606628894806,-0.6829924583435059,-2.243361234664917,1.6465492248535156,1.0875113010406494,2.370208263397217,0.2760044038295746,-0.7165459990501404,-2.043361186981201,1.8428457975387573,0.8875113129615784,2.5702083110809326,-0.113156259059906,-0.03355354070663452,0.20000000298023224,0.1962965726852417,-0.20000000298023224,0.20000000298023224
1769718957.919236,goal2.png,0.7284238338470459,0.36114072799682617,-0.6973811984062195,-2.219703197479248,1.6818697452545166,1.0633383989334106,2.394653558731079,0.27556657791137695,-0.7107383012771606,-2.0197031497955322,1.8409130573272705,0.8633384108543396,2.594653606414795,-0.08557415008544922,-0.013357102870941162,0.20000000298023224,0.1590433120727539,-0.20000000298023224,0.20000000298023224
1769718958.0203977,goal2.png,0.7595990300178528,0.3222759962081909,-0.7088012099266052,-2.1788394451141357,1.7375160455703735,1.0293205976486206,2.4295802116394043,0.2717280387878418,-0.7023923993110657,-1.9819586277008057,1.8321468830108643,0.8293206095695496,2.6208431720733643,-0.05054795742034912,0.006408810615539551,0.19688081741333008,0.09463083744049072,-0.20000000298023224,0.19126296043395996
1769718958.1132386,goal2.png,0.7429280281066895,0.2925293445587158,-0.7106187343597412,-2.1495471000671387,1.7774709463119507,1.003981351852417,2.4552223682403564,0.2664470374584198,-0.6946535110473633,-1.9523885250091553,1.8165686130523682,0.803981363773346,2.6334896087646484,-0.02608230710029602,0.01596522331237793,0.1971585750579834,0.03909766674041748,-0.20000000298023224,0.178267240524292
1769718958.2145019,goal2.png,0.7063690423965454,0.2780194878578186,-0.7092858552932739,-2.108410596847534,1.8297247886657715,0.9666162133216858,2.4875893592834473,0.2594742774963379,-0.6916131973266602,-1.929020643234253,1.7984702587127686,0.7666162252426147,2.6456971168518066,-0.018545210361480713,0.01767265796661377,0.17938995361328125,-0.03125452995300293,-0.20000000298023224,0.15810775756835938
1769718958.313792,goal2.png,0.6837865114212036,0.2726578116416931,-0.7105278968811035,-2.0652143955230713,1.8216973543167114,0.9257371425628662,2.5172300338745117,0.2408343255519867,-0.6854841709136963,-1.9118852615356445,1.7752233743667603,0.7257371544837952,2.6556735038757324,-0.03182348608970642,0.025043725967407227,0.15332913398742676,-0.04647397994995117,-0.20000000298023224,0.1384434700012207
1769718958.4182656,goal2.png,0.6574379205703735,0.259753555059433,-0.7103763222694397,-2.009507417678833,1.7985846996307373,0.863032877445221,2.5485823154449463,0.20601677894592285,-0.6721763610839844,-1.9081788063049316,1.75894033908844,0.6630328893661499,2.664080858230591,-0.05373677611351013,0.03819996118545532,0.10132861137390137,-0.03964436054229736,-0.20000000298023224,0.11549854278564453
1769718958.5173516,goal2.png,0.767488956451416,0.2390338033437729,-0.7072563171386719,-1.9640089273452759,1.7789250612258911,0.8073562383651733,2.568908214569092,0.1757899671792984,-0.6656068563461304,-1.914167881011963,1.7520804405212402,0.6073562502861023,2.6816208362579346,-0.06324383616447449,0.041649460792541504,0.04984104633331299,-0.02684462070465088,-0.20000000298023224,0.11271262168884277
1769718958.617793,goal2.png,0.7716087102890015,0.2124071568250656,-0.7029851078987122,-1.9234479665756226,1.7635973691940308,0.7512252330780029,2.5815398693084717,0.1408282369375229,-0.6687377095222473,-1.9272834062576294,1.752145767211914,0.5512252449989319,2.710698127746582,-0.07157891988754272,0.034247398376464844,-0.003835439682006836,-0.0114516019821167,-0.20000000298023224,0.12915825843811035
1769718958.7187083,goal2.png,0.802016019821167,0.18156994879245758,-0.6941398978233337,-1.9192980527877808,1.7560547590255737,0.6986838579177856,2.5996696949005127,0.13079680502414703,-0.6806772351264954,-1.940441370010376,1.7636617422103882,0.520161509513855,2.7394487857818604,-0.05077314376831055,0.013462662696838379,-0.021143317222595215,0.007606983184814453,-0.17852234840393066,0.13977909088134766
1769718958.8184137,goal2.png,0.8130421042442322,0.1464313417673111,-0.6962299942970276,-1.930596947669983,1.7560242414474487,0.6481872200965881,2.6243879795074463,0.1392899602651596,-0.6887718439102173,-1.9352877140045166,1.7654802799224854,0.5174124240875244,2.7430806159973145,-0.007141381502151489,0.007458150386810303,-0.004690766334533691,0.009456038475036621,-0.13077479600906372,0.11869263648986816
1769718958.9174953,goal2.png,0.7498874664306641,0.13646522164344788,-0.7054993510246277,-1.9378063678741455,1.7612346410751343,0.6098224520683289,2.654846429824829,0.16547241806983948,-0.6871430277824402,-1.8982406854629517,1.729434609413147,0.5613346099853516,2.7007579803466797,0.0290071964263916,0.0183563232421875,0.03956568241119385,-0.031800031661987305,-0.048487842082977295,0.045911550521850586
1769718959.0126114,goal2.png,0.6704822778701782,0.13967622816562653,-0.710679292678833,-1.938260793685913,1.7633851766586304,0.5835138559341431,2.6788527965545654,0.18121594190597534,-0.6806880831718445,-1.8679945468902588,1.6991214752197266,0.5835276246070862,2.666478395462036,0.041539713740348816,0.029991209506988525,0.0702662467956543,-0.06426370143890381,1.3768672943115234e-05,-0.012374401092529297
1769718959.1139333,goal2.png,0.6643540859222412,0.1584874838590622,-0.7126482725143433,-1.916874647140503,1.740666389465332,0.5490870475769043,2.7124011516571045,0.17866496741771698,-0.6596131920814514,-1.8496124744415283,1.6710004806518555,0.5493476390838623,2.628695011138916,0.020177483558654785,0.053035080432891846,0.06726217269897461,-0.06966590881347656,0.0002605915069580078,-0.08370614051818848
1769718959.2187762,goal2.png,0.6893142461776733,0.17669294774532318,-0.7057720422744751,-1.8786159753799438,1.7004992961883545,0.565717339515686,2.6653881072998047,0.1576692909002304,-0.6450418829917908,-1.8702964782714844,1.6969810724258423,0.45773202180862427,2.6395397186279297,-0.019023656845092773,0.060730159282684326,0.008319497108459473,-0.003518223762512207,-0.10798531770706177,-0.025848388671875
1769718959.3186095,goal2.png,0.7416843771934509,0.17490576207637787,-0.6913530230522156,-1.8668019771575928,1.6854138374328613,0.5382122993469238,2.6434566974639893,0.14428970217704773,-0.6522103548049927,-1.8942229747772217,1.7469794750213623,0.36802542209625244,2.674741268157959,-0.03061605989933014,0.0391426682472229,-0.027420997619628906,0.06156563758850098,-0.1701868772506714,0.03128457069396973
1769718959.4177403,goal2.png,0.7396299839019775,0.1605776697397232,-0.6768734455108643,-1.876192569732666,1.7011353969573975,0.47314512729644775,2.6408514976501465,0.1546640694141388,-0.6750443577766418,-1.9010206460952759,1.8068233728408813,0.29169610142707825,2.7089242935180664,-0.005913600325584412,0.0018290877342224121,-0.024828076362609863,0.10568797588348389,-0.1814490258693695,0.06807279586791992
1769718959.5211058,goal2.png,0.669504702091217,0.15018750727176666,-0.6761767864227295,-1.886885643005371,1.727640986442566,0.4285099506378174,2.645289421081543,0.16159874200820923,-0.691590428352356,-1.9080078601837158,1.8470275402069092,0.2450251579284668,2.733462333679199,0.011411234736442566,-0.015413641929626465,-0.021122217178344727,0.11938655376434326,-0.18348479270935059,0.08817291259765625
1769718959.6138656,goal2.png,0.6381815671920776,0.15103572607040405,-0.6911107897758484,-1.8991235494613647,1.778046727180481,0.36900144815444946,2.6569669246673584,0.17048770189285278,-0.6840487122535706,-1.9134888648986816,1.8551607131958008,0.2556076943874359,2.733734607696533,0.01945197582244873,0.007062077522277832,-0.014365315437316895,0.07711398601531982,-0.11339375376701355,0.0767676830291748
1769718959.7151222,goal2.png,0.5869944095611572,0.16121375560760498,-0.7091950178146362,-1.90769624710083,1.823878288269043,0.31550586223602295,2.67856502532959,0.17288661003112793,-0.6597900390625,-1.9102134704589844,1.833449125289917,0.29104936122894287,2.713606834411621,0.01167285442352295,0.04940497875213623,-0.002517223358154297,0.009570837020874023,-0.024456501007080078,0.03504180908203125
1769718959.8143778,goal2.png,0.6115694046020508,0.16848382353782654,-0.7118910551071167,-1.9134819507598877,1.844688892364502,0.2792312502861023,2.7118406295776367,0.19805684685707092,-0.6366673707962036,-1.8904945850372314,1.8254085779190063,0.2913787364959717,2.6808018684387207,0.029573023319244385,0.07522368431091309,0.02298736572265625,-0.019280314445495605,0.012147486209869385,-0.031038761138916016
1769718959.912975,goal2.png,0.5797297954559326,0.17011959850788116,-0.6980475783348083,-1.9137848615646362,1.8384488821029663,0.2804732024669647,2.719292640686035,0.21926668286323547,-0.61758953332901,-1.886746883392334,1.8314229249954224,0.2692767083644867,2.6740970611572266,0.04914708435535431,0.08045804500579834,0.027037978172302246,-0.007025957107543945,-0.011196494102478027,-0.045195579528808594
1769718960.0116591,goal2.png,0.6240935325622559,0.1889006644487381,-0.6741775274276733,-1.9025465250015259,1.8297853469848633,0.2886368930339813,2.6929233074188232,0.22111940383911133,-0.6003991961479187,-1.8877592086791992,1.8291642665863037,0.2659464180469513,2.670468330383301,0.03221873939037323,0.07377833127975464,0.01478731632232666,-0.0006210803985595703,-0.02269047498703003,-0.02245497703552246
1769718960.1147845,goal2.png,0.524162769317627,0.21301302313804626,-0.6545180082321167,-1.8964881896972656,1.8305425643920898,0.2758082151412964,2.6800947189331055,0.21418526768684387,-0.5811423063278198,-1.871263027191162,1.8211253881454468,0.28193461894989014,2.64058518409729,0.0011722445487976074,0.07337570190429688,0.025225162506103516,-0.009417176246643066,0.00612640380859375,-0.03950953483581543
1769718960.2125404,goal2.png,0.5426418781280518,0.2208888977766037,-0.6360399127006531,-1.894791841506958,1.830148696899414,0.2695680558681488,2.6741273403167725,0.2192600667476654,-0.5715574026107788,-1.8380951881408691,1.8252805471420288,0.32776492834091187,2.595303535461426,-0.0016288310289382935,0.06448251008987427,0.05669665336608887,-0.004868149757385254,0.05819687247276306,-0.07882380485534668
1769718960.3151414,goal2.png,0.5903828740119934,0.21501228213310242,-0.6182283759117126,-1.8836746215820312,1.8241208791732788,0.2777620553970337,2.6519081592559814,0.22317925095558167,-0.559962809085846,-1.797802448272705,1.819503664970398,0.384906530380249,2.5372767448425293,0.008166968822479248,0.0582655668258667,0.08587217330932617,-0.004617214202880859,0.10714447498321533,-0.11463141441345215
1769718960.412961,goal2.png,0.5188696384429932,0.21573927998542786,-0.602809727191925,-1.8573509454727173,1.8244538307189941,0.311704158782959,2.6138463020324707,0.21148699522018433,-0.5434618592262268,-1.778712511062622,1.7985668182373047,0.4350184500217438,2.4948503971099854,-0.00425228476524353,0.05934786796569824,0.07863843441009521,-0.025887012481689453,0.12331429123878479,-0.11899590492248535
1769718960.514133,goal2.png,0.4723517596721649,0.2235848754644394,-0.5928738713264465,-1.8236966133117676,1.821667194366455,0.34658539295196533,2.577086925506592,0.1974182426929474,-0.5293378233909607,-1.7787096500396729,1.778937816619873,0.47789591550827026,2.473630666732788,-0.026166632771492004,0.06353604793548584,0.04498696327209473,-0.04272937774658203,0.13131052255630493,-0.10345625877380371
1769718960.6166005,goal2.png,0.45183753967285156,0.21840497851371765,-0.5791819095611572,-1.7982512712478638,1.8068543672561646,0.38273876905441284,2.544053554534912,0.18669098615646362,-0.5209957361221313,-1.781339168548584,1.768854022026062,0.5052235126495361,2.460036039352417,-0.03171399235725403,0.05818617343902588,0.016912102699279785,-0.03800034523010254,0.12248474359512329,-0.08401751518249512
1769718960.715355,goal2.png,0.4682963490486145,0.20153240859508514,-0.5625819563865662,-1.7907692193984985,1.7878007888793945,0.42934301495552063,2.5148370265960693,0.18874981999397278,-0.5196293592453003,-1.7821617126464844,1.7817018032073975,0.5111727714538574,2.456937789916992,-0.012782588601112366,0.04295259714126587,0.00860750675201416,-0.00609898567199707,0.08182975649833679,-0.05789923667907715
1769718960.8125358,goal2.png,0.487130343914032,0.18962758779525757,-0.5524947047233582,-1.7896788120269775,1.7758959531784058,0.47129735350608826,2.4871199131011963,0.19642648100852966,-0.5249074697494507,-1.779367446899414,1.8063938617706299,0.49299585819244385,2.4594435691833496,0.006798893213272095,0.02758723497390747,0.010311365127563477,0.03049790859222412,0.02169850468635559,-0.02767634391784668
1769718960.9129026,goal2.png,0.47672343254089355,0.1906878650188446,-0.5482842326164246,-1.7901027202606201,1.7794400453567505,0.5041640996932983,2.4609477519989014,0.19944801926612854,-0.5323045253753662,-1.7768045663833618,1.8289268016815186,0.46813395619392395,2.460106611251831,0.008760154247283936,0.01597970724105835,0.0132981538772583,0.049486756324768066,-0.03603014349937439,-0.0008411407470703125
1769718961.0149817,goal2.png,0.4937123954296112,0.1961100995540619,-0.5485870838165283,-1.7885276079177856,1.7963428497314453,0.49749988317489624,2.460038900375366,0.19707098603248596,-0.541836142539978,-1.7792989015579224,1.846874475479126,0.44237184524536133,2.4633140563964844,0.0009608864784240723,0.006750941276550293,0.009228706359863281,0.050531625747680664,-0.05512803792953491,0.003275156021118164
1769718961.1136236,goal2.png,0.5349647402763367,0.19765503704547882,-0.5550999045372009,-1.7862861156463623,1.8193042278289795,0.47746172547340393,2.4601449966430664,0.19516806304454803,-0.547792911529541,-1.7808095216751099,1.8545759916305542,0.4282103180885315,2.4623749256134033,-0.002486974000930786,0.007306993007659912,0.005476593971252441,0.03527176380157471,-0.049251407384872437,0.002229928970336914
1769718961.2134607,goal2.png,0.5622889995574951,0.19714000821113586,-0.5638239979743958,-1.786679744720459,1.837933897972107,0.45390981435775757,2.4622199535369873,0.19691236317157745,-0.5475258231163025,-1.7753796577453613,1.8449163436889648,0.4382930397987366,2.4487457275390625,-0.00022764503955841064,0.01629817485809326,0.011300086975097656,0.00698244571685791,-0.015616774559020996,-0.013474225997924805
1769718961.314575,goal2.png,0.5277889966964722,0.19698858261108398,-0.5703972578048706,-1.7874372005462646,1.8482329845428467,0.4362192153930664,2.462613821029663,0.20007295906543732,-0.5416426658630371,-1.761577844619751,1.8236899375915527,0.45774829387664795,2.419739246368408,0.0030843764543533325,0.028754591941833496,0.025859355926513672,-0.024543046951293945,0.021529078483581543,-0.04287457466125488
1769718961.4123733,goal2.png,0.5341774225234985,0.19735205173492432,-0.5730023384094238,-1.7851349115371704,1.8465670347213745,0.4373703896999359,2.453465461730957,0.2025991827249527,-0.5386707186698914,-1.7490051984786987,1.8060816526412964,0.46954959630966187,2.3955795764923096,0.005247130990028381,0.03433161973953247,0.03612971305847168,-0.040485382080078125,0.03217920660972595,-0.05788588523864746
1769718961.5120382,goal2.png,0.48552313446998596,0.19856373965740204,-0.5708214044570923,-1.7757444381713867,1.832057237625122,0.4514409899711609,2.4311554431915283,0.20109960436820984,-0.5430614948272705,-1.743323564529419,1.7981573343276978,0.47115224599838257,2.3882598876953125,0.0025358647108078003,0.027759909629821777,0.03242087364196777,-0.033899903297424316,0.01971125602722168,-0.04289555549621582
1769718961.613717,goal2.png,0.478937029838562,0.20144148170948029,-0.5671257376670837,-1.7645364999771118,1.8151541948318481,0.4638001024723053,2.407557964324951,0.19317634403705597,-0.5521714687347412,-1.7458381652832031,1.7974014282226562,0.4581640660762787,2.391754388809204,-0.008265137672424316,0.01495426893234253,0.01869833469390869,-0.017752766609191895,-0.005636036396026611,-0.01580357551574707
1769718961.7139347,goal2.png,0.4934942126274109,0.20238053798675537,-0.5677013993263245,-1.755782127380371,1.8034615516662598,0.46885883808135986,2.394381046295166,0.18160466849803925,-0.5661369562149048,-1.7555447816848755,1.8018441200256348,0.43203088641166687,2.406125545501709,-0.020775869488716125,0.0015644431114196777,0.00023734569549560547,-0.001617431640625,-0.03682795166969299,0.011744499206542969
1769718961.8127806,goal2.png,0.48930683732032776,0.19714000821113586,-0.5742746591567993,-1.7546916007995605,1.7994328737258911,0.4623461067676544,2.392442464828491,0.17026223242282867,-0.5823565721511841,-1.7694919109344482,1.8074084520339966,0.39760076999664307,2.425384521484375,-0.02687777578830719,-0.008081912994384766,-0.014800310134887695,0.007975578308105469,-0.06474533677101135,0.03294205665588379
1769718961.9116838,goal2.png,0.48636576533317566,0.18647730350494385,-0.5849071741104126,-1.7592353820800781,1.8004323244094849,0.4422019422054291,2.401954174041748,0.1596955955028534,-0.5935362577438354,-1.7802245616912842,1.8115346431732178,0.36831268668174744,2.4371213912963867,-0.026781708002090454,-0.008629083633422852,-0.020989179611206055,0.01110231876373291,-0.07388925552368164,0.03516721725463867
1769718962.013067,goal2.png,0.47130286693573,0.1752086579799652,-0.5988414883613586,-1.7700495719909668,1.8048852682113647,0.4125915765762329,2.417872428894043,0.1531592309474945,-0.5987517237663269,-1.7865709066390991,1.8171918392181396,0.3514108657836914,2.4412288665771484,-0.022049427032470703,8.976459503173828e-05,-0.016521334648132324,0.012306571006774902,-0.061180710792541504,0.02335643768310547
1769718962.1141164,goal2.png,0.49613845348358154,0.1650911271572113,-0.6112005114555359,-1.7802276611328125,1.809580683708191,0.3812393844127655,2.432079553604126,0.16136805713176727,-0.6016579866409302,-1.7832728624343872,1.8245341777801514,0.3507814109325409,2.437617301940918,-0.0037230700254440308,0.009542524814605713,-0.003045201301574707,0.01495349407196045,-0.03045797348022461,0.005537748336791992
1769718962.2132509,goal2.png,0.5232073068618774,0.15766963362693787,-0.6207728385925293,-1.7880126237869263,1.8147302865982056,0.3614739179611206,2.438789129257202,0.17379868030548096,-0.603398859500885,-1.773406744003296,1.8274861574172974,0.3534334897994995,2.425076723098755,0.01612904667854309,0.017373979091644287,0.014605879783630371,0.012755870819091797,-0.008040428161621094,-0.013712406158447266
1769718962.3119943,goal2.png,0.5722415447235107,0.15912364423274994,-0.6271644234657288,-1.7886488437652588,1.8207279443740845,0.35491567850112915,2.438349962234497,0.18994948267936707,-0.6044476628303528,-1.7596876621246338,1.832266092300415,0.3565782606601715,2.4061667919158936,0.030825838446617126,0.022716760635375977,0.028961181640625,0.011538147926330566,0.0016625821590423584,-0.032183170318603516
1769718962.4132,goal2.png,0.522087812423706,0.170271098613739,-0.6283761858940125,-1.7827720642089844,1.824968695640564,0.35335564613342285,2.429126024246216,0.20674392580986023,-0.605378270149231,-1.7463606595993042,1.839505910873413,0.36114466190338135,2.3866868019104004,0.036472827196121216,0.022997915744781494,0.036411404609680176,0.014537215232849121,0.007789015769958496,-0.04243922233581543
1769718962.5114272,goal2.png,0.5011686682701111,0.18562908470630646,-0.6290425062179565,-1.7729575634002686,1.8298155069351196,0.3561727702617645,2.4137377738952637,0.2189342975616455,-0.6080295443534851,-1.7404167652130127,1.8571664094924927,0.3580154478549957,2.3788442611694336,0.03330521285533905,0.021012961864471436,0.03254079818725586,0.027350902557373047,0.0018426775932312012,-0.03489351272583008
1769718962.611709,goal2.png,0.4925916790962219,0.2008659541606903,-0.6310720443725586,-1.7620222568511963,1.836176872253418,0.35923224687576294,2.3958351612091064,0.22364075481891632,-0.6116580963134766,-1.7401825189590454,1.8722827434539795,0.34944865107536316,2.381171226501465,0.022774800658226013,0.01941394805908203,0.02183973789215088,0.03610587120056152,-0.00978359580039978,-0.014663934707641602
1769718962.7118359,goal2.png,0.4956747889518738,0.21316444873809814,-0.6317991614341736,-1.7524499893188477,1.8491722345352173,0.35865673422813416,2.385232925415039,0.2192252278327942,-0.6139851808547974,-1.7438862323760986,1.8814479112625122,0.33870434761047363,2.386504650115967,0.006060779094696045,0.01781398057937622,0.008563756942749023,0.03227567672729492,-0.019952386617660522,0.0012717247009277344
1769718962.8139493,goal2.png,0.5062254667282104,0.2212221622467041,-0.6347071528434753,-1.7492995262145996,1.8661659955978394,0.35293152928352356,2.382749080657959,0.21676351130008698,-0.6168192625045776,-1.7479345798492432,1.8833181858062744,0.33452296257019043,2.393526792526245,-0.0044586509466171265,0.017887890338897705,0.0013649463653564453,0.01715219020843506,-0.01840856671333313,0.010777711868286133
1769718962.9118822,goal2.png,0.5050669312477112,0.2212827205657959,-0.6389176845550537,-1.7499357461929321,1.875738263130188,0.34340471029281616,2.3855206966400146,0.21872010827064514,-0.622151255607605,-1.7516453266143799,1.8843374252319336,0.3313962519168854,2.40177845954895,-0.002562612295150757,0.01676642894744873,-0.001709580421447754,0.008599162101745605,-0.012008458375930786,0.016257762908935547
1769718963.0139954,goal2.png,0.5128899812698364,0.2181020826101303,-0.6413107514381409,-1.7524197101593018,1.8801606893539429,0.33770987391471863,2.3912155628204346,0.22116002440452576,-0.6253056526184082,-1.7525253295898438,1.8877431154251099,0.32858604192733765,2.4047412872314453,0.0030579417943954468,0.016005098819732666,-0.00010561943054199219,0.007582426071166992,-0.009123831987380981,0.013525724411010742
1769718963.1118872,goal2.png,0.5055162310600281,0.2181020826101303,-0.6459454894065857,-1.755782127380371,1.882644772529602,0.3334690034389496,2.3979403972625732,0.22452899813652039,-0.6272630095481873,-1.7535035610198975,1.893819808959961,0.32883787155151367,2.4077539443969727,0.006426915526390076,0.018682479858398438,0.002278566360473633,0.011175036430358887,-0.004631131887435913,0.009813547134399414
1769718963.2107186,goal2.png,0.5165505409240723,0.2208283394575119,-0.6512768268585205,-1.7573572397232056,1.8858556747436523,0.33016714453697205,2.402696371078491,0.2288760393857956,-0.6283162236213684,-1.75448739528656,1.9030604362487793,0.32847902178764343,2.413149118423462,0.008047699928283691,0.0229606032371521,0.002869844436645508,0.017204761505126953,-0.0016881227493286133,0.010452747344970703
1769718963.3112442,goal2.png,0.5166999697685242,0.224311962723732,-0.6537305116653442,-1.7584779262542725,1.8910356760025024,0.329152375459671,2.4061343669891357,0.23825007677078247,-0.6297169923782349,-1.756608009338379,1.9154832363128662,0.32785266637802124,2.4230599403381348,0.013938114047050476,0.024013519287109375,0.0018699169158935547,0.02444756031036377,-0.0012997090816497803,0.016925573348999023
1769718963.4130268,goal2.png,0.5079679489135742,0.2274925261735916,-0.6545180082321167,-1.7594473361968994,1.899244785308838,0.32880401611328125,2.4111781120300293,0.24990807473659515,-0.6308563947677612,-1.7578942775726318,1.9291183948516846,0.3292257785797119,2.434335470199585,0.02241554856300354,0.02366161346435547,0.0015530586242675781,0.02987360954284668,0.00042176246643066406,0.023157358169555664
1769718963.5114608,goal2.png,0.5027300119400024,0.2344597727060318,-0.6562144160270691,-1.761295199394226,1.909877061843872,0.32827386260032654,2.418705701828003,0.26274165511131287,-0.62995845079422,-1.7563564777374268,1.9384572505950928,0.3363569676876068,2.4428234100341797,0.028281882405281067,0.02625596523284912,0.004938721656799316,0.028580188751220703,0.008083105087280273,0.024117708206176758
1769718963.6114306,goal2.png,0.5159372091293335,0.24575863778591156,-0.6574562788009644,-1.7629005908966064,1.922842264175415,0.3286828398704529,2.4290804862976074,0.2725716531276703,-0.6274572610855103,-1.7524110078811646,1.9428699016571045,0.3478185534477234,2.4474658966064453,0.026813015341758728,0.0299990177154541,0.010489583015441895,0.020027637481689453,0.019135713577270508,0.01838541030883789
1769718963.711864,goal2.png,0.52532958984375,0.2585417926311493,-0.6575472950935364,-1.7628400325775146,1.9324145317077637,0.33396878838539124,2.4384255409240723,0.28349658846855164,-0.624748706817627,-1.7459948062896729,1.945946216583252,0.36034342646598816,2.4498720169067383,0.024954795837402344,0.032798588275909424,0.016845226287841797,0.013531684875488281,0.026374638080596924,0.011446475982666016
1769718963.8113265,goal2.png,0.5250732898712158,0.2694166898727417,-0.656486988067627,-1.7602652311325073,1.9393210411071777,0.3432987332344055,2.4453623294830322,0.29236871004104614,-0.6215783953666687,-1.7397221326828003,1.948679804801941,0.37022164463996887,2.4515371322631836,0.022952020168304443,0.03490859270095825,0.02054309844970703,0.009358763694763184,0.026922911405563354,0.006174802780151367
1769718963.911279,goal2.png,0.5234777927398682,0.2791101038455963,-0.6542151570320129,-1.7555699348449707,1.943652868270874,0.35506710410118103,2.4486188888549805,0.2974693179130554,-0.6181856393814087,-1.7352266311645508,1.9487727880477905,0.37926965951919556,2.4539530277252197,0.018359214067459106,0.03602951765060425,0.020343303680419922,0.005119919776916504,0.024202555418014526,0.005334138870239258
1769718964.010978,goal2.png,0.5253973603248596,0.2887731194496155,-0.6514585614204407,-1.7501174211502075,1.9468941688537598,0.3650331497192383,2.4507999420166016,0.2952403724193573,-0.6158487796783447,-1.7374482154846191,1.9426829814910889,0.39008629322052,2.459517478942871,0.006467252969741821,0.03560978174209595,0.012669205665588379,-0.0042111873626708984,0.02505314350128174,0.008717536926269531
1769718964.1109793,goal2.png,0.5318266153335571,0.29634615778923035,-0.6482475399971008,-1.7455130815505981,1.948014736175537,0.37481752038002014,2.454041004180908,0.2900752127170563,-0.6152702569961548,-1.7422534227371216,1.928339958190918,0.4039849042892456,2.463380813598633,-0.006270945072174072,0.032977283000946045,0.0032596588134765625,-0.01967477798461914,0.029167383909225464,0.00933980941772461
1769718964.2117043,goal2.png,0.5214014649391174,0.29616445302963257,-0.6452183723449707,-1.7452404499053955,1.9447128772735596,0.38531365990638733,2.458024501800537,0.28140679001808167,-0.6166343092918396,-1.7479945421218872,1.9119267463684082,0.4125431776046753,2.4645614624023438,-0.014757663011550903,0.028584063053131104,-0.0027540922164916992,-0.03278613090515137,0.027229517698287964,0.006536960601806641
1769718964.3115802,goal2.png,0.5219843983650208,0.29225680232048035,-0.6435220837593079,-1.7469974756240845,1.9334745407104492,0.3977484703063965,2.461674690246582,0.27473223209381104,-0.619719386100769,-1.752603530883789,1.9015569686889648,0.41613322496414185,2.464357852935791,-0.01752457022666931,0.02380269765853882,-0.00560605525970459,-0.031917572021484375,0.01838475465774536,0.0026831626892089844
1769718964.411329,goal2.png,0.5245029330253601,0.28510788083076477,-0.6435220837593079,-1.7509353160858154,1.9203581809997559,0.40707844495773315,2.463916301727295,0.2738420367240906,-0.624463677406311,-1.7545974254608154,1.9020607471466064,0.41123753786087036,2.463449001312256,-0.011265844106674194,0.019058406352996826,-0.003662109375,-0.018297433853149414,0.004159092903137207,-0.0004673004150390625
1769718964.5114362,goal2.png,0.5146933794021606,0.2783527672290802,-0.6453394889831543,-1.7556002140045166,1.907029628753662,0.4124855399131775,2.464961290359497,0.27438223361968994,-0.6275571584701538,-1.7547283172607422,1.9054539203643799,0.4033275246620178,2.459534168243408,-0.003970533609390259,0.01778233051300049,0.0008718967437744141,-0.0015757083892822266,-0.009158015251159668,-0.005427122116088867
1769718964.6119483,goal2.png,0.5177316665649414,0.27577799558639526,-0.6493987441062927,-1.758326530456543,1.9038794040679932,0.4113495945930481,2.464279890060425,0.27138903737068176,-0.6296000480651855,-1.7550008296966553,1.9124536514282227,0.391405314207077,2.4535584449768066,-0.004388958215713501,0.019798696041107178,0.0033257007598876953,0.008574247360229492,-0.01994428038597107,-0.010721445083618164
1769718964.7112846,goal2.png,0.5269343852996826,0.2752630412578583,-0.6535486578941345,-1.7596291303634644,1.904424786567688,0.4058818817138672,2.46114444732666,0.2722494602203369,-0.6322980523109436,-1.754338264465332,1.9237780570983887,0.3799079656600952,2.450308322906494,-0.0030135810375213623,0.021250605583190918,0.005290865898132324,0.019353270530700684,-0.025973916053771973,-0.010836124420166016
1769718964.8114402,goal2.png,0.5224446058273315,0.2738392949104309,-0.6556388735771179,-1.7601441144943237,1.909907579421997,0.3958703875541687,2.4554648399353027,0.27873295545578003,-0.6365017890930176,-1.7532801628112793,1.936913251876831,0.37263816595077515,2.4518580436706543,0.004893660545349121,0.019137084484100342,0.006863951683044434,0.027005672454833984,-0.023232221603393555,-0.0036067962646484375
1769718964.9159577,goal2.png,0.5240604281425476,0.2735968828201294,-0.6576381325721741,-1.760083556175232,1.9200248718261719,0.3851470351219177,2.4520721435546875,0.28491801023483276,-0.6382573246955872,-1.7499786615371704,1.9450792074203491,0.3692115843296051,2.451741933822632,0.01132112741470337,0.019380807876586914,0.010104894638061523,0.025054335594177246,-0.015935450792312622,-0.00033020973205566406
1769718965.0159357,goal2.png,0.5306622982025146,0.27665647864341736,-0.6617274880409241,-1.7596896886825562,1.9307180643081665,0.376907616853714,2.452496290206909,0.2899283468723297,-0.6374777555465698,-1.7472779750823975,1.9483246803283691,0.3721773624420166,2.4547643661499023,0.013271868228912354,0.024249732494354248,0.012411713600158691,0.017606616020202637,-0.004730254411697388,0.002268075942993164
1769718965.111294,goal2.png,0.5236875414848328,0.2822604179382324,-0.6647263765335083,-1.7577208280563354,1.9399267435073853,0.37218207120895386,2.4524660110473633,0.29798972606658936,-0.6356655359268188,-1.7421600818634033,1.9522910118103027,0.37771475315093994,2.456822156906128,0.015729308128356934,0.029060840606689453,0.015560746192932129,0.01236426830291748,0.005532681941986084,0.0043561458587646484
1769718965.2110772,goal2.png,0.5272732377052307,0.2891972064971924,-0.6648779511451721,-1.7553882598876953,1.945863962173462,0.372257798910141,2.4541168212890625,0.3067781329154968,-0.6329644918441772,-1.73579740524292,1.9551491737365723,0.3818482458591461,2.4580512046813965,0.017580926418304443,0.03191345930099487,0.01959085464477539,0.009285211563110352,0.009590446949005127,0.003934383392333984
1769718965.3118474,goal2.png,0.5315173864364624,0.29619476199150085,-0.6641205549240112,-1.7511171102523804,1.9498928785324097,0.3753930330276489,2.456403970718384,0.313053160905838,-0.630976676940918,-1.731614589691162,1.9535490274429321,0.3886822462081909,2.4603521823883057,0.016858398914337158,0.03314387798309326,0.01950252056121826,0.003656148910522461,0.013289213180541992,0.003948211669921875
1769718965.4110637,goal2.png,0.5397760272026062,0.30337396264076233,-0.6625151634216309,-1.7462400197982788,1.9531947374343872,0.3791795074939728,2.458160877227783,0.3110416829586029,-0.6275807619094849,-1.7315375804901123,1.949622392654419,0.39442771673202515,2.463195323944092,0.007667720317840576,0.034934401512145996,0.014702439308166504,-0.0035723447799682617,0.015248209238052368,0.005034446716308594
1769718965.5109332,goal2.png,0.5363352298736572,0.3101593852043152,-0.6600009202957153,-1.742120385169983,1.953255295753479,0.38551056385040283,2.4602508544921875,0.3001507520675659,-0.6236158609390259,-1.7371008396148682,1.9392321109771729,0.40166282653808594,2.4657440185546875,-0.010008633136749268,0.03638505935668945,0.005019545555114746,-0.014023184776306152,0.016152262687683105,0.0054931640625
1769718965.6111743,goal2.png,0.6074896454811096,0.31164366006851196,-0.6576381325721741,-1.7408177852630615,1.9510438442230225,0.3915688991546631,2.462613821029663,0.28562507033348083,-0.6229228973388672,-1.7501935958862305,1.9243398904800415,0.41152459383010864,2.478363513946533,-0.026018589735031128,0.034715235233306885,-0.009375810623168945,-0.026703953742980957,0.019955694675445557,0.015749692916870117
1769718965.7118313,goal2.png,0.6001862287521362,0.3041614592075348,-0.6541545987129211,-1.743029236793518,1.943168044090271,0.39846035838127136,2.465355157852173,0.2673143148422241,-0.6194931864738464,-1.7678558826446533,1.905812382698059,0.4080975353717804,2.497486114501953,-0.03684714436531067,0.03466141223907471,-0.024826645851135254,-0.037355661392211914,0.009637176990509033,0.03213095664978027
1769718965.8108292,goal2.png,0.5238618850708008,0.2898637354373932,-0.6515796780586243,-1.751420021057129,1.9293850660324097,0.40751761198043823,2.4756240844726562,0.2541138231754303,-0.6152466535568237,-1.7782721519470215,1.8970096111297607,0.3934907019138336,2.510132312774658,-0.03574991226196289,0.03633302450180054,-0.026852130889892578,-0.032375454902648926,-0.014026910066604614,0.03450822830200195
1769718965.911154,goal2.png,0.5336141586303711,0.2735363245010376,-0.6496712565422058,-1.7666871547698975,1.913845419883728,0.4066997170448303,2.490830659866333,0.2512568235397339,-0.6125791668891907,-1.7762062549591064,1.897071361541748,0.3845832347869873,2.5029282569885254,-0.02227950096130371,0.03709208965301514,-0.009519100189208984,-0.01677405834197998,-0.022116482257843018,0.012097597122192383
1769718966.0113246,goal2.png,0.5328748226165771,0.26048046350479126,-0.6457939147949219,-1.7774710655212402,1.902243733406067,0.3970063328742981,2.503704786300659,0.24891974031925201,-0.6103050708770752,-1.7660479545593262,1.8990435600280762,0.39061200618743896,2.4766578674316406,-0.011560723185539246,0.03548884391784668,0.011423110961914062,-0.0032001733779907227,-0.006394326686859131,-0.027046918869018555
1769718966.1112788,goal2.png,0.5541325807571411,0.2542705833911896,-0.6410079002380371,-1.7798943519592285,1.8990631103515625,0.3889032304286957,2.503326177597046,0.24179188907146454,-0.6040892601013184,-1.7594037055969238,1.903533697128296,0.38633304834365845,2.45477294921875,-0.012478694319725037,0.03691864013671875,0.020490646362304688,0.0044705867767333984,-0.0025701820850372314,-0.0485532283782959
1769718966.2110288,goal2.png,0.5605571269989014,0.25060534477233887,-0.638190746307373,-1.7749568223953247,1.8991236686706543,0.3897211253643036,2.4842724800109863,0.23906810581684113,-0.6015899181365967,-1.760014533996582,1.9028090238571167,0.3880642354488373,2.459273338317871,-0.011537238955497742,0.03660082817077637,0.014942288398742676,0.0036853551864624023,-0.0016568899154663086,-0.024999141693115234
1769718966.313023,goal2.png,0.5534613132476807,0.24578891694545746,-0.6336771249771118,-1.7705644369125366,1.901546835899353,0.38697969913482666,2.464991569519043,0.2459542155265808,-0.6052401065826416,-1.7638252973556519,1.89076828956604,0.4095485210418701,2.481675863265991,0.00016529858112335205,0.028437018394470215,0.006739139556884766,-0.010778546333312988,0.022568821907043457,0.016684293746948242
1769718966.411184,goal2.png,0.564461350440979,0.24151772260665894,-0.6292242407798767,-1.7688076496124268,1.9019711017608643,0.3875855505466461,2.461841344833374,0.2539600133895874,-0.6092534065246582,-1.7600085735321045,1.8577922582626343,0.46023261547088623,2.4879558086395264,0.012442290782928467,0.019970834255218506,0.008799076080322266,-0.04417884349822998,0.07264706492424011,0.026114463806152344
1769718966.510864,goal2.png,0.5924524068832397,0.24394108355045319,-0.6304965615272522,-1.770019292831421,1.8939436674118042,0.404685378074646,2.476154088973999,0.25057631731033325,-0.6033490896224976,-1.7562611103057861,1.8142601251602173,0.5106621980667114,2.4751951694488525,0.006635233759880066,0.02714747190475464,0.013758182525634766,-0.07968354225158691,0.10597681999206543,-0.0009589195251464844
1769718966.6110535,goal2.png,0.6167985200881958,0.25102946162223816,-0.6334651112556458,-1.7688379287719727,1.8685286045074463,0.4444737732410431,2.4839847087860107,0.23961783945560455,-0.5924842357635498,-1.7571101188659668,1.7652943134307861,0.5539376139640808,2.4626684188842773,-0.011411622166633606,0.04098087549209595,0.01172780990600586,-0.10323429107666016,0.10946384072303772,-0.0213162899017334
1769718966.712174,goal2.png,0.6352654099464417,0.2526954412460327,-0.6313750147819519,-1.7665963172912598,1.8307546377182007,0.4916383922100067,2.477956533432007,0.22614476084709167,-0.5771058797836304,-1.7585508823394775,1.704646110534668,0.5936518907546997,2.4481663703918457,-0.02655068039894104,0.05426913499832153,0.008045434951782227,-0.12610852718353271,0.102013498544693,-0.029790163040161133
1769718966.8108964,goal2.png,0.6288926005363464,0.24285060167312622,-0.6241352558135986,-1.7656571865081787,1.783711314201355,0.5370914340019226,2.4665215015411377,0.2080838829278946,-0.5588141679763794,-1.7602849006652832,1.636514663696289,0.615821123123169,2.4289488792419434,-0.03476671874523163,0.06532108783721924,0.005372285842895508,-0.14719665050506592,0.07872968912124634,-0.037572622299194336
1769718966.912224,goal2.png,0.5898895263671875,0.22937065362930298,-0.6121395826339722,-1.766172170639038,1.7292463779449463,0.5766981840133667,2.4529051780700684,0.18682080507278442,-0.532412588596344,-1.7636933326721191,1.5711373090744019,0.6241328716278076,2.404174327850342,-0.042549848556518555,0.07972699403762817,0.0024788379669189453,-0.15810906887054443,0.04743468761444092,-0.04873085021972656
1769718967.0110984,goal2.png,0.6539543867111206,0.21428526937961578,-0.5932979583740234,-1.7672322988510132,1.6735999584197998,0.6031582355499268,2.4356539249420166,0.16583207249641418,-0.5072754621505737,-1.778754711151123,1.5446230173110962,0.6175936460494995,2.3944551944732666,-0.0484531968832016,0.08602249622344971,-0.011522412300109863,-0.1289769411087036,0.014435410499572754,-0.04119873046875
1769718967.1114745,goal2.png,0.6565765738487244,0.19589804112911224,-0.57091224193573,-1.769837498664856,1.6173175573349,0.6170318722724915,2.4142980575561523,0.15083862841129303,-0.48182445764541626,-1.7882225513458252,1.5493382215499878,0.614897608757019,2.3731117248535156,-0.045059412717819214,0.08908778429031372,-0.01838505268096924,-0.06797933578491211,-0.002134263515472412,-0.04118633270263672
1769718967.2111514,goal2.png,0.6137011051177979,0.17293678224086761,-0.5454065203666687,-1.7797126770019531,1.5613077878952026,0.6176074743270874,2.399636745452881,0.1358504444360733,-0.4726996421813965,-1.7892746925354004,1.581310510635376,0.6014142632484436,2.357710361480713,-0.03708633780479431,0.07270687818527222,-0.009562015533447266,0.02000272274017334,-0.0161932110786438,-0.04192638397216797
1769718967.3110852,goal2.png,0.6250730752944946,0.1557309478521347,-0.5194461941719055,-1.7889214754104614,1.554582953453064,0.6147903203964233,2.381370782852173,0.10886169970035553,-0.4717392325401306,-1.7894456386566162,1.6168618202209473,0.5679387450218201,2.352400541305542,-0.046869248151779175,0.0477069616317749,-0.0005241632461547852,0.0622788667678833,-0.04685157537460327,-0.02897024154663086
1769718967.4111671,goal2.png,0.6237057447433472,0.14191780984401703,-0.503694474697113,-1.7932229042053223,1.5730912685394287,0.6043092608451843,2.3651342391967773,0.08044883608818054,-0.4791959524154663,-1.801430106163025,1.6497700214385986,0.5274444818496704,2.3779237270355225,-0.06146897375583649,0.02449852228164673,-0.008207201957702637,0.07667875289916992,-0.07686477899551392,0.012789487838745117
1769718967.5131478,goal2.png,0.6195319890975952,0.11674518138170242,-0.49833279848098755,-1.7959188222885132,1.6064125299453735,0.5745323300361633,2.3588335514068604,0.05360487848520279,-0.48769086599349976,-1.8193495273590088,1.675787091255188,0.4958034157752991,2.412900447845459,-0.06314030289649963,0.010641932487487793,-0.023430705070495605,0.06937456130981445,-0.07872891426086426,0.05406689643859863
1769718967.6109483,goal2.png,0.6150687336921692,0.0884222611784935,-0.5009681582450867,-1.8036129474639893,1.6372495889663696,0.5409536957740784,2.3734190464019775,0.032312892377376556,-0.49452799558639526,-1.829145073890686,1.6864371299743652,0.47293347120285034,2.4379208087921143,-0.05610936880111694,0.006440162658691406,-0.025532126426696777,0.049187541007995605,-0.06802022457122803,0.06450176239013672
1769718967.7120547,goal2.png,0.6470807790756226,0.06188645958900452,-0.5080868005752563,-1.818971037864685,1.663421869277954,0.5095257759094238,2.4017269611358643,0.014822784811258316,-0.5005565285682678,-1.8335182666778564,1.6932398080825806,0.44555938243865967,2.451421022415161,-0.0470636747777462,0.007530272006988525,-0.014547228813171387,0.029817938804626465,-0.06396639347076416,0.049694061279296875
1769718967.8113453,goal2.png,0.6897919178009033,0.0428631417453289,-0.5158718228340149,-1.8293309211730957,1.6795674562454224,0.4831414818763733,2.427989959716797,0.0030889809131622314,-0.5149117708206177,-1.8398205041885376,1.7218683958053589,0.39950358867645264,2.470214366912842,-0.03977416083216667,0.0009600520133972168,-0.010489583015441895,0.04230093955993652,-0.08363789319992065,0.04222440719604492
1769718967.911125,goal2.png,0.6567180752754211,0.022597787901759148,-0.5217787027359009,-1.8358134031295776,1.689745545387268,0.4552275240421295,2.445120096206665,-0.002663135528564453,-0.5369398593902588,-1.8487226963043213,1.7669806480407715,0.34907835721969604,2.493136405944824,-0.0252609234303236,-0.01516115665435791,-0.012909293174743652,0.07723510265350342,-0.10614916682243347,0.04801630973815918
1769718968.01114,goal2.png,0.6720543503761292,0.00714894151315093,-0.5330170392990112,-1.8420231342315674,1.7124948501586914,0.41552990674972534,2.46321964263916,-0.0038195657543838024,-0.5579808354377747,-1.8511183261871338,1.8115907907485962,0.31720104813575745,2.504906177520752,-0.010968507267534733,-0.024963796138763428,-0.009095191955566406,0.09909594058990479,-0.0983288586139679,0.0416865348815918
1769718968.1109314,goal2.png,0.6939578056335449,0.0006967246299609542,-0.5531005263328552,-1.8504747152328491,1.75075364112854,0.3684562146663666,2.484605550765991,0.006785226054489613,-0.5626744031906128,-1.8452699184417725,1.830146312713623,0.3188396096229553,2.4965503215789795,0.0060885013081133366,-0.009573876857757568,0.00520479679107666,0.07939267158508301,-0.049616605043411255,0.011944770812988281
1769718968.211935,goal2.png,0.7028787136077881,0.000605876964982599,-0.5755167007446289,-1.8540188074111938,1.7951011657714844,0.3323633074760437,2.498676300048828,0.02182082086801529,-0.5594367384910583,-1.8397979736328125,1.8365473747253418,0.3424808084964752,2.485989570617676,0.021214943379163742,0.016079962253570557,0.014220833778381348,0.04144620895385742,0.010117501020431519,-0.012686729431152344
1769718968.3109694,goal2.png,0.7169471383094788,0.004513530991971493,-0.5847859978675842,-1.8523831367492676,1.8194859027862549,0.32477518916130066,2.496964931488037,0.039939817041158676,-0.5553140640258789,-1.8390215635299683,1.8552639484405518,0.3608989119529724,2.4838132858276367,0.03542628511786461,0.029471933841705322,0.013361573219299316,0.035778045654296875,0.03612372279167175,-0.01315164566040039
1769718968.4113607,goal2.png,0.6946827173233032,0.01690293662250042,-0.5837863683700562,-1.8487176895141602,1.831572413444519,0.33731600642204285,2.489422082901001,0.05841422826051712,-0.5563567876815796,-1.8416091203689575,1.8846707344055176,0.3726462721824646,2.490769624710083,0.04151128977537155,0.027429580688476562,0.007108569145202637,0.053098320960998535,0.03533026576042175,0.0013475418090820312
1769718968.511676,goal2.png,0.712626576423645,0.035502221435308456,-0.5823020935058594,-1.8471728563308716,1.8479907512664795,0.35341623425483704,2.486407995223999,0.07715846598148346,-0.5610764622688293,-1.8379228115081787,1.9136898517608643,0.3747013211250305,2.4965150356292725,0.041656244546175,0.02122563123703003,0.009250044822692871,0.06569910049438477,0.02128508687019348,0.010107040405273438
1769718968.6108985,goal2.png,0.7297290563583374,0.05431348457932472,-0.5825140476226807,-1.8475970029830933,1.8745263814926147,0.36694154143333435,2.4899067878723145,0.09410537779331207,-0.5631194710731506,-1.8342962265014648,1.9276468753814697,0.39656156301498413,2.4991679191589355,0.03979189321398735,0.01939457654953003,0.013300776481628418,0.05312049388885498,0.02962002158164978,0.009261131286621094
1769718968.7116194,goal2.png,0.7159105539321899,0.06997445970773697,-0.583816647529602,-1.8460520505905151,1.901244044303894,0.3727273643016815,2.4946625232696533,0.10623292624950409,-0.5654735565185547,-1.8358361721038818,1.9288593530654907,0.4375086724758148,2.5058846473693848,0.03625846654176712,0.018343091011047363,0.0102158784866333,0.02761530876159668,0.0647813081741333,0.011222124099731445
1769718968.8123698,goal2.png,0.7159254550933838,0.08769524842500687,-0.586906373500824,-1.8430229425430298,1.919661521911621,0.3902360796928406,2.4987218379974365,0.12033244222402573,-0.5656308531761169,-1.8345632553100586,1.907902479171753,0.50031578540802,2.507359743118286,0.03263719379901886,0.02127552032470703,0.008459687232971191,-0.011759042739868164,0.11007970571517944,0.00863790512084961
1769718968.9112957,goal2.png,0.7101213932037354,0.10408315807580948,-0.5892388820648193,-1.842810869216919,1.9252958297729492,0.424935519695282,2.5039470195770264,0.1378476619720459,-0.5637552738189697,-1.823885440826416,1.8676468133926392,0.5650345683097839,2.493028402328491,0.03376450389623642,0.02548360824584961,0.01892542839050293,-0.05764901638031006,0.14009904861450195,-0.010918617248535156
1769718969.0108845,goal2.png,0.7121976017951965,0.11562442779541016,-0.5898144245147705,-1.8416597843170166,1.9131183624267578,0.47841593623161316,2.506718873977661,0.1526137888431549,-0.5626066327095032,-1.806363821029663,1.8239412307739258,0.6127422451972961,2.468308925628662,0.03698936104774475,0.027207791805267334,0.035295963287353516,-0.08917713165283203,0.13432630896568298,-0.03840994834899902
1769718969.1132872,goal2.png,0.7017635703086853,0.13067951798439026,-0.5898749828338623,-1.8340262174606323,1.8810393810272217,0.539651095867157,2.4966468811035156,0.15330252051353455,-0.561654269695282,-1.7991552352905273,1.8044153451919556,0.6324619054794312,2.45363712310791,0.022623002529144287,0.028220713138580322,0.03487098217010498,-0.07662403583526611,0.09281080961227417,-0.04300975799560547
1769718969.212684,goal2.png,0.6979559063911438,0.1482791006565094,-0.588542103767395,-1.8204553127288818,1.8399937152862549,0.5923591256141663,2.4758965969085693,0.14528578519821167,-0.5597466230392456,-1.7967350482940674,1.7935051918029785,0.6352933645248413,2.4399688243865967,-0.0029933154582977295,0.028795480728149414,0.023720264434814453,-0.04648852348327637,0.04293423891067505,-0.035927772521972656
1769718969.3119564,goal2.png,0.7283521890640259,0.1540345996618271,-0.5874819159507751,-1.811276912689209,1.8158812522888184,0.6196824908256531,2.459872245788574,0.13683904707431793,-0.5539811253547668,-1.7893285751342773,1.7834599018096924,0.6371572613716125,2.4127261638641357,-0.017195552587509155,0.0335007905960083,0.02194833755493164,-0.03242135047912598,0.017474770545959473,-0.04714608192443848
1769718969.410943,goal2.png,0.710148811340332,0.14673425257205963,-0.5865428447723389,-1.8059455156326294,1.8003112077713013,0.6307541728019714,2.445680618286133,0.12805932760238647,-0.548997700214386,-1.7760496139526367,1.7709628343582153,0.6313306093215942,2.377711296081543,-0.018674924969673157,0.03754514455795288,0.029895901679992676,-0.029348373413085938,0.0005764365196228027,-0.06796932220458984
1769718969.511048,goal2.png,0.6499682664871216,0.13828277587890625,-0.5829381942749023,-1.7996751070022583,1.7890123128890991,0.6348890066146851,2.4219164848327637,0.11769796907901764,-0.5489602088928223,-1.7666231393814087,1.7617579698562622,0.622177243232727,2.3548595905303955,-0.02058480679988861,0.03397798538208008,0.03305196762084961,-0.027254343032836914,-0.012711763381958008,-0.06705689430236816
1769718969.6115775,goal2.png,0.713168740272522,0.13170942664146423,-0.5775159597396851,-1.788406491279602,1.7761080265045166,0.6311631202697754,2.3879289627075195,0.11232978105545044,-0.5500302910804749,-1.754276156425476,1.7415351867675781,0.609143078327179,2.3351938724517822,-0.019379645586013794,0.027485668659210205,0.03413033485412598,-0.03457283973693848,-0.022020041942596436,-0.052735090255737305
1769718969.7114851,goal2.png,0.7210814952850342,0.12334880977869034,-0.5759103894233704,-1.778682827949524,1.7656270265579224,0.6238476634025574,2.365225076675415,0.10796408355236053,-0.5453153252601624,-1.7309941053390503,1.7047502994537354,0.5992403030395508,2.3009471893310547,-0.015384726226329803,0.030595064163208008,0.04768872261047363,-0.06087672710418701,-0.024607360363006592,-0.06427788734436035
1769718969.8110921,goal2.png,0.6885883808135986,0.11398863792419434,-0.5767282843589783,-1.7681108713150024,1.7483301162719727,0.6136846542358398,2.3435208797454834,0.10459724068641663,-0.5411530137062073,-1.7045739889144897,1.6645509004592896,0.5842552185058594,2.265223979949951,-0.00939139723777771,0.035575270652770996,0.0635368824005127,-0.0837792158126831,-0.02942943572998047,-0.07829689979553223
1769718969.9112124,goal2.png,0.6255665421485901,0.10977808386087418,-0.5750623345375061,-1.747754693031311,1.718008041381836,0.6029158234596252,2.3133046627044678,0.09784939885139465,-0.5412130951881409,-1.6838059425354004,1.6270923614501953,0.5685083866119385,2.240177869796753,-0.011928685009479523,0.033849239349365234,0.06394875049591064,-0.09091567993164062,-0.03440743684768677,-0.07312679290771484
1769718970.0117064,goal2.png,0.5829588174819946,0.10780904442071915,-0.5697612166404724,-1.721945881843567,1.6775379180908203,0.5870580077171326,2.2763030529022217,0.08749495446681976,-0.5378414392471313,-1.66017746925354,1.5842748880386353,0.5536049008369446,2.2122268676757812,-0.020314089953899384,0.031919777393341064,0.061768412590026855,-0.09326303005218506,-0.03345310688018799,-0.06407618522644043
1769718970.1112661,goal2.png,0.5535304546356201,0.1012963354587555,-0.5677619576454163,-1.7009838819503784,1.642338752746582,0.574002206325531,2.250736713409424,0.07441703975200653,-0.5294085741043091,-1.6386263370513916,1.5441458225250244,0.5370529890060425,2.1883108615875244,-0.026879295706748962,0.03835338354110718,0.062357544898986816,-0.09819293022155762,-0.036949217319488525,-0.062425851821899414
1769718970.2109106,goal2.png,0.5370866060256958,0.0903305858373642,-0.567428708076477,-1.6797795295715332,1.6011719703674316,0.5587047338485718,2.223958730697632,0.06044042855501175,-0.5208981037139893,-1.629758596420288,1.5211797952651978,0.5237007141113281,2.1816725730895996,-0.029890157282352448,0.04653060436248779,0.05002093315124512,-0.07999217510223389,-0.03500401973724365,-0.04228615760803223
1769718970.3112955,goal2.png,0.5623258352279663,0.07751715183258057,-0.5612793564796448,-1.6572424173355103,1.5593993663787842,0.5419079065322876,2.198225498199463,0.050095334649086,-0.5172947645187378,-1.6312066316604614,1.509655475616455,0.5201607942581177,2.1934237480163574,-0.027421817183494568,0.04398459196090698,0.026035785675048828,-0.0497438907623291,-0.021747112274169922,-0.004801750183105469
1769718970.4112499,goal2.png,0.5924867391586304,0.06655140221118927,-0.5514950752258301,-1.644883155822754,1.5338329076766968,0.5299425721168518,2.1877143383026123,0.041679177433252335,-0.5162644386291504,-1.6381545066833496,1.4997235536575317,0.5226459503173828,2.2141976356506348,-0.024872224777936935,0.03523063659667969,0.006728649139404297,-0.03410935401916504,-0.007296621799468994,0.02648329734802246
1769718970.5108802,goal2.png,0.6116031408309937,0.05504049360752106,-0.5459214448928833,-1.6421266794204712,1.5168088674545288,0.5236115455627441,2.192863941192627,0.03568275645375252,-0.51605224609375,-1.6489677429199219,1.4919753074645996,0.5280102491378784,2.238144636154175,-0.01935773715376854,0.0298691987991333,-0.006841063499450684,-0.0248335599899292,0.004398703575134277,0.04528069496154785
1769718970.6109703,goal2.png,0.6158829927444458,0.04522593319416046,-0.5454065203666687,-1.6453981399536133,1.506055235862732,0.5233086347579956,2.2078280448913574,0.03183971717953682,-0.5163822770118713,-1.6635401248931885,1.4904552698135376,0.5330743789672852,2.2649383544921875,-0.013386216014623642,0.029024243354797363,-0.018141984939575195,-0.015599966049194336,0.00976574420928955,0.05711030960083008
1769718970.7115479,goal2.png,0.6255702972412109,0.038349609822034836,-0.5443158745765686,-1.6542737483978271,1.496301293373108,0.5273374319076538,2.232606887817383,0.02835390903055668,-0.5154657363891602,-1.6809890270233154,1.4955806732177734,0.5358209609985352,2.2917332649230957,-0.009995700791478157,0.028850138187408447,-0.02671527862548828,-0.0007206201553344727,0.008483529090881348,0.05912637710571289
1769718970.811471,goal2.png,0.625637412071228,0.035138681530952454,-0.5433768033981323,-1.6649971008300781,1.4926661252975464,0.5309573411941528,2.2561285495758057,0.02464880794286728,-0.5140365958213806,-1.6973857879638672,1.5025931596755981,0.539440393447876,2.3163070678710938,-0.010489873588085175,0.02934020757675171,-0.03238868713378906,0.009927034378051758,0.008483052253723145,0.060178518295288086
1769718970.9111383,goal2.png,0.6018815040588379,0.030564583837985992,-0.5434070825576782,-1.681566834449768,1.49424147605896,0.5342288613319397,2.2817254066467285,0.019582442939281464,-0.5111550092697144,-1.7105600833892822,1.5097216367721558,0.5381218194961548,2.3344762325286865,-0.010982140898704529,0.03225207328796387,-0.02899324893951416,0.0154801607131958,0.003892958164215088,0.05275082588195801
1769718971.0108137,goal2.png,0.5923593044281006,0.025627022609114647,-0.5425287485122681,-1.6973185539245605,1.500844955444336,0.5378033518791199,2.308685064315796,0.01607760787010193,-0.5082800984382629,-1.7173082828521729,1.5164450407028198,0.5301174521446228,2.343771457672119,-0.009549414739012718,0.03424865007400513,-0.019989728927612305,0.015600085258483887,-0.00768589973449707,0.03508639335632324
1769718971.1112542,goal2.png,0.5991660952568054,0.02199198678135872,-0.5394691824913025,-1.7120102643966675,1.5076303482055664,0.5370157361030579,2.3271329402923584,0.01548535842448473,-0.5052609443664551,-1.7178092002868652,1.5237627029418945,0.5150822401046753,2.345832109451294,-0.006506628356873989,0.03420823812484741,-0.005798935890197754,0.016132354736328125,-0.02193349599838257,0.018699169158935547
1769718971.210752,goal2.png,0.5894638895988464,0.019114239141345024,-0.5368035435676575,-1.719401478767395,1.513264775276184,0.5316389203071594,2.3386590480804443,0.01762446202337742,-0.5054103136062622,-1.71565842628479,1.5328795909881592,0.4947078227996826,2.3471055030822754,-0.0014897771179676056,0.031393229961395264,0.0037430524826049805,0.019614815711975098,-0.03693109750747681,0.008446455001831055
1769718971.310961,goal2.png,0.5847886800765991,0.016781730577349663,-0.5348042845726013,-1.7224003076553345,1.5199288129806519,0.5198401808738708,2.3437633514404297,0.017656996846199036,-0.509721577167511,-1.7152302265167236,1.5422157049179077,0.47706472873687744,2.352973699569702,0.0008752662688493729,0.025082707405090332,0.00717008113861084,0.02228689193725586,-0.04277545213699341,0.009210348129272461
1769718971.4110422,goal2.png,0.5805401802062988,0.017720790579915047,-0.5333502888679504,-1.722248911857605,1.529955506324768,0.5001049637794495,2.3468985557556152,0.015278270468115807,-0.5152285099029541,-1.7172012329101562,1.5522925853729248,0.46207043528556824,2.3602776527404785,-0.00244252011179924,0.018121778964996338,0.0050476789474487305,0.02233707904815674,-0.038034528493881226,0.013379096984863281
1769718971.5115337,goal2.png,0.5933187007904053,0.01865985058248043,-0.535137414932251,-1.7222791910171509,1.5393763780593872,0.4832475483417511,2.3517603874206543,0.012851950712502003,-0.521017849445343,-1.7197909355163574,1.5631134510040283,0.4510442018508911,2.366652488708496,-0.005807899869978428,0.014119565486907959,0.002488255500793457,0.023737072944641113,-0.032203346490859985,0.014892101287841797
1769718971.6116657,goal2.png,0.5738016366958618,0.017054423689842224,-0.5393480062484741,-1.7230364084243774,1.5478883981704712,0.4688285291194916,2.3583641052246094,0.012449609115719795,-0.5255290269851685,-1.7229007482528687,1.5716779232025146,0.44621509313583374,2.3718161582946777,-0.004604814574122429,0.013818979263305664,0.00013566017150878906,0.023789525032043457,-0.022613435983657837,0.01345205307006836
1769718971.7116065,goal2.png,0.5718817710876465,0.014176677912473679,-0.5448611378669739,-1.7253385782241821,1.5595204830169678,0.4561968147754669,2.365452289581299,0.011279941536486149,-0.5281244516372681,-1.7252987623214722,1.5769895315170288,0.4417862296104431,2.373469829559326,-0.0028967363759875298,0.01673668622970581,3.981590270996094e-05,0.017469048500061035,-0.014410585165023804,0.008017539978027344
1769718971.8115382,goal2.png,0.5509376525878906,0.013752571307122707,-0.5496775507926941,-1.7282466888427734,1.567941665649414,0.4499566853046417,2.3699355125427246,0.00894514936953783,-0.528627872467041,-1.7274898290634155,1.581847071647644,0.43409252166748047,2.3721044063568115,-0.004807421937584877,0.021049678325653076,0.0007568597793579102,0.01390540599822998,-0.015864163637161255,0.002168893814086914
1769718971.9110262,goal2.png,0.5589162111282349,0.01323761697858572,-0.5534337759017944,-1.730579137802124,1.5736668109893799,0.44498881697654724,2.372631549835205,0.006787172053009272,-0.528907060623169,-1.732627272605896,1.5981463193893433,0.4227435290813446,2.3732099533081055,-0.0064504449255764484,0.02452671527862549,-0.0020481348037719727,0.02447950839996338,-0.022245287895202637,0.0005784034729003906
1769718972.010862,goal2.png,0.572963297367096,0.010147818364202976,-0.554918110370636,-1.733396291732788,1.5807855129241943,0.43605268001556396,2.3725101947784424,0.005501574371010065,-0.5311446785926819,-1.7399652004241943,1.6226310729980469,0.4105898141860962,2.3793134689331055,-0.004646243993192911,0.0237734317779541,-0.00656890869140625,0.04184556007385254,-0.025462865829467773,0.006803274154663086
1769718972.1108274,goal2.png,0.5801939964294434,0.00796679686754942,-0.5551908016204834,-1.7377886772155762,1.595083236694336,0.42628350853919983,2.3735857009887695,0.0046661472879350185,-0.5324684381484985,-1.7462431192398071,1.64503812789917,0.3980408310890198,2.3840034008026123,-0.003300649579614401,0.022722363471984863,-0.008454442024230957,0.049954891204833984,-0.028242677450180054,0.010417699813842773
1769718972.2115502,goal2.png,0.5863140821456909,0.007209506817162037,-0.5568870306015015,-1.7436047792434692,1.615681767463684,0.41445454955101013,2.378629207611084,0.0031741559505462646,-0.5321149230003357,-1.751460313796997,1.6625776290893555,0.3899487257003784,2.385502576828003,-0.004035350866615772,0.02477210760116577,-0.007855534553527832,0.04689586162567139,-0.024505823850631714,0.006873369216918945
1769718972.3120587,goal2.png,0.5880317687988281,0.006209881044924259,-0.5591287016868591,-1.7488148212432861,1.6363105773925781,0.403609961271286,2.382446050643921,0.005908439867198467,-0.5347364544868469,-1.7563186883926392,1.6794288158416748,0.38690224289894104,2.388828754425049,-0.00030144117772579193,0.024392247200012207,-0.007503867149353027,0.04311823844909668,-0.01670771837234497,0.00638270378112793
1769718972.414687,goal2.png,0.6047853231430054,0.00442260829731822,-0.5594922304153442,-1.7550246715545654,1.6558185815811157,0.3940226137638092,2.3852784633636475,0.012890569865703583,-0.5405545234680176,-1.7600245475769043,1.6975691318511963,0.38473838567733765,2.3941187858581543,0.008467961102724075,0.01893770694732666,-0.004999876022338867,0.041750550270080566,-0.009284228086471558,0.008840322494506836
1769718972.511507,goal2.png,0.6215442419052124,0.00554343918338418,-0.560188889503479,-1.7599925994873047,1.6731456518173218,0.38964536786079407,2.3880198001861572,0.022015094757080078,-0.5485329031944275,-1.7613866329193115,1.7116944789886475,0.3853195607662201,2.4004087448120117,0.016471656039357185,0.011655986309051514,-0.001394033432006836,0.038548827171325684,-0.004325807094573975,0.012388944625854492
1769718972.6113927,goal2.png,0.6275018453598022,0.012328839860856533,-0.5649750232696533,-1.7646273374557495,1.6912298202514648,0.38638898730278015,2.3924574851989746,0.03248723968863487,-0.5548678636550903,-1.7589349746704102,1.7194037437438965,0.3898380696773529,2.4023823738098145,0.020158398896455765,0.010107159614562988,0.0056923627853393555,0.02817392349243164,0.003449082374572754,0.009924888610839844
1769718972.711982,goal2.png,0.6371405124664307,0.021022643893957138,-0.5720634460449219,-1.7666568756103516,1.7056488990783691,0.38632842898368835,2.397395133972168,0.04494943469762802,-0.5604135394096375,-1.7508394718170166,1.7202728986740112,0.39795759320259094,2.3968846797943115,0.023926790803670883,0.011649906635284424,0.01581740379333496,0.01462399959564209,0.011629164218902588,-0.0005104541778564453
1769718972.8111763,goal2.png,0.6445431709289551,0.03077663667500019,-0.5790002346038818,-1.7656874656677246,1.7147061824798584,0.38964536786079407,2.400106191635132,0.05920388549566269,-0.566003143787384,-1.7411537170410156,1.719713568687439,0.4057937264442444,2.3889853954315186,0.0284272488206625,0.012997090816497803,0.024533748626708984,0.005007386207580566,0.016148358583450317,-0.011120796203613281
1769718972.9112985,goal2.png,0.6395939588546753,0.04268136993050575,-0.583816647529602,-1.7601138353347778,1.7182198762893677,0.39582493901252747,2.3970468044281006,0.0713905617594719,-0.5724849700927734,-1.7321686744689941,1.7162325382232666,0.41565966606140137,2.38045072555542,0.02870919182896614,0.011331677436828613,0.02794516086578369,-0.0019873380661010742,0.0198347270488739,-0.016596078872680664
1769718973.0116165,goal2.png,0.635269820690155,0.05607040226459503,-0.5888147950172424,-1.7522075176239014,1.7188258171081543,0.40280720591545105,2.3909430503845215,0.0789494439959526,-0.578037679195404,-1.7265138626098633,1.7098430395126343,0.41977542638778687,2.374379873275757,0.022879041731357574,0.010777115821838379,0.025693655014038086,-0.00898277759552002,0.016968220472335815,-0.01656317710876465
1769718973.110938,goal2.png,0.6007543802261353,0.06912624835968018,-0.5955093502998352,-1.7437561750411987,1.7166448831558228,0.4122582972049713,2.382824659347534,0.08135099709033966,-0.5808281898498535,-1.7236666679382324,1.7029569149017334,0.4183104634284973,2.3668441772460938,0.012224748730659485,0.01468116044998169,0.02008950710296631,-0.013687968254089355,0.006052166223526001,-0.01598048210144043
1769718973.2111673,goal2.png,0.5797547101974487,0.07669921964406967,-0.6000833511352539,-1.7383944988250732,1.7112832069396973,0.4171050190925598,2.3771297931671143,0.0801042914390564,-0.5828609466552734,-1.7235956192016602,1.6990838050842285,0.4126163721084595,2.3605124950408936,0.003405071794986725,0.01722240447998047,0.014798879623413086,-0.01219940185546875,-0.004488646984100342,-0.016617298126220703
1769718973.3124123,goal2.png,0.5660259127616882,0.07975873351097107,-0.6026278734207153,-1.7345473766326904,1.7056183815002441,0.4174836575984955,2.370147466659546,0.07842880487442017,-0.5828382968902588,-1.72057044506073,1.6978168487548828,0.40682488679885864,2.3505818843841553,-0.0013299286365509033,0.019789576530456543,0.01397693157196045,-0.007801532745361328,-0.01065877079963684,-0.019565582275390625
1769718973.411419,goal2.png,0.5589515566825867,0.0801222026348114,-0.6050816774368286,-1.7330025434494019,1.701589822769165,0.4138486683368683,2.363755941390991,0.07580482959747314,-0.5840280652046204,-1.7207272052764893,1.701279640197754,0.4009481370449066,2.346503257751465,-0.004317373037338257,0.021053612232208252,0.012275338172912598,-0.0003101825714111328,-0.01290053129196167,-0.017252683639526367
1769718973.5117466,goal2.png,0.5611340999603271,0.07942547649145126,-0.6066265106201172,-1.7307002544403076,1.6999539136886597,0.40835070610046387,2.354562282562256,0.0724371075630188,-0.5850067734718323,-1.7237179279327393,1.710592269897461,0.38857197761535645,2.3462111949920654,-0.006988368928432465,0.021619737148284912,0.006982326507568359,0.01063835620880127,-0.019778728485107422,-0.00835108757019043
1769718973.6116917,goal2.png,0.5633199214935303,0.07718389481306076,-0.60708087682724,-1.7298520803451538,1.7014987468719482,0.4020802080631256,2.3489582538604736,0.06926140189170837,-0.586754560470581,-1.7286441326141357,1.7197721004486084,0.37915104627609253,2.3510656356811523,-0.007922492921352386,0.020326316356658936,0.0012079477310180664,0.018273353576660156,-0.02292916178703308,0.002107381820678711
1769718973.7113738,goal2.png,0.5684099197387695,0.07400324195623398,-0.6080199480056763,-1.7311546802520752,1.7081630229949951,0.3924928307533264,2.347792148590088,0.06971465796232224,-0.588239848613739,-1.7299408912658691,1.7250933647155762,0.37538984417915344,2.352620840072632,-0.004288583993911743,0.019780099391937256,0.0012137889862060547,0.016930341720581055,-0.017102986574172974,0.004828691482543945
1769718973.8114634,goal2.png,0.5819695591926575,0.07133755087852478,-0.6096859574317932,-1.7343051433563232,1.716099500656128,0.38323870301246643,2.3508365154266357,0.07066987454891205,-0.5892580151557922,-1.7291688919067383,1.7247827053070068,0.37507709860801697,2.352285861968994,-0.0006676763296127319,0.020427942276000977,0.005136251449584961,0.008683204650878906,-0.008161604404449463,0.0014493465423583984
1769718973.911632,goal2.png,0.5928100347518921,0.07091344892978668,-0.6117457747459412,-1.735819697380066,1.7224304676055908,0.37861913442611694,2.351881504058838,0.07005682587623596,-0.5900382995605469,-1.7272001504898071,1.7211987972259521,0.3716636598110199,2.3478446006774902,-0.0008566230535507202,0.021707475185394287,0.008619546890258789,-0.0012316703796386719,-0.006955474615097046,-0.004036903381347656
1769718974.011317,goal2.png,0.5935225486755371,0.07133755087852478,-0.6141691207885742,-1.7360013723373413,1.7241573333740234,0.37692275643348694,2.351881504058838,0.06835640221834183,-0.5916948914527893,-1.7283954620361328,1.7193485498428345,0.3641851842403412,2.347804307937622,-0.002981148660182953,0.022474229335784912,0.007605910301208496,-0.004808783531188965,-0.012737572193145752,-0.00407719612121582
1769718974.1119177,goal2.png,0.5878761410713196,0.07109521329402924,-0.6158352494239807,-1.735456109046936,1.722703218460083,0.37322714924812317,2.3488826751708984,0.06814801692962646,-0.5943431258201599,-1.729999303817749,1.7221732139587402,0.3550977110862732,2.3500452041625977,-0.002947196364402771,0.0214921236038208,0.005456805229187012,-0.0005300045013427734,-0.018129438161849976,0.0011625289916992188
1769718974.2115483,goal2.png,0.5977462530136108,0.06985325366258621,-0.6173195838928223,-1.735637903213501,1.7210673093795776,0.36662349104881287,2.3487918376922607,0.06822199374437332,-0.5976994037628174,-1.733307123184204,1.72564697265625,0.34882330894470215,2.356247901916504,-0.0016312599182128906,0.019620180130004883,0.002330780029296875,0.004579663276672363,-0.017800182104110718,0.007456064224243164
1769718974.3113563,goal2.png,0.5928833484649658,0.06924745440483093,-0.6201972961425781,-1.7364860773086548,1.7221580743789673,0.35832351446151733,2.3510332107543945,0.0676332637667656,-0.6006953716278076,-1.7369771003723145,1.7275636196136475,0.34344613552093506,2.363370418548584,-0.0016141906380653381,0.019501924514770508,-0.000491023063659668,0.005405545234680176,-0.014877378940582275,0.012337207794189453
1769718974.410922,goal2.png,0.6112693548202515,0.06930802017450333,-0.6238625645637512,-1.7388489246368408,1.72491455078125,0.35224997997283936,2.355410575866699,0.0678582489490509,-0.6023217439651489,-1.7397639751434326,1.728914737701416,0.3365462124347687,2.3672289848327637,-0.001449771225452423,0.021540820598602295,-0.0009150505065917969,0.004000186920166016,-0.01570376753807068,0.011818408966064453
1769718974.5111334,goal2.png,0.6169106960296631,0.06900511682033539,-0.6264980435371399,-1.7415144443511963,1.7271260023117065,0.3458886742591858,2.3616809844970703,0.0714370533823967,-0.6050176024436951,-1.7406368255615234,1.73152756690979,0.33231785893440247,2.368521213531494,0.00243193656206131,0.021480441093444824,0.0008776187896728516,0.004401564598083496,-0.013570815324783325,0.006840229034423828
1769718974.6118317,goal2.png,0.6301900148391724,0.06894447654485703,-0.6279823184013367,-1.7438470125198364,1.7286404371261597,0.3397393524646759,2.3661036491394043,0.07776862382888794,-0.6077864766120911,-1.7395353317260742,1.7344119548797607,0.32935279607772827,2.367389440536499,0.008824147284030914,0.020195841789245605,0.004311680793762207,0.005771517753601074,-0.010386556386947632,0.0012857913970947266
1769718974.7122812,goal2.png,0.6300214529037476,0.07164045423269272,-0.6301935911178589,-1.7450284957885742,1.7309123277664185,0.33483216166496277,2.367830276489258,0.08419190347194672,-0.6108889579772949,-1.7378551959991455,1.7370442152023315,0.3290823996067047,2.3649725914001465,0.012551449239253998,0.019304633140563965,0.007173299789428711,0.006131887435913086,-0.005749762058258057,-0.002857685089111328
1769718974.811226,goal2.png,0.6202698945999146,0.07685070484876633,-0.63237464427948,-1.7449374198913574,1.7333660125732422,0.3316362798213959,2.3674211502075195,0.08978348225355148,-0.6159390211105347,-1.73819899559021,1.7384824752807617,0.33038651943206787,2.364037036895752,0.012932777404785156,0.016435623168945312,0.006738424301147461,0.005116462707519531,-0.001249760389328003,-0.003384113311767578
1769718974.9119956,goal2.png,0.5859180688858032,0.0831514373421669,-0.6348283290863037,-1.7444528341293335,1.7357289791107178,0.3306669592857361,2.3662400245666504,0.09360317140817642,-0.6214815378189087,-1.741586685180664,1.737067699432373,0.3357665538787842,2.368279218673706,0.010451734066009521,0.01334679126739502,0.0028661489486694336,0.0013387203216552734,0.005099594593048096,0.002039194107055664
1769718975.0114453,goal2.png,0.6010278463363647,0.08860395103693008,-0.639917254447937,-1.744483232498169,1.7370312213897705,0.3309547007083893,2.365588665008545,0.09662171453237534,-0.6243329644203186,-1.74159836769104,1.7300769090652466,0.34423768520355225,2.3704495429992676,0.008017763495445251,0.015584290027618408,0.0028848648071289062,-0.006954312324523926,0.013282984495162964,0.004860877990722656
1769718975.111448,goal2.png,0.618035078048706,0.09239047765731812,-0.6463392972946167,-1.7456645965576172,1.7364556789398193,0.3344079852104187,2.367678642272949,0.09950722754001617,-0.6241720914840698,-1.7399647235870361,1.722320318222046,0.35252633690834045,2.369922161102295,0.007116749882698059,0.022167205810546875,0.005699872970581055,-0.014135360717773438,0.018118351697921753,0.002243518829345703
1769718975.2118742,goal2.png,0.6087042689323425,0.0959649458527565,-0.6505497694015503,-1.746179461479187,1.7320938110351562,0.341799259185791,2.369889974594116,0.10313821583986282,-0.6249030828475952,-1.7356345653533936,1.714975118637085,0.3582266867160797,2.365840435028076,0.007173269987106323,0.025646686553955078,0.010544896125793457,-0.01711869239807129,0.016427427530288696,-0.004049539566040039
1769718975.311486,goal2.png,0.6005914211273193,0.09959998726844788,-0.6514585614204407,-1.7455737590789795,1.725399136543274,0.3490390479564667,2.3698596954345703,0.10673360526561737,-0.6254295110702515,-1.7325549125671387,1.7073273658752441,0.3660488724708557,2.3615612983703613,0.007133617997169495,0.02602905035018921,0.01301884651184082,-0.018071770668029785,0.017009824514389038,-0.008298397064208984
1769718975.411079,goal2.png,0.5760291814804077,0.10278063267469406,-0.6515796780586243,-1.7433925867080688,1.7176443338394165,0.3560364544391632,2.3664064407348633,0.108380988240242,-0.6244101524353027,-1.7301287651062012,1.7019538879394531,0.3737255036830902,2.3584680557250977,0.005600355565547943,0.027169525623321533,0.013263821601867676,-0.01569044589996338,0.017689049243927002,-0.007938385009765625
1769718975.5107505,goal2.png,0.5502878427505493,0.10599155724048615,-0.652791440486908,-1.7411813735961914,1.7099806070327759,0.36324599385261536,2.3628320693969727,0.10855500400066376,-0.6220282316207886,-1.729400873184204,1.6966807842254639,0.3788682818412781,2.357243299484253,0.0025634467601776123,0.030763208866119385,0.011780500411987305,-0.013299822807312012,0.01562228798866272,-0.0055887699127197266
1769718975.61154,goal2.png,0.5160323977470398,0.10829371213912964,-0.6526095867156982,-1.7392123937606812,1.703952431678772,0.3708643615245819,2.3598482608795166,0.10507647693157196,-0.621406078338623,-1.7340497970581055,1.6937693357467651,0.3857611417770386,2.362245559692383,-0.0032172352075576782,0.031203508377075195,0.005162596702575684,-0.010183095932006836,0.014896780252456665,0.002397298812866211
1769718975.7116592,goal2.png,0.5329850912094116,0.10874810069799423,-0.6510041356086731,-1.7384247779846191,1.6994694471359253,0.3769227862358093,2.3589091300964355,0.09388121962547302,-0.6180611252784729,-1.7430065870285034,1.6818040609359741,0.4003205895423889,2.371089220046997,-0.01486688107252121,0.032943010330200195,-0.004581809043884277,-0.017665386199951172,0.02339780330657959,0.012180089950561523
1769718975.8113606,goal2.png,0.586951732635498,0.10584007203578949,-0.6498833894729614,-1.7405754327774048,1.6950770616531372,0.3841322958469391,2.3623623847961426,0.08106540143489838,-0.6077414751052856,-1.750410795211792,1.658139944076538,0.4159260392189026,2.3773703575134277,-0.024774670600891113,0.04214191436767578,-0.009835362434387207,-0.03693711757659912,0.0317937433719635,0.015007972717285156
1769718975.9114587,goal2.png,0.6302076578140259,0.0959649458527565,-0.6473086476325989,-1.7464219331741333,1.6819908618927002,0.3984149396419525,2.370253562927246,0.07257681339979172,-0.5885044932365417,-1.7490136623382568,1.6210343837738037,0.44109952449798584,2.3677353858947754,-0.023388132452964783,0.05880415439605713,-0.002591729164123535,-0.060956478118896484,0.042684584856033325,-0.002518177032470703
1769718976.0113196,goal2.png,0.6897228956222534,0.08430255204439163,-0.6382815837860107,-1.7518441677093506,1.6627252101898193,0.4124097526073456,2.3741915225982666,0.06933934986591339,-0.5642844438552856,-1.7402304410934448,1.5754129886627197,0.47186508774757385,2.3460350036621094,-0.014963202178478241,0.0739971399307251,0.011613726615905762,-0.08731222152709961,0.05945533514022827,-0.028156518936157227
1769718976.1109114,goal2.png,0.7177342772483826,0.07542697340250015,-0.6224388480186462,-1.7526922225952148,1.6309791803359985,0.4350075423717499,2.3672547340393066,0.06683056801557541,-0.5386137962341309,-1.7258871793746948,1.5284748077392578,0.49666929244995117,2.3151795864105225,-0.008596405386924744,0.08382505178451538,0.02680504322052002,-0.10250437259674072,0.061661750078201294,-0.05207514762878418
1769718976.210734,goal2.png,0.6772334575653076,0.07151932269334793,-0.5986596345901489,-1.746785283088684,1.5864500999450684,0.464799702167511,2.347156047821045,0.06039005517959595,-0.5147123336791992,-1.7076919078826904,1.4899752140045166,0.5086205005645752,2.27644681930542,-0.011129267513751984,0.08394730091094971,0.03909337520599365,-0.09647488594055176,0.04382079839706421,-0.070709228515625
1769718976.3105977,goal2.png,0.6162253618240356,0.06885363161563873,-0.5741838216781616,-1.7375462055206299,1.543071985244751,0.48823052644729614,2.3210291862487793,0.056040067225694656,-0.5024327039718628,-1.6848193407058716,1.4700117111206055,0.506636381149292,2.2384047508239746,-0.012813564389944077,0.07175111770629883,0.0527268648147583,-0.07306027412414551,0.01840585470199585,-0.08262443542480469
1769718976.4109318,goal2.png,0.5564361810684204,0.06315869837999344,-0.552252471446991,-1.7217642068862915,1.5052070617675781,0.5025131702423096,2.2858753204345703,0.057290270924568176,-0.5001245141029358,-1.6652559041976929,1.4673634767532349,0.5010275840759277,2.212676525115967,-0.0058684274554252625,0.052127957344055176,0.05650830268859863,-0.03784358501434326,-0.001485586166381836,-0.07319879531860352
1769718976.5118659,goal2.png,0.5489766597747803,0.05767590180039406,-0.5358644723892212,-1.700802206993103,1.4812461137771606,0.5037854313850403,2.2505853176116943,0.058692220598459244,-0.5022695064544678,-1.6530208587646484,1.4712157249450684,0.5019265413284302,2.2053232192993164,0.0010163187980651855,0.03359496593475342,0.04778134822845459,-0.010030388832092285,-0.0018588900566101074,-0.04526209831237793
1769718976.6107192,goal2.png,0.55809086561203,0.05743356794118881,-0.5288974046707153,-1.6813243627548218,1.4720677137374878,0.5015740990638733,2.223595142364502,0.05562369525432587,-0.501650869846344,-1.6513018608093262,1.4742438793182373,0.500939667224884,2.2108335494995117,-0.0018098726868629456,0.027246534824371338,0.030022501945495605,0.0021761655807495117,-0.0006344318389892578,-0.012761592864990234
1769718976.7113547,goal2.png,0.5619692802429199,0.05943281948566437,-0.5301392674446106,-1.6692379713058472,1.4720677137374878,0.5020437240600586,2.2122809886932373,0.04995695874094963,-0.5002939105033875,-1.6595149040222168,1.48256516456604,0.49625128507614136,2.2288763523101807,-0.009475860744714737,0.029845356941223145,0.009723067283630371,0.010497450828552246,-0.005792438983917236,0.01659536361694336
1769718976.8110921,goal2.png,0.5665631890296936,0.05710030719637871,-0.5299878716468811,-1.6639066934585571,1.473915457725525,0.500953197479248,2.213341236114502,0.04427601024508476,-0.5020660758018494,-1.6734977960586548,1.4945011138916016,0.48709356784820557,2.255434513092041,-0.012824296951293945,0.02792179584503174,-0.009591102600097656,0.02058565616607666,-0.01385962963104248,0.04209327697753906
1769718976.9108875,goal2.png,0.5686452984809875,0.0507996566593647,-0.5280491709709167,-1.6682080030441284,1.481791377067566,0.4958338439464569,2.229395866394043,0.0415756031870842,-0.5039786100387573,-1.684038758277893,1.5051379203796387,0.4806555509567261,2.276332139968872,-0.009224053472280502,0.024070560932159424,-0.01583075523376465,0.023346543312072754,-0.015178292989730835,0.0469362735748291
1769718977.0109515,goal2.png,0.586861252784729,0.046255841851234436,-0.5290790796279907,-1.6779316663742065,1.4912121295928955,0.48915448784828186,2.2497975826263428,0.038773007690906525,-0.5040086507797241,-1.6911280155181885,1.5121791362762451,0.4752662181854248,2.289456367492676,-0.007482834160327911,0.0250704288482666,-0.013196349143981934,0.02096700668334961,-0.013888269662857056,0.03965878486633301
1769718977.1109276,goal2.png,0.5886789560317993,0.044014256447553635,-0.5309269428253174,-1.6866557598114014,1.5013599395751953,0.482656866312027,2.269169330596924,0.039736829698085785,-0.5042639374732971,-1.6934930086135864,1.5174099206924438,0.4745575189590454,2.2966883182525635,-0.00427742674946785,0.026663005352020264,-0.006837248802185059,0.016049981117248535,-0.008099347352981567,0.02751898765563965
1769718977.2109563,goal2.png,0.5984618663787842,0.04140912741422653,-0.5311388969421387,-1.6938350200653076,1.5096296072006226,0.476931631565094,2.2850120067596436,0.039766035974025726,-0.5031392574310303,-1.6937617063522339,1.5197242498397827,0.4760507345199585,2.2993409633636475,-0.0016430914402008057,0.0279996395111084,7.331371307373047e-05,0.010094642639160156,-0.000880897045135498,0.014328956604003906
1769718977.3110845,goal2.png,0.5956181287765503,0.04016716405749321,-0.5311994552612305,-1.6976820230484009,1.5145974159240723,0.4758714735507965,2.2929182052612305,0.04051526263356209,-0.5016204714775085,-1.691760778427124,1.520254373550415,0.4796421229839325,2.2976183891296387,0.0003480985760688782,0.029578983783721924,0.0059212446212768555,0.0056569576263427734,0.0037706494331359863,0.004700183868408203
1769718977.4108002,goal2.png,0.5907659530639648,0.040500350296497345,-0.5310783386230469,-1.6992875337600708,1.5172935724258423,0.47659844160079956,2.296886444091797,0.041347503662109375,-0.5005336999893188,-1.6905293464660645,1.5211313962936401,0.4853155016899109,2.2966160774230957,0.00084715336561203,0.030544638633728027,0.008758187294006348,0.0038378238677978516,0.008717060089111328,-0.0002703666687011719
1769718977.5108786,goal2.png,0.5905597805976868,0.04162117838859558,-0.5297454595565796,-1.6988635063171387,1.5188989639282227,0.47926416993141174,2.2973408699035645,0.0417192205786705,-0.5002024173736572,-1.689782738685608,1.520168662071228,0.49071750044822693,2.2970399856567383,9.804219007492065e-05,0.029543042182922363,0.009080767631530762,0.001269698143005371,0.011453330516815186,-0.0003008842468261719
1769718977.610573,goal2.png,0.5965512990951538,0.04165146127343178,-0.5286247134208679,-1.6981970071792603,1.5195351839065552,0.4837019145488739,2.2968409061431885,0.04208557680249214,-0.4991941750049591,-1.688467264175415,1.519779920578003,0.4932251572608948,2.29597806930542,0.00043411552906036377,0.029430538415908813,0.009729743003845215,0.0002447366714477539,0.009523242712020874,-0.0008628368377685547
1769718977.7110102,goal2.png,0.5961942672729492,0.04174230992794037,-0.528261125087738,-1.6974700689315796,1.5195049047470093,0.48820024728775024,2.296825885772705,0.04146898537874222,-0.4980321228504181,-1.6884901523590088,1.5203311443328857,0.4930360019207001,2.29603910446167,-0.00027332454919815063,0.030229002237319946,0.0089799165725708,0.0008262395858764648,0.004835754632949829,-0.0007867813110351562
1769718977.8107393,goal2.png,0.5942538976669312,0.04271165281534195,-0.5273826718330383,-1.696531057357788,1.5193533897399902,0.49074479937553406,2.296553134918213,0.041871678084135056,-0.4973294734954834,-1.6891828775405884,1.5229668617248535,0.4919835925102234,2.297175168991089,-0.0008399747312068939,0.03005319833755493,0.007348179817199707,0.0036134719848632812,0.001238793134689331,0.0006220340728759766
1769718977.9108813,goal2.png,0.5895674824714661,0.04280257597565651,-0.5257469415664673,-1.6962885856628418,1.5195049047470093,0.49156269431114197,2.296492576599121,0.04258602857589722,-0.4966742694377899,-1.6917693614959717,1.5279825925827026,0.49125415086746216,2.301187038421631,-0.0002165473997592926,0.029072672128677368,0.004519224166870117,0.00847768783569336,-0.00030854344367980957,0.004694461822509766
1769718978.0106175,goal2.png,0.5972332954406738,0.04243903607130051,-0.5240809321403503,-1.6964402198791504,1.5218069553375244,0.49151718616485596,2.2975378036499023,0.04223265498876572,-0.49565115571022034,-1.6950128078460693,1.5325469970703125,0.4905335009098053,2.3059608936309814,-0.00020638108253479004,0.028429776430130005,0.0014274120330810547,0.010740041732788086,-0.0009836852550506592,0.008423089981079102
1769718978.1110334,goal2.png,0.5934302806854248,0.0428631417453289,-0.5232327580451965,-1.697985053062439,1.5265930891036987,0.4913051724433899,2.3003549575805664,0.04186082258820534,-0.49495258927345276,-1.6972606182098389,1.5363924503326416,0.4883907437324524,2.3090755939483643,-0.0010023191571235657,0.028280168771743774,0.0007244348526000977,0.009799361228942871,-0.0029144287109375,0.008720636367797852
1769718978.2106965,goal2.png,0.5912964940071106,0.0433175303041935,-0.5224753618240356,-1.700378179550171,1.5312581062316895,0.49071452021598816,2.3039140701293945,0.04289346933364868,-0.4960114657878876,-1.6985480785369873,1.5383495092391968,0.48856228590011597,2.3120315074920654,-0.00042406097054481506,0.02646389603614807,0.0018301010131835938,0.007091403007507324,-0.0021522343158721924,0.008117437362670898
1769718978.3109791,goal2.png,0.6031150817871094,0.042953990399837494,-0.5215970277786255,-1.7023470401763916,1.5351052284240723,0.48918473720550537,2.3074734210968018,0.04459275305271149,-0.4974835216999054,-1.699723243713379,1.5388301610946655,0.48985573649406433,2.315080165863037,0.001638762652873993,0.024113506078720093,0.0026237964630126953,0.0037249326705932617,0.00067099928855896,0.0076067447662353516
1769718978.4108973,goal2.png,0.6168023347854614,0.043256890028715134,-0.5216575860977173,-1.7043765783309937,1.5373769998550415,0.488942414522171,2.310835838317871,0.04599517956376076,-0.4981577396392822,-1.6983213424682617,1.5364024639129639,0.4896881878376007,2.3139820098876953,0.0027382895350456238,0.02349984645843506,0.006055235862731934,-0.0009745359420776367,0.0007457733154296875,0.0031461715698242188
1769718978.5109806,goal2.png,0.6068497896194458,0.04477154463529587,-0.5225359201431274,-1.7056488990783691,1.5382858514785767,0.4892907738685608,2.3131229877471924,0.04827882722020149,-0.4992936849594116,-1.699770450592041,1.5312100648880005,0.4849485158920288,2.316459894180298,0.0035072825849056244,0.02324223518371582,0.005878448486328125,-0.007075786590576172,-0.004342257976531982,0.0033369064331054688
1769718978.6109886,goal2.png,0.6093154549598694,0.046255841851234436,-0.5232630372047424,-1.7056185007095337,1.5374072790145874,0.4888818562030792,2.313652992248535,0.05011958256363869,-0.500170111656189,-1.7047688961029053,1.5257781744003296,0.48300838470458984,2.322193145751953,0.003863740712404251,0.023092925548553467,0.000849604606628418,-0.011629104614257812,-0.00587347149848938,0.008540153503417969
1769718978.7114985,goal2.png,0.5701061487197876,0.04795219004154205,-0.5241414904594421,-1.7069816589355469,1.533408761024475,0.4854133725166321,2.316727638244629,0.042905621230602264,-0.4978465437889099,-1.7153370380401611,1.5246926546096802,0.4746502935886383,2.331092357635498,-0.005046568810939789,0.026294946670532227,-0.008355379104614258,-0.008716106414794922,-0.010763078927993774,0.01436471939086914
1769718978.8113918,goal2.png,0.5763506889343262,0.048709481954574585,-0.5252622961997986,-1.7114650011062622,1.5285015106201172,0.4822327792644501,2.3215441703796387,0.03665250167250633,-0.4934163987636566,-1.7223141193389893,1.525067687034607,0.46043193340301514,2.335814952850342,-0.012056980282068253,0.03184589743614197,-0.01084911823272705,-0.003433823585510254,-0.021800845861434937,0.014270782470703125
1769718978.9113855,goal2.png,0.5664750337600708,0.045468270778656006,-0.5247775912284851,-1.718795657157898,1.526532530784607,0.4752655625343323,2.3288748264312744,0.02903331257402897,-0.48930034041404724,-1.7288942337036133,1.527900218963623,0.43957898020744324,2.341862678527832,-0.016434958204627037,0.035477250814437866,-0.010098576545715332,0.0013676881790161133,-0.03568658232688904,0.012987852096557617
1769718979.0109723,goal2.png,0.5972989797592163,0.037774089723825455,-0.5208396911621094,-1.7264593839645386,1.526078224182129,0.4615584909915924,2.335160255432129,0.026087939739227295,-0.4884622097015381,-1.7291364669799805,1.5265235900878906,0.4293111264705658,2.3425064086914062,-0.01168614998459816,0.03237748146057129,-0.0026770830154418945,0.00044536590576171875,-0.03224736452102661,0.007346153259277344
1769718979.1109278,goal2.png,0.6565122604370117,0.03086748532950878,-0.5166895985603333,-1.7327903509140015,1.5270475149154663,0.44504937529563904,2.3397040367126465,0.025251423940062523,-0.49129241704940796,-1.734494924545288,1.5309321880340576,0.4184809625148773,2.353630781173706,-0.0056160613894462585,0.025397181510925293,-0.001704573631286621,0.0038846731185913086,-0.02656841278076172,0.01392674446105957
1769718979.2106025,goal2.png,0.658263087272644,0.028110943734645844,-0.5150841474533081,-1.7353652715682983,1.527138352394104,0.43312954902648926,2.343445062637329,0.023246409371495247,-0.4967001974582672,-1.7472432851791382,1.5474106073379517,0.41275277733802795,2.3745059967041016,-0.004864534363150597,0.018383949995040894,-0.011878013610839844,0.020272254943847656,-0.020376771688461304,0.03106093406677246
1769718979.3106146,goal2.png,0.6532182693481445,0.027141600847244263,-0.5159626603126526,-1.7404240369796753,1.5311672687530518,0.4225727617740631,2.3525478839874268,0.02265407145023346,-0.5023323893547058,-1.75966477394104,1.561143159866333,0.4142153263092041,2.394078493118286,-0.004487529397010803,0.013630270957946777,-0.019240736961364746,0.02997589111328125,-0.008357435464859009,0.041530609130859375
1769718979.4106314,goal2.png,0.6320898532867432,0.024748526513576508,-0.519688606262207,-1.750268816947937,1.544495701789856,0.4158630669116974,2.371525764465332,0.028168324381113052,-0.5048730373382568,-1.7618184089660645,1.5635180473327637,0.4234078526496887,2.3979713916778564,0.003419797867536545,0.014815568923950195,-0.011549592018127441,0.019022345542907715,0.007544785737991333,0.026445627212524414
1769718979.5107908,goal2.png,0.6684985756874084,0.024173008278012276,-0.5253228545188904,-1.7615981101989746,1.5561580657958984,0.41640833020210266,2.387277603149414,0.041240401566028595,-0.5070962309837341,-1.7511003017425537,1.5592188835144043,0.4428722858428955,2.3823649883270264,0.01706739328801632,0.01822662353515625,0.010497808456420898,0.0030608177185058594,0.026463955640792847,-0.004912614822387695
1769718979.611882,goal2.png,0.6883276700973511,0.02853505127131939,-0.5307753682136536,-1.7656269073486328,1.5608230829238892,0.4233754575252533,2.3932149410247803,0.04758744686841965,-0.507248044013977,-1.742405652999878,1.561938762664795,0.45669129490852356,2.357585906982422,0.019052395597100258,0.023527324199676514,0.023221254348754883,0.0011156797409057617,0.033315837383270264,-0.0356290340423584
1769718979.7110984,goal2.png,0.6821991205215454,0.03928866982460022,-0.5325928926467896,-1.759871482849121,1.5604596138000488,0.4400663375854492,2.3812191486358643,0.050439558923244476,-0.5113963484764099,-1.7400200366973877,1.5762832164764404,0.47029560804367065,2.3422274589538574,0.011150889098644257,0.02119654417037964,0.0198514461517334,0.0158236026763916,0.030229270458221436,-0.038991689682006836
1769718979.8111606,goal2.png,0.6887710094451904,0.046952564269304276,-0.5331078767776489,-1.7535101175308228,1.5634281635284424,0.45407634973526,2.3630290031433105,0.05146574601531029,-0.5240158438682556,-1.744112491607666,1.593995213508606,0.4760434925556183,2.350961685180664,0.004513181746006012,0.00909203290939331,0.009397625923156738,0.030567049980163574,0.021967142820358276,-0.012067317962646484
1769718979.910807,goal2.png,0.682342529296875,0.04946677014231682,-0.5364097356796265,-1.7501779794692993,1.5732123851776123,0.46528440713882446,2.3503365516662598,0.05725406855344772,-0.5336305499076843,-1.7377173900604248,1.5975710153579712,0.48115527629852295,2.3483550548553467,0.007787298411130905,0.0027791857719421387,0.012460589408874512,0.024358630180358887,0.015870869159698486,-0.001981496810913086
1769718980.0108347,goal2.png,0.7070199847221375,0.05101163312792778,-0.5451943874359131,-1.7504810094833374,1.5883886814117432,0.47272107005119324,2.350745677947998,0.06442300975322723,-0.5397571325302124,-1.728095531463623,1.5947679281234741,0.48831242322921753,2.3401503562927246,0.013411376625299454,0.005437254905700684,0.022385478019714355,0.006379246711730957,0.015591353178024292,-0.010595321655273438
1769718980.110461,goal2.png,0.7157152891159058,0.05676712468266487,-0.5572808980941772,-1.746209740638733,1.5943562984466553,0.4799608588218689,2.3473527431488037,0.06789716333150864,-0.5447290539741516,-1.7248597145080566,1.6005030870437622,0.4939974546432495,2.336684226989746,0.011130038648843765,0.012551844120025635,0.02135002613067627,0.006146788597106934,0.014036595821380615,-0.010668516159057617
1769718980.2106524,goal2.png,0.7342818379402161,0.06385542452335358,-0.5648236274719238,-1.7403331995010376,1.5952953100204468,0.4858223795890808,2.3421881198883057,0.06640096008777618,-0.5507040023803711,-1.7281489372253418,1.6081867218017578,0.5007743239402771,2.3416569232940674,0.0025455355644226074,0.014119625091552734,0.0121842622756958,0.012891411781311035,0.014951944351196289,-0.0005311965942382812
1769718980.3108528,goal2.png,0.738663911819458,0.06721784174442291,-0.5687313079833984,-1.7365163564682007,1.5990514755249023,0.4917595684528351,2.3388559818267822,0.0634651631116867,-0.5565940737724304,-1.7318891286849976,1.6154686212539673,0.5067453384399414,2.34908390045166,-0.003752678632736206,0.012137234210968018,0.004627227783203125,0.01641714572906494,0.014985769987106323,0.01022791862487793
1769718980.4110847,goal2.png,0.7232178449630737,0.06630906462669373,-0.5749107599258423,-1.7369405031204224,1.6058368682861328,0.498635858297348,2.342369794845581,0.06313517689704895,-0.5597562789916992,-1.727764368057251,1.6142383813858032,0.5128607153892517,2.345081090927124,-0.0031738877296447754,0.015154480934143066,0.009176135063171387,0.00840151309967041,0.014224857091903687,0.0027112960815429688
1769718980.511718,goal2.png,0.7260465621948242,0.06458243727684021,-0.581393301486969,-1.7383036613464355,1.611804485321045,0.5048910975456238,2.3464138507843018,0.06287392228841782,-0.5614432692527771,-1.722438097000122,1.6123735904693604,0.5163140892982483,2.3355460166931152,-0.0017085149884223938,0.019950032234191895,0.015865564346313477,0.0005691051483154297,0.011422991752624512,-0.010867834091186523
1769718980.6108449,goal2.png,0.7245372533798218,0.06415840238332748,-0.5843619108200073,-1.7368496656417847,1.6131068468093872,0.5102679133415222,2.344611406326294,0.06153763085603714,-0.5635302662849426,-1.7226585149765015,1.6178760528564453,0.5166382789611816,2.3296308517456055,-0.0026207715272903442,0.020831644535064697,0.014191150665283203,0.0047692060470581055,0.006370365619659424,-0.014980554580688477
1769718980.71123,goal2.png,0.7196574211120605,0.06382514536380768,-0.5856645107269287,-1.7333053350448608,1.61322820186615,0.5143270492553711,2.337674617767334,0.05771048739552498,-0.5662115216255188,-1.7308319807052612,1.630770206451416,0.5140756368637085,2.3333394527435303,-0.0061146579682827,0.019452989101409912,0.0024733543395996094,0.017542004585266113,-0.00025141239166259766,-0.004335165023803711
1769718980.81099,goal2.png,0.7178452014923096,0.06224999949336052,-0.5884815454483032,-1.7328814268112183,1.6181960105895996,0.5154175758361816,2.3331308364868164,0.054293401539325714,-0.5684563517570496,-1.738023042678833,1.6452662944793701,0.511832058429718,2.336836814880371,-0.007956597954034805,0.020025193691253662,-0.005141615867614746,0.027070283889770508,-0.003585517406463623,0.0037059783935546875
1769718980.9107678,goal2.png,0.7359659671783447,0.059069354087114334,-0.5915108323097229,-1.7373342514038086,1.628767967224121,0.5145087838172913,2.3337063789367676,0.05544290319085121,-0.5675088167190552,-1.7355729341506958,1.6502487659454346,0.5172629356384277,2.3279271125793457,-0.0036264508962631226,0.024002015590667725,0.001761317253112793,0.021480798721313477,0.0027541518211364746,-0.005779266357421875
1769718981.010972,goal2.png,0.7443563938140869,0.05616132542490959,-0.5932676792144775,-1.7414236068725586,1.6407028436660767,0.5131760239601135,2.335069417953491,0.05755941569805145,-0.5649001598358154,-1.7272170782089233,1.6500662565231323,0.521199107170105,2.309887409210205,0.001398090273141861,0.02836751937866211,0.014206528663635254,0.009363412857055664,0.008023083209991455,-0.025182008743286133
1769718981.1110144,goal2.png,0.7381728887557983,0.05610068514943123,-0.593510091304779,-1.7409086227416992,1.6471854448318481,0.5168412923812866,2.3268604278564453,0.058227457106113434,-0.563243567943573,-1.7227919101715088,1.6504316329956055,0.5213593244552612,2.29776668548584,0.002126771956682205,0.030266523361206055,0.01811671257019043,0.0032461881637573242,0.004518032073974609,-0.02909374237060547
1769718981.2110538,goal2.png,0.7433818578720093,0.0575849786400795,-0.5922680497169495,-1.7370918989181519,1.6491241455078125,0.5196129679679871,2.3134865760803223,0.059031255543231964,-0.5640060305595398,-1.7201367616653442,1.6517255306243896,0.5259663462638855,2.291060209274292,0.0014462769031524658,0.028262019157409668,0.016955137252807617,0.0026013851165771484,0.0063533782958984375,-0.022426366806030273
1769718981.3109941,goal2.png,0.7086156606674194,0.05864524468779564,-0.5909048914909363,-1.7333357334136963,1.6498510837554932,0.5217485427856445,2.3025057315826416,0.058543480932712555,-0.5630172491073608,-1.7196476459503174,1.6380616426467896,0.5465377569198608,2.294952869415283,-0.0001017637550830841,0.02788764238357544,0.013688087463378906,-0.011789441108703613,0.02478921413421631,-0.0075528621673583984
1769718981.410703,goal2.png,0.6996151208877563,0.05885729938745499,-0.5906626582145691,-1.7305185794830322,1.6494874954223633,0.5281704664230347,2.2953567504882812,0.062449559569358826,-0.5597495436668396,-1.7137296199798584,1.6152949333190918,0.5754980444908142,2.295290946960449,0.003592260181903839,0.030913114547729492,0.016788959503173828,-0.034192562103271484,0.04732757806777954,-6.580352783203125e-05
1769718981.5108292,goal2.png,0.6363178491592407,0.05934197083115578,-0.5903596878051758,-1.7284587621688843,1.6390066146850586,0.545724630355835,2.295553684234619,0.05973702669143677,-0.5499580502510071,-1.71523118019104,1.5803112983703613,0.5930110216140747,2.302996873855591,0.0003950558602809906,0.0404016375541687,0.013227581977844238,-0.058695316314697266,0.047286391258239746,0.00744318962097168
1769718981.6106005,goal2.png,0.5838652849197388,0.06118973344564438,-0.5871487855911255,-1.7247328758239746,1.6175296306610107,0.5694887638092041,2.296750068664551,0.046634066849946976,-0.5285950899124146,-1.726921796798706,1.554712176322937,0.5858316421508789,2.3080861568450928,-0.014555666595697403,0.05855369567871094,-0.0021889209747314453,-0.06281745433807373,0.016342878341674805,0.011336088180541992
1769718981.7109115,goal2.png,0.5269644856452942,0.05973571911454201,-0.5795152187347412,-1.72491455078125,1.5902365446090698,0.5838925242424011,2.3018240928649902,0.032414235174655914,-0.5076680779457092,-1.7340407371520996,1.523078441619873,0.571613073348999,2.307891845703125,-0.027321483939886093,0.07184714078903198,-0.00912618637084961,-0.06715810298919678,-0.0122794508934021,0.006067752838134766
1769718981.8107944,goal2.png,0.5830351114273071,0.04889125004410744,-0.562642514705658,-1.732033133506775,1.5602778196334839,0.5824233293533325,2.306443691253662,0.027247626334428787,-0.49489903450012207,-1.7232441902160645,1.490118384361267,0.5692055225372314,2.2905919551849365,-0.02164362370967865,0.06774348020553589,0.00878894329071045,-0.0701594352722168,-0.013217806816101074,-0.015851736068725586
1769718981.9109561,goal2.png,0.5662194490432739,0.035623352974653244,-0.541771411895752,-1.736395239830017,1.530591607093811,0.5748806595802307,2.304262638092041,0.025657521560788155,-0.49069321155548096,-1.7052949666976929,1.4591789245605469,0.5811231732368469,2.2720236778259277,-0.00996583141386509,0.051078200340270996,0.03110027313232422,-0.07141268253326416,0.006242513656616211,-0.03223896026611328
1769718982.0109417,goal2.png,0.5726404190063477,0.028595615178346634,-0.5262922048568726,-1.731245517730713,1.5004512071609497,0.571790874004364,2.2933270931243896,0.021316245198249817,-0.4880812168121338,-1.6994102001190186,1.4421427249908447,0.5947834253311157,2.2712888717651367,-0.007279369980096817,0.03821098804473877,0.031835317611694336,-0.05830848217010498,0.02299255132675171,-0.02203822135925293
1769718982.1107447,goal2.png,0.5950635671615601,0.02747478522360325,-0.5195068120956421,-1.719401478767395,1.4683417081832886,0.5804694890975952,2.278287172317505,0.014418954029679298,-0.4866931438446045,-1.707881212234497,1.4364951848983765,0.6073229908943176,2.291876792907715,-0.01305583119392395,0.0328136682510376,0.01152026653289795,-0.03184652328491211,0.026853501796722412,0.013589620590209961
1769718982.210855,goal2.png,0.6201905012130737,0.023809466511011124,-0.5156899690628052,-1.713857889175415,1.4503785371780396,0.5924651622772217,2.2775299549102783,0.007360115647315979,-0.4866272807121277,-1.7205272912979126,1.4383652210235596,0.609038770198822,2.3172104358673096,-0.016449350863695145,0.02906268835067749,-0.006669402122497559,-0.01201331615447998,0.016573607921600342,0.03968048095703125
1769718982.310932,goal2.png,0.6229815483093262,0.015570051968097687,-0.5128729343414307,-1.7168569564819336,1.4414122104644775,0.6027190089225769,2.2921457290649414,0.0030356496572494507,-0.48938313126564026,-1.728804111480713,1.4446161985397339,0.6011591553688049,2.337383508682251,-0.012534402310848236,0.023489803075790405,-0.011947154998779297,0.0032039880752563477,-0.0015598535537719727,0.04523777961730957
1769718982.4107664,goal2.png,0.6388270854949951,0.008421185426414013,-0.5132060647010803,-1.7252780199050903,1.4404126405715942,0.6053997874259949,2.313607692718506,0.0026095202192664146,-0.49398738145828247,-1.7322001457214355,1.4585777521133423,0.5850805044174194,2.35031795501709,-0.005811665207147598,0.01921868324279785,-0.006922125816345215,0.018165111541748047,-0.02031928300857544,0.036710262298583984
1769718982.5106285,goal2.png,0.6320157051086426,0.0060281106270849705,-0.5142359733581543,-1.7325481176376343,1.4455015659332275,0.5993868112564087,2.3321917057037354,0.004600421525537968,-0.4977472722530365,-1.7354389429092407,1.4745649099349976,0.5702663064002991,2.3602213859558105,-0.0014276891015470028,0.016488701105117798,-0.0028908252716064453,0.02906334400177002,-0.02912050485610962,0.028029680252075195
1769718982.6113381,goal2.png,0.6248408555984497,0.004876997321844101,-0.5168411731719971,-1.7373039722442627,1.4569519758224487,0.5869974493980408,2.3466713428497314,0.007497310172766447,-0.5013176798820496,-1.7382919788360596,1.4871015548706055,0.5614844560623169,2.3689656257629395,0.002620312850922346,0.01552349328994751,-0.000988006591796875,0.03014957904815674,-0.025512993335723877,0.022294282913208008
1769718982.7112277,goal2.png,0.6251235604286194,0.004695301875472069,-0.5218393206596375,-1.7408480644226074,1.4709469079971313,0.5741991400718689,2.3581974506378174,0.00912892259657383,-0.5040305256843567,-1.7362778186798096,1.493743896484375,0.5505322217941284,2.370238780975342,0.004433620721101761,0.01780879497528076,0.0045702457427978516,0.022796988487243652,-0.02366691827774048,0.012041330337524414
1769718982.810427,goal2.png,0.6204854249954224,0.00714894151315093,-0.5255047082901001,-1.7429988384246826,1.483033299446106,0.5635969042778015,2.3666489124298096,0.008513073436915874,-0.5077961087226868,-1.7317441701889038,1.4998224973678589,0.5318899154663086,2.369199752807617,0.001364131923764944,0.01770859956741333,0.011254668235778809,0.01678919792175293,-0.03170698881149292,0.002550840377807617
1769718982.9108975,goal2.png,0.609847903251648,0.009451093152165413,-0.5289579629898071,-1.7425445318222046,1.4909093379974365,0.551374077796936,2.368572473526001,0.006380613427609205,-0.5124719142913818,-1.7303941249847412,1.5111185312271118,0.5087254047393799,2.3734893798828125,-0.0030704797245562077,0.016486048698425293,0.012150406837463379,0.020209193229675293,-0.04264867305755615,0.0049169063568115234
1769718983.0113876,goal2.png,0.5926920771598816,0.008602956309914589,-0.5336228013038635,-1.7404240369796753,1.4998453855514526,0.5318206548690796,2.370041608810425,0.004162412136793137,-0.5177556872367859,-1.7320382595062256,1.5276553630828857,0.48795223236083984,2.380798101425171,-0.004440544173121452,0.015867114067077637,0.008385777473449707,0.027809977531433105,-0.043868422508239746,0.010756492614746094
1769718983.1106482,goal2.png,0.5907598733901978,0.006785400211811066,-0.5374396443367004,-1.739545464515686,1.5100840330123901,0.511903703212738,2.373964309692383,0.004023602232336998,-0.5222810506820679,-1.7343287467956543,1.5446233749389648,0.47116488218307495,2.3850929737091064,-0.0027617979794740677,0.015158593654632568,0.005216717720031738,0.03453934192657471,-0.040738821029663086,0.011128664016723633
1769718983.210851,goal2.png,0.5726591348648071,0.005906980484724045,-0.5414683818817139,-1.73987877368927,1.523866891860962,0.4924411177635193,2.380098581314087,0.0044607603922486305,-0.5262707471847534,-1.7369468212127686,1.5598430633544922,0.4583369493484497,2.388092517852783,-0.0014462200924754143,0.01519763469696045,0.002931952476501465,0.03597617149353027,-0.03410416841506958,0.007993936538696289
1769718983.310843,goal2.png,0.5572707056999207,0.005452591460198164,-0.546648383140564,-1.7409390211105347,1.5407394170761108,0.4753716289997101,2.3841726779937744,0.002055030781775713,-0.5303508043289185,-1.7419167757034302,1.5780259370803833,0.4383215606212616,2.3942017555236816,-0.003397560678422451,0.016297578811645508,-0.0009777545928955078,0.03728652000427246,-0.037050068378448486,0.010029077529907227
1769718983.410348,goal2.png,0.5533740520477295,0.004634661599993706,-0.5517374873161316,-1.7429988384246826,1.5570062398910522,0.45981672406196594,2.387974262237549,-0.0014890404418110847,-0.5349029302597046,-1.7508625984191895,1.604602336883545,0.4104718863964081,2.4039900302886963,-0.0061237020418047905,0.016834557056427002,-0.007863759994506836,0.047596096992492676,-0.04934483766555786,0.01601576805114746
1769718983.5103898,goal2.png,0.5380804538726807,0.003059516893699765,-0.5555238723754883,-1.7468761205673218,1.5750905275344849,0.44009658694267273,2.394184112548828,-0.0012123824562877417,-0.5416649580001831,-1.7594902515411377,1.636936902999878,0.3843316435813904,2.4134907722473145,-0.004271899349987507,0.013858914375305176,-0.012614130973815918,0.061846375465393066,-0.05576494336128235,0.019306659698486328
1769718983.6106844,goal2.png,0.48753172159194946,0.0006967246299609542,-0.5602191686630249,-1.754206895828247,1.6003540754318237,0.41516634821891785,2.403332471847534,0.001699676737189293,-0.5479428172111511,-1.7669020891189575,1.669461965560913,0.3605513870716095,2.4194796085357666,0.0010029521072283387,0.01227635145187378,-0.01269519329071045,0.06910789012908936,-0.05461496114730835,0.016147136688232422
1769718983.711803,goal2.png,0.46800336241722107,-0.0001817706215661019,-0.5670348405838013,-1.7639609575271606,1.633493423461914,0.38697969913482666,2.4125258922576904,0.009532240219414234,-0.556348443031311,-1.7696504592895508,1.694848895072937,0.3425230085849762,2.420949935913086,0.00971401110291481,0.010686397552490234,-0.005689501762390137,0.06135547161102295,-0.044456690549850464,0.008424043655395508
1769718983.8106296,goal2.png,0.5161586403846741,0.002574845449998975,-0.5730023384094238,-1.7706249952316284,1.6615134477615356,0.3653967082500458,2.4177815914154053,0.024918101727962494,-0.5664304494857788,-1.766931414604187,1.7175042629241943,0.3295232057571411,2.4189980030059814,0.022343255579471588,0.0065718889236450195,0.0036935806274414062,0.05599081516265869,-0.03587350249290466,0.0012164115905761719
1769718983.9108257,goal2.png,0.5155250430107117,0.010420436039566994,-0.5798180103302002,-1.7729575634002686,1.6878674030303955,0.3479333817958832,2.4197657108306885,0.04525107145309448,-0.5777558088302612,-1.761127233505249,1.7428252696990967,0.320978581905365,2.4134163856506348,0.03483063727617264,0.002062201499938965,0.011830329895019531,0.05495786666870117,-0.02695479989051819,-0.006349325180053711
1769718984.0104587,goal2.png,0.49766403436660767,0.024506190791726112,-0.5889964699745178,-1.7723517417907715,1.7117981910705566,0.3339536488056183,2.417902708053589,0.06403379142284393,-0.5879061818122864,-1.7555898427963257,1.774153232574463,0.307656854391098,2.408637046813965,0.03952760249376297,0.0010902881622314453,0.0167618989944458,0.06235504150390625,-0.026296794414520264,-0.009265661239624023
1769718984.110734,goal2.png,0.49593716859817505,0.044801827520132065,-0.5997805595397949,-1.7690801620483398,1.7407573461532593,0.3221397399902344,2.4136013984680176,0.07962513715028763,-0.5980880856513977,-1.7513363361358643,1.8075432777404785,0.29547756910324097,2.406442880630493,0.03482330963015556,0.0016924738883972168,0.017743825912475586,0.06678593158721924,-0.026662170886993408,-0.007158517837524414
1769718984.210848,goal2.png,0.49583175778388977,0.06255289912223816,-0.6079896688461304,-1.7648999691009521,1.7686561346054077,0.31009870767593384,2.409860372543335,0.09788154810667038,-0.6100938320159912,-1.7496452331542969,1.8412086963653564,0.28703054785728455,2.411102056503296,0.03532864898443222,-0.00210416316986084,0.015254735946655273,0.07255256175994873,-0.023068159818649292,0.0012416839599609375
1769718984.3104844,goal2.png,0.49518895149230957,0.078304722905159,-0.6196823716163635,-1.7609013319015503,1.8001295328140259,0.2991027534008026,2.4089818000793457,0.11846835911273956,-0.6192785501480103,-1.74684476852417,1.870003581047058,0.2820033133029938,2.4128713607788086,0.040163636207580566,0.0004038214683532715,0.014056563377380371,0.06987404823303223,-0.017099440097808838,0.0038895606994628906
1769718984.4107342,goal2.png,0.5000584125518799,0.09708570688962936,-0.6341314911842346,-1.7581751346588135,1.8362979888916016,0.2898939847946167,2.4109206199645996,0.14012300968170166,-0.6251837015151978,-1.7434805631637573,1.8916869163513184,0.28432416915893555,2.4134209156036377,0.043037302792072296,0.008947789669036865,0.014694571495056152,0.0553889274597168,-0.005569815635681152,0.002500295639038086
1769718984.5106463,goal2.png,0.5043776631355286,0.11671489477157593,-0.6426436305046082,-1.7553277015686035,1.8628942966461182,0.28545624017715454,2.4126622676849365,0.1661243885755539,-0.6270661354064941,-1.734560251235962,1.9146955013275146,0.28926926851272583,2.4078903198242188,0.049409493803977966,0.015577495098114014,0.0207674503326416,0.051801204681396484,0.003813028335571289,-0.0047719478607177734
1769718984.6140094,goal2.png,0.5207918286323547,0.14046379923820496,-0.6487019062042236,-1.7505415678024292,1.88755202293396,0.2856530547142029,2.4125258922576904,0.1941327601671219,-0.6274614930152893,-1.7229697704315186,1.9375299215316772,0.2944510579109192,2.4013752937316895,0.05366896092891693,0.021240413188934326,0.027571797370910645,0.049977898597717285,0.008798003196716309,-0.011150598526000977
1769718984.7109601,goal2.png,0.5104321241378784,0.16412177681922913,-0.6543665528297424,-1.7436047792434692,1.9092109203338623,0.2893184721469879,2.4087092876434326,0.22188840806484222,-0.6281986236572266,-1.7117249965667725,1.9586889743804932,0.30296701192855835,2.3979544639587402,0.0577666312456131,0.02616792917251587,0.03187978267669678,0.04947805404663086,0.013648539781570435,-0.010754823684692383
1769718984.8102481,goal2.png,0.5095912218093872,0.1902637481689453,-0.6550936698913574,-1.734395980834961,1.9318995475769043,0.29430145025253296,2.4034535884857178,0.24220632016658783,-0.6254753470420837,-1.707769751548767,1.965808391571045,0.31969672441482544,2.3980441093444824,0.05194257199764252,0.02961832284927368,0.026626229286193848,0.033908843994140625,0.02539527416229248,-0.0054094791412353516
1769718984.9134114,goal2.png,0.531842827796936,0.21695096790790558,-0.6546695828437805,-1.7235513925552368,1.9512560367584229,0.30281347036361694,2.3997275829315186,0.2551615536212921,-0.6215696930885315,-1.7095518112182617,1.9592223167419434,0.3410401940345764,2.404412031173706,0.038210585713386536,0.03309988975524902,0.013999581336975098,0.007966279983520508,0.03822672367095947,0.0046844482421875
1769718985.0150096,goal2.png,0.5229222774505615,0.23994258046150208,-0.6545785665512085,-1.7187349796295166,1.960161805152893,0.3187622129917145,2.4002275466918945,0.25685790181159973,-0.6182453632354736,-1.7132068872451782,1.94342041015625,0.3557736277580261,2.409456253051758,0.016915321350097656,0.03633320331573486,0.005528092384338379,-0.016741394996643066,0.037011414766311646,0.009228706359863281
1769718985.1147366,goal2.png,0.5215150713920593,0.25087788701057434,-0.6516099572181702,-1.7180988788604736,1.957374930381775,0.3367253541946411,2.4044077396392822,0.250318706035614,-0.6169662475585938,-1.7192726135253906,1.9254097938537598,0.36684831976890564,2.4157557487487793,-0.0005591809749603271,0.034643709659576416,-0.0011737346649169922,-0.03196513652801514,0.030122965574264526,0.01134800910949707
1769718985.2105958,goal2.png,0.5190483331680298,0.2537253499031067,-0.6477326154708862,-1.7199769020080566,1.9455915689468384,0.3514472246170044,2.408890962600708,0.23869599401950836,-0.6178058981895447,-1.7242928743362427,1.9102370738983154,0.37360846996307373,2.4178600311279297,-0.015029355883598328,0.029926717281341553,-0.004315972328186035,-0.03535449504852295,0.022161245346069336,0.00896906852722168
1769718985.3148744,goal2.png,0.5188274383544922,0.25027209520339966,-0.6461271643638611,-1.724308729171753,1.929263949394226,0.3623371720314026,2.4146616458892822,0.22773918509483337,-0.6204453110694885,-1.7295331954956055,1.898252248764038,0.37216049432754517,2.4200572967529297,-0.022532910108566284,0.02568185329437256,-0.005224466323852539,-0.03101170063018799,0.009823322296142578,0.005395650863647461
1769718985.4104826,goal2.png,0.5139693021774292,0.24130573868751526,-0.6461877226829529,-1.7291251420974731,1.9146331548690796,0.36909231543540955,2.41759991645813,0.218963623046875,-0.6229381561279297,-1.7348198890686035,1.8930552005767822,0.35979413986206055,2.420915126800537,-0.02234211564064026,0.023249566555023193,-0.005694746971130371,-0.021577954292297363,-0.009298175573348999,0.0033152103424072266
1769718985.5107737,goal2.png,0.5147464275360107,0.22973419725894928,-0.6472479104995728,-1.7338809967041016,1.902334451675415,0.36915287375450134,2.4199323654174805,0.21428093314170837,-0.6255995035171509,-1.7392600774765015,1.892320156097412,0.34673139452934265,2.4204142093658447,-0.015453264117240906,0.021648406982421875,-0.005379080772399902,-0.01001429557800293,-0.02242147922515869,0.0004818439483642578
1769718985.6103368,goal2.png,0.5132417678833008,0.22113123536109924,-0.6495804190635681,-1.7389094829559326,1.8964277505874634,0.3607771694660187,2.4200081825256348,0.2122430056333542,-0.6284873485565186,-1.741952896118164,1.8979787826538086,0.3337934613227844,2.4197592735290527,-0.008888229727745056,0.02109307050704956,-0.0030434131622314453,0.0015510320663452148,-0.026983708143234253,-0.00024890899658203125
1769718985.7127242,goal2.png,0.5209313035011292,0.21658749878406525,-0.6526095867156982,-1.7430897951126099,1.8947614431381226,0.3478425145149231,2.42055344581604,0.21004365384578705,-0.6300870180130005,-1.7439393997192383,1.905889630317688,0.3234975337982178,2.417942762374878,-0.006543844938278198,0.022522568702697754,-0.000849604606628418,0.01112818717956543,-0.024344980716705322,-0.0026106834411621094
1769718985.8105676,goal2.png,0.5319386720657349,0.21449732780456543,-0.6550936698913574,-1.745694875717163,1.8977605104446411,0.33628609776496887,2.419447660446167,0.21230554580688477,-0.6306004524230957,-1.7452495098114014,1.9172377586364746,0.31796708703041077,2.4169371128082275,-0.002191781997680664,0.02449321746826172,0.00044536590576171875,0.019477248191833496,-0.018319010734558105,-0.002510547637939453
1769718985.9104805,goal2.png,0.5916635990142822,0.21231630444526672,-0.6566687822341919,-1.7474820613861084,1.9043035507202148,0.3272136449813843,2.4182209968566895,0.21246349811553955,-0.6298403739929199,-1.753417730331421,1.9167386293411255,0.32655784487724304,2.427999973297119,0.00014719367027282715,0.026828408241271973,-0.0059356689453125,0.012435078620910645,-0.0006558001041412354,0.009778976440429688
1769718986.010317,goal2.png,0.5247576236724854,0.21219509840011597,-0.6574865579605103,-1.750268816947937,1.913542628288269,0.3228970766067505,2.4199020862579346,0.2105722278356552,-0.6254422068595886,-1.7592252492904663,1.9100960493087769,0.3346882462501526,2.4371836185455322,-0.0016228705644607544,0.03204435110092163,-0.008956432342529297,-0.0034465789794921875,0.0117911696434021,0.017281532287597656
1769718986.1103253,goal2.png,0.5209431648254395,0.21261920034885406,-0.6571837663650513,-1.7569330930709839,1.9146631956100464,0.3273348808288574,2.427459955215454,0.21308475732803345,-0.6225881576538086,-1.7604695558547974,1.9045257568359375,0.34472495317459106,2.4414281845092773,0.0004655569791793823,0.034595608711242676,-0.0035364627838134766,-0.010137438774108887,0.017390072345733643,0.013968229293823242
1769718986.2106419,goal2.png,0.5249052047729492,0.2128615379333496,-0.6549420952796936,-1.762385606765747,1.911300778388977,0.3340596854686737,2.4354569911956787,0.22302742302417755,-0.6251518726348877,-1.7572780847549438,1.910240650177002,0.3505913019180298,2.4387803077697754,0.010165885090827942,0.029790222644805908,0.005107522010803223,-0.0010601282119750977,0.01653161644935608,0.0033233165740966797
1769718986.3106027,goal2.png,0.5198369026184082,0.21458818018436432,-0.652367353439331,-1.7645970582962036,1.9071811437606812,0.3425717353820801,2.439152717590332,0.23351870477199554,-0.630564272403717,-1.7560651302337646,1.918912649154663,0.35615813732147217,2.4406440258026123,0.018930524587631226,0.021803081035614014,0.008531928062438965,0.011731505393981934,0.01358640193939209,0.0014913082122802734
1769718986.4103315,goal2.png,0.5154193639755249,0.22210058569908142,-0.6529125571250916,-1.7635670900344849,1.9108163118362427,0.3489784002304077,2.4394404888153076,0.24232444167137146,-0.6346229910850525,-1.75651216506958,1.9254885911941528,0.3590020537376404,2.445805072784424,0.02022385597229004,0.018289566040039062,0.007054924964904785,0.014672279357910156,0.010023653507232666,0.006364583969116211
1769718986.511949,goal2.png,0.524357795715332,0.2328542023897171,-0.656486988067627,-1.7632944583892822,1.9176017045974731,0.354173481464386,2.4412426948547363,0.2501150369644165,-0.6374085545539856,-1.7577764987945557,1.9289007186889648,0.36720019578933716,2.4523377418518066,0.017260834574699402,0.019078433513641357,0.0055179595947265625,0.0112990140914917,0.013026714324951172,0.011095046997070312
1769718986.610601,goal2.png,0.5279026031494141,0.24209323525428772,-0.6605159044265747,-1.7631733417510986,1.9232966899871826,0.35858097672462463,2.445650339126587,0.2579404413700104,-0.6406702995300293,-1.7577037811279297,1.9311633110046387,0.37490314245224,2.4564008712768555,0.015847206115722656,0.01984560489654541,0.005469560623168945,0.007866621017456055,0.016322165727615356,0.010750532150268555
1769718986.7118945,goal2.png,0.5334147810935974,0.2494845986366272,-0.6638177633285522,-1.7634459733963013,1.9273252487182617,0.36630547046661377,2.451829671859741,0.26838070154190063,-0.6448531150817871,-1.7551631927490234,1.9374456405639648,0.3772502541542053,2.456225872039795,0.018896102905273438,0.018964648246765137,0.008282780647277832,0.010120391845703125,0.010944783687591553,0.004396200180053711
1769718986.8102994,goal2.png,0.5241519212722778,0.25699692964553833,-0.6672407388687134,-1.7634156942367554,1.9303243160247803,0.37201550602912903,2.455510377883911,0.2796262502670288,-0.6494503021240234,-1.751054286956787,1.9412742853164673,0.3833988308906555,2.455404758453369,0.02262932062149048,0.01779043674468994,0.012361407279968262,0.010949969291687012,0.01138332486152649,-0.00010561943054199219
1769718986.9105177,goal2.png,0.5343324542045593,0.2676294147968292,-0.6722691655158997,-1.76177978515625,1.9348682165145874,0.37581709027290344,2.456282615661621,0.28287407755851746,-0.6492005586624146,-1.746478796005249,1.936523199081421,0.39026564359664917,2.4517595767974854,0.015244662761688232,0.023068606853485107,0.015300989151000977,0.001654982566833496,0.014448553323745728,-0.004523038864135742
1769718987.0105636,goal2.png,0.5472921133041382,0.2783830463886261,-0.6769037246704102,-1.7582659721374512,1.9380789995193481,0.38245102763175964,2.455010414123535,0.2735286056995392,-0.6447657942771912,-1.7425880432128906,1.922564148902893,0.39816319942474365,2.4417285919189453,-0.004854440689086914,0.032137930393218994,0.015677928924560547,-0.015514850616455078,0.01571217179298401,-0.013281822204589844
1769718987.1104596,goal2.png,0.5649016499519348,0.28041255474090576,-0.6770855784416199,-1.7545098066329956,1.934019923210144,0.3895847797393799,2.449936628341675,0.25947049260139465,-0.6400142908096313,-1.7440762519836426,1.9096684455871582,0.40769636631011963,2.437481164932251,-0.02094206213951111,0.037071287631988525,0.010433554649353027,-0.02435147762298584,0.018111586570739746,-0.012455463409423828
1769718987.2122257,goal2.png,0.5911169052124023,0.273294061422348,-0.6746319532394409,-1.751238226890564,1.9248111248016357,0.3963853418827057,2.4439537525177,0.24190768599510193,-0.6332955360412598,-1.7568359375,1.8946449756622314,0.4085700511932373,2.451678514480591,-0.031386375427246094,0.04133641719818115,-0.005597710609436035,-0.030166149139404297,0.012184709310531616,0.007724761962890625
1769718987.3114715,goal2.png,0.538055419921875,0.2594808340072632,-0.6706029772758484,-1.7529648542404175,1.9111496210098267,0.4045944809913635,2.4428634643554688,0.22449710965156555,-0.6238316297531128,-1.7722207307815552,1.8728744983673096,0.40593016147613525,2.474771499633789,-0.03498372435569763,0.046771347522735596,-0.019255876541137695,-0.03827512264251709,0.0013356804847717285,0.03190803527832031
1769718987.4125926,goal2.png,0.5755417346954346,0.2437290996313095,-0.6632421016693115,-1.7622644901275635,1.8947614431381226,0.4060787558555603,2.4548590183258057,0.22904068231582642,-0.6220570206642151,-1.7766435146331787,1.844122052192688,0.4202973246574402,2.4934372901916504,-0.014688417315483093,0.041185081005096436,-0.014379024505615234,-0.05063939094543457,0.014218568801879883,0.03857827186584473
1769718987.510549,goal2.png,0.5405972003936768,0.23079438507556915,-0.6547906994819641,-1.7726242542266846,1.8755565881729126,0.40927454829216003,2.471625566482544,0.24448201060295105,-0.6249866485595703,-1.7704441547393799,1.836609125137329,0.4338642954826355,2.4919397830963135,0.013687625527381897,0.0298040509223938,0.0021800994873046875,-0.038947463035583496,0.024589747190475464,0.02031421661376953
1769718987.6105044,goal2.png,0.5339900255203247,0.23094579577445984,-0.6510041356086731,-1.777077317237854,1.8512320518493652,0.42017969489097595,2.48698353767395,0.2619886100292206,-0.6309035420417786,-1.7556390762329102,1.8457034826278687,0.4426359534263611,2.473735809326172,0.031042814254760742,0.02010059356689453,0.021438241004943848,-0.005528569221496582,0.022456258535385132,-0.01324772834777832
1769718987.7135408,goal2.png,0.5289446711540222,0.24621301889419556,-0.6532458066940308,-1.7738360166549683,1.843416690826416,0.430766761302948,2.4861505031585693,0.2782765030860901,-0.6368714570999146,-1.742509365081787,1.8717517852783203,0.4313661456108093,2.4564099311828613,0.03206348419189453,0.01637434959411621,0.03132665157318115,0.028335094451904297,0.0005993843078613281,-0.029740571975708008
1769718987.8140833,goal2.png,0.522606611251831,0.262691855430603,-0.6566082239151001,-1.7653543949127197,1.8483844995498657,0.4367796778678894,2.474684953689575,0.28499287366867065,-0.640224039554596,-1.7370823621749878,1.8873441219329834,0.41846030950546265,2.4435160160064697,0.022301018238067627,0.01638418436050415,0.028272032737731934,0.038959622383117676,-0.018319368362426758,-0.03116893768310547
1769718987.9111593,goal2.png,0.5243239402770996,0.27559614181518555,-0.6620910167694092,-1.7536009550094604,1.8688619136810303,0.4291612505912781,2.4587666988372803,0.28557056188583374,-0.6434366703033447,-1.739685297012329,1.9004206657409668,0.40084996819496155,2.438760995864868,0.009974420070648193,0.018654346466064453,0.013915657997131348,0.03155875205993652,-0.02831128239631653,-0.02000570297241211
1769718988.0134428,goal2.png,0.5383328199386597,0.28177574276924133,-0.6671194434165955,-1.7477244138717651,1.8838564157485962,0.4174836575984955,2.4469072818756104,0.2869546413421631,-0.6479711532592773,-1.7448773384094238,1.9166221618652344,0.38538867235183716,2.4392051696777344,0.005178898572921753,0.019148290157318115,0.0028470754623413086,0.032765746116638184,-0.032094985246658325,-0.0077021121978759766
1769718988.1135955,goal2.png,0.542279839515686,0.2850170135498047,-0.6709362268447876,-1.747603178024292,1.8975483179092407,0.40339791774749756,2.441424608230591,0.2945226728916168,-0.6531831622123718,-1.7469348907470703,1.9294309616088867,0.38003429770469666,2.4398303031921387,0.009505659341812134,0.01775306463241577,0.0006682872772216797,0.031882643699645996,-0.023363620042800903,-0.0015943050384521484
1769718988.210405,goal2.png,0.5435307025909424,0.2884702980518341,-0.6753588914871216,-1.7494813203811646,1.9123611450195312,0.3900240659713745,2.4404702186584473,0.302317351102829,-0.6564240455627441,-1.7439132928848267,1.934664249420166,0.3779292106628418,2.435147285461426,0.013847053050994873,0.01893484592437744,0.005568027496337891,0.022303104400634766,-0.012094855308532715,-0.005322933197021484
1769718988.310617,goal2.png,0.540831446647644,0.2944074869155884,-0.6799027323722839,-1.7509959936141968,1.9256592988967896,0.3831629157066345,2.4389405250549316,0.3044438362121582,-0.6562889814376831,-1.7369914054870605,1.935081958770752,0.37655210494995117,2.4240338802337646,0.010036349296569824,0.02361375093460083,0.01400458812713623,0.009422659873962402,-0.00661081075668335,-0.014906644821166992
1769718988.4124398,goal2.png,0.5390739440917969,0.30079904198646545,-0.6824775338172913,-1.749208688735962,1.9310815334320068,0.37893715500831604,2.433987855911255,0.30401554703712463,-0.6542050242424011,-1.7302377223968506,1.93436598777771,0.3777473568916321,2.4155569076538086,0.0032165050506591797,0.028272509574890137,0.018970966339111328,0.003284454345703125,-0.00118979811668396,-0.01843094825744629
1769718988.5111938,goal2.png,0.5799145698547363,0.3045552968978882,-0.6832651495933533,-1.745119333267212,1.9329900741577148,0.3770742416381836,2.426520824432373,0.301567018032074,-0.6528417468070984,-1.728501319885254,1.9284332990646362,0.38513439893722534,2.415949583053589,-0.002988278865814209,0.030423402786254883,0.016618013381958008,-0.004556775093078613,0.008060157299041748,-0.01057124137878418
1769718988.610441,goal2.png,0.5955784320831299,0.30428260564804077,-0.6824472546577454,-1.7403029203414917,1.932596206665039,0.37934616208076477,2.4190690517425537,0.29327529668807983,-0.6503579020500183,-1.7391198873519897,1.907077431678772,0.3932412564754486,2.4363646507263184,-0.011007308959960938,0.03208935260772705,0.0011830329895019531,-0.02551877498626709,0.013895094394683838,0.01729559898376465
1769718988.7115068,goal2.png,0.588996171951294,0.30058708786964417,-0.681144654750824,-1.7394243478775024,1.9256592988967896,0.38531365990638733,2.4217348098754883,0.2719302773475647,-0.6410535573959351,-1.7705134153366089,1.874761939048767,0.3795474171638489,2.4816179275512695,-0.028656810522079468,0.040091097354888916,-0.031089067459106445,-0.05089735984802246,-0.005766242742538452,0.05988311767578125
1769718988.8119152,goal2.png,0.6079139709472656,0.2925293445587158,-0.6789939999580383,-1.7470883131027222,1.9081203937530518,0.38805505633354187,2.4413185119628906,0.2432435154914856,-0.6223741769790649,-1.8037694692611694,1.846402883529663,0.3555847406387329,2.5268521308898926,-0.049285829067230225,0.05661982297897339,-0.056681156158447266,-0.06171751022338867,-0.03247031569480896,0.08553361892700195
1769718988.9131215,goal2.png,0.5895947217941284,0.27499035000801086,-0.6726024150848389,-1.7708674669265747,1.880645513534546,0.37992170453071594,2.4755332469940186,0.2244882881641388,-0.6075618863105774,-1.8284302949905396,1.8213964700698853,0.35701990127563477,2.5603718757629395,-0.05050206184387207,0.06504052877426147,-0.057562828063964844,-0.059249043464660645,-0.022901803255081177,0.0848386287689209
1769718989.0115645,goal2.png,0.6117305755615234,0.24687938392162323,-0.6556691527366638,-1.8028557300567627,1.8504142761230469,0.3626098334789276,2.521289348602295,0.21832814812660217,-0.5977154970169067,-1.8265851736068726,1.7852602005004883,0.4023818373680115,2.553269624710083,-0.028551235795021057,0.05795365571975708,-0.023729443550109863,-0.0651540756225586,0.03977200388908386,0.031980276107788086
1769718989.1104696,goal2.png,0.5938228368759155,0.22667475044727325,-0.6376454830169678,-1.8235450983047485,1.8224849700927734,0.37010711431503296,2.5467798709869385,0.2121654748916626,-0.5828238129615784,-1.8116562366485596,1.7321971654891968,0.45297178626060486,2.518198013305664,-0.014509275555610657,0.054821670055389404,0.011888861656188965,-0.09028780460357666,0.0828646719455719,-0.028581857681274414
1769718989.210781,goal2.png,0.6850118637084961,0.2208283394575119,-0.6270130276679993,-1.8266652822494507,1.7904661893844604,0.4014744162559509,2.5450987815856934,0.19777929782867432,-0.5571490526199341,-1.8139946460723877,1.6829006671905518,0.4973195791244507,2.497357130050659,-0.023049041628837585,0.06986397504806519,0.012670636177062988,-0.10756552219390869,0.09584516286849976,-0.04774165153503418
1769718989.3109715,goal2.png,0.6405882835388184,0.21470938622951508,-0.6139571666717529,-1.822182059288025,1.7402725219726562,0.44691234827041626,2.5232279300689697,0.17907626926898956,-0.5340662002563477,-1.8364167213439941,1.6462819576263428,0.5317285060882568,2.512275218963623,-0.03563311696052551,0.07989096641540527,-0.014234662055969238,-0.09399056434631348,0.08481615781784058,-0.01095271110534668
1769718989.410872,goal2.png,0.5894782543182373,0.1982608288526535,-0.5887239575386047,-1.8246054649353027,1.6925629377365112,0.4911688566207886,2.5084757804870605,0.15634924173355103,-0.513527512550354,-1.8558781147003174,1.6018264293670654,0.5480700731277466,2.521135091781616,-0.04191158711910248,0.07519644498825073,-0.03127264976501465,-0.0907365083694458,0.05690121650695801,0.012659311294555664
1769718989.5114307,goal2.png,0.5580388903617859,0.17757144570350647,-0.5645509362220764,-1.8390545845031738,1.6520321369171143,0.5228694081306458,2.513579845428467,0.13048499822616577,-0.48672252893447876,-1.860124111175537,1.5607562065124512,0.5339444875717163,2.5019114017486572,-0.0470864474773407,0.07782840728759766,-0.02106952667236328,-0.09127593040466309,0.011075079441070557,-0.01166844367980957
1769718989.6123497,goal2.png,0.6789330840110779,0.15815430879592896,-0.5466181039810181,-1.8551093339920044,1.611804485321045,0.5372428894042969,2.515655040740967,0.11204774677753448,-0.47292688488960266,-1.8618789911270142,1.5470842123031616,0.5080989599227905,2.491225242614746,-0.04610656201839447,0.0736912190914154,-0.006769657135009766,-0.0647202730178833,-0.029143929481506348,-0.024429798126220703
1769718989.7144535,goal2.png,0.6382337808609009,0.135859414935112,-0.520960807800293,-1.861864447593689,1.5717886686325073,0.5281856060028076,2.5032958984375,0.0995178073644638,-0.4720950722694397,-1.8746747970581055,1.573024034500122,0.5043790936470032,2.5017130374908447,-0.03634160757064819,0.04886573553085327,-0.012810349464416504,0.001235365867614746,-0.023806512355804443,-0.0015828609466552734
1769718989.8133345,goal2.png,0.6146392226219177,0.11571527272462845,-0.5011195540428162,-1.8671958446502686,1.5590357780456543,0.5141452550888062,2.496858835220337,0.08781416714191437,-0.48018714785575867,-1.8700361251831055,1.6046117544174194,0.5076378583908081,2.4965076446533203,-0.02790110558271408,0.020932406187057495,-0.002840280532836914,0.04557597637176514,-0.006507396697998047,-0.00035119056701660156
1769718989.9131944,goal2.png,0.639656662940979,0.10066017508506775,-0.49766629934310913,-1.876192569732666,1.5755449533462524,0.5080869197845459,2.499282121658325,0.07831765711307526,-0.4886554181575775,-1.852352499961853,1.629591464996338,0.5061146020889282,2.473148822784424,-0.022342517971992493,0.009010881185531616,0.02384006977081299,0.05404651165008545,-0.0019723176956176758,-0.026133298873901367
1769718990.0141144,goal2.png,0.6665539145469666,0.09154226630926132,-0.5044214129447937,-1.8735873699188232,1.6009294986724854,0.5070266723632812,2.491739511489868,0.06535542756319046,-0.5009884238243103,-1.8440611362457275,1.6605948209762573,0.49224913120269775,2.467094898223877,-0.026186838746070862,0.0034329891204833984,0.029526233673095703,0.05966532230377197,-0.014777541160583496,-0.02464461326599121
1769718990.1134243,goal2.png,0.6624393463134766,0.08078864216804504,-0.5101466178894043,-1.8635305166244507,1.6254661083221436,0.5035431385040283,2.4781687259674072,0.050779037177562714,-0.5130802989006042,-1.8463799953460693,1.692994475364685,0.47064921259880066,2.4731714725494385,-0.03000960499048233,-0.002933681011199951,0.017150521278381348,0.0675283670425415,-0.03289392590522766,-0.00499725341796875
1769718990.212793,goal2.png,0.6473757028579712,0.06527915596961975,-0.5213848948478699,-1.8553516864776611,1.6572422981262207,0.49080535769462585,2.471822500228882,0.04116867110133171,-0.5344763398170471,-1.8570326566696167,1.7318880558013916,0.44613513350486755,2.5001626014709473,-0.02411048486828804,-0.013091444969177246,-0.0016809701919555664,0.0746457576751709,-0.0446702241897583,0.02834010124206543
1769718990.314273,goal2.png,0.6651231050491333,0.053313858807086945,-0.5369852185249329,-1.8558363914489746,1.69053316116333,0.47084298729896545,2.479637861251831,0.041951972991228104,-0.5529494285583496,-1.860992431640625,1.7664034366607666,0.4271283745765686,2.5173401832580566,-0.011361885815858841,-0.015964210033416748,-0.005156040191650391,0.07587027549743652,-0.04371461272239685,0.037702322006225586
1769718990.4143715,goal2.png,0.6912000179290771,0.046164918690919876,-0.5540093183517456,-1.860592246055603,1.7243691682815552,0.45018383860588074,2.497570753097534,0.05066033452749252,-0.5613325834274292,-1.851832628250122,1.7867460250854492,0.42088815569877625,2.506716728210449,0.004495415836572647,-0.007323265075683594,0.008759617805480957,0.06237685680389404,-0.029295682907104492,0.009145975112915039
1769718990.5146163,goal2.png,0.7093115448951721,0.04492295905947685,-0.5733053088188171,-1.8632276058197021,1.7589021921157837,0.4327356517314911,2.5090816020965576,0.06637467443943024,-0.5642521381378174,-1.8371520042419434,1.8070770502090454,0.41882267594337463,2.484212875366211,0.021451715379953384,0.009053170680999756,0.02607560157775879,0.04817485809326172,-0.013912975788116455,-0.02486872673034668
1769718990.6145117,goal2.png,0.7157147526741028,0.05167807638645172,-0.5840892195701599,-1.8578962087631226,1.7815302610397339,0.423632949590683,2.5039470195770264,0.08329806476831436,-0.5659822225570679,-1.827470064163208,1.836237907409668,0.4110441207885742,2.470310688018799,0.03161998838186264,0.01810699701309204,0.03042614459991455,0.05470764636993408,-0.012588828802108765,-0.03363633155822754
1769718990.712714,goal2.png,0.7030572891235352,0.06570326536893845,-0.5862400531768799,-1.8480815887451172,1.8029769659042358,0.41884684562683105,2.4878015518188477,0.0988520085811615,-0.5707657337188721,-1.821359634399414,1.861676812171936,0.4118301272392273,2.4660840034484863,0.03314874321222305,0.015474319458007812,0.026721954345703125,0.058699846267700195,-0.00701671838760376,-0.021717548370361328
1769718990.812454,goal2.png,0.7008790969848633,0.08339377492666245,-0.589663028717041,-1.8372976779937744,1.832541823387146,0.413545697927475,2.474412441253662,0.11023932695388794,-0.5727342367172241,-1.8065617084503174,1.8772640228271484,0.41804268956184387,2.4462075233459473,0.026845552027225494,0.016928791999816895,0.03073596954345703,0.04472219944000244,0.0044969916343688965,-0.028204917907714844
1769718990.9121628,goal2.png,0.6975818872451782,0.0973886027932167,-0.5948428511619568,-1.8286645412445068,1.8554426431655884,0.413591206073761,2.464582681655884,0.12190806865692139,-0.5732249021530151,-1.789048671722412,1.8799978494644165,0.43533509969711304,2.420926809310913,0.02451946586370468,0.02161794900894165,0.03961586952209473,0.024555206298828125,0.02174389362335205,-0.0436558723449707
1769718991.0118392,goal2.png,0.6926800012588501,0.10935398191213608,-0.5964181423187256,-1.8156994581222534,1.8711642026901245,0.4208460748195648,2.4458775520324707,0.12916843593120575,-0.5757319927215576,-1.778232216835022,1.8723630905151367,0.4587825536727905,2.4042086601257324,0.01981445401906967,0.02068614959716797,0.037467241287231445,0.001198887825012207,0.03793647885322571,-0.04166889190673828
1769718991.112562,goal2.png,0.7206938862800598,0.11974412947893143,-0.5970239043235779,-1.80025053024292,1.8755261898040771,0.43500763177871704,2.42577862739563,0.1356668919324875,-0.5760263204574585,-1.7660480737686157,1.84931480884552,0.49157243967056274,2.383802890777588,0.01592276245355606,0.020997583866119385,0.0342024564743042,-0.02621138095855713,0.0565648078918457,-0.04197573661804199
1769718991.212504,goal2.png,0.7224839329719543,0.12895289063453674,-0.5991140604019165,-1.788436770439148,1.8691041469573975,0.45990756154060364,2.404968023300171,0.14245659112930298,-0.5731204152107239,-1.754385232925415,1.8164470195770264,0.5162943005561829,2.3697781562805176,0.013503700494766235,0.025993645191192627,0.03405153751373291,-0.052657127380371094,0.056386739015579224,-0.03518986701965332
1769718991.3123765,goal2.png,0.5707499980926514,0.13482950627803802,-0.6000227928161621,-1.776623010635376,1.8499900102615356,0.48768529295921326,2.3864901065826416,0.15453901886940002,-0.5694524049758911,-1.74351167678833,1.767488718032837,0.5563392639160156,2.367037773132324,0.019709512591362,0.030570387840270996,0.0331113338470459,-0.08250129222869873,0.06865397095680237,-0.019452333450317383
1769718991.411762,goal2.png,0.5090363621711731,0.1428871601819992,-0.5992048978805542,-1.7654755115509033,1.8169416189193726,0.5175531506538391,2.374130964279175,0.1567450910806656,-0.5617399215698242,-1.7342257499694824,1.6922121047973633,0.5823400616645813,2.36556077003479,0.013857930898666382,0.03746497631072998,0.0312497615814209,-0.12472951412200928,0.06478691101074219,-0.008570194244384766
1769718991.5114155,goal2.png,0.4885035753250122,0.15233825147151947,-0.5970845222473145,-1.7541764974594116,1.775017261505127,0.5506470799446106,2.3687844276428223,0.14911937713623047,-0.5526455044746399,-1.7168443202972412,1.6091870069503784,0.5954409241676331,2.343306064605713,-0.0032188743352890015,0.04443901777267456,0.03733217716217041,-0.16583025455474854,0.04479384422302246,-0.025478363037109375
1769718991.610769,goal2.png,0.43837738037109375,0.15594300627708435,-0.5906323790550232,-1.7431806325912476,1.7186137437820435,0.5755167603492737,2.36069655418396,0.12909351289272308,-0.5441117882728577,-1.7020609378814697,1.5410399436950684,0.5998542904853821,2.3201839923858643,-0.026849493384361267,0.04652059078216553,0.04111969470977783,-0.1775738000869751,0.0243375301361084,-0.0405125617980957
1769718991.711596,goal2.png,0.43699243664741516,0.1460980921983719,-0.5807268023490906,-1.72739839553833,1.6581813097000122,0.5913140773773193,2.3418095111846924,0.10439590364694595,-0.5342660546302795,-1.6997830867767334,1.501319408416748,0.5957368612289429,2.3096165657043457,-0.041702188551425934,0.046460747718811035,0.02761530876159668,-0.15686190128326416,0.004422783851623535,-0.03219294548034668
1769718991.8125153,goal2.png,0.45181864500045776,0.12765029072761536,-0.57306307554245,-1.7154332399368286,1.601959466934204,0.5960395932197571,2.3241794109344482,0.08070306479930878,-0.5215713977813721,-1.7034060955047607,1.4903476238250732,0.5785666108131409,2.2984375953674316,-0.04694722592830658,0.05149167776107788,0.012027144432067871,-0.11161184310913086,-0.01747298240661621,-0.0257418155670166
1769718991.9124336,goal2.png,0.5486000776290894,0.10562802106142044,-0.5643995404243469,-1.7123433351516724,1.546525239944458,0.5908142328262329,2.312168836593628,0.060995541512966156,-0.5098801851272583,-1.7130813598632812,1.4896146059036255,0.5599806904792786,2.299144744873047,-0.044632479548454285,0.05451935529708862,-0.0007380247116088867,-0.05691063404083252,-0.030833542346954346,-0.013024091720581055
1769718992.0118036,goal2.png,0.5188663601875305,0.08333320915699005,-0.5518889427185059,-1.713555097579956,1.49796724319458,0.5776826739311218,2.3027024269104004,0.04450297728180885,-0.4986671209335327,-1.7267422676086426,1.483701467514038,0.5519731044769287,2.313551187515259,-0.0388302318751812,0.053221821784973145,-0.013187170028686523,-0.014265775680541992,-0.025709569454193115,0.010848760604858398
1769718992.1119914,goal2.png,0.4619503915309906,0.06397663056850433,-0.5391966104507446,-1.7204313278198242,1.4911515712738037,0.563672661781311,2.3040504455566406,0.0371253676712513,-0.4962729215621948,-1.732502818107605,1.469691514968872,0.55305016040802,2.328342914581299,-0.026851262897253036,0.042923688888549805,-0.012071490287780762,-0.02146005630493164,-0.010622501373291016,0.024292469024658203
1769718992.2123609,goal2.png,0.4407200217247009,0.04798247292637825,-0.5299878716468811,-1.729973316192627,1.4835178852081299,0.5559482574462891,2.3138349056243896,0.03893627971410751,-0.500920295715332,-1.7256810665130615,1.4487937688827515,0.5638827085494995,2.3319430351257324,-0.009046193212270737,0.029067575931549072,0.00429224967956543,-0.03472411632537842,0.00793445110321045,0.018108129501342773
1769718992.3121154,goal2.png,0.4378551244735718,0.04059119522571564,-0.5255955457687378,-1.7353652715682983,1.4694626331329346,0.5567358136177063,2.324739933013916,0.04410910606384277,-0.5055797696113586,-1.7036733627319336,1.4317964315414429,0.5708432197570801,2.3073999881744385,0.0035179108381271362,0.02001577615737915,0.031691908836364746,-0.0376662015914917,0.01410740613937378,-0.01733994483947754
1769718992.4116638,goal2.png,0.4724588096141815,0.04143941029906273,-0.5267465710639954,-1.730155110359192,1.4518325328826904,0.5644602179527283,2.3229830265045166,0.04646705836057663,-0.5136609077453613,-1.6856052875518799,1.42715322971344,0.574402928352356,2.2924022674560547,0.005027648061513901,0.013085663318634033,0.04454982280731201,-0.02467930316925049,0.009942710399627686,-0.030580759048461914
1769718992.511764,goal2.png,0.43518030643463135,0.04483211040496826,-0.5318659543991089,-1.7152513265609741,1.4372016191482544,0.5697007179260254,2.3092000484466553,0.045613501220941544,-0.5226955413818359,-1.6772303581237793,1.4306211471557617,0.5820868015289307,2.28879451751709,0.0007813908159732819,0.00917041301727295,0.038020968437194824,-0.006580471992492676,0.012386083602905273,-0.02040553092956543
1769718992.6118069,goal2.png,0.39212486147880554,0.045771170407533646,-0.5383787155151367,-1.7000751495361328,1.431779384613037,0.5747140049934387,2.2976741790771484,0.04968590289354324,-0.5335326790809631,-1.6674169301986694,1.4260320663452148,0.5946767926216125,2.2873899936676025,0.003914732486009598,0.004846036434173584,0.03265821933746338,-0.005747318267822266,0.019962787628173828,-0.010284185409545898
1769718992.711975,goal2.png,0.46268317103385925,0.04649817571043968,-0.5469816327095032,-1.6882613897323608,1.4305979013442993,0.5828322768211365,2.2909493446350098,0.053672660142183304,-0.5400896668434143,-1.6554502248764038,1.4128202199935913,0.6067584753036499,2.279310941696167,0.007174484431743622,0.006891965866088867,0.03281116485595703,-0.017777681350708008,0.023926198482513428,-0.011638402938842773
1769718992.8118336,goal2.png,0.4074259400367737,0.04973939061164856,-0.5575233101844788,-1.6792645454406738,1.4251453876495361,0.5932830572128296,2.287041664123535,0.05252673476934433,-0.5438082218170166,-1.6458979845046997,1.3962723016738892,0.6165854334831238,2.2785019874572754,0.0027873441576957703,0.013715088367462158,0.03336656093597412,-0.028873085975646973,0.02330237627029419,-0.008539676666259766
1769718992.91246,goal2.png,0.4463561475276947,0.05319265276193619,-0.5662473440170288,-1.667723298072815,1.4134527444839478,0.6046879887580872,2.2814526557922363,0.041215527802705765,-0.5409470796585083,-1.6468496322631836,1.3878958225250244,0.6128181219100952,2.2849278450012207,-0.011977124959230423,0.025300264358520508,0.020873665809631348,-0.02555692195892334,0.008130133152008057,0.003475189208984375
1769718993.013843,goal2.png,0.42893654108047485,0.051556944847106934,-0.5690340995788574,-1.6594536304473877,1.4002454280853271,0.6114581823348999,2.281104326248169,0.031651418656110764,-0.53200364112854,-1.6572213172912598,1.3874390125274658,0.5975863933563232,2.2931745052337646,-0.01990552619099617,0.03703045845031738,0.0022323131561279297,-0.012806415557861328,-0.01387178897857666,0.012070178985595703
1769718993.113211,goal2.png,0.508573055267334,0.04280257597565651,-0.5673378705978394,-1.6591507196426392,1.392581582069397,0.608822762966156,2.2852847576141357,0.021724417805671692,-0.5215021371841431,-1.6650209426879883,1.3835252523422241,0.5728749632835388,2.2967910766601562,-0.021078158169984818,0.04583573341369629,-0.005870223045349121,-0.009056329727172852,-0.03594779968261719,0.011506319046020508
1769718993.213542,goal2.png,0.48720014095306396,0.03177626430988312,-0.562248706817627,-1.6643306016921997,1.38876473903656,0.5943433046340942,2.292403221130371,0.012504704296588898,-0.5218963027000427,-1.6697158813476562,1.3645395040512085,0.5652042627334595,2.318136692047119,-0.01927156001329422,0.04035240411758423,-0.005385279655456543,-0.024225234985351562,-0.029139041900634766,0.025733470916748047
1769718993.3133893,goal2.png,0.4485914707183838,0.0231430996209383,-0.553676187992096,-1.6702073812484741,1.3806161880493164,0.5772282481193542,2.3011879920959473,0.010763727128505707,-0.5318362712860107,-1.6707165241241455,1.3488456010818481,0.5862576365470886,2.3452115058898926,-0.012379372492432594,0.021839916706085205,-0.0005091428756713867,-0.03177058696746826,0.009029388427734375,0.04402351379394531
1769718993.41327,goal2.png,0.46128422021865845,0.016478829085826874,-0.5497382879257202,-1.6745389699935913,1.366894006729126,0.5741082429885864,2.3197872638702393,0.009941790252923965,-0.5383554697036743,-1.6675570011138916,1.3354377746582031,0.6000468730926514,2.356593608856201,-0.006537038832902908,0.011382818222045898,0.006981968879699707,-0.03145623207092285,0.02593863010406494,0.036806344985961914
1769718993.5136445,goal2.png,0.4735519587993622,0.012480327859520912,-0.5566145181655884,-1.676386833190918,1.3525053262710571,0.5853162407875061,2.3388712406158447,0.010171364061534405,-0.5355569124221802,-1.6598321199417114,1.3266491889953613,0.5957527756690979,2.3452653884887695,-0.0023089637979865074,0.021057605743408203,0.016554713249206543,-0.0258561372756958,0.010436534881591797,0.006394147872924805
1769718993.613909,goal2.png,0.4387925863265991,0.011298931203782558,-0.5650356411933899,-1.6748722791671753,1.3394798040390015,0.5944644212722778,2.3486857414245605,0.010175086557865143,-0.5286235809326172,-1.6542621850967407,1.3301258087158203,0.574272632598877,2.326000213623047,-0.0011238446459174156,0.036412060260772705,0.02061009407043457,-0.009353995323181152,-0.02019178867340088,-0.022685527801513672
1769718993.7135048,goal2.png,0.451779842376709,0.011601832695305347,-0.563369631767273,-1.669419765472412,1.3312404155731201,0.5899205803871155,2.3421123027801514,0.01577705144882202,-0.5282940864562988,-1.6507903337478638,1.3371623754501343,0.562674343585968,2.305102825164795,0.004175218753516674,0.03507554531097412,0.01862943172454834,0.00592195987701416,-0.02724623680114746,-0.037009477615356445
1769718993.815532,goal2.png,0.43582040071487427,0.012147068977355957,-0.5577352643013,-1.6643608808517456,1.3317251205444336,0.5755621790885925,2.32620906829834,0.02199171856045723,-0.5298954248428345,-1.6494288444519043,1.3368198871612549,0.5653209090232849,2.2932991981506348,0.009844649583101273,0.027839839458465576,0.014932036399841309,0.005094766616821289,-0.010241270065307617,-0.03290987014770508
1769718993.914964,goal2.png,0.46258482336997986,0.016145646572113037,-0.5566145181655884,-1.6613317728042603,1.3354206085205078,0.566913902759552,2.308927536010742,0.030463077127933502,-0.528330385684967,-1.6355088949203491,1.3182640075683594,0.560839056968689,2.272707462310791,0.014317430555820465,0.028284132480621338,0.025822877883911133,-0.017156600952148438,-0.006074845790863037,-0.03622007369995117
1769718994.0141644,goal2.png,0.4380320906639099,0.022809840738773346,-0.5580987930297852,-1.6576361656188965,1.332724690437317,0.5647328495979309,2.2926909923553467,0.033914387226104736,-0.5240250825881958,-1.6249115467071533,1.3012542724609375,0.5487432479858398,2.258296489715576,0.01110454648733139,0.034073710441589355,0.032724618911743164,-0.031470417976379395,-0.015989601612091064,-0.03439450263977051
1769718994.1132386,goal2.png,0.3958885669708252,0.029564958065748215,-0.5570082068443298,-1.6475791931152344,1.3194870948791504,0.5585078597068787,2.2762274742126465,0.03864787518978119,-0.5212703943252563,-1.6206408739089966,1.2900086641311646,0.5480431914329529,2.2512457370758057,0.009082917124032974,0.035737812519073486,0.026938319206237793,-0.02947843074798584,-0.010464668273925781,-0.02498173713684082
1769718994.2127876,goal2.png,0.4119836986064911,0.032987941056489944,-0.5535246133804321,-1.6380977630615234,1.3048863410949707,0.5513438582420349,2.2619447708129883,0.03915025666356087,-0.5140671133995056,-1.629708170890808,1.2877742052078247,0.544553816318512,2.252565383911133,0.006162315607070923,0.039457499980926514,0.008389592170715332,-0.017112135887145996,-0.006790041923522949,-0.009379386901855469
1769718994.3147926,goal2.png,0.4436010718345642,0.036592695862054825,-0.5493444204330444,-1.634493112564087,1.2947992086410522,0.5484206080436707,2.255537986755371,0.036184217780828476,-0.5064265727996826,-1.6398526430130005,1.2811431884765625,0.5432408452033997,2.2556710243225098,-0.0004084780812263489,0.042917847633361816,-0.005359530448913574,-0.013656020164489746,-0.005179762840270996,0.00013303756713867188
1769718994.4148161,goal2.png,0.46214208006858826,0.03959156945347786,-0.5434678196907043,-1.6389156579971313,1.2891647815704346,0.5460426807403564,2.254492998123169,0.02833007462322712,-0.49759334325790405,-1.6507761478424072,1.275908350944519,0.5362390875816345,2.2594056129455566,-0.01126149483025074,0.04587447643280029,-0.011860489845275879,-0.013256430625915527,-0.009803593158721924,0.004912614822387695
1769718994.5147278,goal2.png,0.4463755786418915,0.036410924047231674,-0.5358341932296753,-1.6466704607009888,1.2828640937805176,0.5428772568702698,2.256507396697998,0.017588716000318527,-0.48785656690597534,-1.6620570421218872,1.2789071798324585,0.5206136107444763,2.2648489475250244,-0.018822208046913147,0.04797762632369995,-0.015386581420898438,-0.003956913948059082,-0.022263646125793457,0.008341550827026367
1769718994.614867,goal2.png,0.4288298487663269,0.027717120945453644,-0.5278370380401611,-1.656394124031067,1.2791686058044434,0.5344106554985046,2.260702610015869,0.016640786081552505,-0.48678070306777954,-1.665809154510498,1.3000273704528809,0.5094122886657715,2.2718863487243652,-0.011076334863901138,0.04105633497238159,-0.009415030479431152,0.0208587646484375,-0.024998366832733154,0.011183738708496094
1769718994.7141922,goal2.png,0.3904504179954529,0.020537972450256348,-0.518507182598114,-1.6651484966278076,1.283348798751831,0.5222181081771851,2.2654433250427246,0.02512608841061592,-0.49404868483543396,-1.654941201210022,1.3145194053649902,0.5172855257987976,2.2706048488616943,0.004588115960359573,0.024458497762680054,0.010207295417785645,0.03117060661315918,-0.004932582378387451,0.0051615238189697266
1769718994.8140855,goal2.png,0.38073763251304626,0.020144147798419,-0.5138725638389587,-1.6680868864059448,1.298009991645813,0.5152661204338074,2.269547939300537,0.036392923444509506,-0.5053571462631226,-1.6388171911239624,1.3154774904251099,0.5370646119117737,2.2678940296173096,0.016248775646090508,0.008515417575836182,0.029269695281982422,0.017467498779296875,0.02179849147796631,-0.001653909683227539
1769718994.913691,goal2.png,0.4633154571056366,0.026596365496516228,-0.5190221071243286,-1.661543846130371,1.3101873397827148,0.5207943916320801,2.270138740539551,0.03465375304222107,-0.506186842918396,-1.633888840675354,1.3126857280731201,0.5425929427146912,2.271535873413086,0.008057387545704842,0.012835264205932617,0.02765500545501709,0.0024983882904052734,0.021798551082611084,0.0013971328735351562
1769718995.0145087,goal2.png,0.42046600580215454,0.033381763845682144,-0.5290790796279907,-1.6526985168457031,1.3135497570037842,0.5332898497581482,2.269547939300537,0.0280667282640934,-0.5012071132659912,-1.6468875408172607,1.325513243675232,0.53727126121521,2.2920827865600586,-0.005315035581588745,0.02787196636199951,0.005810976028442383,0.011963486671447754,0.003981411457061768,0.022534847259521484
1769718995.1136851,goal2.png,0.3722838759422302,0.03456316143274307,-0.533077597618103,-1.6489423513412476,1.3157309293746948,0.5386060476303101,2.275712490081787,0.02634800225496292,-0.50042325258255,-1.6634163856506348,1.344163417816162,0.5328208804130554,2.3072707653045654,-0.008215159177780151,0.03265434503555298,-0.014474034309387207,0.028432488441467285,-0.005785167217254639,0.03155827522277832
1769718995.2143872,goal2.png,0.4698389768600464,0.029292341321706772,-0.5299878716468811,-1.6562427282333374,1.3260301351547241,0.5365915894508362,2.2910854816436768,0.034048691391944885,-0.5048489570617676,-1.658217430114746,1.3586511611938477,0.5301252603530884,2.2911643981933594,0.004756350070238113,0.025138914585113525,-0.0019747018814086914,0.032621026039123535,-0.006466329097747803,7.891654968261719e-05
1769718995.3139079,goal2.png,0.4201722741127014,0.028020096942782402,-0.5284126996994019,-1.6636945009231567,1.3423575162887573,0.5335472822189331,2.298461675643921,0.04796820133924484,-0.5185335874557495,-1.6368415355682373,1.360414981842041,0.5377849340438843,2.2669286727905273,0.01994810439646244,0.009879112243652344,0.026852965354919434,0.01805746555328369,0.004237651824951172,-0.031533002853393555
1769718995.413578,goal2.png,0.41012042760849,0.035744559019804,-0.5331987142562866,-1.6609681844711304,1.3537169694900513,0.5341379642486572,2.2868144512176514,0.06326374411582947,-0.5299428701400757,-1.6173069477081299,1.363037109375,0.5458269119262695,2.2486014366149902,0.027519185096025467,0.0032558441162109375,0.04366123676300049,0.00932013988494873,0.011688947677612305,-0.03821301460266113
1769718995.514741,goal2.png,0.4049772620201111,0.049194153398275375,-0.5421954989433289,-1.6479427814483643,1.358684778213501,0.5388029217720032,2.268306016921997,0.07240878790616989,-0.534325122833252,-1.601064682006836,1.362906813621521,0.5463007092475891,2.229259729385376,0.023214634507894516,0.007870376110076904,0.04687809944152832,0.0042220354080200195,0.0074977874755859375,-0.039046287536621094
1769718995.6137233,goal2.png,0.37505412101745605,0.06215907633304596,-0.5535246133804321,-1.6316759586334229,1.36168372631073,0.5438011288642883,2.2504336833953857,0.06756122410297394,-0.5235759019851685,-1.6017258167266846,1.3542271852493286,0.5343618988990784,2.222883462905884,0.0054021477699279785,0.029948711395263672,0.02995014190673828,-0.007456541061401367,-0.009439229965209961,-0.027550220489501953
1769718995.7154326,goal2.png,0.3639640510082245,0.06900511682033539,-0.5598556399345398,-1.617741584777832,1.3606234788894653,0.54145348072052,2.2343335151672363,0.060709480196237564,-0.5183694362640381,-1.6085249185562134,1.3434771299362183,0.5281475782394409,2.226121187210083,-0.008295636624097824,0.04148620367050171,0.009216666221618652,-0.01714634895324707,-0.013305902481079102,-0.00821232795715332
1769718995.814573,goal2.png,0.43688011169433594,0.06733904778957367,-0.5546152591705322,-1.6148942708969116,1.3538683652877808,0.5350164771080017,2.227320909500122,0.056661877781152725,-0.5193037986755371,-1.6201457977294922,1.3301324844360352,0.537082850933075,2.23909854888916,-0.010677170008420944,0.03531146049499512,-0.005251526832580566,-0.023735880851745605,0.002066373825073242,0.011777639389038086
1769718995.9155264,goal2.png,0.36555999517440796,0.06176532804965973,-0.5465878248214722,-1.6181657314300537,1.3444173336029053,0.532093346118927,2.229668617248535,0.05507498234510422,-0.5224315524101257,-1.620313048362732,1.3217558860778809,0.5472338199615479,2.233440399169922,-0.0066903457045555115,0.024156272411346436,-0.0021473169326782227,-0.022661447525024414,0.01514047384262085,0.0037717819213867188
1769718996.014733,goal2.png,0.6085842847824097,0.0575244165956974,-0.5466181039810181,-1.6253448724746704,1.3330274820327759,0.5375004410743713,2.2354393005371094,0.07387157529592514,-0.5201177597045898,-1.6423697471618652,1.3577044010162354,0.5437793731689453,2.2608840465545654,0.016347158700227737,0.026500344276428223,-0.017024874687194824,0.024676918983459473,0.006278932094573975,0.025444746017456055
1769718996.117222,goal2.png,0.5777212977409363,0.060250673443078995,-0.5501319169998169,-1.631463885307312,1.3322399854660034,0.5433618426322937,2.241118907928467,0.13007797300815582,-0.5300076007843018,-1.6953558921813965,1.4654557704925537,0.5462250709533691,2.333681106567383,0.06982730329036713,0.020124316215515137,-0.06389200687408447,0.1332157850265503,0.0028632283210754395,0.09256219863891602
1769718996.217658,goal2.png,0.5609374046325684,0.0755784660577774,-0.5490111708641052,-1.6483668088912964,1.3564735651016235,0.5433013439178467,2.266624689102173,0.19625771045684814,-0.5404346585273743,-1.7421612739562988,1.5564736127853394,0.5492793917655945,2.398777484893799,0.12067924439907074,0.008576512336730957,-0.09379446506500244,0.20000000298023224,0.005978047847747803,0.13215279579162598
1769718996.316951,goal2.png,0.5327149629592896,0.1203499361872673,-0.5530399680137634,-1.6915632486343384,1.4165425300598145,0.5451793670654297,2.3269360065460205,0.23124092817306519,-0.5327432155609131,-1.7737095355987549,1.6165425777435303,0.5269616842269897,2.4365057945251465,0.11089099198579788,0.020296752452850342,-0.0821462869644165,0.20000000298023224,-0.01821768283843994,0.10956978797912598
1769718996.4188452,goal2.png,0.4574006199836731,0.16766595840454102,-0.5649144649505615,-1.7343354225158691,1.4727036952972412,0.5450733304023743,2.385566234588623,0.24333664774894714,-0.520228922367096,-1.797661304473877,1.672703742980957,0.4940391778945923,2.48052978515625,0.07567068934440613,0.044685542583465576,-0.06332588195800781,0.20000000298023224,-0.05103415250778198,0.09496355056762695
1769718996.5156243,goal2.png,0.45067596435546875,0.2085297852754593,-0.5641268491744995,-1.7722609043121338,1.5287137031555176,0.5288368463516235,2.4260663986206055,0.22219383716583252,-0.5128360390663147,-1.813572883605957,1.6755023002624512,0.4826304018497467,2.5042905807495117,0.01366405189037323,0.051290810108184814,-0.04131197929382324,0.1467885971069336,-0.04620644450187683,0.07822418212890625
1769718996.6174026,goal2.png,0.5291932821273804,0.23252108693122864,-0.5492838621139526,-1.7958279848098755,1.5847537517547607,0.501771092414856,2.4697928428649902,0.16849534213542938,-0.493625283241272,-1.8170342445373535,1.608099102973938,0.4890170693397522,2.4818778038024902,-0.06402574479579926,0.055658578872680664,-0.021206259727478027,0.023345351219177246,-0.01275402307510376,0.0120849609375
1769718996.7170844,goal2.png,0.4690300226211548,0.2199498414993286,-0.53868168592453,-1.8134276866912842,1.6449135541915894,0.4891241490840912,2.489588737487793,0.12530143558979034,-0.4690406024456024,-1.7993149757385254,1.5283418893814087,0.4908013939857483,2.4187681674957275,-0.09464840590953827,0.06964108347892761,0.014112710952758789,-0.11657166481018066,0.0016772449016571045,-0.07082056999206543
1769718996.8159199,goal2.png,0.3932008147239685,0.17687472701072693,-0.5266254544258118,-1.8174867630004883,1.6144095659255981,0.48973000049591064,2.468142032623291,0.10015028715133667,-0.4570119380950928,-1.783829927444458,1.4822020530700684,0.49390989542007446,2.3762614727020264,-0.07672443985939026,0.069613516330719,0.03365683555603027,-0.13220751285552979,0.004179894924163818,-0.09188055992126465
1769718996.9186513,goal2.png,0.4154300093650818,0.12677186727523804,-0.5005137324333191,-1.8060060739517212,1.5543102025985718,0.4905933439731598,2.422264814376831,0.0958745926618576,-0.46137571334838867,-1.7760264873504639,1.4832100868225098,0.5058430433273315,2.3691256046295166,-0.030897274613380432,0.03913801908493042,0.029979586601257324,-0.07110011577606201,0.015249699354171753,-0.05313920974731445
1769718997.017582,goal2.png,0.5223949551582336,0.10726380348205566,-0.48373210430145264,-1.795040488243103,1.5012085437774658,0.49630337953567505,2.388989210128784,0.12315008044242859,-0.4766470193862915,-1.7800055742263794,1.5275827646255493,0.51579749584198,2.398132562637329,0.015886276960372925,0.007085084915161133,0.015034914016723633,0.026374220848083496,0.01949411630630493,0.009143352508544922
1769718997.1178951,goal2.png,0.4408503770828247,0.10892987251281738,-0.48785173892974854,-1.789072871208191,1.4980883598327637,0.5051333904266357,2.3824613094329834,0.15444767475128174,-0.48966729640960693,-1.7965387105941772,1.5709906816482544,0.5250821709632874,2.45687198638916,0.045517802238464355,-0.0018155574798583984,-0.007465839385986328,0.07290232181549072,0.01994878053665161,0.07441067695617676
1769718997.2179022,goal2.png,0.4473632872104645,0.12398497015237808,-0.4986962080001831,-1.7909510135650635,1.5243818759918213,0.5128579139709473,2.403726100921631,0.16432347893714905,-0.5015076994895935,-1.8051927089691162,1.577661395072937,0.5368568301200867,2.498610496520996,0.040338508784770966,-0.0028114914894104004,-0.014241695404052734,0.05327951908111572,0.023998916149139404,0.09488439559936523
1769718997.3164454,goal2.png,0.4368780851364136,0.14767330884933472,-0.509843647480011,-1.8001294136047363,1.5593993663787842,0.524050772190094,2.4515421390533447,0.14757660031318665,-0.5090203285217285,-1.7985615730285645,1.5541845560073853,0.5553043484687805,2.4977340698242188,-9.670853614807129e-05,0.0008233189582824707,0.001567840576171875,-0.005214810371398926,0.03125357627868652,0.04619193077087402
1769718997.4161663,goal2.png,0.39597776532173157,0.160183846950531,-0.5232327580451965,-1.805733561515808,1.5668208599090576,0.5373792052268982,2.4843177795410156,0.11962943524122238,-0.5142188668251038,-1.7716586589813232,1.5134363174438477,0.5664563179016113,2.4590916633605957,-0.040554411709308624,0.009013891220092773,0.03407490253448486,-0.05338454246520996,0.029077112674713135,-0.025226116180419922
1769718997.5166981,goal2.png,0.3808153569698334,0.14706742763519287,-0.5341680645942688,-1.800553560256958,1.5494937896728516,0.5522980093955994,2.4838180541992188,0.10280665010213852,-0.518460750579834,-1.7399224042892456,1.4804531335830688,0.5747512578964233,2.410825252532959,-0.04426077753305435,0.015707314014434814,0.0606311559677124,-0.06904065608978271,0.022453248500823975,-0.07299280166625977
1769718997.6165364,goal2.png,0.3595845103263855,0.11862330138683319,-0.5381061434745789,-1.7797126770019531,1.5162333250045776,0.5645662546157837,2.454132080078125,0.09455497562885284,-0.5217785835266113,-1.7188392877578735,1.4709621667861938,0.5846532583236694,2.369626522064209,-0.024068325757980347,0.01632755994796753,0.06087338924407959,-0.04527115821838379,0.020087003707885742,-0.08450555801391602
1769718997.717642,goal2.png,0.44623181223869324,0.10414372384548187,-0.5418016910552979,-1.7541159391403198,1.4900004863739014,0.5735478401184082,2.41428279876709,0.11803999543190002,-0.5203317403793335,-1.7271728515625,1.5302762985229492,0.5649014711380005,2.371361255645752,0.013896271586418152,0.021469950675964355,0.026943087577819824,0.04027581214904785,-0.008646368980407715,-0.04292154312133789
1769718997.8136432,goal2.png,0.5069882273674011,0.10202334076166153,-0.5454065203666687,-1.739242672920227,1.4796710014343262,0.580060601234436,2.388989210128784,0.15175281465053558,-0.5207582712173462,-1.7484943866729736,1.6086070537567139,0.5309835076332092,2.4079360961914062,0.049729473888874054,0.02464824914932251,-0.009251713752746582,0.1289360523223877,-0.04907709360122681,0.01894688606262207
1769718997.9123964,goal2.png,0.48038873076438904,0.11268611252307892,-0.546012282371521,-1.7367891073226929,1.5111441612243652,0.5702611804008484,2.3770086765289307,0.19147536158561707,-0.5251958966255188,-1.7783344984054565,1.6996519565582275,0.4689364731311798,2.480560302734375,0.07878924906253815,0.020816385746002197,-0.04154539108276367,0.1885077953338623,-0.10132470726966858,0.10355162620544434
1769718998.0138474,goal2.png,0.4576363265514374,0.13698025047779083,-0.5459820032119751,-1.7469974756240845,1.5652457475662231,0.5438011884689331,2.3982887268066406,0.2120511829853058,-0.5247968435287476,-1.8022408485412598,1.759637713432312,0.43287619948387146,2.532839775085449,0.07507093250751495,0.02118515968322754,-0.05524337291717529,0.19439196586608887,-0.11092498898506165,0.1345510482788086
1769718998.114269,goal2.png,0.5049840211868286,0.17496632039546967,-0.5485568046569824,-1.7723517417907715,1.6208919286727905,0.511903703212738,2.4345786571502686,0.22306916117668152,-0.5255434513092041,-1.8126237392425537,1.7826473712921143,0.43816179037094116,2.5563552379608154,0.04810284078121185,0.02301335334777832,-0.04027199745178223,0.16175544261932373,-0.07374191284179688,0.12177658081054688
1769718998.2198012,goal2.png,0.5617476105690002,0.20595501363277435,-0.5515859723091125,-1.7961914539337158,1.6811730861663818,0.48049095273017883,2.4789865016937256,0.22746559977531433,-0.5243716239929199,-1.8108265399932861,1.772676944732666,0.46195170283317566,2.550846576690674,0.021510586142539978,0.027214348316192627,-0.014635086059570312,0.09150385856628418,-0.018539249897003174,0.07186007499694824
1769718998.312852,goal2.png,0.6342751979827881,0.21798087656497955,-0.5518889427185059,-1.8108224868774414,1.737243413925171,0.45780229568481445,2.525181770324707,0.2274113893508911,-0.5218580961227417,-1.8109121322631836,1.767846941947937,0.4756775498390198,2.53946590423584,0.00943051278591156,0.03003084659576416,-8.96453857421875e-05,0.030603528022766113,0.017875254154205322,0.014284133911132812
1769718998.41763,goal2.png,0.6949578523635864,0.22207029163837433,-0.5509195923805237,-1.8152754306793213,1.7702616453170776,0.4597409665584564,2.546598196029663,0.22367644309997559,-0.5219163298606873,-1.820801019668579,1.8053131103515625,0.4596390128135681,2.5447723865509033,0.0016061514616012573,0.029003262519836426,-0.0055255889892578125,0.03505146503448486,-0.00010195374488830566,-0.0018258094787597656
1769718998.5214274,goal2.png,0.6996707916259766,0.22700786590576172,-0.5494958758354187,-1.8181228637695312,1.776774287223816,0.46707165241241455,2.5427510738372803,0.21800674498081207,-0.5204417109489441,-1.8253352642059326,1.8470145463943481,0.4488971531391144,2.540672779083252,-0.009001120924949646,0.02905416488647461,-0.007212400436401367,0.07024025917053223,-0.01817449927330017,-0.0020782947540283203
1769718998.622395,goal2.png,0.7140785455703735,0.22588710486888885,-0.5475571751594543,-1.8249385356903076,1.8061577081680298,0.45896854996681213,2.5434932708740234,0.2052607536315918,-0.5246462821960449,-1.8275336027145386,1.8897379636764526,0.4327811598777771,2.5346410274505615,-0.020626351237297058,0.022910892963409424,-0.002595067024230957,0.08358025550842285,-0.026187390089035034,-0.008852243423461914
1769718998.730571,goal2.png,0.7337257862091064,0.2168298363685608,-0.5473754405975342,-1.8284523487091064,1.8404781818389893,0.4496537148952484,2.5401763916015625,0.20499438047409058,-0.5286644101142883,-1.8260269165039062,1.9130198955535889,0.44114425778388977,2.5229265689849854,-0.011835455894470215,0.01871103048324585,0.0024254322052001953,0.07254171371459961,-0.008509457111358643,-0.01724982261657715
1769718998.818163,goal2.png,0.5839921236038208,0.20825716853141785,-0.5489506125450134,-1.8309061527252197,1.8762834072113037,0.4392484724521637,2.5353446006774902,0.20572909712791443,-0.5249742269515991,-1.8247888088226318,1.8853843212127686,0.4911665916442871,2.507768154144287,-0.002528071403503418,0.023976385593414307,0.006117343902587891,0.009100914001464844,0.05191811919212341,-0.027576446533203125
1769718998.9128697,goal2.png,0.42468366026878357,0.20722725987434387,-0.5510407090187073,-1.8309061527252197,1.896700143814087,0.4404147267341614,2.5292105674743652,0.20662780106067657,-0.5203481912612915,-1.8079173564910889,1.8119146823883057,0.5395491123199463,2.4767370223999023,-0.0005994588136672974,0.03069251775741577,0.02298879623413086,-0.08478546142578125,0.09913438558578491,-0.05247354507446289
1769718999.0166793,goal2.png,0.3899344801902771,0.20831772685050964,-0.5521008968353271,-1.8272711038589478,1.8738902807235718,0.48927563428878784,2.5077335834503174,0.18819959461688995,-0.5185546875,-1.7688572406768799,1.7035949230194092,0.5736052989959717,2.4151406288146973,-0.02011813223361969,0.03354620933532715,0.05841386318206787,-0.1702953577041626,0.08432966470718384,-0.09259295463562012
1769718999.117128,goal2.png,0.39624881744384766,0.20265315473079681,-0.5477995872497559,-1.8121553659439087,1.822121262550354,0.5271860361099243,2.4762754440307617,0.17094430327415466,-0.5289063453674316,-1.7333040237426758,1.6268107891082764,0.6084845662117004,2.367446184158325,-0.03170885145664215,0.01889324188232422,0.07885134220123291,-0.19531047344207764,0.08129853010177612,-0.10882925987243652
1769718999.2174096,goal2.png,0.3442666828632355,0.18923383951187134,-0.5460425615310669,-1.781772494316101,1.7659298181533813,0.5552817583084106,2.435093402862549,0.16006845235824585,-0.5388447046279907,-1.713390588760376,1.5829877853393555,0.6394344568252563,2.337756395339966,-0.02916538715362549,0.007197856903076172,0.0683819055557251,-0.18294203281402588,0.0841526985168457,-0.09733700752258301
1769718999.3183808,goal2.png,0.3872626721858978,0.17314884066581726,-0.5527068376541138,-1.74790620803833,1.70586097240448,0.5884817242622375,2.3925938606262207,0.15810170769691467,-0.5422772765159607,-1.6906239986419678,1.5495679378509521,0.6574958562850952,2.3007869720458984,-0.015047132968902588,0.010429561138153076,0.057282209396362305,-0.15629303455352783,0.06901413202285767,-0.09180688858032227
1769718999.4168527,goal2.png,0.3736433982849121,0.16315244138240814,-0.5627031326293945,-1.726944088935852,1.6501843929290771,0.6195915937423706,2.3539414405822754,0.15487805008888245,-0.5396389961242676,-1.672489881515503,1.5240252017974854,0.6634617447853088,2.2658777236938477,-0.008274391293525696,0.023064136505126953,0.05445420742034912,-0.1261591911315918,0.04387015104293823,-0.08806371688842773
1769718999.5181117,goal2.png,0.40896692872047424,0.15918421745300293,-0.568246603012085,-1.7027711868286133,1.5903880596160889,0.6470209360122681,2.3070342540740967,0.14450427889823914,-0.534298300743103,-1.663694977760315,1.4955166578292847,0.6678652763366699,2.249877691268921,-0.014679938554763794,0.033948302268981934,0.03907620906829834,-0.0948714017868042,0.020844340324401855,-0.05715656280517578
1769718999.6182668,goal2.png,0.46152952313423157,0.15591272711753845,-0.5658535361289978,-1.686171054840088,1.5346810817718506,0.6610310077667236,2.273667573928833,0.12768080830574036,-0.5343050956726074,-1.6589183807373047,1.4512442350387573,0.6689077019691467,2.25276780128479,-0.028231918811798096,0.03154844045639038,0.027252674102783203,-0.08343684673309326,0.007876694202423096,-0.02089977264404297
1769718999.713772,goal2.png,0.43120884895324707,0.15127798914909363,-0.5635815858840942,-1.679991602897644,1.5108716487884521,0.6645448207855225,2.2610056400299072,0.11073486506938934,-0.5335872769355774,-1.6554077863693237,1.4045281410217285,0.667351245880127,2.2596216201782227,-0.040543124079704285,0.029994308948516846,0.024583816528320312,-0.10634350776672363,0.002806425094604492,-0.0013840198516845703
1769718999.8142216,goal2.png,0.41862767934799194,0.13489007949829102,-0.5629152655601501,-1.6723580360412598,1.4709469079971313,0.66730135679245,2.2558257579803467,0.09589121490716934,-0.5311369895935059,-1.6492106914520264,1.3697258234024048,0.6545740365982056,2.2609612941741943,-0.038998864591121674,0.03177827596664429,0.0231473445892334,-0.10122108459472656,-0.012727320194244385,0.005135536193847656
1769718999.917705,goal2.png,0.4583442211151123,0.1105656549334526,-0.5620973110198975,-1.6646637916564941,1.40927255153656,0.6638026237487793,2.259082078933716,0.07885923236608505,-0.5325552225112915,-1.6495966911315918,1.351691722869873,0.645415186882019,2.2817654609680176,-0.031706422567367554,0.029542088508605957,0.015067100524902344,-0.05758082866668701,-0.018387436866760254,0.022683382034301758
1769719000.0118558,goal2.png,0.46850350499153137,0.10332586616277695,-0.5605221390724182,-1.661543846130371,1.3892191648483276,0.659168004989624,2.2600514888763428,0.06370072811841965,-0.5351725816726685,-1.6543852090835571,1.3434804677963257,0.6403192281723022,2.30433988571167,-0.0396251380443573,0.025349557399749756,0.007158637046813965,-0.04573869705200195,-0.018848776817321777,0.04428839683532715
1769719000.1118152,goal2.png,0.47355347871780396,0.08902806043624878,-0.5599161982536316,-1.6600595712661743,1.3650764226913452,0.6496108770370483,2.273607015609741,0.040205687284469604,-0.5362331867218018,-1.6725845336914062,1.3358893394470215,0.6307815909385681,2.3398923873901367,-0.048822373151779175,0.023683011531829834,-0.012524962425231934,-0.02918708324432373,-0.018829286098480225,0.06628537178039551
1769719000.2126102,goal2.png,0.33998751640319824,0.0699441060423851,-0.5617337822914124,-1.6621193885803223,1.3498092889785767,0.6426891684532166,2.2967047691345215,0.022383861243724823,-0.5298353433609009,-1.6928954124450684,1.3453733921051025,0.6051433682441711,2.3599295616149902,-0.04756024479866028,0.031898438930511475,-0.030776023864746094,-0.004435896873474121,-0.03754580020904541,0.06322479248046875
1769719000.3139865,goal2.png,0.6054133176803589,0.04855799302458763,-0.5632786154747009,-1.673721194267273,1.3415093421936035,0.6342377662658691,2.326784610748291,0.05539623647928238,-0.5204825401306152,-1.7282445430755615,1.447952151298523,0.5578320026397705,2.3974084854125977,0.006838243454694748,0.04279607534408569,-0.054523348808288574,0.10644280910491943,-0.07640576362609863,0.07062387466430664
1769719000.4119885,goal2.png,0.6050437092781067,0.030746355652809143,-0.5609462857246399,-1.6897759437561035,1.343720555305481,0.6147449016571045,2.349003791809082,0.11201155185699463,-0.5165693759918213,-1.7713303565979004,1.5437206029891968,0.4989281892776489,2.4453415870666504,0.08126519620418549,0.044376909732818604,-0.08155441284179688,0.20000000298023224,-0.11581671237945557,0.09633779525756836
1769719000.5110633,goal2.png,0.5703021287918091,0.04701313003897667,-0.5520100593566895,-1.7217944860458374,1.4008815288543701,0.5748958587646484,2.3837335109710693,0.1667763888835907,-0.5159872174263,-1.8077032566070557,1.600881576538086,0.4520966708660126,2.497393846511841,0.11976325511932373,0.036022841930389404,-0.08590877056121826,0.20000000298023224,-0.12279918789863586,0.11366033554077148
1769719000.6114788,goal2.png,0.4658013880252838,0.09157261997461319,-0.5447096824645996,-1.758659839630127,1.4568004608154297,0.5354102253913879,2.4134044647216797,0.19497233629226685,-0.5115646123886108,-1.830121397972107,1.6568005084991455,0.4141171872615814,2.5324203968048096,0.10339971631765366,0.03314507007598877,-0.07146155834197998,0.20000000298023224,-0.12129303812980652,0.11901593208312988
1769719000.712578,goal2.png,0.49771398305892944,0.1384342610836029,-0.5437100529670715,-1.796130895614624,1.5120832920074463,0.5003473162651062,2.449043035507202,0.20725023746490479,-0.5109017491340637,-1.8390915393829346,1.712083339691162,0.4147076904773712,2.5535709857940674,0.06881597638130188,0.03280830383300781,-0.04296064376831055,0.20000000298023224,-0.08563962578773499,0.10452795028686523
1769719000.8138385,goal2.png,0.5902259349822998,0.18023714423179626,-0.5411050319671631,-1.823848009109497,1.5720311403274536,0.46208858489990234,2.4858174324035645,0.21392442286014557,-0.5132691264152527,-1.8366954326629639,1.733077049255371,0.4357546269893646,2.556892156600952,0.033687278628349304,0.0278359055519104,-0.012847423553466797,0.16104590892791748,-0.02633395791053772,0.0710747241973877
1769719000.913127,goal2.png,0.6522207260131836,0.19895756244659424,-0.537560760974884,-1.8367222547531128,1.6280409097671509,0.4341442584991455,2.5273022651672363,0.21529948711395264,-0.5185425877571106,-1.8339018821716309,1.7439407110214233,0.4477245807647705,2.550527334213257,0.0163419246673584,0.019018173217773438,0.0028203725814819336,0.11589980125427246,0.013580322265625,0.023225069046020508
1769719001.0141156,goal2.png,0.6744676232337952,0.2110743373632431,-0.5378334522247314,-1.8403269052505493,1.684262752532959,0.430721253156662,2.5518083572387695,0.21002118289470673,-0.5245070457458496,-1.8418426513671875,1.7721586227416992,0.4444770812988281,2.553948402404785,-0.001053154468536377,0.013326406478881836,-0.0015157461166381836,0.08789587020874023,0.013755828142166138,0.002140045166015625
1769719001.1130114,goal2.png,0.7148030400276184,0.21392180025577545,-0.5418622493743896,-1.8399935960769653,1.7361830472946167,0.441717267036438,2.5518991947174072,0.20351742208003998,-0.5292363166809082,-1.8495349884033203,1.8145709037780762,0.4258294403553009,2.5580849647521973,-0.010404378175735474,0.012625932693481445,-0.00954139232635498,0.07838785648345947,-0.015887826681137085,0.006185770034790039
1769719001.2139792,goal2.png,0.734061598777771,0.21137724816799164,-0.5459820032119751,-1.8439922332763672,1.759871482849121,0.44317129254341125,2.553292751312256,0.1981864869594574,-0.5355848073959351,-1.853846549987793,1.8630752563476562,0.4055826663970947,2.559117078781128,-0.01319076120853424,0.010397195816040039,-0.009854316711425781,0.10320377349853516,-0.03758862614631653,0.00582432746887207
1769719001.3114393,goal2.png,0.7615519762039185,0.20704548060894012,-0.5515556931495667,-1.8512319326400757,1.7957673072814941,0.4326145350933075,2.5564582347869873,0.1994708776473999,-0.547690749168396,-1.8489255905151367,1.8993651866912842,0.40269115567207336,2.5551700592041016,-0.007574602961540222,0.0038649439811706543,0.002306342124938965,0.10359787940979004,-0.02992337942123413,-0.0012881755828857422
1769719001.412363,goal2.png,0.7679300308227539,0.20168381929397583,-0.558765172958374,-1.855745553970337,1.8438105583190918,0.41409099102020264,2.5587754249572754,0.21555541455745697,-0.556316614151001,-1.8341175317764282,1.8947031497955322,0.44768163561820984,2.5345919132232666,0.01387159526348114,0.002448558807373047,0.02162802219390869,0.05089259147644043,0.0335906445980072,-0.02418351173400879
1769719001.5131788,goal2.png,0.7705166339874268,0.1999874711036682,-0.5676103830337524,-1.8550487756729126,1.8810089826583862,0.408138632774353,2.5551557540893555,0.23401415348052979,-0.5607559680938721,-1.8038108348846436,1.8547801971435547,0.5106781125068665,2.4910645484924316,0.03402668237686157,0.006854414939880371,0.05123794078826904,-0.026228785514831543,0.10253947973251343,-0.06409120559692383
1769719001.6130295,goal2.png,0.7639855146408081,0.20986266434192657,-0.5774554014205933,-1.8467789888381958,1.8906116485595703,0.43421998620033264,2.5412819385528564,0.24827192723751068,-0.5614547729492188,-1.7660322189331055,1.798237681388855,0.5842688083648682,2.4339499473571777,0.038409262895584106,0.01600062847137451,0.08074676990509033,-0.09237396717071533,0.15004882216453552,-0.10733199119567871
1769719001.712262,goal2.png,0.7207094430923462,0.2287345677614212,-0.5837863683700562,-1.8220911026000977,1.8654389381408691,0.48085445165634155,2.5133376121520996,0.24935007095336914,-0.5629950761795044,-1.7346833944320679,1.7459667921066284,0.626883864402771,2.387932300567627,0.020615503191947937,0.020791292190551758,0.08740770816802979,-0.11947214603424072,0.14602941274642944,-0.12540531158447266
1769719001.8130665,goal2.png,0.6728497743606567,0.24457716941833496,-0.5856645107269287,-1.789072871208191,1.8192436695098877,0.523656964302063,2.486499071121216,0.236189067363739,-0.5537630319595337,-1.7025809288024902,1.6819446086883545,0.638330340385437,2.3364200592041016,-0.008388102054595947,0.03190147876739502,0.08649194240570068,-0.1372990608215332,0.11467337608337402,-0.15007901191711426
1769719001.9131424,goal2.png,0.4539943337440491,0.24815170466899872,-0.5871790647506714,-1.7584779262542725,1.7703827619552612,0.5605525970458984,2.452390193939209,0.22252929210662842,-0.5452853441238403,-1.6809914112091064,1.619448184967041,0.6392863988876343,2.303612470626831,-0.0256224125623703,0.041893720626831055,0.07748651504516602,-0.15093457698822021,0.07873380184173584,-0.14877772331237793
1769719002.0144026,goal2.png,0.4027094841003418,0.24012427031993866,-0.5849677324295044,-1.7262171506881714,1.7117677927017212,0.5846346616744995,2.4020450115203857,0.2089274376630783,-0.5401812791824341,-1.6676585674285889,1.5635894536972046,0.6511353850364685,2.287825345993042,-0.03119683265686035,0.04478645324707031,0.05855858325958252,-0.1481783390045166,0.066500723361969,-0.11421966552734375
1769719002.114009,goal2.png,0.40207844972610474,0.2283710241317749,-0.5769706964492798,-1.7016805410385132,1.6557883024215698,0.6049000024795532,2.3527297973632812,0.1967785656452179,-0.5434108376502991,-1.6510542631149292,1.5118993520736694,0.66758131980896,2.2776148319244385,-0.03159245848655701,0.03355985879898071,0.050626277923583984,-0.1438889503479004,0.06268131732940674,-0.07511496543884277
1769719002.2127097,goal2.png,0.4357745349407196,0.21576957404613495,-0.5698217749595642,-1.6848989725112915,1.599627137184143,0.6338590979576111,2.311199426651001,0.18046730756759644,-0.5449236631393433,-1.642825961112976,1.4745970964431763,0.678199291229248,2.2740797996520996,-0.03530226647853851,0.024898111820220947,0.04207301139831543,-0.1250300407409668,0.04434019327163696,-0.03711962699890137
1769719002.319436,goal2.png,0.4731912612915039,0.2017747312784195,-0.5701550245285034,-1.6680868864059448,1.5403457880020142,0.661561131477356,2.283951759338379,0.16133853793144226,-0.5467989444732666,-1.6408321857452393,1.4405802488327026,0.686133086681366,2.275662660598755,-0.040436193346977234,0.023356080055236816,0.027254700660705566,-0.09976553916931152,0.02457195520401001,-0.008289098739624023
1769719002.4192853,goal2.png,0.43363913893699646,0.18732544779777527,-0.5716695785522461,-1.657333254814148,1.4941504001617432,0.6717997789382935,2.2774693965911865,0.1444539576768875,-0.549271821975708,-1.6398520469665527,1.4089469909667969,0.6895952820777893,2.2756717205047607,-0.042871490120887756,0.022397756576538086,0.017481207847595215,-0.08520340919494629,0.01779550313949585,-0.0017976760864257812
1769719002.519931,goal2.png,0.44937217235565186,0.17063455283641815,-0.5724874138832092,-1.6533044576644897,1.4593148231506348,0.681175172328949,2.276272773742676,0.1270512491464615,-0.552373468875885,-1.6344581842422485,1.3806301355361938,0.6873096227645874,2.2693519592285156,-0.043583303689956665,0.02011394500732422,0.01884627342224121,-0.07868468761444092,0.006134450435638428,-0.006920814514160156
1769719002.619627,goal2.png,0.48611995577812195,0.15336816012859344,-0.5752440094947815,-1.6505478620529175,1.4257512092590332,0.6867033839225769,2.276015281677246,0.1097535565495491,-0.5537072420120239,-1.6270432472229004,1.3613996505737305,0.6757528185844421,2.2577521800994873,-0.04361460357904434,0.02153676748275757,0.02350461483001709,-0.06435155868530273,-0.010950565338134766,-0.01826310157775879
1769719002.7161663,goal2.png,0.46655532717704773,0.135344460606575,-0.5785761475563049,-1.6463371515274048,1.3964588642120361,0.6869760155677795,2.2726831436157227,0.09593874961137772,-0.5546212196350098,-1.6225409507751465,1.3503223657608032,0.6656799912452698,2.2520270347595215,-0.039405710995197296,0.023954927921295166,0.0237962007522583,-0.04613649845123291,-0.021296024322509766,-0.020656108856201172
1769719002.8179972,goal2.png,0.48422765731811523,0.1185324564576149,-0.5799998641014099,-1.6402485370635986,1.3735885620117188,0.6791152954101562,2.2634592056274414,0.08587989211082458,-0.5520068407058716,-1.6187657117843628,1.3399471044540405,0.6559973359107971,2.2462024688720703,-0.032652564346790314,0.02799302339553833,0.02148282527923584,-0.03364145755767822,-0.02311795949935913,-0.017256736755371094
1769719002.9115608,goal2.png,0.49845483899116516,0.1031138151884079,-0.5806359648704529,-1.634947419166565,1.35759437084198,0.6698156595230103,2.2556138038635254,0.07516872882843018,-0.5435634851455688,-1.6208945512771606,1.334649920463562,0.6410384178161621,2.24312686920166,-0.027945086359977722,0.03707247972488403,0.014052867889404297,-0.02294445037841797,-0.028777241706848145,-0.012486934661865234
1769719003.0118027,goal2.png,0.46871355175971985,0.09102731198072433,-0.580363392829895,-1.6317970752716064,1.346265196800232,0.6601373553276062,2.2494189739227295,0.06327226758003235,-0.5341229438781738,-1.6304261684417725,1.3362399339675903,0.6193974018096924,2.2459959983825684,-0.027755044400691986,0.04624044895172119,0.0013709068298339844,-0.010025262832641602,-0.04073995351791382,-0.003422975540161133
1769719003.1110137,goal2.png,0.48075515031814575,0.08042518049478531,-0.5760921835899353,-1.6314336061477661,1.3391464948654175,0.6473239064216614,2.244844913482666,0.05456633120775223,-0.5294822454452515,-1.634369134902954,1.341755747795105,0.6046302914619446,2.2492547035217285,-0.02585884928703308,0.04660993814468384,-0.0029355287551879883,0.0026092529296875,-0.0426936149597168,0.0044097900390625
1769719003.2112105,goal2.png,0.46753519773483276,0.06942915171384811,-0.5671862959861755,-1.6355229616165161,1.337843894958496,0.6286337375640869,2.246117115020752,0.05074432119727135,-0.5285760164260864,-1.6290549039840698,1.3369293212890625,0.5955057144165039,2.2452504634857178,-0.018684830516576767,0.03861027956008911,0.006468057632446289,-0.0009145736694335938,-0.03312802314758301,-0.0008666515350341797
1769719003.3115335,goal2.png,0.4482281804084778,0.05900871381163597,-0.5602191686630249,-1.6390974521636963,1.3403582572937012,0.6113370060920715,2.2484192848205566,0.04827408120036125,-0.5265211462974548,-1.626120924949646,1.3302568197250366,0.5867637395858765,2.2442972660064697,-0.01073463261127472,0.03369802236557007,0.012976527214050293,-0.01010143756866455,-0.02457326650619507,-0.004122018814086914
1769719003.4130754,goal2.png,0.47853153944015503,0.053313858807086945,-0.5586137771606445,-1.6378858089447021,1.3387527465820312,0.6005682945251465,2.246253490447998,0.04425428807735443,-0.5284931659698486,-1.6276946067810059,1.3228726387023926,0.5803195834159851,2.25256609916687,-0.009059570729732513,0.0301206111907959,0.010191202163696289,-0.015880107879638672,-0.020248711109161377,0.00631260871887207
1769719003.5115507,goal2.png,0.440461665391922,0.050557319074869156,-0.5572202801704407,-1.6364620923995972,1.3332396745681763,0.591586709022522,2.2450265884399414,0.0334661528468132,-0.5235898494720459,-1.6299852132797241,1.3149052858352661,0.5638664960861206,2.2587227821350098,-0.017091166228055954,0.033630430698394775,0.006476879119873047,-0.018334388732910156,-0.027720212936401367,0.01369619369506836
1769719003.6113741,goal2.png,0.47878777980804443,0.04689192399382591,-0.5558268427848816,-1.6365529298782349,1.3256968259811401,0.5830292701721191,2.2511000633239746,0.025661688297986984,-0.5132271647453308,-1.6372110843658447,1.3088617324829102,0.5448992252349854,2.2666823863983154,-0.021230235695838928,0.04259967803955078,-0.0006581544876098633,-0.01683509349822998,-0.03813004493713379,0.01558232307434082
1769719003.711945,goal2.png,0.44695329666137695,0.03813755512237549,-0.5540093183517456,-1.6376433372497559,1.318820595741272,0.5697916150093079,2.257007122039795,0.023396512493491173,-0.5079358816146851,-1.6460554599761963,1.3114079236984253,0.5283080339431763,2.2704970836639404,-0.014741042628884315,0.04607343673706055,-0.00841212272644043,-0.00741267204284668,-0.04148358106613159,0.013489961624145508
1769719003.8126922,goal2.png,0.44670727849006653,0.02862589806318283,-0.5467997789382935,-1.6422477960586548,1.3132469654083252,0.5521616339683533,2.263943910598755,0.02242087945342064,-0.5104011297225952,-1.6481447219848633,1.3197393417358398,0.5178005695343018,2.2650599479675293,-0.006205018609762192,0.03639864921569824,-0.005896925926208496,0.0064923763275146484,-0.034361064434051514,0.001116037368774414
1769719003.9117715,goal2.png,0.4756998121738434,0.024960579350590706,-0.537560760974884,-1.6488515138626099,1.3127622604370117,0.5363644957542419,2.2683515548706055,0.022532377392053604,-0.5151262879371643,-1.6387332677841187,1.3223881721496582,0.5135236382484436,2.2515454292297363,-0.0024282019585371017,0.022434473037719727,0.010118246078491211,0.009625911712646484,-0.02284085750579834,-0.01680612564086914
1769719004.0124602,goal2.png,0.4391952157020569,0.024748526513576508,-0.5368035435676575,-1.652910590171814,1.317063808441162,0.5233691930770874,2.265897750854492,0.021848302334547043,-0.5148175358772278,-1.6404428482055664,1.3283581733703613,0.5124282836914062,2.2492103576660156,-0.0029002241790294647,0.021986007690429688,0.012467741966247559,0.011294364929199219,-0.010940909385681152,-0.016687393188476562
1769719004.1116068,goal2.png,0.4438193738460541,0.02441534399986267,-0.5414683818817139,-1.6496390104293823,1.3205170631408691,0.5166141390800476,2.256507158279419,0.02263139933347702,-0.5132638812065125,-1.6479215621948242,1.332282304763794,0.5111857652664185,2.2507898807525635,-0.0017839446663856506,0.028204500675201416,0.0017174482345581055,0.011765241622924805,-0.00542837381362915,-0.005717277526855469
1769719004.2114234,goal2.png,0.4488256573677063,0.02217375673353672,-0.541771411895752,-1.6490634679794312,1.3251819610595703,0.5138121247291565,2.2520694732666016,0.022244008257985115,-0.5114490985870361,-1.6525942087173462,1.3315353393554688,0.5131803750991821,2.247462749481201,7.025152444839478e-05,0.03032231330871582,-0.003530740737915039,0.0063533782958984375,-0.0006317496299743652,-0.004606723785400391
1769719004.3110275,goal2.png,0.45526939630508423,0.022718993946909904,-0.5403476357460022,-1.6528197526931763,1.3294833898544312,0.5124338269233704,2.2512364387512207,0.02113887295126915,-0.5096107721328735,-1.6596776247024536,1.3393868207931519,0.5166099071502686,2.248779535293579,-0.0015801209956407547,0.030736863613128662,-0.006857872009277344,0.009903430938720703,0.004176080226898193,-0.0024569034576416016
1769719004.4117782,goal2.png,0.43782103061676025,0.02374890074133873,-0.5402265191078186,-1.6576058864593506,1.3306951522827148,0.5129790306091309,2.249025344848633,0.016490597277879715,-0.5063683390617371,-1.6714781522750854,1.3536701202392578,0.5068296194076538,2.257810592651367,-0.007258303463459015,0.03385818004608154,-0.013872265815734863,0.02297496795654297,-0.006149411201477051,0.008785247802734375
1769719004.5114148,goal2.png,0.4654502868652344,0.02229488641023636,-0.5384392738342285,-1.6633309125900269,1.3370261192321777,0.5147965550422668,2.2490856647491455,0.012485642917454243,-0.5068577527999878,-1.6934903860092163,1.3786693811416626,0.4982615113258362,2.285348653793335,-0.009809243492782116,0.03158152103424072,-0.030159473419189453,0.04164326190948486,-0.016535043716430664,0.03626298904418945
1769719004.6110046,goal2.png,0.5047925114631653,0.018144896253943443,-0.5354403853416443,-1.6745693683624268,1.3493852615356445,0.5085564255714417,2.256446599960327,0.008341715671122074,-0.5057730674743652,-1.7100207805633545,1.392683506011963,0.4956832528114319,2.309135913848877,-0.00980318058282137,0.029667317867279053,-0.035451412200927734,0.04329824447631836,-0.012873172760009766,0.052689313888549805
1769719004.7128406,goal2.png,0.34283018112182617,0.015176302753388882,-0.5348042845726013,-1.6918660402297974,1.3700443506240845,0.5012257695198059,2.2772269248962402,0.005676859989762306,-0.5023699402809143,-1.711310625076294,1.4038878679275513,0.5009635090827942,2.3103671073913574,-0.009499442763626575,0.03243434429168701,-0.019444584846496582,0.0338435173034668,-0.00026226043701171875,0.03314018249511719
1769719004.8114507,goal2.png,0.5336639285087585,0.011692680418491364,-0.5346224308013916,-1.7087386846542358,1.3844935894012451,0.4973635673522949,2.2991130352020264,0.03256477788090706,-0.5065919160842896,-1.7095816135406494,1.4366915225982666,0.5122925043106079,2.3101866245269775,0.020872097462415695,0.02803051471710205,-0.0008429288864135742,0.052197933197021484,0.014928936958312988,0.011073589324951172
1769719004.9111242,goal2.png,0.5336182713508606,0.007694178260862827,-0.5325626134872437,-1.7150393724441528,1.3981553316116333,0.49954456090927124,2.306473970413208,0.11103755235671997,-0.5247917175292969,-1.7275490760803223,1.523437261581421,0.5127375721931458,2.3499622344970703,0.10334337502717972,0.007770895957946777,-0.012509703636169434,0.1252819299697876,0.013193011283874512,0.043488264083862305
1769719005.011237,goal2.png,0.522301971912384,0.024475907906889915,-0.5322901010513306,-1.7163419723510742,1.4261146783828735,0.5078900456428528,2.311275005340576,0.19606034457683563,-0.5461190342903137,-1.7590992450714111,1.6261147260665894,0.5029401779174805,2.4131059646606445,0.17158444225788116,-0.013828933238983154,-0.042757272720336914,0.20000000298023224,-0.0049498677253723145,0.10183095932006836
1769719005.111166,goal2.png,0.462177038192749,0.067702516913414,-0.5423166155815125,-1.7287009954452515,1.481427788734436,0.5111615657806396,2.3398101329803467,0.2482806146144867,-0.554949164390564,-1.7810213565826416,1.6814278364181519,0.49115341901779175,2.461777925491333,0.1805780977010727,-0.012632548809051514,-0.05232036113739014,0.20000000298023224,-0.0200081467628479,0.12196779251098633
1769719005.2120352,goal2.png,0.45540204644203186,0.11441274732351303,-0.563642144203186,-1.7542674541473389,1.5374680757522583,0.5046336054801941,2.3917760848999023,0.2638002634048462,-0.5518567562103271,-1.7992819547653198,1.7291996479034424,0.4873068928718567,2.5006601810455322,0.14938750863075256,0.011785387992858887,-0.04501450061798096,0.19173157215118408,-0.017326712608337402,0.10888409614562988
1769719005.3114238,goal2.png,0.5396206378936768,0.1579119712114334,-0.579575777053833,-1.7780770063400269,1.597567081451416,0.49512195587158203,2.443484306335449,0.2633962035179138,-0.544440746307373,-1.804294466972351,1.7350616455078125,0.50042724609375,2.5163636207580566,0.10548423230648041,0.03513503074645996,-0.02621746063232422,0.13749456405639648,0.005305290222167969,0.07287931442260742
1769719005.4112258,goal2.png,0.544092059135437,0.195504292845726,-0.5783337354660034,-1.7959492206573486,1.653364896774292,0.4901691973209381,2.483696937561035,0.258743017911911,-0.5358219146728516,-1.799168348312378,1.726122498512268,0.5173046588897705,2.5105531215667725,0.063238725066185,0.042511820793151855,-0.003219127655029297,0.07275760173797607,0.027135461568832397,0.026856184005737305
1769719005.5113513,goal2.png,0.603084146976471,0.24057866632938385,-0.5728206634521484,-1.804006814956665,1.7091628313064575,0.49812087416648865,2.5052497386932373,0.25701162219047546,-0.5280537009239197,-1.800142526626587,1.7331562042236328,0.5301408171653748,2.508920192718506,0.016432955861091614,0.04476696252822876,0.003864288330078125,0.023993372917175293,0.03201994299888611,0.0036704540252685547
1769719005.611045,goal2.png,0.6804405450820923,0.26563015580177307,-0.5678225159645081,-1.8045520782470703,1.7266110181808472,0.511297881603241,2.509763240814209,0.254117876291275,-0.5245129466056824,-1.8136773109436035,1.7480838298797607,0.5368219614028931,2.520346164703369,-0.011512279510498047,0.043309569358825684,-0.009125232696533203,0.021472811698913574,0.0255240797996521,0.010582923889160156
1769719005.7118073,goal2.png,0.6586594581604004,0.26054105162620544,-0.5585834980010986,-1.8050367832183838,1.7313363552093506,0.5239598751068115,2.5096421241760254,0.24608777463436127,-0.5198909640312195,-1.8314108848571777,1.7650175094604492,0.5270635485649109,2.5287392139434814,-0.014453276991844177,0.03869253396987915,-0.026374101638793945,0.03368115425109863,0.0031036734580993652,0.019097089767456055
1769719005.812119,goal2.png,0.6625571250915527,0.25030237436294556,-0.5523433089256287,-1.8153057098388672,1.7423627376556396,0.5318509340286255,2.5172300338745117,0.23666611313819885,-0.5186651945114136,-1.843393325805664,1.7872213125228882,0.509645938873291,2.534878730773926,-0.013636261224746704,0.03367811441421509,-0.028087615966796875,0.044858574867248535,-0.022204995155334473,0.017648696899414062
1769719005.9111092,goal2.png,0.7002425193786621,0.2487272322177887,-0.5495564341545105,-1.8292702436447144,1.7578418254852295,0.5282159447669983,2.52468204498291,0.2281058132648468,-0.5157755613327026,-1.8475191593170166,1.8227438926696777,0.4864158630371094,2.5291216373443604,-0.020621418952941895,0.03378087282180786,-0.018248915672302246,0.06490206718444824,-0.041800081729888916,0.004439592361450195
1769719006.010875,goal2.png,0.7366679906845093,0.2446075975894928,-0.5456487536430359,-1.8425685167312622,1.779409646987915,0.5149783492088318,2.531921625137329,0.2129722684621811,-0.5168082118034363,-1.8518154621124268,1.8727926015853882,0.44891300797462463,2.5225582122802734,-0.03163532912731171,0.02884054183959961,-0.00924694538116455,0.09338295459747314,-0.06606534123420715,-0.009363412857055664
1769719006.1112692,goal2.png,0.7418878674507141,0.23188485205173492,-0.5426801443099976,-1.849687099456787,1.8101863861083984,0.49428892135620117,2.5299527645111084,0.20521792769432068,-0.5219224691390991,-1.853459119796753,1.909769892692566,0.4384165108203888,2.5148818492889404,-0.026666924357414246,0.020757675170898438,-0.0037720203399658203,0.09958350658416748,-0.05587241053581238,-0.015070915222167969
1769719006.2115183,goal2.png,0.773643970489502,0.21470938622951508,-0.5426195859909058,-1.8541702032089233,1.8532617092132568,0.462982177734375,2.5244245529174805,0.2113528847694397,-0.5270326733589172,-1.8449835777282715,1.9058347940444946,0.4871492385864258,2.4991023540496826,-0.0033565014600753784,0.015586912631988525,0.009186625480651855,0.05257308483123779,0.02416706085205078,-0.02532219886779785
1769719006.3109837,goal2.png,0.7841629981994629,0.20995351672172546,-0.5450126528739929,-1.8565936088562012,1.8934286832809448,0.44800281524658203,2.5172300338745117,0.2258908748626709,-0.5194768905639648,-1.8017332553863525,1.848310947418213,0.5617585182189941,2.4295496940612793,0.015937358140945435,0.025535762310028076,0.05486035346984863,-0.045117735862731934,0.11375570297241211,-0.08768033981323242
1769719006.411325,goal2.png,0.7556020021438599,0.2138308882713318,-0.5493746995925903,-1.8521103858947754,1.8996686935424805,0.4752807319164276,2.5041894912719727,0.2397175133228302,-0.5164289474487305,-1.759636402130127,1.7902182340621948,0.6252914071083069,2.3656225204467773,0.025886625051498413,0.03294575214385986,0.09247398376464844,-0.10945045948028564,0.15001067519187927,-0.1385669708251953
1769719006.5112634,goal2.png,0.718194842338562,0.22161591053009033,-0.549465537071228,-1.8238177299499512,1.8646211624145508,0.5145391225814819,2.4727160930633545,0.24555782973766327,-0.5170353651046753,-1.7275952100753784,1.7416011095046997,0.6649290323257446,2.321600914001465,0.023941919207572937,0.032430171966552734,0.09622251987457275,-0.12302005290985107,0.1503899097442627,-0.15111517906188965
1769719006.6111329,goal2.png,0.6865866780281067,0.23439906537532806,-0.5437706112861633,-1.7830750942230225,1.8110345602035522,0.5526766180992126,2.4364264011383057,0.23187096416950226,-0.5125600695610046,-1.7003872394561768,1.6917937994003296,0.6690877676010132,2.281806707382202,-0.0025281012058258057,0.03121054172515869,0.0826878547668457,-0.11924076080322266,0.11641114950180054,-0.15461969375610352
1769719006.7114573,goal2.png,0.6316564083099365,0.2441532015800476,-0.5422863364219666,-1.74966299533844,1.762415885925293,0.586527943611145,2.399576187133789,0.20147955417633057,-0.5050380229949951,-1.6935703754425049,1.635080337524414,0.6396316289901733,2.2668607234954834,-0.04267364740371704,0.037248313426971436,0.05609261989593506,-0.1273355484008789,0.05310368537902832,-0.13271546363830566
1769719006.8112738,goal2.png,0.5900723338127136,0.23688313364982605,-0.5423771739006042,-1.7227638959884644,1.7127976417541504,0.6084290146827698,2.352623701095581,0.16336500644683838,-0.5036160945892334,-1.7088655233383179,1.585510015487671,0.5950836539268494,2.296680212020874,-0.07351812720298767,0.03876107931137085,0.013898372650146484,-0.1272876262664795,-0.01334536075592041,-0.05594348907470703
1769719006.9119632,goal2.png,0.5357134342193604,0.21016556024551392,-0.5359553098678589,-1.70995032787323,1.6589993238449097,0.6249986886978149,2.2976436614990234,0.13307107985019684,-0.5044196248054504,-1.7192802429199219,1.5536844730377197,0.5530569553375244,2.327996253967285,-0.07709448039531708,0.03153568506240845,-0.009329915046691895,-0.10531485080718994,-0.07194173336029053,0.03035259246826172
1769719007.0113258,goal2.png,0.5685219168663025,0.17290650308132172,-0.5307753682136536,-1.7143425941467285,1.6057157516479492,0.6082624197006226,2.292236566543579,0.10518138110637665,-0.5062980651855469,-1.731544852256775,1.541953206062317,0.514850378036499,2.365142822265625,-0.06772512197494507,0.02447730302810669,-0.017202258110046387,-0.06376254558563232,-0.09341204166412354,0.0729062557220459
1769719007.111101,goal2.png,0.5850459933280945,0.1447046399116516,-0.5321385264396667,-1.7220064401626587,1.5699408054351807,0.5690646171569824,2.318439245223999,0.08732815086841583,-0.5165694952011108,-1.739412546157837,1.5317716598510742,0.5063624382019043,2.4014945030212402,-0.05737648904323578,0.015569031238555908,-0.017406105995178223,-0.038169145584106445,-0.06270217895507812,0.08305525779724121
1769719007.2114787,goal2.png,0.5973443984985352,0.11750247329473495,-0.5331987142562866,-1.7334266901016235,1.5510388612747192,0.5326385498046875,2.3511393070220947,0.08858218789100647,-0.5225942730903625,-1.7298321723937988,1.5107300281524658,0.5201085805892944,2.403233528137207,-0.028920285403728485,0.010604441165924072,0.003594517707824707,-0.04030883312225342,-0.012529969215393066,0.052094221115112305
1769719007.3113613,goal2.png,0.5414925813674927,0.09508645534515381,-0.5378637313842773,-1.7413630485534668,1.5378919839859009,0.5146299600601196,2.38617205619812,0.08091969788074493,-0.5178737640380859,-1.7181131839752197,1.4820516109466553,0.5372529625892639,2.384519577026367,-0.014166757464408875,0.019989967346191406,0.02324986457824707,-0.055840373039245605,0.022623002529144287,-0.0016524791717529297
1769719007.4111705,goal2.png,0.5422912240028381,0.08884628862142563,-0.5463455319404602,-1.7390003204345703,1.5182325839996338,0.5187345743179321,2.397001266479492,0.06791996210813522,-0.5089333057403564,-1.7194197177886963,1.461120367050171,0.5423064827919006,2.3734898567199707,-0.020926326513290405,0.03741222620010376,0.019580602645874023,-0.05711221694946289,0.023571908473968506,-0.023511409759521484
1769719007.5114768,goal2.png,0.5468373894691467,0.08563535660505295,-0.5469513535499573,-1.7319120168685913,1.493302345275879,0.5308058857917786,2.3882622718811035,0.05159379541873932,-0.5028789043426514,-1.7362010478973389,1.454698085784912,0.5439773797988892,2.3849434852600098,-0.03404156118631363,0.04407244920730591,-0.004289031028747559,-0.0386042594909668,0.013171494007110596,-0.00331878662109375
1769719007.6147861,goal2.png,0.5709540843963623,0.07370034605264664,-0.5378940105438232,-1.7297309637069702,1.4706438779830933,0.5391664505004883,2.3787505626678467,0.04010589420795441,-0.5013314485549927,-1.7510892152786255,1.4526803493499756,0.5520948767662048,2.3984761238098145,-0.03359445184469223,0.036562561988830566,-0.021358251571655273,-0.017963528633117676,0.012928426265716553,0.019725561141967773
1769719007.7119849,goal2.png,0.5886630415916443,0.0556766539812088,-0.5325020551681519,-1.7387276887893677,1.4601023197174072,0.5425136685371399,2.3830368518829346,0.030981793999671936,-0.49979403614997864,-1.7734888792037964,1.4669933319091797,0.5284934043884277,2.4293630123138428,-0.024694859981536865,0.03270801901817322,-0.03476119041442871,0.006891012191772461,-0.014020264148712158,0.0463261604309082
1769719007.8112874,goal2.png,0.5569172501564026,0.04404453560709953,-0.5313207507133484,-1.7509959936141968,1.4562551975250244,0.5479965806007385,2.394547700881958,0.047722190618515015,-0.5010363459587097,-1.7820029258728027,1.4902243614196777,0.4910221993923187,2.4475719928741455,0.0036776550114154816,0.030284404754638672,-0.031006932258605957,0.03396916389465332,-0.0569743812084198,0.0530242919921875
1769719007.911573,goal2.png,0.6059850454330444,0.038016427308321,-0.5281702876091003,-1.7716853618621826,1.4632830619812012,0.5329565405845642,2.4190690517425537,0.06430402398109436,-0.5059227347373962,-1.7795991897583008,1.499153733253479,0.4440973401069641,2.454005002975464,0.02628759667277336,0.0222475528717041,-0.007913827896118164,0.03587067127227783,-0.0888592004776001,0.034935951232910156
1769719008.0108235,goal2.png,0.595758855342865,0.045104727149009705,-0.5268374085426331,-1.7821663618087769,1.4825485944747925,0.5014227032661438,2.440031051635742,0.06674964725971222,-0.5100693702697754,-1.777287483215332,1.5136598348617554,0.38559743762016296,2.451132297515869,0.021644920110702515,0.016768038272857666,0.004878878593444824,0.03111124038696289,-0.11582526564598083,0.011101245880126953
1769719008.1112216,goal2.png,0.6342923641204834,0.05764561891555786,-0.5307753682136536,-1.7847715616226196,1.4939687252044678,0.4602256715297699,2.449603319168091,0.06256808340549469,-0.5181938409805298,-1.793818473815918,1.5476770401000977,0.328143835067749,2.4733965396881104,0.004922464489936829,0.01258152723312378,-0.00904691219329834,0.05370831489562988,-0.13208183646202087,0.02379322052001953
1769719008.2110531,goal2.png,0.6152157783508301,0.06658176332712173,-0.5345315933227539,-1.784650206565857,1.508690595626831,0.40694206953048706,2.450784683227539,0.05165358632802963,-0.5359086990356445,-1.822503924369812,1.587699294090271,0.29579460620880127,2.5146782398223877,-0.014928176999092102,-0.001377105712890625,-0.03785371780395508,0.07900869846343994,-0.11114746332168579,0.06389355659484863
1769719008.3110757,goal2.png,0.5337262153625488,0.06355252861976624,-0.5405597686767578,-1.7974334955215454,1.5399821996688843,0.3505839407444,2.4690961837768555,0.043524324893951416,-0.5454566478729248,-1.8332654237747192,1.5988729000091553,0.29247480630874634,2.5271389484405518,-0.02002820372581482,-0.004896879196166992,-0.03583192825317383,0.058890700340270996,-0.058109134435653687,0.05804276466369629
1769719008.4110472,goal2.png,0.5828751921653748,0.053404707461595535,-0.5541002750396729,-1.8191224336624146,1.5727277994155884,0.31241607666015625,2.501720666885376,0.04947764798998833,-0.5471975803375244,-1.8119397163391113,1.5789520740509033,0.32256656885147095,2.4983372688293457,-0.003927059471607208,0.0069026947021484375,0.007182717323303223,0.006224274635314941,0.010150492191314697,-0.0033833980560302734
1769719008.511935,goal2.png,0.5993994474411011,0.04713426157832146,-0.5691249966621399,-1.8307243585586548,1.590175986289978,0.30087482929229736,2.516896963119507,0.07124388962984085,-0.5476844310760498,-1.7865540981292725,1.5588778257369995,0.3392466902732849,2.4675378799438477,0.024109628051519394,0.021440565586090088,0.044170260429382324,-0.031298160552978516,0.03837186098098755,-0.04935908317565918
1769719008.6111007,goal2.png,0.5708998441696167,0.05061788484454155,-0.571942150592804,-1.8226667642593384,1.5824211835861206,0.31618744134902954,2.5031898021698,0.08901897817850113,-0.542951226234436,-1.7704832553863525,1.535593867301941,0.3709702491760254,2.4413232803344727,0.03840109333395958,0.02899092435836792,0.05218350887298584,-0.04682731628417969,0.05478280782699585,-0.06186652183532715
1769719008.7117949,goal2.png,0.6589818000793457,0.06742990016937256,-0.5712757706642151,-1.801189661026001,1.5639734268188477,0.3360741138458252,2.47548770904541,0.10245516896247864,-0.5381674766540527,-1.7550318241119385,1.5068552494049072,0.4052490293979645,2.4213857650756836,0.03502526879310608,0.033108294010162354,0.0461578369140625,-0.05711817741394043,0.06917491555213928,-0.05410194396972656
1769719008.8115284,goal2.png,0.6777249574661255,0.08454488962888718,-0.571548342704773,-1.784317135810852,1.5423753261566162,0.3632611334323883,2.449784994125366,0.10365749150514603,-0.5235631465911865,-1.7288181781768799,1.4589662551879883,0.4214329123497009,2.3849802017211914,0.01911260187625885,0.047985196113586426,0.05549895763397217,-0.08340907096862793,0.05817177891731262,-0.0648047924041748
1769719008.911107,goal2.png,0.7052620649337769,0.09959998726844788,-0.566429078578949,-1.7681714296340942,1.5134161710739136,0.39484044909477234,2.4261724948883057,0.09128178656101227,-0.5114871263504028,-1.7328286170959473,1.429354190826416,0.4294062554836273,2.390906572341919,-0.008318200707435608,0.05494195222854614,0.03534281253814697,-0.08406198024749756,0.03456580638885498,-0.03526592254638672
1769719009.0107772,goal2.png,0.585839033126831,0.10205362737178802,-0.5563115477561951,-1.7470277547836304,1.4735519886016846,0.41377291083335876,2.398637056350708,0.07215110957622528,-0.5046486854553223,-1.7448045015335083,1.4134291410446167,0.44193774461746216,2.4166407585144043,-0.029902517795562744,0.0516628623008728,0.0022232532501220703,-0.06012284755706787,0.028164833784103394,0.01800370216369629
1769719009.1110537,goal2.png,0.6028947830200195,0.09048207104206085,-0.5419835448265076,-1.7444528341293335,1.4400793313980103,0.42720741033554077,2.398500919342041,0.054128170013427734,-0.5060809850692749,-1.7556326389312744,1.400611400604248,0.467910498380661,2.4500770568847656,-0.03635390102863312,0.035902559757232666,-0.011179804801940918,-0.03946793079376221,0.04070308804512024,0.05157613754272461
1769719009.2114825,goal2.png,0.6262699365615845,0.07454848289489746,-0.5341984629631042,-1.7494813203811646,1.42029869556427,0.44224733114242554,2.4167213439941406,0.04172502085566521,-0.5061339139938354,-1.7640633583068848,1.3919126987457275,0.49121755361557007,2.4727818965911865,-0.032823462039232254,0.0280645489692688,-0.014582037925720215,-0.02838599681854248,0.04897022247314453,0.0560605525970459
1769719009.3108363,goal2.png,0.5674886703491211,0.05891786515712738,-0.5340469479560852,-1.7592353820800781,1.4061826467514038,0.46273988485336304,2.4422121047973633,0.03132621571421623,-0.5003243088722229,-1.7679204940795898,1.3809940814971924,0.5040140748023987,2.4678008556365967,-0.027591649442911148,0.033722639083862305,-0.008685111999511719,-0.025188565254211426,0.041274189949035645,0.0255887508392334
1769719009.4111726,goal2.png,0.6271563768386841,0.04468062147498131,-0.5337440967559814,-1.7679897546768188,1.3955501317977905,0.48501962423324585,2.4631893634796143,0.03219129145145416,-0.4943893551826477,-1.7663995027542114,1.3746647834777832,0.504895806312561,2.445627212524414,-0.012489330023527145,0.03935474157333374,0.0015902519226074219,-0.020885348320007324,0.019876182079315186,-0.017562150955200195
1769719009.5110464,goal2.png,0.6213512420654297,0.03586568683385849,-0.5295637249946594,-1.7721396684646606,1.385008692741394,0.4986206889152527,2.463552713394165,0.03428715839982033,-0.48491373658180237,-1.7708179950714111,1.3857533931732178,0.501273512840271,2.4261598587036133,-0.0015785284340381622,0.044649988412857056,0.0013216733932495117,0.0007447004318237305,0.0026528239250183105,-0.03739285469055176
1769719009.6109781,goal2.png,0.6058456897735596,0.03362410143017769,-0.521960437297821,-1.7730786800384521,1.3790713548660278,0.5020437240600586,2.447195053100586,0.03348543494939804,-0.47781211137771606,-1.7836439609527588,1.404146432876587,0.5001453161239624,2.4231667518615723,-0.00013866648077964783,0.04414832592010498,-0.01056528091430664,0.025075078010559082,-0.0018984079360961914,-0.024028301239013672
1769719009.7115068,goal2.png,0.6376004219055176,0.034532878547906876,-0.5133576393127441,-1.7774105072021484,1.3857659101486206,0.5012863874435425,2.4331395626068115,0.03623897582292557,-0.4744237959384918,-1.8000502586364746,1.4233288764953613,0.49984997510910034,2.4309394359588623,0.001706097275018692,0.03893384337425232,-0.022639751434326172,0.03756296634674072,-0.0014364123344421387,-0.0022001266479492188
1769719009.8116994,goal2.png,0.6303380727767944,0.03504783287644386,-0.5052999258041382,-1.7893757820129395,1.4033654928207397,0.5004836320877075,2.428096055984497,0.04404016584157944,-0.4756377339363098,-1.8108597993850708,1.4349896907806396,0.5069628953933716,2.4350838661193848,0.008992332965135574,0.02966219186782837,-0.021484017372131348,0.0316241979598999,0.0064792633056640625,0.006987810134887695
1769719009.910772,goal2.png,0.6857609748840332,0.03662297874689102,-0.5016344785690308,-1.8020378351211548,1.4186023473739624,0.501377284526825,2.4305951595306396,0.04309273511171341,-0.47110801935195923,-1.8266594409942627,1.4374284744262695,0.5073664784431458,2.4434897899627686,0.006469756364822388,0.030526459217071533,-0.02462160587310791,0.01882612705230713,0.005989193916320801,0.012894630432128906
1769719010.0108173,goal2.png,0.6275647878646851,0.04201493039727211,-0.4999382197856903,-1.8156994581222534,1.4305070638656616,0.5052849054336548,2.4353206157684326,0.029894327744841576,-0.4608887732028961,-1.839251160621643,1.4303785562515259,0.4665582776069641,2.4566094875335693,-0.012120602652430534,0.03904944658279419,-0.02355170249938965,-0.0001285076141357422,-0.038726627826690674,0.02128887176513672
1769719010.111227,goal2.png,0.6658942699432373,0.04240875318646431,-0.4963335394859314,-1.8298457860946655,1.4336272478103638,0.4963790476322174,2.444650650024414,0.019592687487602234,-0.45507845282554626,-1.8419514894485474,1.4331910610198975,0.3932792544364929,2.475104808807373,-0.022816065698862076,0.04125508666038513,-0.012105703353881836,-0.0004361867904663086,-0.10309979319572449,0.030454158782958984
1769719010.210863,goal2.png,0.6312415599822998,0.03195803239941597,-0.4883666932582855,-1.8400238752365112,1.4322640895843506,0.4655267298221588,2.452359914779663,0.02313140034675598,-0.4675825238227844,-1.8381363153457642,1.448801040649414,0.34001922607421875,2.5029735565185547,-0.008826632052659988,0.0207841694355011,0.0018875598907470703,0.016536951065063477,-0.12550750374794006,0.0506136417388916
1769719010.3108065,goal2.png,0.8013023734092712,0.021961703896522522,-0.48336854577064514,-1.844658613204956,1.4358384609222412,0.4074419140815735,2.4690961837768555,0.03425337001681328,-0.49367737770080566,-1.8355884552001953,1.4725375175476074,0.32078778743743896,2.5370264053344727,0.012291666120290756,-0.010308831930160522,0.009070158004760742,0.03669905662536621,-0.08665412664413452,0.06793022155761719
1769719010.4110053,goal2.png,0.6834900379180908,0.025475533679127693,-0.4908203184604645,-1.8439922332763672,1.45059072971344,0.36288246512413025,2.4949049949645996,0.05900340527296066,-0.5150224566459656,-1.8225438594818115,1.47092604637146,0.35641705989837646,2.5368738174438477,0.03352787345647812,-0.0242021381855011,0.021448373794555664,0.02033531665802002,-0.006465405225753784,0.04196882247924805
1769719010.5108848,goal2.png,0.6048023700714111,0.040803249925374985,-0.5136604309082031,-1.8398422002792358,1.464737057685852,0.34099650382995605,2.527695894241333,0.07026448100805283,-0.5232824087142944,-1.8162224292755127,1.463455080986023,0.3950372040271759,2.528059959411621,0.02946123108267784,-0.009621977806091309,0.023619771003723145,-0.0012819766998291016,0.05404070019721985,0.00036406517028808594
1769719010.6111424,goal2.png,0.568416178226471,0.05655507370829582,-0.5360158681869507,-1.8319058418273926,1.4672209024429321,0.361367791891098,2.531921625137329,0.0638788491487503,-0.5334612131118774,-1.8202401399612427,1.4736826419830322,0.38416436314582825,2.531097888946533,0.007323775440454483,0.002554655075073242,0.011665701866149902,0.006461739540100098,0.022796571254730225,-0.0008237361907958984
1769719010.711371,goal2.png,0.6218721866607666,0.06555178016424179,-0.5475874543190002,-1.8275740146636963,1.4666152000427246,0.38128480315208435,2.5301496982574463,0.042447030544281006,-0.5574013590812683,-1.848404884338379,1.5187742710113525,0.3448920249938965,2.573254108428955,-0.023104749619960785,-0.009813904762268066,-0.020830869674682617,0.05215907096862793,-0.036392778158187866,0.04310441017150879
1769719010.8116777,goal2.png,0.6417646408081055,0.05991749092936516,-0.5569475889205933,-1.8327841758728027,1.4843056201934814,0.37181857228279114,2.5428874492645264,0.011531524360179901,-0.5888156294822693,-1.886465311050415,1.5672857761383057,0.31891095638275146,2.637620449066162,-0.04838596656918526,-0.031868040561676025,-0.053681135177612305,0.08298015594482422,-0.05290761590003967,0.09473299980163574
1769719010.9110193,goal2.png,0.5835758447647095,0.0406821183860302,-0.5797877311706543,-1.8537462949752808,1.5169602632522583,0.35159868001937866,2.575042247772217,-0.01375957578420639,-0.602421224117279,-1.91251540184021,1.5942537784576416,0.31484249234199524,2.6720430850982666,-0.05444169417023659,-0.022633492946624756,-0.0587691068649292,0.0772935152053833,-0.03675618767738342,0.0970008373260498
1769719011.0112383,goal2.png,0.592529296875,0.010783977806568146,-0.6075655817985535,-1.888157844543457,1.5614591836929321,0.3301520347595215,2.627265691757202,-0.019688662141561508,-0.5956460237503052,-1.9108757972717285,1.6106997728347778,0.32111597061157227,2.6524131298065186,-0.030472639948129654,0.011919558048248291,-0.022717952728271484,0.0492405891418457,-0.009036064147949219,0.025147438049316406
1769719011.1116612,goal2.png,0.6749522686004639,-0.008936139754951,-0.6207728385925293,-1.9079384803771973,1.5890854597091675,0.3197164535522461,2.654210329055786,-0.005278421565890312,-0.5830339193344116,-1.8923203945159912,1.6487758159637451,0.26464033126831055,2.6168408393859863,0.003657718189060688,0.037738919258117676,0.015618085861206055,0.05969035625457764,-0.05507612228393555,-0.037369489669799805
1769719011.2109232,goal2.png,0.6456935405731201,-0.012359121814370155,-0.6209847927093506,-1.9088472127914429,1.6145912408828735,0.3060547411441803,2.6445775032043457,0.03387992084026337,-0.5819138884544373,-1.8838342428207397,1.7181341648101807,0.18559522926807404,2.6215710639953613,0.04623904079198837,0.03907090425491333,0.025012969970703125,0.10354292392730713,-0.12045951187610626,-0.023006439208984375
1769719011.3109,goal2.png,0.6054583191871643,0.0037562414072453976,-0.6121093034744263,-1.9000322818756104,1.650517463684082,0.25922340154647827,2.6286439895629883,0.07635417580604553,-0.5836011171340942,-1.878972053527832,1.7931883335113525,0.13613568246364594,2.6354172229766846,0.072597935795784,0.02850818634033203,0.02106022834777832,0.1426708698272705,-0.12308771908283234,0.006773233413696289
1769719011.410849,goal2.png,0.584383487701416,0.037562038749456406,-0.6067779064178467,-1.8910658359527588,1.710404634475708,0.18937015533447266,2.62461519241333,0.12090054154396057,-0.5788881778717041,-1.8628891706466675,1.8492236137390137,0.16567569971084595,2.619175434112549,0.08333849906921387,0.027889728546142578,0.02817666530609131,0.13881897926330566,-0.02369445562362671,-0.00543975830078125
1769719011.5110302,goal2.png,0.5583840608596802,0.07812295109033585,-0.6075655817985535,-1.882493257522583,1.766384243965149,0.16250117123126984,2.6282804012298584,0.1644064038991928,-0.5776522755622864,-1.8359322547912598,1.8839218616485596,0.22170144319534302,2.5955729484558105,0.08628345280885696,0.02991330623626709,0.04656100273132324,0.11753761768341064,0.05920027196407318,-0.03270745277404785
1769719011.6111054,goal2.png,0.5760324001312256,0.1185324564576149,-0.6058085560798645,-1.8676198720932007,1.8225455284118652,0.17990387976169586,2.6164817810058594,0.19719719886779785,-0.5798118710517883,-1.814052939414978,1.900693416595459,0.27835988998413086,2.586676836013794,0.07866474241018295,0.025996685028076172,0.053566932678222656,0.07814788818359375,0.098456010222435,-0.02980494499206543
1769719011.7114053,goal2.png,0.570149838924408,0.15945683419704437,-0.6033549308776855,-1.8442648649215698,1.8753139972686768,0.22376668453216553,2.6023354530334473,0.20435890555381775,-0.5817738175392151,-1.8167023658752441,1.8832569122314453,0.3424820303916931,2.6063547134399414,0.044902071356773376,0.02158111333847046,0.027562499046325684,0.007942914962768555,0.11871534585952759,0.004019260406494141
1769719011.8110008,goal2.png,0.5641354322433472,0.19226300716400146,-0.6040515899658203,-1.8280889987945557,1.8876127004623413,0.28236648440361023,2.592505693435669,0.19518440961837769,-0.5813785195350647,-1.8295989036560059,1.8366777896881104,0.4121396243572235,2.6348016262054443,0.0029214024543762207,0.022673070430755615,-0.0015099048614501953,-0.05093491077423096,0.12977313995361328,0.04229593276977539
1769719011.9109745,goal2.png,0.5704140663146973,0.20125970244407654,-0.604627251625061,-1.8283615112304688,1.8712549209594727,0.3383156657218933,2.6046526432037354,0.18867719173431396,-0.5811643004417419,-1.8369461297988892,1.7840042114257812,0.4756624102592468,2.657881736755371,-0.012582510709762573,0.023462951183319092,-0.00858461856842041,-0.0872507095336914,0.13734674453735352,0.05322909355163574
1769719012.0111835,goal2.png,0.5425711870193481,0.19392907619476318,-0.6049603819847107,-1.8339049816131592,1.835540771484375,0.3933561444282532,2.6185567378997803,0.20066040754318237,-0.5829907059669495,-1.8354482650756836,1.7625277042388916,0.5190004110336304,2.6716904640197754,0.0067313313484191895,0.02196967601776123,-0.001543283462524414,-0.0730130672454834,0.1256442666053772,0.05313372611999512
1769719012.1111314,goal2.png,0.5095174312591553,0.19011226296424866,-0.605263352394104,-1.8389031887054443,1.7927685976028442,0.44800281524658203,2.635308027267456,0.2195388674736023,-0.5850257873535156,-1.815778136253357,1.7806296348571777,0.523817777633667,2.6555886268615723,0.029426604509353638,0.02023756504058838,0.023125052452087402,-0.012138962745666504,0.07581496238708496,0.02028059959411621
1769719012.2121687,goal2.png,0.5060158967971802,0.20519772171974182,-0.6059600114822388,-1.8357224464416504,1.7768652439117432,0.5004230737686157,2.656618595123291,0.23113933205604553,-0.5790418982505798,-1.7841675281524658,1.822352647781372,0.49943357706069946,2.60231351852417,0.02594161033630371,0.026918113231658936,0.05155491828918457,0.045487403869628906,-0.0009894967079162598,-0.054305076599121094
1769719012.3109987,goal2.png,0.5449445247650146,0.22182796895503998,-0.6071414947509766,-1.8201826810836792,1.791405439376831,0.510116457939148,2.641533136367798,0.23636992275714874,-0.5699195265769958,-1.7632551193237305,1.8587825298309326,0.4697703719139099,2.5580077171325684,0.014541953802108765,0.03722196817398071,0.05692756175994873,0.06737709045410156,-0.04034608602523804,-0.08352541923522949
1769719012.41099,goal2.png,0.5269415974617004,0.22940093278884888,-0.6052330732345581,-1.7946466207504272,1.823090672492981,0.49684861302375793,2.6054553985595703,0.23556797206401825,-0.5699431896209717,-1.7689372301101685,1.8626399040222168,0.4650365114212036,2.557140827178955,0.0061670392751693726,0.035289883613586426,0.02570939064025879,0.03954923152923584,-0.03181210160255432,-0.048314571380615234
1769719012.511925,goal2.png,0.4881971478462219,0.23270279169082642,-0.5988717675209045,-1.77944016456604,1.8480817079544067,0.4753715991973877,2.5717403888702393,0.23545430600643158,-0.5723475217819214,-1.7677348852157593,1.8617885112762451,0.4650260806083679,2.5471529960632324,0.0027515143156051636,0.026524245738983154,0.011705279350280762,0.013706803321838379,-0.010345518589019775,-0.024587392807006836
1769719012.6116352,goal2.png,0.5093182325363159,0.23567138612270355,-0.5963575839996338,-1.7775923013687134,1.8581385612487793,0.46820753812789917,2.5591542720794678,0.24531948566436768,-0.5728321075439453,-1.753968596458435,1.8748235702514648,0.46130019426345825,2.523689031600952,0.009648099541664124,0.023525476455688477,0.02362370491027832,0.016685009002685547,-0.006907343864440918,-0.035465240478515625
1769719012.711642,goal2.png,0.5039646625518799,0.2397608757019043,-0.5980538129806519,-1.7729575634002686,1.8647723197937012,0.46416357159614563,2.544083833694458,0.2664790749549866,-0.5723879933357239,-1.728515863418579,1.9004299640655518,0.45940011739730835,2.489880084991455,0.026718199253082275,0.02566581964492798,0.04444169998168945,0.035657644271850586,-0.00476345419883728,-0.05420374870300293
1769719012.8111224,goal2.png,0.49555519223213196,0.2487575113773346,-0.5982052683830261,-1.7598109245300293,1.8784947395324707,0.4614222049713135,2.5197746753692627,0.2764817774295807,-0.5720062255859375,-1.712754726409912,1.9170258045196533,0.4574677348136902,2.4669415950775146,0.027724266052246094,0.026199042797088623,0.04705619812011719,0.03853106498718262,-0.003954470157623291,-0.05283308029174805
1769719012.9116838,goal2.png,0.4932534396648407,0.26496365666389465,-0.5982052683830261,-1.7386064529418945,1.898699402809143,0.4592108428478241,2.491391181945801,0.27181264758110046,-0.5714987516403198,-1.7132139205932617,1.9166545867919922,0.46108680963516235,2.45747447013855,0.0068489909172058105,0.0267065167427063,0.025392532348632812,0.01795518398284912,0.0018759667873382568,-0.03391671180725098
1769719013.0115275,goal2.png,0.5180467367172241,0.2748086452484131,-0.598235547542572,-1.7276711463928223,1.9108768701553345,0.4596955478191376,2.472337484359741,0.26165270805358887,-0.5697711706161499,-1.7201342582702637,1.9049843549728394,0.4707259237766266,2.452699661254883,-0.013155937194824219,0.02846437692642212,0.007536888122558594,-0.005892515182495117,0.011030375957489014,-0.0196378231048584
1769719013.110794,goal2.png,0.5159062743186951,0.27159762382507324,-0.5977508425712585,-1.7246723175048828,1.9123307466506958,0.4630579352378845,2.461341619491577,0.2503475248813629,-0.5701152086257935,-1.7261250019073486,1.8868428468704224,0.47459638118743896,2.446098566055298,-0.021250098943710327,0.027635633945465088,-0.0014526844024658203,-0.025487899780273438,0.011538445949554443,-0.015243053436279297
1769719013.211164,goal2.png,0.4903886318206787,0.2591173052787781,-0.5976902842521667,-1.728065013885498,1.9020922183990479,0.46963128447532654,2.453768491744995,0.24424350261688232,-0.5717979669570923,-1.7290265560150146,1.873480200767517,0.4719080924987793,2.4407265186309814,-0.014873802661895752,0.025892317295074463,-0.0009615421295166016,-0.02861201763153076,0.002276808023452759,-0.013041973114013672
1769719013.311089,goal2.png,0.484152227640152,0.24990855157375336,-0.5975691676139832,-1.7324875593185425,1.8881275653839111,0.4723576009273529,2.447225332260132,0.23829811811447144,-0.574277937412262,-1.7308380603790283,1.872972011566162,0.4527292847633362,2.4358019828796387,-0.011610433459281921,0.02329123020172119,0.0016494989395141602,-0.015155553817749023,-0.019628316164016724,-0.011423349380493164
1769719013.411551,goal2.png,0.49730053544044495,0.24654613435268402,-0.5978721380233765,-1.734971523284912,1.8777676820755005,0.4665263295173645,2.441061019897461,0.2291654497385025,-0.5783342719078064,-1.7338402271270752,1.880829095840454,0.4237655997276306,2.432938814163208,-0.01738068461418152,0.01953786611557007,0.001131296157836914,0.0030614137649536133,-0.04276072978973389,-0.00812220573425293
1769719013.511795,goal2.png,0.4948880970478058,0.24024555087089539,-0.5988717675209045,-1.7371827363967896,1.8763138055801392,0.44804829359054565,2.4364869594573975,0.2232968807220459,-0.5849564075469971,-1.738795518875122,1.894090175628662,0.3960992693901062,2.4351484775543213,-0.016948670148849487,0.01391535997390747,-0.0016127824783325195,0.01777637004852295,-0.05194902420043945,-0.0013384819030761719
1769719013.611646,goal2.png,0.5131815671920776,0.22997646033763885,-0.6015374064445496,-1.73987877368927,1.8817662000656128,0.42458710074424744,2.4344725608825684,0.22666184604167938,-0.5918582677841187,-1.740329384803772,1.909867763519287,0.3741801083087921,2.4363744258880615,-0.0033146142959594727,0.009679138660430908,-0.0004506111145019531,0.028101563453674316,-0.05040699243545532,0.001901865005493164
1769719013.7123535,goal2.png,0.497894823551178,0.22479663789272308,-0.6073534488677979,-1.7434531450271606,1.8951553106307983,0.397824227809906,2.4357597827911377,0.23292472958564758,-0.5984372496604919,-1.7358709573745728,1.9252671003341675,0.3571159839630127,2.432870864868164,0.0081280916929245,0.008916199207305908,0.007582187652587891,0.03011178970336914,-0.04070824384689331,-0.002888917922973633
1769719013.8118596,goal2.png,0.5124562382698059,0.22858300805091858,-0.6150476336479187,-1.744301438331604,1.9079989194869995,0.3777255415916443,2.4351086616516113,0.24519899487495422,-0.6017212867736816,-1.7291158437728882,1.9369975328445435,0.3537011444568634,2.4310107231140137,0.016615986824035645,0.01332634687423706,0.01518559455871582,0.028998613357543945,-0.024024397134780884,-0.004097938537597656
1769719013.9114366,goal2.png,0.4989219903945923,0.23639845848083496,-0.6240746974945068,-1.7423930168151855,1.9228724241256714,0.3634277284145355,2.433382034301758,0.2590789794921875,-0.6047355532646179,-1.7228161096572876,1.9431021213531494,0.3567572832107544,2.4321486949920654,0.02268052101135254,0.019339144229888916,0.01957690715789795,0.020229697227478027,-0.006670445203781128,-0.0012333393096923828
1769719014.011077,goal2.png,0.5154586434364319,0.24657656252384186,-0.628497302532196,-1.7374553680419922,1.9336867332458496,0.3578842878341675,2.4325337409973145,0.27234214544296265,-0.6067273616790771,-1.7168505191802979,1.9428820610046387,0.3627559244632721,2.4340646266937256,0.02576558291912079,0.021769940853118896,0.020604848861694336,0.009195327758789062,0.004871636629104614,0.0015308856964111328
1769719014.1126919,goal2.png,0.5161759853363037,0.2586023509502411,-0.6292242407798767,-1.7318514585494995,1.9396543502807617,0.35849010944366455,2.433018445968628,0.2789205014705658,-0.6091760396957397,-1.7149879932403564,1.9404139518737793,0.3693714439868927,2.4371213912963867,0.020318150520324707,0.020048201084136963,0.016863465309143066,0.0007596015930175781,0.01088133454322815,0.004102945327758789
1769719014.2108922,goal2.png,0.5241658091545105,0.27120381593704224,-0.631980836391449,-1.727125883102417,1.9411687850952148,0.3627007007598877,2.434896469116211,0.2761143445968628,-0.6110438108444214,-1.7165718078613281,1.9349360466003418,0.37507614493370056,2.438530921936035,0.004910528659820557,0.020937025547027588,0.010554075241088867,-0.006232738494873047,0.012375444173812866,0.0036344528198242188
1769719014.3122807,goal2.png,0.5224612355232239,0.27777722477912903,-0.6344344615936279,-1.7249751091003418,1.9398056268692017,0.3683955669403076,2.4366838932037354,0.26798856258392334,-0.6134631633758545,-1.7207207679748535,1.9268426895141602,0.37706297636032104,2.437208414077759,-0.009788662195205688,0.020971298217773438,0.004254341125488281,-0.012962937355041504,0.008667409420013428,0.0005245208740234375
1769719014.4113493,goal2.png,0.5234217643737793,0.2742026746273041,-0.6357673406600952,-1.7251266241073608,1.9339593648910522,0.3733634948730469,2.437441110610962,0.2616150379180908,-0.61617112159729,-1.723923683166504,1.9181129932403564,0.37729471921920776,2.43538236618042,-0.012587636709213257,0.019596219062805176,0.0012029409408569336,-0.0158463716506958,0.003931224346160889,-0.002058744430541992
1769719014.5113814,goal2.png,0.5188539028167725,0.2679019570350647,-0.6388267874717712,-1.727428674697876,1.927749514579773,0.37563541531562805,2.4368655681610107,0.2566826641559601,-0.6197056770324707,-1.726778507232666,1.911900281906128,0.375415563583374,2.4357383251190186,-0.011219292879104614,0.019121110439300537,0.0006501674652099609,-0.01584923267364502,-0.00021985173225402832,-0.0011272430419921875
1769719014.610752,goal2.png,0.5193322896957397,0.2632370889186859,-0.6432191133499146,-1.7304277420043945,1.9208126068115234,0.3763623833656311,2.4359567165374756,0.2547543942928314,-0.6237722635269165,-1.728190302848816,1.9104719161987305,0.3722880482673645,2.4356436729431152,-0.008482694625854492,0.019446849822998047,0.0022374391555786133,-0.010340690612792969,-0.0040743350982666016,-0.00031304359436035156
1769719014.7115183,goal2.png,0.518485963344574,0.2599352300167084,-0.6459454894065857,-1.7320634126663208,1.914966344833374,0.37549906969070435,2.435699224472046,0.25629088282585144,-0.6276066899299622,-1.7294604778289795,1.9143719673156738,0.37029027938842773,2.4365553855895996,-0.0036443471908569336,0.018338799476623535,0.0026029348373413086,-0.0005943775177001953,-0.005208790302276611,0.0008561611175537109
1769719014.8113737,goal2.png,0.513239324092865,0.25651225447654724,-0.6498531103134155,-1.7337597608566284,1.9131183624267578,0.3733786344528198,2.435941696166992,0.25956088304519653,-0.6294904351234436,-1.729990005493164,1.922489047050476,0.3662887215614319,2.4355061054229736,0.003048628568649292,0.020362675189971924,0.0037697553634643555,0.009370684623718262,-0.0070899128913879395,-0.0004355907440185547
1769719014.9113145,goal2.png,0.5286673307418823,0.25654253363609314,-0.6546695828437805,-1.7353349924087524,1.915602445602417,0.3708341121673584,2.436002254486084,0.2629658579826355,-0.6298041343688965,-1.730560541152954,1.932495355606079,0.3623919188976288,2.4341206550598145,0.006423324346542358,0.024865448474884033,0.00477445125579834,0.01689291000366211,-0.008442193269729614,-0.0018815994262695312
1769719015.010883,goal2.png,0.5281884074211121,0.25999578833580017,-0.6561841368675232,-1.735819697380066,1.9225996732711792,0.36736565828323364,2.435169219970703,0.2678643465042114,-0.6302065849304199,-1.7303869724273682,1.9458268880844116,0.3585317134857178,2.4318151473999023,0.007868558168411255,0.02597755193710327,0.005432724952697754,0.023227214813232422,-0.00883394479751587,-0.0033540725708007812
1769719015.1116655,goal2.png,0.5373705625534058,0.2650243639945984,-0.6567596793174744,-1.736425518989563,1.9326263666152954,0.36336708068847656,2.4340484142303467,0.2737576365470886,-0.6321766972541809,-1.7307240962982178,1.9589412212371826,0.3545821011066437,2.433501720428467,0.008733272552490234,0.024582982063293457,0.005701422691345215,0.026314854621887207,-0.008784979581832886,-0.0005466938018798828
1769719015.210769,goal2.png,0.5270733833312988,0.268204927444458,-0.6578198671340942,-1.7365769147872925,1.9445616006851196,0.3595806062221527,2.4335031509399414,0.2790657877922058,-0.633803129196167,-1.7326130867004395,1.9688745737075806,0.35192230343818665,2.4372212886810303,0.010860860347747803,0.024016737937927246,0.003963828086853027,0.024312973022460938,-0.0076583027839660645,0.003718137741088867
1769719015.3107579,goal2.png,0.5223830938339233,0.27050715684890747,-0.6591830253601074,-1.7370010614395142,1.9565871953964233,0.35582444071769714,2.434926986694336,0.2831527292728424,-0.632989764213562,-1.7317973375320435,1.9739046096801758,0.3522981107234955,2.4380109310150146,0.012645572423934937,0.02619326114654541,0.005203723907470703,0.01731741428375244,-0.00352632999420166,0.003083944320678711
1769719015.4114044,goal2.png,0.5177954435348511,0.277898371219635,-0.6607884168624878,-1.737818956375122,1.9658266305923462,0.3537645936012268,2.436835289001465,0.291095495223999,-0.6292027831077576,-1.7280864715576172,1.9742448329925537,0.36177802085876465,2.438556432723999,0.013197124004364014,0.031585633754730225,0.009732484817504883,0.00841820240020752,0.008013427257537842,0.0017211437225341797
