name,type,x,y,z,yaw,size
cube_obstacle,box,0.8159678950706999,0.5820847373910837,0.125,-0.6330982614540313,"[0.05, 0.125, 0.125]"
