name,type,x,y,z,yaw,size
cube_obstacle,box,0.6341528669590961,0.45128429121947344,0.125,-3.1371534210105616,"[0.05, 0.125, 0.125]"
