name,type,x,y,z,yaw,size
cube_obstacle,box,0.6415926272898825,0.7455627829152903,0.125,-2.5190996857294428,"[0.05, 0.125, 0.125]"
