name,type,x,y,z,yaw,size
cube_obstacle,box,0.3049731224952689,0.49817477462272364,0.125,0.33862010505375695,"[0.05, 0.125, 0.125]"
