name,type,x,y,z,yaw,size
cube_obstacle,box,0.5798299028475482,0.562677007745039,0.125,-1.8525367267953528,"[0.05, 0.125, 0.125]"
