name,type,x,y,z,yaw,size
cube_obstacle,box,0.3417073372601106,0.4330903838857135,0.125,-0.5021187005330723,"[0.05, 0.125, 0.125]"
