name,type,x,y,z,yaw,size
cube_obstacle,box,0.7247734056462019,0.2907338547774103,0.125,-0.7221578048548594,"[0.05, 0.125, 0.125]"
