name,type,x,y,z,yaw,size
cube_obstacle,box,0.8248685425760343,0.7140437768670151,0.125,-0.9068819336802489,"[0.05, 0.125, 0.125]"
