name,type,x,y,z,yaw,size
cube_obstacle,box,0.5282967014303196,0.7342432890612648,0.125,0.3353312510481863,"[0.05, 0.125, 0.125]"
