name,type,x,y,z,yaw,size
cube_obstacle,box,0.7404345404769355,0.7246219096433728,0.125,-1.4589877832081215,"[0.05, 0.125, 0.125]"
