name,type,x,y,z,yaw,size
cube_obstacle,box,0.5772832526367602,0.11141718931074962,0.125,1.1316833161591378,"[0.05, 0.125, 0.125]"
