name,type,x,y,z,yaw,size
cube_obstacle,box,0.5440570599104297,0.5140448787099836,0.125,1.4834840403292784,"[0.05, 0.125, 0.125]"
