name,type,x,y,z,yaw,size
cube_obstacle,box,0.30292223050923006,0.8855994834743396,0.125,-1.8610764609458288,"[0.05, 0.125, 0.125]"
