name,type,x,y,z,yaw,size
cube_obstacle,box,0.8364060654401833,0.7189775533483224,0.125,3.0039598541813595,"[0.05, 0.125, 0.125]"
