name,type,x,y,z,yaw,size
cube_obstacle,box,0.5081097727853633,0.19408634530399801,0.125,3.0149832239630596,"[0.05, 0.125, 0.125]"
