name,type,x,y,z,yaw,size
cube_obstacle,box,0.6295193094974574,0.21193258455579525,0.125,-2.8292633354339105,"[0.05, 0.125, 0.125]"
