name,type,x,y,z,yaw,size
cube_obstacle,box,0.8941227234725704,0.2573904949307375,0.125,2.24864632856685,"[0.05, 0.125, 0.125]"
