name,type,x,y,z,yaw,size
cube_obstacle,box,0.7716316386066995,0.42873986652549434,0.125,-0.37798269561657394,"[0.05, 0.125, 0.125]"
