name,type,x,y,z,yaw,size
cube_obstacle,box,0.7238178199407159,0.5310000307276392,0.125,1.4942941778203913,"[0.05, 0.125, 0.125]"
