name,type,x,y,z,yaw,size
cube_obstacle,box,0.7924326185892077,0.4240689481453509,0.125,2.7972992025059806,"[0.05, 0.125, 0.125]"
