name,type,x,y,z,yaw,size
cube_obstacle,box,0.5082334301276861,0.2907028160890375,0.125,-2.3620971025187694,"[0.05, 0.125, 0.125]"
