name,type,x,y,z,yaw,size
cube_obstacle,box,0.7211595744631523,0.7033662184772407,0.125,0.36495658669573494,"[0.05, 0.125, 0.125]"
