name,x,y,z,yaw
cube_obstacle,0.3720036156670315,0.21127870488562683,0.125,1.527295386072395
