name,type,x,y,z,yaw,size
cube_obstacle,box,0.32227502792541834,0.45455115652636346,0.125,-1.1533249106459438,"[0.05, 0.125, 0.125]"
