name,type,x,y,z,yaw,size
cube_obstacle,box,0.7160279594305756,0.41887929108740307,0.125,-2.5827743256279536,"[0.05, 0.125, 0.125]"
