name,type,x,y,z,yaw,size
cube_obstacle,box,0.42803701171707764,0.6546562501540951,0.125,2.436683280985357,"[0.05, 0.125, 0.125]"
