name,type,x,y,z,yaw,size
cube_obstacle,box,0.7610842128327251,0.14603181639274843,0.125,-1.7363230871746063,"[0.05, 0.125, 0.125]"
