name,type,x,y,z,yaw,size
cube_obstacle,box,0.4484344523354344,0.2452711192728205,0.125,0.8225846376376937,"[0.05, 0.125, 0.125]"
