name,type,x,y,z,yaw,size
cube_obstacle,box,0.5115992319428252,0.8698460564170826,0.125,-1.1235370509607052,"[0.05, 0.125, 0.125]"
