name,type,x,y,z,yaw,size
cube_obstacle,box,0.7711764304452009,0.4491918281678452,0.125,1.0969004519922967,"[0.05, 0.125, 0.125]"
