name,type,x,y,z,yaw,size
cube_obstacle,box,0.872226940945956,0.5447750956083821,0.125,-2.524436955164827,"[0.05, 0.125, 0.125]"
