name,type,x,y,z,yaw,size
cube_obstacle,box,0.7606710076196298,0.580642462178678,0.125,-0.05238518829525152,"[0.05, 0.125, 0.125]"
