name,type,x,y,z,yaw,size
cube_obstacle,box,0.35247547964849635,0.3864650681075751,0.125,0.1274097147099389,"[0.05, 0.125, 0.125]"
