name,type,x,y,z,yaw,size
cube_obstacle,box,0.32790975827067864,0.28597676987185994,0.125,1.4361592573391775,"[0.05, 0.125, 0.125]"
