name,type,x,y,z,yaw,size
cube_obstacle,box,0.724645203454659,0.8334139553444255,0.125,0.46839490880548906,"[0.05, 0.125, 0.125]"
